close_task_id,company_code,company_name,fiscal_year,fiscal_period,task_id,task_name,task_sequence,target_working_day,period_end_date,due_date,actual_completion_date,delay_working_days,days_to_close,is_period_open
1,NS10,NovaSpace España S.A.,2023,1,T01,Sub-ledger cut-off — Accounts Payable,1,1,2023-01-31,2023-02-01,2023-02-01,0.0,,false
2,NS10,NovaSpace España S.A.,2023,1,T02,Sub-ledger cut-off — Accounts Receivable,2,1,2023-01-31,2023-02-01,2023-02-01,0.0,,false
3,NS10,NovaSpace España S.A.,2023,1,T03,GR/IR clearing,3,2,2023-01-31,2023-02-02,2023-02-06,2.0,,false
4,NS10,NovaSpace España S.A.,2023,1,T04,Payroll posting,4,2,2023-01-31,2023-02-02,2023-02-01,-1.0,,false
5,NS10,NovaSpace España S.A.,2023,1,T05,Depreciation run,5,2,2023-01-31,2023-02-02,2023-02-02,0.0,,false
6,NS10,NovaSpace España S.A.,2023,1,T06,Accruals posting,6,3,2023-01-31,2023-02-03,2023-02-03,0.0,,false
7,NS10,NovaSpace España S.A.,2023,1,T07,Overhead allocation cycle,7,3,2023-01-31,2023-02-03,2023-02-03,0.0,,false
8,NS10,NovaSpace España S.A.,2023,1,T08,Intercompany reconciliation,8,3,2023-01-31,2023-02-03,2023-02-02,-1.0,,false
9,NS10,NovaSpace España S.A.,2023,1,T09,FX revaluation,9,4,2023-01-31,2023-02-06,2023-02-07,1.0,,false
10,NS10,NovaSpace España S.A.,2023,1,T10,Soft close / reporting cut-off,10,4,2023-01-31,2023-02-06,2023-02-03,-1.0,,false
11,NS10,NovaSpace España S.A.,2023,1,T11,Management reporting pack,11,5,2023-01-31,2023-02-07,2023-02-07,0.0,,false
12,NS10,NovaSpace España S.A.,2023,1,T12,Hard close / period lock,12,5,2023-01-31,2023-02-07,2023-02-08,1.0,6.0,false
13,NS10,NovaSpace España S.A.,2023,2,T01,Sub-ledger cut-off — Accounts Payable,1,1,2023-02-28,2023-03-01,2023-03-02,1.0,,false
14,NS10,NovaSpace España S.A.,2023,2,T02,Sub-ledger cut-off — Accounts Receivable,2,1,2023-02-28,2023-03-01,2023-03-01,0.0,,false
15,NS10,NovaSpace España S.A.,2023,2,T03,GR/IR clearing,3,2,2023-02-28,2023-03-02,2023-03-06,2.0,,false
16,NS10,NovaSpace España S.A.,2023,2,T04,Payroll posting,4,2,2023-02-28,2023-03-02,2023-03-02,0.0,,false
17,NS10,NovaSpace España S.A.,2023,2,T05,Depreciation run,5,2,2023-02-28,2023-03-02,2023-03-06,2.0,,false
18,NS10,NovaSpace España S.A.,2023,2,T06,Accruals posting,6,3,2023-02-28,2023-03-03,2023-03-06,1.0,,false
19,NS10,NovaSpace España S.A.,2023,2,T07,Overhead allocation cycle,7,3,2023-02-28,2023-03-03,2023-03-03,0.0,,false
20,NS10,NovaSpace España S.A.,2023,2,T08,Intercompany reconciliation,8,3,2023-02-28,2023-03-03,2023-03-06,1.0,,false
21,NS10,NovaSpace España S.A.,2023,2,T09,FX revaluation,9,4,2023-02-28,2023-03-06,2023-03-06,0.0,,false
22,NS10,NovaSpace España S.A.,2023,2,T10,Soft close / reporting cut-off,10,4,2023-02-28,2023-03-06,2023-03-07,1.0,,false
23,NS10,NovaSpace España S.A.,2023,2,T11,Management reporting pack,11,5,2023-02-28,2023-03-07,2023-03-07,0.0,,false
24,NS10,NovaSpace España S.A.,2023,2,T12,Hard close / period lock,12,5,2023-02-28,2023-03-07,2023-03-08,1.0,6.0,false
25,NS10,NovaSpace España S.A.,2023,3,T01,Sub-ledger cut-off — Accounts Payable,1,1,2023-03-31,2023-04-03,2023-04-05,2.0,,false
26,NS10,NovaSpace España S.A.,2023,3,T02,Sub-ledger cut-off — Accounts Receivable,2,1,2023-03-31,2023-04-03,2023-04-04,1.0,,false
27,NS10,NovaSpace España S.A.,2023,3,T03,GR/IR clearing,3,2,2023-03-31,2023-04-04,2023-04-04,0.0,,false
28,NS10,NovaSpace España S.A.,2023,3,T04,Payroll posting,4,2,2023-03-31,2023-04-04,2023-04-06,2.0,,false
29,NS10,NovaSpace España S.A.,2023,3,T05,Depreciation run,5,2,2023-03-31,2023-04-04,2023-04-05,1.0,,false
30,NS10,NovaSpace España S.A.,2023,3,T06,Accruals posting,6,3,2023-03-31,2023-04-05,2023-04-05,0.0,,false
31,NS10,NovaSpace España S.A.,2023,3,T07,Overhead allocation cycle,7,3,2023-03-31,2023-04-05,2023-04-05,0.0,,false
32,NS10,NovaSpace España S.A.,2023,3,T08,Intercompany reconciliation,8,3,2023-03-31,2023-04-05,2023-04-05,0.0,,false
33,NS10,NovaSpace España S.A.,2023,3,T09,FX revaluation,9,4,2023-03-31,2023-04-06,2023-04-05,-1.0,,false
34,NS10,NovaSpace España S.A.,2023,3,T10,Soft close / reporting cut-off,10,4,2023-03-31,2023-04-06,2023-04-05,-1.0,,false
35,NS10,NovaSpace España S.A.,2023,3,T11,Management reporting pack,11,5,2023-03-31,2023-04-11,2023-04-11,0.0,,false
36,NS10,NovaSpace España S.A.,2023,3,T12,Hard close / period lock,12,5,2023-03-31,2023-04-11,2023-04-12,1.0,6.0,false
37,NS10,NovaSpace España S.A.,2023,4,T01,Sub-ledger cut-off — Accounts Payable,1,1,2023-04-30,2023-05-02,2023-05-04,2.0,,false
38,NS10,NovaSpace España S.A.,2023,4,T02,Sub-ledger cut-off — Accounts Receivable,2,1,2023-04-30,2023-05-02,2023-05-02,0.0,,false
39,NS10,NovaSpace España S.A.,2023,4,T03,GR/IR clearing,3,2,2023-04-30,2023-05-03,2023-05-02,-1.0,,false
40,NS10,NovaSpace España S.A.,2023,4,T04,Payroll posting,4,2,2023-04-30,2023-05-03,2023-05-02,-1.0,,false
41,NS10,NovaSpace España S.A.,2023,4,T05,Depreciation run,5,2,2023-04-30,2023-05-03,2023-05-02,-1.0,,false
42,NS10,NovaSpace España S.A.,2023,4,T06,Accruals posting,6,3,2023-04-30,2023-05-04,2023-05-04,0.0,,false
43,NS10,NovaSpace España S.A.,2023,4,T07,Overhead allocation cycle,7,3,2023-04-30,2023-05-04,2023-05-04,0.0,,false
44,NS10,NovaSpace España S.A.,2023,4,T08,Intercompany reconciliation,8,3,2023-04-30,2023-05-04,2023-05-04,0.0,,false
45,NS10,NovaSpace España S.A.,2023,4,T09,FX revaluation,9,4,2023-04-30,2023-05-05,2023-05-05,0.0,,false
46,NS10,NovaSpace España S.A.,2023,4,T10,Soft close / reporting cut-off,10,4,2023-04-30,2023-05-05,2023-05-08,1.0,,false
47,NS10,NovaSpace España S.A.,2023,4,T11,Management reporting pack,11,5,2023-04-30,2023-05-08,2023-05-05,-1.0,,false
48,NS10,NovaSpace España S.A.,2023,4,T12,Hard close / period lock,12,5,2023-04-30,2023-05-08,2023-05-05,-1.0,4.0,false
49,NS10,NovaSpace España S.A.,2023,5,T01,Sub-ledger cut-off — Accounts Payable,1,1,2023-05-31,2023-06-01,2023-06-01,0.0,,false
50,NS10,NovaSpace España S.A.,2023,5,T02,Sub-ledger cut-off — Accounts Receivable,2,1,2023-05-31,2023-06-01,2023-06-01,0.0,,false
51,NS10,NovaSpace España S.A.,2023,5,T03,GR/IR clearing,3,2,2023-05-31,2023-06-02,2023-06-02,0.0,,false
52,NS10,NovaSpace España S.A.,2023,5,T04,Payroll posting,4,2,2023-05-31,2023-06-02,2023-06-02,0.0,,false
53,NS10,NovaSpace España S.A.,2023,5,T05,Depreciation run,5,2,2023-05-31,2023-06-02,2023-06-02,0.0,,false
54,NS10,NovaSpace España S.A.,2023,5,T06,Accruals posting,6,3,2023-05-31,2023-06-05,2023-06-06,1.0,,false
55,NS10,NovaSpace España S.A.,2023,5,T07,Overhead allocation cycle,7,3,2023-05-31,2023-06-05,2023-06-05,0.0,,false
56,NS10,NovaSpace España S.A.,2023,5,T08,Intercompany reconciliation,8,3,2023-05-31,2023-06-05,2023-06-06,1.0,,false
57,NS10,NovaSpace España S.A.,2023,5,T09,FX revaluation,9,4,2023-05-31,2023-06-06,2023-06-06,0.0,,false
58,NS10,NovaSpace España S.A.,2023,5,T10,Soft close / reporting cut-off,10,4,2023-05-31,2023-06-06,2023-06-06,0.0,,false
59,NS10,NovaSpace España S.A.,2023,5,T11,Management reporting pack,11,5,2023-05-31,2023-06-07,2023-06-07,0.0,,false
60,NS10,NovaSpace España S.A.,2023,5,T12,Hard close / period lock,12,5,2023-05-31,2023-06-07,2023-06-09,2.0,7.0,false
61,NS10,NovaSpace España S.A.,2023,6,T01,Sub-ledger cut-off — Accounts Payable,1,1,2023-06-30,2023-07-03,2023-07-03,0.0,,false
62,NS10,NovaSpace España S.A.,2023,6,T02,Sub-ledger cut-off — Accounts Receivable,2,1,2023-06-30,2023-07-03,2023-07-03,0.0,,false
63,NS10,NovaSpace España S.A.,2023,6,T03,GR/IR clearing,3,2,2023-06-30,2023-07-04,2023-07-04,0.0,,false
64,NS10,NovaSpace España S.A.,2023,6,T04,Payroll posting,4,2,2023-06-30,2023-07-04,2023-07-03,-1.0,,false
65,NS10,NovaSpace España S.A.,2023,6,T05,Depreciation run,5,2,2023-06-30,2023-07-04,2023-07-04,0.0,,false
66,NS10,NovaSpace España S.A.,2023,6,T06,Accruals posting,6,3,2023-06-30,2023-07-05,2023-07-05,0.0,,false
67,NS10,NovaSpace España S.A.,2023,6,T07,Overhead allocation cycle,7,3,2023-06-30,2023-07-05,2023-07-05,0.0,,false
68,NS10,NovaSpace España S.A.,2023,6,T08,Intercompany reconciliation,8,3,2023-06-30,2023-07-05,2023-07-05,0.0,,false
69,NS10,NovaSpace España S.A.,2023,6,T09,FX revaluation,9,4,2023-06-30,2023-07-06,2023-07-06,0.0,,false
70,NS10,NovaSpace España S.A.,2023,6,T10,Soft close / reporting cut-off,10,4,2023-06-30,2023-07-06,2023-07-06,0.0,,false
71,NS10,NovaSpace España S.A.,2023,6,T11,Management reporting pack,11,5,2023-06-30,2023-07-07,2023-07-10,1.0,,false
72,NS10,NovaSpace España S.A.,2023,6,T12,Hard close / period lock,12,5,2023-06-30,2023-07-07,2023-07-11,2.0,7.0,false
73,NS10,NovaSpace España S.A.,2023,7,T01,Sub-ledger cut-off — Accounts Payable,1,1,2023-07-31,2023-08-01,2023-08-02,1.0,,false
74,NS10,NovaSpace España S.A.,2023,7,T02,Sub-ledger cut-off — Accounts Receivable,2,1,2023-07-31,2023-08-01,2023-08-01,0.0,,false
75,NS10,NovaSpace España S.A.,2023,7,T03,GR/IR clearing,3,2,2023-07-31,2023-08-02,2023-08-04,2.0,,false
76,NS10,NovaSpace España S.A.,2023,7,T04,Payroll posting,4,2,2023-07-31,2023-08-02,2023-08-01,-1.0,,false
77,NS10,NovaSpace España S.A.,2023,7,T05,Depreciation run,5,2,2023-07-31,2023-08-02,2023-08-02,0.0,,false
78,NS10,NovaSpace España S.A.,2023,7,T06,Accruals posting,6,3,2023-07-31,2023-08-03,2023-08-03,0.0,,false
79,NS10,NovaSpace España S.A.,2023,7,T07,Overhead allocation cycle,7,3,2023-07-31,2023-08-03,2023-08-02,-1.0,,false
80,NS10,NovaSpace España S.A.,2023,7,T08,Intercompany reconciliation,8,3,2023-07-31,2023-08-03,2023-08-02,-1.0,,false
81,NS10,NovaSpace España S.A.,2023,7,T09,FX revaluation,9,4,2023-07-31,2023-08-04,2023-08-07,1.0,,false
82,NS10,NovaSpace España S.A.,2023,7,T10,Soft close / reporting cut-off,10,4,2023-07-31,2023-08-04,2023-08-07,1.0,,false
83,NS10,NovaSpace España S.A.,2023,7,T11,Management reporting pack,11,5,2023-07-31,2023-08-07,2023-08-04,-1.0,,false
84,NS10,NovaSpace España S.A.,2023,7,T12,Hard close / period lock,12,5,2023-07-31,2023-08-07,2023-08-07,0.0,5.0,false
85,NS10,NovaSpace España S.A.,2023,8,T01,Sub-ledger cut-off — Accounts Payable,1,1,2023-08-31,2023-09-01,2023-09-01,0.0,,false
86,NS10,NovaSpace España S.A.,2023,8,T02,Sub-ledger cut-off — Accounts Receivable,2,1,2023-08-31,2023-09-01,2023-09-01,0.0,,false
87,NS10,NovaSpace España S.A.,2023,8,T03,GR/IR clearing,3,2,2023-08-31,2023-09-04,2023-09-04,0.0,,false
88,NS10,NovaSpace España S.A.,2023,8,T04,Payroll posting,4,2,2023-08-31,2023-09-04,2023-09-05,1.0,,false
89,NS10,NovaSpace España S.A.,2023,8,T05,Depreciation run,5,2,2023-08-31,2023-09-04,2023-09-06,2.0,,false
90,NS10,NovaSpace España S.A.,2023,8,T06,Accruals posting,6,3,2023-08-31,2023-09-05,2023-09-05,0.0,,false
91,NS10,NovaSpace España S.A.,2023,8,T07,Overhead allocation cycle,7,3,2023-08-31,2023-09-05,2023-09-06,1.0,,false
92,NS10,NovaSpace España S.A.,2023,8,T08,Intercompany reconciliation,8,3,2023-08-31,2023-09-05,2023-09-06,1.0,,false
93,NS10,NovaSpace España S.A.,2023,8,T09,FX revaluation,9,4,2023-08-31,2023-09-06,2023-09-06,0.0,,false
94,NS10,NovaSpace España S.A.,2023,8,T10,Soft close / reporting cut-off,10,4,2023-08-31,2023-09-06,2023-09-07,1.0,,false
95,NS10,NovaSpace España S.A.,2023,8,T11,Management reporting pack,11,5,2023-08-31,2023-09-07,2023-09-08,1.0,,false
96,NS10,NovaSpace España S.A.,2023,8,T12,Hard close / period lock,12,5,2023-08-31,2023-09-07,2023-09-07,0.0,5.0,false
97,NS10,NovaSpace España S.A.,2023,9,T01,Sub-ledger cut-off — Accounts Payable,1,1,2023-09-30,2023-10-02,2023-10-03,1.0,,false
98,NS10,NovaSpace España S.A.,2023,9,T02,Sub-ledger cut-off — Accounts Receivable,2,1,2023-09-30,2023-10-02,2023-10-02,0.0,,false
99,NS10,NovaSpace España S.A.,2023,9,T03,GR/IR clearing,3,2,2023-09-30,2023-10-03,2023-10-03,0.0,,false
100,NS10,NovaSpace España S.A.,2023,9,T04,Payroll posting,4,2,2023-09-30,2023-10-03,2023-10-03,0.0,,false
101,NS10,NovaSpace España S.A.,2023,9,T05,Depreciation run,5,2,2023-09-30,2023-10-03,2023-10-03,0.0,,false
102,NS10,NovaSpace España S.A.,2023,9,T06,Accruals posting,6,3,2023-09-30,2023-10-04,2023-10-04,0.0,,false
103,NS10,NovaSpace España S.A.,2023,9,T07,Overhead allocation cycle,7,3,2023-09-30,2023-10-04,2023-10-03,-1.0,,false
104,NS10,NovaSpace España S.A.,2023,9,T08,Intercompany reconciliation,8,3,2023-09-30,2023-10-04,2023-10-04,0.0,,false
105,NS10,NovaSpace España S.A.,2023,9,T09,FX revaluation,9,4,2023-09-30,2023-10-05,2023-10-06,1.0,,false
106,NS10,NovaSpace España S.A.,2023,9,T10,Soft close / reporting cut-off,10,4,2023-09-30,2023-10-05,2023-10-06,1.0,,false
107,NS10,NovaSpace España S.A.,2023,9,T11,Management reporting pack,11,5,2023-09-30,2023-10-06,2023-10-09,1.0,,false
108,NS10,NovaSpace España S.A.,2023,9,T12,Hard close / period lock,12,5,2023-09-30,2023-10-06,2023-10-06,0.0,5.0,false
109,NS10,NovaSpace España S.A.,2023,10,T01,Sub-ledger cut-off — Accounts Payable,1,1,2023-10-31,2023-11-01,2023-11-01,0.0,,false
110,NS10,NovaSpace España S.A.,2023,10,T02,Sub-ledger cut-off — Accounts Receivable,2,1,2023-10-31,2023-11-01,2023-11-01,0.0,,false
111,NS10,NovaSpace España S.A.,2023,10,T03,GR/IR clearing,3,2,2023-10-31,2023-11-02,2023-11-06,2.0,,false
112,NS10,NovaSpace España S.A.,2023,10,T04,Payroll posting,4,2,2023-10-31,2023-11-02,2023-11-02,0.0,,false
113,NS10,NovaSpace España S.A.,2023,10,T05,Depreciation run,5,2,2023-10-31,2023-11-02,2023-11-02,0.0,,false
114,NS10,NovaSpace España S.A.,2023,10,T06,Accruals posting,6,3,2023-10-31,2023-11-03,2023-11-03,0.0,,false
115,NS10,NovaSpace España S.A.,2023,10,T07,Overhead allocation cycle,7,3,2023-10-31,2023-11-03,2023-11-03,0.0,,false
116,NS10,NovaSpace España S.A.,2023,10,T08,Intercompany reconciliation,8,3,2023-10-31,2023-11-03,2023-11-03,0.0,,false
117,NS10,NovaSpace España S.A.,2023,10,T09,FX revaluation,9,4,2023-10-31,2023-11-06,2023-11-07,1.0,,false
118,NS10,NovaSpace España S.A.,2023,10,T10,Soft close / reporting cut-off,10,4,2023-10-31,2023-11-06,2023-11-06,0.0,,false
119,NS10,NovaSpace España S.A.,2023,10,T11,Management reporting pack,11,5,2023-10-31,2023-11-07,2023-11-08,1.0,,false
120,NS10,NovaSpace España S.A.,2023,10,T12,Hard close / period lock,12,5,2023-10-31,2023-11-07,2023-11-07,0.0,5.0,false
121,NS10,NovaSpace España S.A.,2023,11,T01,Sub-ledger cut-off — Accounts Payable,1,1,2023-11-30,2023-12-01,2023-12-01,0.0,,false
122,NS10,NovaSpace España S.A.,2023,11,T02,Sub-ledger cut-off — Accounts Receivable,2,1,2023-11-30,2023-12-01,2023-12-01,0.0,,false
123,NS10,NovaSpace España S.A.,2023,11,T03,GR/IR clearing,3,2,2023-11-30,2023-12-04,2023-12-04,0.0,,false
124,NS10,NovaSpace España S.A.,2023,11,T04,Payroll posting,4,2,2023-11-30,2023-12-04,2023-12-04,0.0,,false
125,NS10,NovaSpace España S.A.,2023,11,T05,Depreciation run,5,2,2023-11-30,2023-12-04,2023-12-04,0.0,,false
126,NS10,NovaSpace España S.A.,2023,11,T06,Accruals posting,6,3,2023-11-30,2023-12-05,2023-12-04,-1.0,,false
127,NS10,NovaSpace España S.A.,2023,11,T07,Overhead allocation cycle,7,3,2023-11-30,2023-12-05,2023-12-04,-1.0,,false
128,NS10,NovaSpace España S.A.,2023,11,T08,Intercompany reconciliation,8,3,2023-11-30,2023-12-05,2023-12-06,1.0,,false
129,NS10,NovaSpace España S.A.,2023,11,T09,FX revaluation,9,4,2023-11-30,2023-12-06,2023-12-07,1.0,,false
130,NS10,NovaSpace España S.A.,2023,11,T10,Soft close / reporting cut-off,10,4,2023-11-30,2023-12-06,2023-12-06,0.0,,false
131,NS10,NovaSpace España S.A.,2023,11,T11,Management reporting pack,11,5,2023-11-30,2023-12-07,2023-12-06,-1.0,,false
132,NS10,NovaSpace España S.A.,2023,11,T12,Hard close / period lock,12,5,2023-11-30,2023-12-07,2023-12-07,0.0,5.0,false
133,NS10,NovaSpace España S.A.,2023,12,T01,Sub-ledger cut-off — Accounts Payable,1,1,2023-12-31,2024-01-02,2024-01-02,0.0,,false
134,NS10,NovaSpace España S.A.,2023,12,T02,Sub-ledger cut-off — Accounts Receivable,2,1,2023-12-31,2024-01-02,2024-01-02,0.0,,false
135,NS10,NovaSpace España S.A.,2023,12,T03,GR/IR clearing,3,2,2023-12-31,2024-01-03,2024-01-03,0.0,,false
136,NS10,NovaSpace España S.A.,2023,12,T04,Payroll posting,4,2,2023-12-31,2024-01-03,2024-01-02,-1.0,,false
137,NS10,NovaSpace España S.A.,2023,12,T05,Depreciation run,5,2,2023-12-31,2024-01-03,2024-01-04,1.0,,false
138,NS10,NovaSpace España S.A.,2023,12,T06,Accruals posting,6,3,2023-12-31,2024-01-04,2024-01-05,1.0,,false
139,NS10,NovaSpace España S.A.,2023,12,T07,Overhead allocation cycle,7,3,2023-12-31,2024-01-04,2024-01-05,1.0,,false
140,NS10,NovaSpace España S.A.,2023,12,T08,Intercompany reconciliation,8,3,2023-12-31,2024-01-04,2024-01-04,0.0,,false
141,NS10,NovaSpace España S.A.,2023,12,T09,FX revaluation,9,4,2023-12-31,2024-01-05,2024-01-08,1.0,,false
142,NS10,NovaSpace España S.A.,2023,12,T10,Soft close / reporting cut-off,10,4,2023-12-31,2024-01-05,2024-01-05,0.0,,false
143,NS10,NovaSpace España S.A.,2023,12,T11,Management reporting pack,11,5,2023-12-31,2024-01-08,2024-01-09,1.0,,false
144,NS10,NovaSpace España S.A.,2023,12,T12,Hard close / period lock,12,5,2023-12-31,2024-01-08,2024-01-05,-1.0,4.0,false
145,NS10,NovaSpace España S.A.,2024,1,T01,Sub-ledger cut-off — Accounts Payable,1,1,2024-01-31,2024-02-01,2024-02-01,0.0,,false
146,NS10,NovaSpace España S.A.,2024,1,T02,Sub-ledger cut-off — Accounts Receivable,2,1,2024-01-31,2024-02-01,2024-02-01,0.0,,false
147,NS10,NovaSpace España S.A.,2024,1,T03,GR/IR clearing,3,2,2024-01-31,2024-02-02,2024-02-02,0.0,,false
148,NS10,NovaSpace España S.A.,2024,1,T04,Payroll posting,4,2,2024-01-31,2024-02-02,2024-02-05,1.0,,false
149,NS10,NovaSpace España S.A.,2024,1,T05,Depreciation run,5,2,2024-01-31,2024-02-02,2024-02-02,0.0,,false
150,NS10,NovaSpace España S.A.,2024,1,T06,Accruals posting,6,3,2024-01-31,2024-02-05,2024-02-05,0.0,,false
151,NS10,NovaSpace España S.A.,2024,1,T07,Overhead allocation cycle,7,3,2024-01-31,2024-02-05,2024-02-05,0.0,,false
152,NS10,NovaSpace España S.A.,2024,1,T08,Intercompany reconciliation,8,3,2024-01-31,2024-02-05,2024-02-05,0.0,,false
153,NS10,NovaSpace España S.A.,2024,1,T09,FX revaluation,9,4,2024-01-31,2024-02-06,2024-02-06,0.0,,false
154,NS10,NovaSpace España S.A.,2024,1,T10,Soft close / reporting cut-off,10,4,2024-01-31,2024-02-06,2024-02-06,0.0,,false
155,NS10,NovaSpace España S.A.,2024,1,T11,Management reporting pack,11,5,2024-01-31,2024-02-07,2024-02-07,0.0,,false
156,NS10,NovaSpace España S.A.,2024,1,T12,Hard close / period lock,12,5,2024-01-31,2024-02-07,2024-02-08,1.0,6.0,false
157,NS10,NovaSpace España S.A.,2024,2,T01,Sub-ledger cut-off — Accounts Payable,1,1,2024-02-29,2024-03-01,2024-03-01,0.0,,false
158,NS10,NovaSpace España S.A.,2024,2,T02,Sub-ledger cut-off — Accounts Receivable,2,1,2024-02-29,2024-03-01,2024-03-05,2.0,,false
159,NS10,NovaSpace España S.A.,2024,2,T03,GR/IR clearing,3,2,2024-02-29,2024-03-04,2024-03-04,0.0,,false
160,NS10,NovaSpace España S.A.,2024,2,T04,Payroll posting,4,2,2024-02-29,2024-03-04,2024-03-05,1.0,,false
161,NS10,NovaSpace España S.A.,2024,2,T05,Depreciation run,5,2,2024-02-29,2024-03-04,2024-03-04,0.0,,false
162,NS10,NovaSpace España S.A.,2024,2,T06,Accruals posting,6,3,2024-02-29,2024-03-05,2024-03-05,0.0,,false
163,NS10,NovaSpace España S.A.,2024,2,T07,Overhead allocation cycle,7,3,2024-02-29,2024-03-05,2024-03-05,0.0,,false
164,NS10,NovaSpace España S.A.,2024,2,T08,Intercompany reconciliation,8,3,2024-02-29,2024-03-05,2024-03-06,1.0,,false
165,NS10,NovaSpace España S.A.,2024,2,T09,FX revaluation,9,4,2024-02-29,2024-03-06,2024-03-06,0.0,,false
166,NS10,NovaSpace España S.A.,2024,2,T10,Soft close / reporting cut-off,10,4,2024-02-29,2024-03-06,2024-03-06,0.0,,false
167,NS10,NovaSpace España S.A.,2024,2,T11,Management reporting pack,11,5,2024-02-29,2024-03-07,2024-03-06,-1.0,,false
168,NS10,NovaSpace España S.A.,2024,2,T12,Hard close / period lock,12,5,2024-02-29,2024-03-07,2024-03-07,0.0,5.0,false
169,NS10,NovaSpace España S.A.,2024,3,T01,Sub-ledger cut-off — Accounts Payable,1,1,2024-03-31,2024-04-02,2024-04-02,0.0,,false
170,NS10,NovaSpace España S.A.,2024,3,T02,Sub-ledger cut-off — Accounts Receivable,2,1,2024-03-31,2024-04-02,2024-04-03,1.0,,false
171,NS10,NovaSpace España S.A.,2024,3,T03,GR/IR clearing,3,2,2024-03-31,2024-04-03,2024-04-03,0.0,,false
172,NS10,NovaSpace España S.A.,2024,3,T04,Payroll posting,4,2,2024-03-31,2024-04-03,2024-04-03,0.0,,false
173,NS10,NovaSpace España S.A.,2024,3,T05,Depreciation run,5,2,2024-03-31,2024-04-03,2024-04-04,1.0,,false
174,NS10,NovaSpace España S.A.,2024,3,T06,Accruals posting,6,3,2024-03-31,2024-04-04,2024-04-04,0.0,,false
175,NS10,NovaSpace España S.A.,2024,3,T07,Overhead allocation cycle,7,3,2024-03-31,2024-04-04,2024-04-03,-1.0,,false
176,NS10,NovaSpace España S.A.,2024,3,T08,Intercompany reconciliation,8,3,2024-03-31,2024-04-04,2024-04-04,0.0,,false
177,NS10,NovaSpace España S.A.,2024,3,T09,FX revaluation,9,4,2024-03-31,2024-04-05,2024-04-09,2.0,,false
178,NS10,NovaSpace España S.A.,2024,3,T10,Soft close / reporting cut-off,10,4,2024-03-31,2024-04-05,2024-04-05,0.0,,false
179,NS10,NovaSpace España S.A.,2024,3,T11,Management reporting pack,11,5,2024-03-31,2024-04-08,2024-04-09,1.0,,false
180,NS10,NovaSpace España S.A.,2024,3,T12,Hard close / period lock,12,5,2024-03-31,2024-04-08,2024-04-08,0.0,5.0,false
181,NS10,NovaSpace España S.A.,2024,4,T01,Sub-ledger cut-off — Accounts Payable,1,1,2024-04-30,2024-05-02,2024-05-02,0.0,,false
182,NS10,NovaSpace España S.A.,2024,4,T02,Sub-ledger cut-off — Accounts Receivable,2,1,2024-04-30,2024-05-02,2024-05-03,1.0,,false
183,NS10,NovaSpace España S.A.,2024,4,T03,GR/IR clearing,3,2,2024-04-30,2024-05-03,2024-05-03,0.0,,false
184,NS10,NovaSpace España S.A.,2024,4,T04,Payroll posting,4,2,2024-04-30,2024-05-03,2024-05-02,-1.0,,false
185,NS10,NovaSpace España S.A.,2024,4,T05,Depreciation run,5,2,2024-04-30,2024-05-03,2024-05-03,0.0,,false
186,NS10,NovaSpace España S.A.,2024,4,T06,Accruals posting,6,3,2024-04-30,2024-05-06,2024-05-06,0.0,,false
187,NS10,NovaSpace España S.A.,2024,4,T07,Overhead allocation cycle,7,3,2024-04-30,2024-05-06,2024-05-06,0.0,,false
188,NS10,NovaSpace España S.A.,2024,4,T08,Intercompany reconciliation,8,3,2024-04-30,2024-05-06,2024-05-06,0.0,,false
189,NS10,NovaSpace España S.A.,2024,4,T09,FX revaluation,9,4,2024-04-30,2024-05-07,2024-05-06,-1.0,,false
190,NS10,NovaSpace España S.A.,2024,4,T10,Soft close / reporting cut-off,10,4,2024-04-30,2024-05-07,2024-05-07,0.0,,false
191,NS10,NovaSpace España S.A.,2024,4,T11,Management reporting pack,11,5,2024-04-30,2024-05-08,2024-05-08,0.0,,false
192,NS10,NovaSpace España S.A.,2024,4,T12,Hard close / period lock,12,5,2024-04-30,2024-05-08,2024-05-07,-1.0,4.0,false
193,NS10,NovaSpace España S.A.,2024,5,T01,Sub-ledger cut-off — Accounts Payable,1,1,2024-05-31,2024-06-03,2024-06-04,1.0,,false
194,NS10,NovaSpace España S.A.,2024,5,T02,Sub-ledger cut-off — Accounts Receivable,2,1,2024-05-31,2024-06-03,2024-06-03,0.0,,false
195,NS10,NovaSpace España S.A.,2024,5,T03,GR/IR clearing,3,2,2024-05-31,2024-06-04,2024-06-04,0.0,,false
196,NS10,NovaSpace España S.A.,2024,5,T04,Payroll posting,4,2,2024-05-31,2024-06-04,2024-06-05,1.0,,false
197,NS10,NovaSpace España S.A.,2024,5,T05,Depreciation run,5,2,2024-05-31,2024-06-04,2024-06-05,1.0,,false
198,NS10,NovaSpace España S.A.,2024,5,T06,Accruals posting,6,3,2024-05-31,2024-06-05,2024-06-06,1.0,,false
199,NS10,NovaSpace España S.A.,2024,5,T07,Overhead allocation cycle,7,3,2024-05-31,2024-06-05,2024-06-05,0.0,,false
200,NS10,NovaSpace España S.A.,2024,5,T08,Intercompany reconciliation,8,3,2024-05-31,2024-06-05,2024-06-07,2.0,,false
201,NS10,NovaSpace España S.A.,2024,5,T09,FX revaluation,9,4,2024-05-31,2024-06-06,2024-06-07,1.0,,false
202,NS10,NovaSpace España S.A.,2024,5,T10,Soft close / reporting cut-off,10,4,2024-05-31,2024-06-06,2024-06-06,0.0,,false
203,NS10,NovaSpace España S.A.,2024,5,T11,Management reporting pack,11,5,2024-05-31,2024-06-07,2024-06-07,0.0,,false
204,NS10,NovaSpace España S.A.,2024,5,T12,Hard close / period lock,12,5,2024-05-31,2024-06-07,2024-06-11,2.0,7.0,false
205,NS10,NovaSpace España S.A.,2024,6,T01,Sub-ledger cut-off — Accounts Payable,1,1,2024-06-30,2024-07-01,2024-07-01,0.0,,false
206,NS10,NovaSpace España S.A.,2024,6,T02,Sub-ledger cut-off — Accounts Receivable,2,1,2024-06-30,2024-07-01,2024-07-01,0.0,,false
207,NS10,NovaSpace España S.A.,2024,6,T03,GR/IR clearing,3,2,2024-06-30,2024-07-02,2024-07-02,0.0,,false
208,NS10,NovaSpace España S.A.,2024,6,T04,Payroll posting,4,2,2024-06-30,2024-07-02,2024-07-03,1.0,,false
209,NS10,NovaSpace España S.A.,2024,6,T05,Depreciation run,5,2,2024-06-30,2024-07-02,2024-07-01,-1.0,,false
210,NS10,NovaSpace España S.A.,2024,6,T06,Accruals posting,6,3,2024-06-30,2024-07-03,2024-07-03,0.0,,false
211,NS10,NovaSpace España S.A.,2024,6,T07,Overhead allocation cycle,7,3,2024-06-30,2024-07-03,2024-07-03,0.0,,false
212,NS10,NovaSpace España S.A.,2024,6,T08,Intercompany reconciliation,8,3,2024-06-30,2024-07-03,2024-07-02,-1.0,,false
213,NS10,NovaSpace España S.A.,2024,6,T09,FX revaluation,9,4,2024-06-30,2024-07-04,2024-07-04,0.0,,false
214,NS10,NovaSpace España S.A.,2024,6,T10,Soft close / reporting cut-off,10,4,2024-06-30,2024-07-04,2024-07-04,0.0,,false
215,NS10,NovaSpace España S.A.,2024,6,T11,Management reporting pack,11,5,2024-06-30,2024-07-05,2024-07-08,1.0,,false
216,NS10,NovaSpace España S.A.,2024,6,T12,Hard close / period lock,12,5,2024-06-30,2024-07-05,2024-07-08,1.0,6.0,false
217,NS10,NovaSpace España S.A.,2024,7,T01,Sub-ledger cut-off — Accounts Payable,1,1,2024-07-31,2024-08-01,2024-08-01,0.0,,false
218,NS10,NovaSpace España S.A.,2024,7,T02,Sub-ledger cut-off — Accounts Receivable,2,1,2024-07-31,2024-08-01,2024-08-02,1.0,,false
219,NS10,NovaSpace España S.A.,2024,7,T03,GR/IR clearing,3,2,2024-07-31,2024-08-02,2024-08-05,1.0,,false
220,NS10,NovaSpace España S.A.,2024,7,T04,Payroll posting,4,2,2024-07-31,2024-08-02,2024-08-05,1.0,,false
221,NS10,NovaSpace España S.A.,2024,7,T05,Depreciation run,5,2,2024-07-31,2024-08-02,2024-08-02,0.0,,false
222,NS10,NovaSpace España S.A.,2024,7,T06,Accruals posting,6,3,2024-07-31,2024-08-05,2024-08-05,0.0,,false
223,NS10,NovaSpace España S.A.,2024,7,T07,Overhead allocation cycle,7,3,2024-07-31,2024-08-05,2024-08-06,1.0,,false
224,NS10,NovaSpace España S.A.,2024,7,T08,Intercompany reconciliation,8,3,2024-07-31,2024-08-05,2024-08-05,0.0,,false
225,NS10,NovaSpace España S.A.,2024,7,T09,FX revaluation,9,4,2024-07-31,2024-08-06,2024-08-06,0.0,,false
226,NS10,NovaSpace España S.A.,2024,7,T10,Soft close / reporting cut-off,10,4,2024-07-31,2024-08-06,2024-08-08,2.0,,false
227,NS10,NovaSpace España S.A.,2024,7,T11,Management reporting pack,11,5,2024-07-31,2024-08-07,2024-08-07,0.0,,false
228,NS10,NovaSpace España S.A.,2024,7,T12,Hard close / period lock,12,5,2024-07-31,2024-08-07,2024-08-07,0.0,5.0,false
229,NS10,NovaSpace España S.A.,2024,8,T01,Sub-ledger cut-off — Accounts Payable,1,1,2024-08-31,2024-09-02,2024-09-04,2.0,,false
230,NS10,NovaSpace España S.A.,2024,8,T02,Sub-ledger cut-off — Accounts Receivable,2,1,2024-08-31,2024-09-02,2024-09-02,0.0,,false
231,NS10,NovaSpace España S.A.,2024,8,T03,GR/IR clearing,3,2,2024-08-31,2024-09-03,2024-09-05,2.0,,false
232,NS10,NovaSpace España S.A.,2024,8,T04,Payroll posting,4,2,2024-08-31,2024-09-03,2024-09-03,0.0,,false
233,NS10,NovaSpace España S.A.,2024,8,T05,Depreciation run,5,2,2024-08-31,2024-09-03,2024-09-02,-1.0,,false
234,NS10,NovaSpace España S.A.,2024,8,T06,Accruals posting,6,3,2024-08-31,2024-09-04,2024-09-05,1.0,,false
235,NS10,NovaSpace España S.A.,2024,8,T07,Overhead allocation cycle,7,3,2024-08-31,2024-09-04,2024-09-04,0.0,,false
236,NS10,NovaSpace España S.A.,2024,8,T08,Intercompany reconciliation,8,3,2024-08-31,2024-09-04,2024-09-04,0.0,,false
237,NS10,NovaSpace España S.A.,2024,8,T09,FX revaluation,9,4,2024-08-31,2024-09-05,2024-09-06,1.0,,false
238,NS10,NovaSpace España S.A.,2024,8,T10,Soft close / reporting cut-off,10,4,2024-08-31,2024-09-05,2024-09-05,0.0,,false
239,NS10,NovaSpace España S.A.,2024,8,T11,Management reporting pack,11,5,2024-08-31,2024-09-06,2024-09-06,0.0,,false
240,NS10,NovaSpace España S.A.,2024,8,T12,Hard close / period lock,12,5,2024-08-31,2024-09-06,2024-09-09,1.0,6.0,false
241,NS10,NovaSpace España S.A.,2024,9,T01,Sub-ledger cut-off — Accounts Payable,1,1,2024-09-30,2024-10-01,2024-10-01,0.0,,false
242,NS10,NovaSpace España S.A.,2024,9,T02,Sub-ledger cut-off — Accounts Receivable,2,1,2024-09-30,2024-10-01,2024-10-01,0.0,,false
243,NS10,NovaSpace España S.A.,2024,9,T03,GR/IR clearing,3,2,2024-09-30,2024-10-02,2024-10-04,2.0,,false
244,NS10,NovaSpace España S.A.,2024,9,T04,Payroll posting,4,2,2024-09-30,2024-10-02,2024-10-02,0.0,,false
245,NS10,NovaSpace España S.A.,2024,9,T05,Depreciation run,5,2,2024-09-30,2024-10-02,2024-10-03,1.0,,false
246,NS10,NovaSpace España S.A.,2024,9,T06,Accruals posting,6,3,2024-09-30,2024-10-03,2024-10-04,1.0,,false
247,NS10,NovaSpace España S.A.,2024,9,T07,Overhead allocation cycle,7,3,2024-09-30,2024-10-03,2024-10-04,1.0,,false
248,NS10,NovaSpace España S.A.,2024,9,T08,Intercompany reconciliation,8,3,2024-09-30,2024-10-03,2024-10-03,0.0,,false
249,NS10,NovaSpace España S.A.,2024,9,T09,FX revaluation,9,4,2024-09-30,2024-10-04,2024-10-04,0.0,,false
250,NS10,NovaSpace España S.A.,2024,9,T10,Soft close / reporting cut-off,10,4,2024-09-30,2024-10-04,2024-10-04,0.0,,false
251,NS10,NovaSpace España S.A.,2024,9,T11,Management reporting pack,11,5,2024-09-30,2024-10-07,2024-10-08,1.0,,false
252,NS10,NovaSpace España S.A.,2024,9,T12,Hard close / period lock,12,5,2024-09-30,2024-10-07,2024-10-07,0.0,5.0,false
253,NS10,NovaSpace España S.A.,2024,10,T01,Sub-ledger cut-off — Accounts Payable,1,1,2024-10-31,2024-11-01,2024-11-05,2.0,,false
254,NS10,NovaSpace España S.A.,2024,10,T02,Sub-ledger cut-off — Accounts Receivable,2,1,2024-10-31,2024-11-01,2024-11-04,1.0,,false
255,NS10,NovaSpace España S.A.,2024,10,T03,GR/IR clearing,3,2,2024-10-31,2024-11-04,2024-11-04,0.0,,false
256,NS10,NovaSpace España S.A.,2024,10,T04,Payroll posting,4,2,2024-10-31,2024-11-04,2024-11-04,0.0,,false
257,NS10,NovaSpace España S.A.,2024,10,T05,Depreciation run,5,2,2024-10-31,2024-11-04,2024-11-04,0.0,,false
258,NS10,NovaSpace España S.A.,2024,10,T06,Accruals posting,6,3,2024-10-31,2024-11-05,2024-11-05,0.0,,false
259,NS10,NovaSpace España S.A.,2024,10,T07,Overhead allocation cycle,7,3,2024-10-31,2024-11-05,2024-11-04,-1.0,,false
260,NS10,NovaSpace España S.A.,2024,10,T08,Intercompany reconciliation,8,3,2024-10-31,2024-11-05,2024-11-04,-1.0,,false
261,NS10,NovaSpace España S.A.,2024,10,T09,FX revaluation,9,4,2024-10-31,2024-11-06,2024-11-07,1.0,,false
262,NS10,NovaSpace España S.A.,2024,10,T10,Soft close / reporting cut-off,10,4,2024-10-31,2024-11-06,2024-11-06,0.0,,false
263,NS10,NovaSpace España S.A.,2024,10,T11,Management reporting pack,11,5,2024-10-31,2024-11-07,2024-11-06,-1.0,,false
264,NS10,NovaSpace España S.A.,2024,10,T12,Hard close / period lock,12,5,2024-10-31,2024-11-07,2024-11-06,-1.0,4.0,false
265,NS10,NovaSpace España S.A.,2024,11,T01,Sub-ledger cut-off — Accounts Payable,1,1,2024-11-30,2024-12-02,2024-12-02,0.0,,false
266,NS10,NovaSpace España S.A.,2024,11,T02,Sub-ledger cut-off — Accounts Receivable,2,1,2024-11-30,2024-12-02,2024-12-02,0.0,,false
267,NS10,NovaSpace España S.A.,2024,11,T03,GR/IR clearing,3,2,2024-11-30,2024-12-03,2024-12-05,2.0,,false
268,NS10,NovaSpace España S.A.,2024,11,T04,Payroll posting,4,2,2024-11-30,2024-12-03,2024-12-04,1.0,,false
269,NS10,NovaSpace España S.A.,2024,11,T05,Depreciation run,5,2,2024-11-30,2024-12-03,2024-12-02,-1.0,,false
270,NS10,NovaSpace España S.A.,2024,11,T06,Accruals posting,6,3,2024-11-30,2024-12-04,2024-12-04,0.0,,false
271,NS10,NovaSpace España S.A.,2024,11,T07,Overhead allocation cycle,7,3,2024-11-30,2024-12-04,2024-12-04,0.0,,false
272,NS10,NovaSpace España S.A.,2024,11,T08,Intercompany reconciliation,8,3,2024-11-30,2024-12-04,2024-12-04,0.0,,false
273,NS10,NovaSpace España S.A.,2024,11,T09,FX revaluation,9,4,2024-11-30,2024-12-05,2024-12-05,0.0,,false
274,NS10,NovaSpace España S.A.,2024,11,T10,Soft close / reporting cut-off,10,4,2024-11-30,2024-12-05,2024-12-06,1.0,,false
275,NS10,NovaSpace España S.A.,2024,11,T11,Management reporting pack,11,5,2024-11-30,2024-12-06,2024-12-06,0.0,,false
276,NS10,NovaSpace España S.A.,2024,11,T12,Hard close / period lock,12,5,2024-11-30,2024-12-06,2024-12-06,0.0,5.0,false
277,NS10,NovaSpace España S.A.,2024,12,T01,Sub-ledger cut-off — Accounts Payable,1,1,2024-12-31,2025-01-02,2025-01-02,0.0,,false
278,NS10,NovaSpace España S.A.,2024,12,T02,Sub-ledger cut-off — Accounts Receivable,2,1,2024-12-31,2025-01-02,2025-01-02,0.0,,false
279,NS10,NovaSpace España S.A.,2024,12,T03,GR/IR clearing,3,2,2024-12-31,2025-01-03,2025-01-03,0.0,,false
280,NS10,NovaSpace España S.A.,2024,12,T04,Payroll posting,4,2,2024-12-31,2025-01-03,2025-01-03,0.0,,false
281,NS10,NovaSpace España S.A.,2024,12,T05,Depreciation run,5,2,2024-12-31,2025-01-03,2025-01-07,2.0,,false
282,NS10,NovaSpace España S.A.,2024,12,T06,Accruals posting,6,3,2024-12-31,2025-01-06,2025-01-06,0.0,,false
283,NS10,NovaSpace España S.A.,2024,12,T07,Overhead allocation cycle,7,3,2024-12-31,2025-01-06,2025-01-06,0.0,,false
284,NS10,NovaSpace España S.A.,2024,12,T08,Intercompany reconciliation,8,3,2024-12-31,2025-01-06,2025-01-06,0.0,,false
285,NS10,NovaSpace España S.A.,2024,12,T09,FX revaluation,9,4,2024-12-31,2025-01-07,2025-01-07,0.0,,false
286,NS10,NovaSpace España S.A.,2024,12,T10,Soft close / reporting cut-off,10,4,2024-12-31,2025-01-07,2025-01-07,0.0,,false
287,NS10,NovaSpace España S.A.,2024,12,T11,Management reporting pack,11,5,2024-12-31,2025-01-08,2025-01-08,0.0,,false
288,NS10,NovaSpace España S.A.,2024,12,T12,Hard close / period lock,12,5,2024-12-31,2025-01-08,2025-01-10,2.0,7.0,false
289,NS10,NovaSpace España S.A.,2025,1,T01,Sub-ledger cut-off — Accounts Payable,1,1,2025-01-31,2025-02-03,2025-02-03,0.0,,false
290,NS10,NovaSpace España S.A.,2025,1,T02,Sub-ledger cut-off — Accounts Receivable,2,1,2025-01-31,2025-02-03,2025-02-04,1.0,,false
291,NS10,NovaSpace España S.A.,2025,1,T03,GR/IR clearing,3,2,2025-01-31,2025-02-04,2025-02-05,1.0,,false
292,NS10,NovaSpace España S.A.,2025,1,T04,Payroll posting,4,2,2025-01-31,2025-02-04,2025-02-03,-1.0,,false
293,NS10,NovaSpace España S.A.,2025,1,T05,Depreciation run,5,2,2025-01-31,2025-02-04,2025-02-04,0.0,,false
294,NS10,NovaSpace España S.A.,2025,1,T06,Accruals posting,6,3,2025-01-31,2025-02-05,2025-02-07,2.0,,false
295,NS10,NovaSpace España S.A.,2025,1,T07,Overhead allocation cycle,7,3,2025-01-31,2025-02-05,2025-02-05,0.0,,false
296,NS10,NovaSpace España S.A.,2025,1,T08,Intercompany reconciliation,8,3,2025-01-31,2025-02-05,2025-02-07,2.0,,false
297,NS10,NovaSpace España S.A.,2025,1,T09,FX revaluation,9,4,2025-01-31,2025-02-06,2025-02-05,-1.0,,false
298,NS10,NovaSpace España S.A.,2025,1,T10,Soft close / reporting cut-off,10,4,2025-01-31,2025-02-06,2025-02-06,0.0,,false
299,NS10,NovaSpace España S.A.,2025,1,T11,Management reporting pack,11,5,2025-01-31,2025-02-07,2025-02-06,-1.0,,false
300,NS10,NovaSpace España S.A.,2025,1,T12,Hard close / period lock,12,5,2025-01-31,2025-02-07,2025-02-07,0.0,5.0,false
301,NS10,NovaSpace España S.A.,2025,2,T01,Sub-ledger cut-off — Accounts Payable,1,1,2025-02-28,2025-03-03,2025-03-03,0.0,,false
302,NS10,NovaSpace España S.A.,2025,2,T02,Sub-ledger cut-off — Accounts Receivable,2,1,2025-02-28,2025-03-03,2025-03-03,0.0,,false
303,NS10,NovaSpace España S.A.,2025,2,T03,GR/IR clearing,3,2,2025-02-28,2025-03-04,2025-03-04,0.0,,false
304,NS10,NovaSpace España S.A.,2025,2,T04,Payroll posting,4,2,2025-02-28,2025-03-04,2025-03-03,-1.0,,false
305,NS10,NovaSpace España S.A.,2025,2,T05,Depreciation run,5,2,2025-02-28,2025-03-04,2025-03-03,-1.0,,false
306,NS10,NovaSpace España S.A.,2025,2,T06,Accruals posting,6,3,2025-02-28,2025-03-05,2025-03-05,0.0,,false
307,NS10,NovaSpace España S.A.,2025,2,T07,Overhead allocation cycle,7,3,2025-02-28,2025-03-05,2025-03-06,1.0,,false
308,NS10,NovaSpace España S.A.,2025,2,T08,Intercompany reconciliation,8,3,2025-02-28,2025-03-05,2025-03-06,1.0,,false
309,NS10,NovaSpace España S.A.,2025,2,T09,FX revaluation,9,4,2025-02-28,2025-03-06,2025-03-06,0.0,,false
310,NS10,NovaSpace España S.A.,2025,2,T10,Soft close / reporting cut-off,10,4,2025-02-28,2025-03-06,2025-03-06,0.0,,false
311,NS10,NovaSpace España S.A.,2025,2,T11,Management reporting pack,11,5,2025-02-28,2025-03-07,2025-03-11,2.0,,false
312,NS10,NovaSpace España S.A.,2025,2,T12,Hard close / period lock,12,5,2025-02-28,2025-03-07,2025-03-07,0.0,5.0,false
313,NS10,NovaSpace España S.A.,2025,3,T01,Sub-ledger cut-off — Accounts Payable,1,1,2025-03-31,2025-04-01,2025-04-01,0.0,,false
314,NS10,NovaSpace España S.A.,2025,3,T02,Sub-ledger cut-off — Accounts Receivable,2,1,2025-03-31,2025-04-01,2025-04-01,0.0,,false
315,NS10,NovaSpace España S.A.,2025,3,T03,GR/IR clearing,3,2,2025-03-31,2025-04-02,2025-04-04,2.0,,false
316,NS10,NovaSpace España S.A.,2025,3,T04,Payroll posting,4,2,2025-03-31,2025-04-02,2025-04-03,1.0,,false
317,NS10,NovaSpace España S.A.,2025,3,T05,Depreciation run,5,2,2025-03-31,2025-04-02,2025-04-02,0.0,,false
318,NS10,NovaSpace España S.A.,2025,3,T06,Accruals posting,6,3,2025-03-31,2025-04-03,2025-04-02,-1.0,,false
319,NS10,NovaSpace España S.A.,2025,3,T07,Overhead allocation cycle,7,3,2025-03-31,2025-04-03,2025-04-03,0.0,,false
320,NS10,NovaSpace España S.A.,2025,3,T08,Intercompany reconciliation,8,3,2025-03-31,2025-04-03,2025-04-03,0.0,,false
321,NS10,NovaSpace España S.A.,2025,3,T09,FX revaluation,9,4,2025-03-31,2025-04-04,2025-04-04,0.0,,false
322,NS10,NovaSpace España S.A.,2025,3,T10,Soft close / reporting cut-off,10,4,2025-03-31,2025-04-04,2025-04-07,1.0,,false
323,NS10,NovaSpace España S.A.,2025,3,T11,Management reporting pack,11,5,2025-03-31,2025-04-07,2025-04-07,0.0,,false
324,NS10,NovaSpace España S.A.,2025,3,T12,Hard close / period lock,12,5,2025-03-31,2025-04-07,2025-04-07,0.0,5.0,false
325,NS10,NovaSpace España S.A.,2025,4,T01,Sub-ledger cut-off — Accounts Payable,1,1,2025-04-30,2025-05-02,2025-05-05,1.0,,false
326,NS10,NovaSpace España S.A.,2025,4,T02,Sub-ledger cut-off — Accounts Receivable,2,1,2025-04-30,2025-05-02,2025-05-05,1.0,,false
327,NS10,NovaSpace España S.A.,2025,4,T03,GR/IR clearing,3,2,2025-04-30,2025-05-05,2025-05-05,0.0,,false
328,NS10,NovaSpace España S.A.,2025,4,T04,Payroll posting,4,2,2025-04-30,2025-05-05,2025-05-05,0.0,,false
329,NS10,NovaSpace España S.A.,2025,4,T05,Depreciation run,5,2,2025-04-30,2025-05-05,2025-05-06,1.0,,false
330,NS10,NovaSpace España S.A.,2025,4,T06,Accruals posting,6,3,2025-04-30,2025-05-06,2025-05-06,0.0,,false
331,NS10,NovaSpace España S.A.,2025,4,T07,Overhead allocation cycle,7,3,2025-04-30,2025-05-06,2025-05-07,1.0,,false
332,NS10,NovaSpace España S.A.,2025,4,T08,Intercompany reconciliation,8,3,2025-04-30,2025-05-06,2025-05-06,0.0,,false
333,NS10,NovaSpace España S.A.,2025,4,T09,FX revaluation,9,4,2025-04-30,2025-05-07,2025-05-06,-1.0,,false
334,NS10,NovaSpace España S.A.,2025,4,T10,Soft close / reporting cut-off,10,4,2025-04-30,2025-05-07,2025-05-08,1.0,,false
335,NS10,NovaSpace España S.A.,2025,4,T11,Management reporting pack,11,5,2025-04-30,2025-05-08,2025-05-08,0.0,,false
336,NS10,NovaSpace España S.A.,2025,4,T12,Hard close / period lock,12,5,2025-04-30,2025-05-08,2025-05-08,0.0,5.0,false
337,NS10,NovaSpace España S.A.,2025,5,T01,Sub-ledger cut-off — Accounts Payable,1,1,2025-05-31,2025-06-02,2025-06-02,0.0,,false
338,NS10,NovaSpace España S.A.,2025,5,T02,Sub-ledger cut-off — Accounts Receivable,2,1,2025-05-31,2025-06-02,2025-06-02,0.0,,false
339,NS10,NovaSpace España S.A.,2025,5,T03,GR/IR clearing,3,2,2025-05-31,2025-06-03,2025-06-03,0.0,,false
340,NS10,NovaSpace España S.A.,2025,5,T04,Payroll posting,4,2,2025-05-31,2025-06-03,2025-06-04,1.0,,false
341,NS10,NovaSpace España S.A.,2025,5,T05,Depreciation run,5,2,2025-05-31,2025-06-03,2025-06-03,0.0,,false
342,NS10,NovaSpace España S.A.,2025,5,T06,Accruals posting,6,3,2025-05-31,2025-06-04,2025-06-05,1.0,,false
343,NS10,NovaSpace España S.A.,2025,5,T07,Overhead allocation cycle,7,3,2025-05-31,2025-06-04,2025-06-05,1.0,,false
344,NS10,NovaSpace España S.A.,2025,5,T08,Intercompany reconciliation,8,3,2025-05-31,2025-06-04,2025-06-04,0.0,,false
345,NS10,NovaSpace España S.A.,2025,5,T09,FX revaluation,9,4,2025-05-31,2025-06-05,2025-06-05,0.0,,false
346,NS10,NovaSpace España S.A.,2025,5,T10,Soft close / reporting cut-off,10,4,2025-05-31,2025-06-05,2025-06-04,-1.0,,false
347,NS10,NovaSpace España S.A.,2025,5,T11,Management reporting pack,11,5,2025-05-31,2025-06-06,2025-06-05,-1.0,,false
348,NS10,NovaSpace España S.A.,2025,5,T12,Hard close / period lock,12,5,2025-05-31,2025-06-06,2025-06-09,1.0,6.0,false
349,NS10,NovaSpace España S.A.,2025,6,T01,Sub-ledger cut-off — Accounts Payable,1,1,2025-06-30,2025-07-01,2025-07-01,0.0,,false
350,NS10,NovaSpace España S.A.,2025,6,T02,Sub-ledger cut-off — Accounts Receivable,2,1,2025-06-30,2025-07-01,2025-07-01,0.0,,false
351,NS10,NovaSpace España S.A.,2025,6,T03,GR/IR clearing,3,2,2025-06-30,2025-07-02,2025-07-01,-1.0,,false
352,NS10,NovaSpace España S.A.,2025,6,T04,Payroll posting,4,2,2025-06-30,2025-07-02,2025-07-01,-1.0,,false
353,NS10,NovaSpace España S.A.,2025,6,T05,Depreciation run,5,2,2025-06-30,2025-07-02,2025-07-02,0.0,,false
354,NS10,NovaSpace España S.A.,2025,6,T06,Accruals posting,6,3,2025-06-30,2025-07-03,2025-07-03,0.0,,false
355,NS10,NovaSpace España S.A.,2025,6,T07,Overhead allocation cycle,7,3,2025-06-30,2025-07-03,2025-07-03,0.0,,false
356,NS10,NovaSpace España S.A.,2025,6,T08,Intercompany reconciliation,8,3,2025-06-30,2025-07-03,2025-07-03,0.0,,false
357,NS10,NovaSpace España S.A.,2025,6,T09,FX revaluation,9,4,2025-06-30,2025-07-04,2025-07-04,0.0,,false
358,NS10,NovaSpace España S.A.,2025,6,T10,Soft close / reporting cut-off,10,4,2025-06-30,2025-07-04,2025-07-04,0.0,,false
359,NS10,NovaSpace España S.A.,2025,6,T11,Management reporting pack,11,5,2025-06-30,2025-07-07,2025-07-07,0.0,,false
360,NS10,NovaSpace España S.A.,2025,6,T12,Hard close / period lock,12,5,2025-06-30,2025-07-07,2025-07-07,0.0,5.0,false
361,NS10,NovaSpace España S.A.,2025,7,T01,Sub-ledger cut-off — Accounts Payable,1,1,2025-07-31,2025-08-01,2025-08-01,0.0,,false
362,NS10,NovaSpace España S.A.,2025,7,T02,Sub-ledger cut-off — Accounts Receivable,2,1,2025-07-31,2025-08-01,2025-08-01,0.0,,false
363,NS10,NovaSpace España S.A.,2025,7,T03,GR/IR clearing,3,2,2025-07-31,2025-08-04,2025-08-01,-1.0,,false
364,NS10,NovaSpace España S.A.,2025,7,T04,Payroll posting,4,2,2025-07-31,2025-08-04,2025-08-04,0.0,,false
365,NS10,NovaSpace España S.A.,2025,7,T05,Depreciation run,5,2,2025-07-31,2025-08-04,2025-08-01,-1.0,,false
366,NS10,NovaSpace España S.A.,2025,7,T06,Accruals posting,6,3,2025-07-31,2025-08-05,2025-08-04,-1.0,,false
367,NS10,NovaSpace España S.A.,2025,7,T07,Overhead allocation cycle,7,3,2025-07-31,2025-08-05,2025-08-05,0.0,,false
368,NS10,NovaSpace España S.A.,2025,7,T08,Intercompany reconciliation,8,3,2025-07-31,2025-08-05,2025-08-05,0.0,,false
369,NS10,NovaSpace España S.A.,2025,7,T09,FX revaluation,9,4,2025-07-31,2025-08-06,2025-08-08,2.0,,false
370,NS10,NovaSpace España S.A.,2025,7,T10,Soft close / reporting cut-off,10,4,2025-07-31,2025-08-06,2025-08-06,0.0,,false
371,NS10,NovaSpace España S.A.,2025,7,T11,Management reporting pack,11,5,2025-07-31,2025-08-07,2025-08-07,0.0,,false
372,NS10,NovaSpace España S.A.,2025,7,T12,Hard close / period lock,12,5,2025-07-31,2025-08-07,2025-08-11,2.0,7.0,false
373,NS10,NovaSpace España S.A.,2025,8,T01,Sub-ledger cut-off — Accounts Payable,1,1,2025-08-31,2025-09-01,2025-09-01,0.0,,false
374,NS10,NovaSpace España S.A.,2025,8,T02,Sub-ledger cut-off — Accounts Receivable,2,1,2025-08-31,2025-09-01,2025-09-01,0.0,,false
375,NS10,NovaSpace España S.A.,2025,8,T03,GR/IR clearing,3,2,2025-08-31,2025-09-02,2025-09-02,0.0,,false
376,NS10,NovaSpace España S.A.,2025,8,T04,Payroll posting,4,2,2025-08-31,2025-09-02,2025-09-02,0.0,,false
377,NS10,NovaSpace España S.A.,2025,8,T05,Depreciation run,5,2,2025-08-31,2025-09-02,2025-09-01,-1.0,,false
378,NS10,NovaSpace España S.A.,2025,8,T06,Accruals posting,6,3,2025-08-31,2025-09-03,2025-09-04,1.0,,false
379,NS10,NovaSpace España S.A.,2025,8,T07,Overhead allocation cycle,7,3,2025-08-31,2025-09-03,2025-09-02,-1.0,,false
380,NS10,NovaSpace España S.A.,2025,8,T08,Intercompany reconciliation,8,3,2025-08-31,2025-09-03,2025-09-04,1.0,,false
381,NS10,NovaSpace España S.A.,2025,8,T09,FX revaluation,9,4,2025-08-31,2025-09-04,2025-09-03,-1.0,,false
382,NS10,NovaSpace España S.A.,2025,8,T10,Soft close / reporting cut-off,10,4,2025-08-31,2025-09-04,2025-09-04,0.0,,false
383,NS10,NovaSpace España S.A.,2025,8,T11,Management reporting pack,11,5,2025-08-31,2025-09-05,2025-09-04,-1.0,,false
384,NS10,NovaSpace España S.A.,2025,8,T12,Hard close / period lock,12,5,2025-08-31,2025-09-05,2025-09-05,0.0,5.0,false
385,NS10,NovaSpace España S.A.,2025,9,T01,Sub-ledger cut-off — Accounts Payable,1,1,2025-09-30,2025-10-01,2025-10-01,0.0,,false
386,NS10,NovaSpace España S.A.,2025,9,T02,Sub-ledger cut-off — Accounts Receivable,2,1,2025-09-30,2025-10-01,2025-10-01,0.0,,false
387,NS10,NovaSpace España S.A.,2025,9,T03,GR/IR clearing,3,2,2025-09-30,2025-10-02,2025-10-02,0.0,,false
388,NS10,NovaSpace España S.A.,2025,9,T04,Payroll posting,4,2,2025-09-30,2025-10-02,2025-10-03,1.0,,false
389,NS10,NovaSpace España S.A.,2025,9,T05,Depreciation run,5,2,2025-09-30,2025-10-02,2025-10-01,-1.0,,false
390,NS10,NovaSpace España S.A.,2025,9,T06,Accruals posting,6,3,2025-09-30,2025-10-03,2025-10-03,0.0,,false
391,NS10,NovaSpace España S.A.,2025,9,T07,Overhead allocation cycle,7,3,2025-09-30,2025-10-03,2025-10-03,0.0,,false
392,NS10,NovaSpace España S.A.,2025,9,T08,Intercompany reconciliation,8,3,2025-09-30,2025-10-03,2025-10-02,-1.0,,false
393,NS10,NovaSpace España S.A.,2025,9,T09,FX revaluation,9,4,2025-09-30,2025-10-06,2025-10-06,0.0,,false
394,NS10,NovaSpace España S.A.,2025,9,T10,Soft close / reporting cut-off,10,4,2025-09-30,2025-10-06,2025-10-06,0.0,,false
395,NS10,NovaSpace España S.A.,2025,9,T11,Management reporting pack,11,5,2025-09-30,2025-10-07,2025-10-08,1.0,,false
396,NS10,NovaSpace España S.A.,2025,9,T12,Hard close / period lock,12,5,2025-09-30,2025-10-07,2025-10-07,0.0,5.0,false
397,NS10,NovaSpace España S.A.,2025,10,T01,Sub-ledger cut-off — Accounts Payable,1,1,2025-10-31,2025-11-03,2025-11-03,0.0,,false
398,NS10,NovaSpace España S.A.,2025,10,T02,Sub-ledger cut-off — Accounts Receivable,2,1,2025-10-31,2025-11-03,2025-11-03,0.0,,false
399,NS10,NovaSpace España S.A.,2025,10,T03,GR/IR clearing,3,2,2025-10-31,2025-11-04,2025-11-04,0.0,,false
400,NS10,NovaSpace España S.A.,2025,10,T04,Payroll posting,4,2,2025-10-31,2025-11-04,2025-11-05,1.0,,false
401,NS10,NovaSpace España S.A.,2025,10,T05,Depreciation run,5,2,2025-10-31,2025-11-04,2025-11-04,0.0,,false
402,NS10,NovaSpace España S.A.,2025,10,T06,Accruals posting,6,3,2025-10-31,2025-11-05,2025-11-05,0.0,,false
403,NS10,NovaSpace España S.A.,2025,10,T07,Overhead allocation cycle,7,3,2025-10-31,2025-11-05,2025-11-06,1.0,,false
404,NS10,NovaSpace España S.A.,2025,10,T08,Intercompany reconciliation,8,3,2025-10-31,2025-11-05,2025-11-06,1.0,,false
405,NS10,NovaSpace España S.A.,2025,10,T09,FX revaluation,9,4,2025-10-31,2025-11-06,2025-11-06,0.0,,false
406,NS10,NovaSpace España S.A.,2025,10,T10,Soft close / reporting cut-off,10,4,2025-10-31,2025-11-06,2025-11-06,0.0,,false
407,NS10,NovaSpace España S.A.,2025,10,T11,Management reporting pack,11,5,2025-10-31,2025-11-07,2025-11-07,0.0,,false
408,NS10,NovaSpace España S.A.,2025,10,T12,Hard close / period lock,12,5,2025-10-31,2025-11-07,2025-11-06,-1.0,4.0,false
409,NS10,NovaSpace España S.A.,2025,11,T01,Sub-ledger cut-off — Accounts Payable,1,1,2025-11-30,2025-12-01,2025-12-01,0.0,,false
410,NS10,NovaSpace España S.A.,2025,11,T02,Sub-ledger cut-off — Accounts Receivable,2,1,2025-11-30,2025-12-01,2025-12-03,2.0,,false
411,NS10,NovaSpace España S.A.,2025,11,T03,GR/IR clearing,3,2,2025-11-30,2025-12-02,2025-12-02,0.0,,false
412,NS10,NovaSpace España S.A.,2025,11,T04,Payroll posting,4,2,2025-11-30,2025-12-02,2025-12-04,2.0,,false
413,NS10,NovaSpace España S.A.,2025,11,T05,Depreciation run,5,2,2025-11-30,2025-12-02,2025-12-02,0.0,,false
414,NS10,NovaSpace España S.A.,2025,11,T06,Accruals posting,6,3,2025-11-30,2025-12-03,2025-12-03,0.0,,false
415,NS10,NovaSpace España S.A.,2025,11,T07,Overhead allocation cycle,7,3,2025-11-30,2025-12-03,2025-12-04,1.0,,false
416,NS10,NovaSpace España S.A.,2025,11,T08,Intercompany reconciliation,8,3,2025-11-30,2025-12-03,2025-12-05,2.0,,false
417,NS10,NovaSpace España S.A.,2025,11,T09,FX revaluation,9,4,2025-11-30,2025-12-04,2025-12-04,0.0,,false
418,NS10,NovaSpace España S.A.,2025,11,T10,Soft close / reporting cut-off,10,4,2025-11-30,2025-12-04,2025-12-08,2.0,,false
419,NS10,NovaSpace España S.A.,2025,11,T11,Management reporting pack,11,5,2025-11-30,2025-12-05,2025-12-08,1.0,,false
420,NS10,NovaSpace España S.A.,2025,11,T12,Hard close / period lock,12,5,2025-11-30,2025-12-05,2025-12-09,2.0,7.0,false
421,NS10,NovaSpace España S.A.,2025,12,T01,Sub-ledger cut-off — Accounts Payable,1,1,2025-12-31,2026-01-02,2026-01-02,0.0,,false
422,NS10,NovaSpace España S.A.,2025,12,T02,Sub-ledger cut-off — Accounts Receivable,2,1,2025-12-31,2026-01-02,2026-01-02,0.0,,false
423,NS10,NovaSpace España S.A.,2025,12,T03,GR/IR clearing,3,2,2025-12-31,2026-01-05,2026-01-06,1.0,,false
424,NS10,NovaSpace España S.A.,2025,12,T04,Payroll posting,4,2,2025-12-31,2026-01-05,2026-01-05,0.0,,false
425,NS10,NovaSpace España S.A.,2025,12,T05,Depreciation run,5,2,2025-12-31,2026-01-05,2026-01-05,0.0,,false
426,NS10,NovaSpace España S.A.,2025,12,T06,Accruals posting,6,3,2025-12-31,2026-01-06,2026-01-06,0.0,,false
427,NS10,NovaSpace España S.A.,2025,12,T07,Overhead allocation cycle,7,3,2025-12-31,2026-01-06,2026-01-08,2.0,,false
428,NS10,NovaSpace España S.A.,2025,12,T08,Intercompany reconciliation,8,3,2025-12-31,2026-01-06,2026-01-07,1.0,,false
429,NS10,NovaSpace España S.A.,2025,12,T09,FX revaluation,9,4,2025-12-31,2026-01-07,2026-01-07,0.0,,false
430,NS10,NovaSpace España S.A.,2025,12,T10,Soft close / reporting cut-off,10,4,2025-12-31,2026-01-07,2026-01-07,0.0,,false
431,NS10,NovaSpace España S.A.,2025,12,T11,Management reporting pack,11,5,2025-12-31,2026-01-08,2026-01-07,-1.0,,false
432,NS10,NovaSpace España S.A.,2025,12,T12,Hard close / period lock,12,5,2025-12-31,2026-01-08,2026-01-08,0.0,5.0,false
433,NS10,NovaSpace España S.A.,2026,1,T01,Sub-ledger cut-off — Accounts Payable,1,1,2026-01-31,2026-02-02,2026-02-03,1.0,,false
434,NS10,NovaSpace España S.A.,2026,1,T02,Sub-ledger cut-off — Accounts Receivable,2,1,2026-01-31,2026-02-02,2026-02-02,0.0,,false
435,NS10,NovaSpace España S.A.,2026,1,T03,GR/IR clearing,3,2,2026-01-31,2026-02-03,2026-02-03,0.0,,false
436,NS10,NovaSpace España S.A.,2026,1,T04,Payroll posting,4,2,2026-01-31,2026-02-03,2026-02-03,0.0,,false
437,NS10,NovaSpace España S.A.,2026,1,T05,Depreciation run,5,2,2026-01-31,2026-02-03,2026-02-03,0.0,,false
438,NS10,NovaSpace España S.A.,2026,1,T06,Accruals posting,6,3,2026-01-31,2026-02-04,2026-02-04,0.0,,false
439,NS10,NovaSpace España S.A.,2026,1,T07,Overhead allocation cycle,7,3,2026-01-31,2026-02-04,2026-02-05,1.0,,false
440,NS10,NovaSpace España S.A.,2026,1,T08,Intercompany reconciliation,8,3,2026-01-31,2026-02-04,2026-02-05,1.0,,false
441,NS10,NovaSpace España S.A.,2026,1,T09,FX revaluation,9,4,2026-01-31,2026-02-05,2026-02-06,1.0,,false
442,NS10,NovaSpace España S.A.,2026,1,T10,Soft close / reporting cut-off,10,4,2026-01-31,2026-02-05,2026-02-09,2.0,,false
443,NS10,NovaSpace España S.A.,2026,1,T11,Management reporting pack,11,5,2026-01-31,2026-02-06,2026-02-06,0.0,,false
444,NS10,NovaSpace España S.A.,2026,1,T12,Hard close / period lock,12,5,2026-01-31,2026-02-06,2026-02-06,0.0,5.0,false
445,NS10,NovaSpace España S.A.,2026,2,T01,Sub-ledger cut-off — Accounts Payable,1,1,2026-02-28,2026-03-02,2026-03-02,0.0,,false
446,NS10,NovaSpace España S.A.,2026,2,T02,Sub-ledger cut-off — Accounts Receivable,2,1,2026-02-28,2026-03-02,2026-03-02,0.0,,false
447,NS10,NovaSpace España S.A.,2026,2,T03,GR/IR clearing,3,2,2026-02-28,2026-03-03,2026-03-02,-1.0,,false
448,NS10,NovaSpace España S.A.,2026,2,T04,Payroll posting,4,2,2026-02-28,2026-03-03,2026-03-04,1.0,,false
449,NS10,NovaSpace España S.A.,2026,2,T05,Depreciation run,5,2,2026-02-28,2026-03-03,2026-03-03,0.0,,false
450,NS10,NovaSpace España S.A.,2026,2,T06,Accruals posting,6,3,2026-02-28,2026-03-04,2026-03-05,1.0,,false
451,NS10,NovaSpace España S.A.,2026,2,T07,Overhead allocation cycle,7,3,2026-02-28,2026-03-04,2026-03-05,1.0,,false
452,NS10,NovaSpace España S.A.,2026,2,T08,Intercompany reconciliation,8,3,2026-02-28,2026-03-04,2026-03-03,-1.0,,false
453,NS10,NovaSpace España S.A.,2026,2,T09,FX revaluation,9,4,2026-02-28,2026-03-05,2026-03-04,-1.0,,false
454,NS10,NovaSpace España S.A.,2026,2,T10,Soft close / reporting cut-off,10,4,2026-02-28,2026-03-05,2026-03-05,0.0,,false
455,NS10,NovaSpace España S.A.,2026,2,T11,Management reporting pack,11,5,2026-02-28,2026-03-06,2026-03-06,0.0,,false
456,NS10,NovaSpace España S.A.,2026,2,T12,Hard close / period lock,12,5,2026-02-28,2026-03-06,2026-03-06,0.0,5.0,false
457,NS10,NovaSpace España S.A.,2026,3,T01,Sub-ledger cut-off — Accounts Payable,1,1,2026-03-31,2026-04-01,2026-04-01,0.0,,false
458,NS10,NovaSpace España S.A.,2026,3,T02,Sub-ledger cut-off — Accounts Receivable,2,1,2026-03-31,2026-04-01,2026-04-01,0.0,,false
459,NS10,NovaSpace España S.A.,2026,3,T03,GR/IR clearing,3,2,2026-03-31,2026-04-02,2026-04-08,2.0,,false
460,NS10,NovaSpace España S.A.,2026,3,T04,Payroll posting,4,2,2026-03-31,2026-04-02,2026-04-02,0.0,,false
461,NS10,NovaSpace España S.A.,2026,3,T05,Depreciation run,5,2,2026-03-31,2026-04-02,2026-04-02,0.0,,false
462,NS10,NovaSpace España S.A.,2026,3,T06,Accruals posting,6,3,2026-03-31,2026-04-07,2026-04-08,1.0,,false
463,NS10,NovaSpace España S.A.,2026,3,T07,Overhead allocation cycle,7,3,2026-03-31,2026-04-07,2026-04-09,2.0,,false
464,NS10,NovaSpace España S.A.,2026,3,T08,Intercompany reconciliation,8,3,2026-03-31,2026-04-07,2026-04-07,0.0,,false
465,NS10,NovaSpace España S.A.,2026,3,T09,FX revaluation,9,4,2026-03-31,2026-04-08,2026-04-10,2.0,,false
466,NS10,NovaSpace España S.A.,2026,3,T10,Soft close / reporting cut-off,10,4,2026-03-31,2026-04-08,2026-04-08,0.0,,false
467,NS10,NovaSpace España S.A.,2026,3,T11,Management reporting pack,11,5,2026-03-31,2026-04-09,2026-04-08,-1.0,,false
468,NS10,NovaSpace España S.A.,2026,3,T12,Hard close / period lock,12,5,2026-03-31,2026-04-09,2026-04-08,-1.0,4.0,false
469,NS10,NovaSpace España S.A.,2026,4,T01,Sub-ledger cut-off — Accounts Payable,1,1,2026-04-30,2026-05-04,2026-05-06,2.0,,false
470,NS10,NovaSpace España S.A.,2026,4,T02,Sub-ledger cut-off — Accounts Receivable,2,1,2026-04-30,2026-05-04,2026-05-04,0.0,,false
471,NS10,NovaSpace España S.A.,2026,4,T03,GR/IR clearing,3,2,2026-04-30,2026-05-05,2026-05-04,-1.0,,false
472,NS10,NovaSpace España S.A.,2026,4,T04,Payroll posting,4,2,2026-04-30,2026-05-05,2026-05-07,2.0,,false
473,NS10,NovaSpace España S.A.,2026,4,T05,Depreciation run,5,2,2026-04-30,2026-05-05,2026-05-04,-1.0,,false
474,NS10,NovaSpace España S.A.,2026,4,T06,Accruals posting,6,3,2026-04-30,2026-05-06,2026-05-06,0.0,,false
475,NS10,NovaSpace España S.A.,2026,4,T07,Overhead allocation cycle,7,3,2026-04-30,2026-05-06,2026-05-05,-1.0,,false
476,NS10,NovaSpace España S.A.,2026,4,T08,Intercompany reconciliation,8,3,2026-04-30,2026-05-06,2026-05-05,-1.0,,false
477,NS10,NovaSpace España S.A.,2026,4,T09,FX revaluation,9,4,2026-04-30,2026-05-07,2026-05-07,0.0,,false
478,NS10,NovaSpace España S.A.,2026,4,T10,Soft close / reporting cut-off,10,4,2026-04-30,2026-05-07,2026-05-07,0.0,,false
479,NS10,NovaSpace España S.A.,2026,4,T11,Management reporting pack,11,5,2026-04-30,2026-05-08,2026-05-11,1.0,,false
480,NS10,NovaSpace España S.A.,2026,4,T12,Hard close / period lock,12,5,2026-04-30,2026-05-08,2026-05-08,0.0,5.0,false
481,NS10,NovaSpace España S.A.,2026,5,T01,Sub-ledger cut-off — Accounts Payable,1,1,2026-05-31,2026-06-01,2026-06-01,0.0,,false
482,NS10,NovaSpace España S.A.,2026,5,T02,Sub-ledger cut-off — Accounts Receivable,2,1,2026-05-31,2026-06-01,2026-06-01,0.0,,false
483,NS10,NovaSpace España S.A.,2026,5,T03,GR/IR clearing,3,2,2026-05-31,2026-06-02,2026-06-01,-1.0,,false
484,NS10,NovaSpace España S.A.,2026,5,T04,Payroll posting,4,2,2026-05-31,2026-06-02,2026-06-03,1.0,,false
485,NS10,NovaSpace España S.A.,2026,5,T05,Depreciation run,5,2,2026-05-31,2026-06-02,2026-06-02,0.0,,false
486,NS10,NovaSpace España S.A.,2026,5,T06,Accruals posting,6,3,2026-05-31,2026-06-03,2026-06-03,0.0,,false
487,NS10,NovaSpace España S.A.,2026,5,T07,Overhead allocation cycle,7,3,2026-05-31,2026-06-03,2026-06-05,2.0,,false
488,NS10,NovaSpace España S.A.,2026,5,T08,Intercompany reconciliation,8,3,2026-05-31,2026-06-03,2026-06-04,1.0,,false
489,NS10,NovaSpace España S.A.,2026,5,T09,FX revaluation,9,4,2026-05-31,2026-06-04,2026-06-04,0.0,,false
490,NS10,NovaSpace España S.A.,2026,5,T10,Soft close / reporting cut-off,10,4,2026-05-31,2026-06-04,2026-06-04,0.0,,false
491,NS10,NovaSpace España S.A.,2026,5,T11,Management reporting pack,11,5,2026-05-31,2026-06-05,2026-06-04,-1.0,,false
492,NS10,NovaSpace España S.A.,2026,5,T12,Hard close / period lock,12,5,2026-05-31,2026-06-05,2026-06-05,0.0,5.0,false
493,NS10,NovaSpace España S.A.,2026,6,T01,Sub-ledger cut-off — Accounts Payable,1,1,2026-06-30,2026-07-01,2026-07-01,0.0,,false
494,NS10,NovaSpace España S.A.,2026,6,T02,Sub-ledger cut-off — Accounts Receivable,2,1,2026-06-30,2026-07-01,2026-07-01,0.0,,false
495,NS10,NovaSpace España S.A.,2026,6,T03,GR/IR clearing,3,2,2026-06-30,2026-07-02,2026-07-02,0.0,,false
496,NS10,NovaSpace España S.A.,2026,6,T04,Payroll posting,4,2,2026-06-30,2026-07-02,2026-07-06,2.0,,false
497,NS10,NovaSpace España S.A.,2026,6,T05,Depreciation run,5,2,2026-06-30,2026-07-02,2026-07-01,-1.0,,false
498,NS10,NovaSpace España S.A.,2026,6,T06,Accruals posting,6,3,2026-06-30,2026-07-03,2026-07-03,0.0,,false
499,NS10,NovaSpace España S.A.,2026,6,T07,Overhead allocation cycle,7,3,2026-06-30,2026-07-03,2026-07-03,0.0,,false
500,NS10,NovaSpace España S.A.,2026,6,T08,Intercompany reconciliation,8,3,2026-06-30,2026-07-03,2026-07-02,-1.0,,false
501,NS10,NovaSpace España S.A.,2026,6,T09,FX revaluation,9,4,2026-06-30,2026-07-06,2026-07-06,0.0,,false
502,NS10,NovaSpace España S.A.,2026,6,T10,Soft close / reporting cut-off,10,4,2026-06-30,2026-07-06,2026-07-06,0.0,,false
503,NS10,NovaSpace España S.A.,2026,6,T11,Management reporting pack,11,5,2026-06-30,2026-07-07,2026-07-07,0.0,,false
504,NS10,NovaSpace España S.A.,2026,6,T12,Hard close / period lock,12,5,2026-06-30,2026-07-07,2026-07-07,0.0,5.0,false
505,NS20,NovaSpace France S.A.S.,2023,1,T01,Sub-ledger cut-off — Accounts Payable,1,1,2023-01-31,2023-02-01,2023-02-01,0.0,,false
506,NS20,NovaSpace France S.A.S.,2023,1,T02,Sub-ledger cut-off — Accounts Receivable,2,1,2023-01-31,2023-02-01,2023-02-01,0.0,,false
507,NS20,NovaSpace France S.A.S.,2023,1,T03,GR/IR clearing,3,2,2023-01-31,2023-02-02,2023-02-02,0.0,,false
508,NS20,NovaSpace France S.A.S.,2023,1,T04,Payroll posting,4,2,2023-01-31,2023-02-02,2023-02-01,-1.0,,false
509,NS20,NovaSpace France S.A.S.,2023,1,T05,Depreciation run,5,2,2023-01-31,2023-02-02,2023-02-02,0.0,,false
510,NS20,NovaSpace France S.A.S.,2023,1,T06,Accruals posting,6,3,2023-01-31,2023-02-03,2023-02-03,0.0,,false
511,NS20,NovaSpace France S.A.S.,2023,1,T07,Overhead allocation cycle,7,3,2023-01-31,2023-02-03,2023-02-03,0.0,,false
512,NS20,NovaSpace France S.A.S.,2023,1,T08,Intercompany reconciliation,8,3,2023-01-31,2023-02-03,2023-02-03,0.0,,false
513,NS20,NovaSpace France S.A.S.,2023,1,T09,FX revaluation,9,4,2023-01-31,2023-02-06,2023-02-06,0.0,,false
514,NS20,NovaSpace France S.A.S.,2023,1,T10,Soft close / reporting cut-off,10,4,2023-01-31,2023-02-06,2023-02-08,2.0,,false
515,NS20,NovaSpace France S.A.S.,2023,1,T11,Management reporting pack,11,5,2023-01-31,2023-02-07,2023-02-07,0.0,,false
516,NS20,NovaSpace France S.A.S.,2023,1,T12,Hard close / period lock,12,5,2023-01-31,2023-02-07,2023-02-07,0.0,5.0,false
517,NS20,NovaSpace France S.A.S.,2023,2,T01,Sub-ledger cut-off — Accounts Payable,1,1,2023-02-28,2023-03-01,2023-03-01,0.0,,false
518,NS20,NovaSpace France S.A.S.,2023,2,T02,Sub-ledger cut-off — Accounts Receivable,2,1,2023-02-28,2023-03-01,2023-03-01,0.0,,false
519,NS20,NovaSpace France S.A.S.,2023,2,T03,GR/IR clearing,3,2,2023-02-28,2023-03-02,2023-03-02,0.0,,false
520,NS20,NovaSpace France S.A.S.,2023,2,T04,Payroll posting,4,2,2023-02-28,2023-03-02,2023-03-01,-1.0,,false
521,NS20,NovaSpace France S.A.S.,2023,2,T05,Depreciation run,5,2,2023-02-28,2023-03-02,2023-03-02,0.0,,false
522,NS20,NovaSpace France S.A.S.,2023,2,T06,Accruals posting,6,3,2023-02-28,2023-03-03,2023-03-07,2.0,,false
523,NS20,NovaSpace France S.A.S.,2023,2,T07,Overhead allocation cycle,7,3,2023-02-28,2023-03-03,2023-03-03,0.0,,false
524,NS20,NovaSpace France S.A.S.,2023,2,T08,Intercompany reconciliation,8,3,2023-02-28,2023-03-03,2023-03-03,0.0,,false
525,NS20,NovaSpace France S.A.S.,2023,2,T09,FX revaluation,9,4,2023-02-28,2023-03-06,2023-03-06,0.0,,false
526,NS20,NovaSpace France S.A.S.,2023,2,T10,Soft close / reporting cut-off,10,4,2023-02-28,2023-03-06,2023-03-06,0.0,,false
527,NS20,NovaSpace France S.A.S.,2023,2,T11,Management reporting pack,11,5,2023-02-28,2023-03-07,2023-03-07,0.0,,false
528,NS20,NovaSpace France S.A.S.,2023,2,T12,Hard close / period lock,12,5,2023-02-28,2023-03-07,2023-03-07,0.0,5.0,false
529,NS20,NovaSpace France S.A.S.,2023,3,T01,Sub-ledger cut-off — Accounts Payable,1,1,2023-03-31,2023-04-03,2023-04-03,0.0,,false
530,NS20,NovaSpace France S.A.S.,2023,3,T02,Sub-ledger cut-off — Accounts Receivable,2,1,2023-03-31,2023-04-03,2023-04-05,2.0,,false
531,NS20,NovaSpace France S.A.S.,2023,3,T03,GR/IR clearing,3,2,2023-03-31,2023-04-04,2023-04-04,0.0,,false
532,NS20,NovaSpace France S.A.S.,2023,3,T04,Payroll posting,4,2,2023-03-31,2023-04-04,2023-04-04,0.0,,false
533,NS20,NovaSpace France S.A.S.,2023,3,T05,Depreciation run,5,2,2023-03-31,2023-04-04,2023-04-05,1.0,,false
534,NS20,NovaSpace France S.A.S.,2023,3,T06,Accruals posting,6,3,2023-03-31,2023-04-05,2023-04-05,0.0,,false
535,NS20,NovaSpace France S.A.S.,2023,3,T07,Overhead allocation cycle,7,3,2023-03-31,2023-04-05,2023-04-06,1.0,,false
536,NS20,NovaSpace France S.A.S.,2023,3,T08,Intercompany reconciliation,8,3,2023-03-31,2023-04-05,2023-04-05,0.0,,false
537,NS20,NovaSpace France S.A.S.,2023,3,T09,FX revaluation,9,4,2023-03-31,2023-04-06,2023-04-12,2.0,,false
538,NS20,NovaSpace France S.A.S.,2023,3,T10,Soft close / reporting cut-off,10,4,2023-03-31,2023-04-06,2023-04-06,0.0,,false
539,NS20,NovaSpace France S.A.S.,2023,3,T11,Management reporting pack,11,5,2023-03-31,2023-04-11,2023-04-11,0.0,,false
540,NS20,NovaSpace France S.A.S.,2023,3,T12,Hard close / period lock,12,5,2023-03-31,2023-04-11,2023-04-11,0.0,5.0,false
541,NS20,NovaSpace France S.A.S.,2023,4,T01,Sub-ledger cut-off — Accounts Payable,1,1,2023-04-30,2023-05-02,2023-05-02,0.0,,false
542,NS20,NovaSpace France S.A.S.,2023,4,T02,Sub-ledger cut-off — Accounts Receivable,2,1,2023-04-30,2023-05-02,2023-05-02,0.0,,false
543,NS20,NovaSpace France S.A.S.,2023,4,T03,GR/IR clearing,3,2,2023-04-30,2023-05-03,2023-05-03,0.0,,false
544,NS20,NovaSpace France S.A.S.,2023,4,T04,Payroll posting,4,2,2023-04-30,2023-05-03,2023-05-03,0.0,,false
545,NS20,NovaSpace France S.A.S.,2023,4,T05,Depreciation run,5,2,2023-04-30,2023-05-03,2023-05-03,0.0,,false
546,NS20,NovaSpace France S.A.S.,2023,4,T06,Accruals posting,6,3,2023-04-30,2023-05-04,2023-05-04,0.0,,false
547,NS20,NovaSpace France S.A.S.,2023,4,T07,Overhead allocation cycle,7,3,2023-04-30,2023-05-04,2023-05-04,0.0,,false
548,NS20,NovaSpace France S.A.S.,2023,4,T08,Intercompany reconciliation,8,3,2023-04-30,2023-05-04,2023-05-04,0.0,,false
549,NS20,NovaSpace France S.A.S.,2023,4,T09,FX revaluation,9,4,2023-04-30,2023-05-05,2023-05-09,2.0,,false
550,NS20,NovaSpace France S.A.S.,2023,4,T10,Soft close / reporting cut-off,10,4,2023-04-30,2023-05-05,2023-05-05,0.0,,false
551,NS20,NovaSpace France S.A.S.,2023,4,T11,Management reporting pack,11,5,2023-04-30,2023-05-08,2023-05-08,0.0,,false
552,NS20,NovaSpace France S.A.S.,2023,4,T12,Hard close / period lock,12,5,2023-04-30,2023-05-08,2023-05-09,1.0,6.0,false
553,NS20,NovaSpace France S.A.S.,2023,5,T01,Sub-ledger cut-off — Accounts Payable,1,1,2023-05-31,2023-06-01,2023-06-02,1.0,,false
554,NS20,NovaSpace France S.A.S.,2023,5,T02,Sub-ledger cut-off — Accounts Receivable,2,1,2023-05-31,2023-06-01,2023-06-02,1.0,,false
555,NS20,NovaSpace France S.A.S.,2023,5,T03,GR/IR clearing,3,2,2023-05-31,2023-06-02,2023-06-02,0.0,,false
556,NS20,NovaSpace France S.A.S.,2023,5,T04,Payroll posting,4,2,2023-05-31,2023-06-02,2023-06-01,-1.0,,false
557,NS20,NovaSpace France S.A.S.,2023,5,T05,Depreciation run,5,2,2023-05-31,2023-06-02,2023-06-02,0.0,,false
558,NS20,NovaSpace France S.A.S.,2023,5,T06,Accruals posting,6,3,2023-05-31,2023-06-05,2023-06-05,0.0,,false
559,NS20,NovaSpace France S.A.S.,2023,5,T07,Overhead allocation cycle,7,3,2023-05-31,2023-06-05,2023-06-05,0.0,,false
560,NS20,NovaSpace France S.A.S.,2023,5,T08,Intercompany reconciliation,8,3,2023-05-31,2023-06-05,2023-06-05,0.0,,false
561,NS20,NovaSpace France S.A.S.,2023,5,T09,FX revaluation,9,4,2023-05-31,2023-06-06,2023-06-07,1.0,,false
562,NS20,NovaSpace France S.A.S.,2023,5,T10,Soft close / reporting cut-off,10,4,2023-05-31,2023-06-06,2023-06-07,1.0,,false
563,NS20,NovaSpace France S.A.S.,2023,5,T11,Management reporting pack,11,5,2023-05-31,2023-06-07,2023-06-09,2.0,,false
564,NS20,NovaSpace France S.A.S.,2023,5,T12,Hard close / period lock,12,5,2023-05-31,2023-06-07,2023-06-07,0.0,5.0,false
565,NS20,NovaSpace France S.A.S.,2023,6,T01,Sub-ledger cut-off — Accounts Payable,1,1,2023-06-30,2023-07-03,2023-07-03,0.0,,false
566,NS20,NovaSpace France S.A.S.,2023,6,T02,Sub-ledger cut-off — Accounts Receivable,2,1,2023-06-30,2023-07-03,2023-07-04,1.0,,false
567,NS20,NovaSpace France S.A.S.,2023,6,T03,GR/IR clearing,3,2,2023-06-30,2023-07-04,2023-07-03,-1.0,,false
568,NS20,NovaSpace France S.A.S.,2023,6,T04,Payroll posting,4,2,2023-06-30,2023-07-04,2023-07-04,0.0,,false
569,NS20,NovaSpace France S.A.S.,2023,6,T05,Depreciation run,5,2,2023-06-30,2023-07-04,2023-07-04,0.0,,false
570,NS20,NovaSpace France S.A.S.,2023,6,T06,Accruals posting,6,3,2023-06-30,2023-07-05,2023-07-05,0.0,,false
571,NS20,NovaSpace France S.A.S.,2023,6,T07,Overhead allocation cycle,7,3,2023-06-30,2023-07-05,2023-07-05,0.0,,false
572,NS20,NovaSpace France S.A.S.,2023,6,T08,Intercompany reconciliation,8,3,2023-06-30,2023-07-05,2023-07-06,1.0,,false
573,NS20,NovaSpace France S.A.S.,2023,6,T09,FX revaluation,9,4,2023-06-30,2023-07-06,2023-07-10,2.0,,false
574,NS20,NovaSpace France S.A.S.,2023,6,T10,Soft close / reporting cut-off,10,4,2023-06-30,2023-07-06,2023-07-06,0.0,,false
575,NS20,NovaSpace France S.A.S.,2023,6,T11,Management reporting pack,11,5,2023-06-30,2023-07-07,2023-07-07,0.0,,false
576,NS20,NovaSpace France S.A.S.,2023,6,T12,Hard close / period lock,12,5,2023-06-30,2023-07-07,2023-07-11,2.0,7.0,false
577,NS20,NovaSpace France S.A.S.,2023,7,T01,Sub-ledger cut-off — Accounts Payable,1,1,2023-07-31,2023-08-01,2023-08-01,0.0,,false
578,NS20,NovaSpace France S.A.S.,2023,7,T02,Sub-ledger cut-off — Accounts Receivable,2,1,2023-07-31,2023-08-01,2023-08-01,0.0,,false
579,NS20,NovaSpace France S.A.S.,2023,7,T03,GR/IR clearing,3,2,2023-07-31,2023-08-02,2023-08-02,0.0,,false
580,NS20,NovaSpace France S.A.S.,2023,7,T04,Payroll posting,4,2,2023-07-31,2023-08-02,2023-08-02,0.0,,false
581,NS20,NovaSpace France S.A.S.,2023,7,T05,Depreciation run,5,2,2023-07-31,2023-08-02,2023-08-02,0.0,,false
582,NS20,NovaSpace France S.A.S.,2023,7,T06,Accruals posting,6,3,2023-07-31,2023-08-03,2023-08-03,0.0,,false
583,NS20,NovaSpace France S.A.S.,2023,7,T07,Overhead allocation cycle,7,3,2023-07-31,2023-08-03,2023-08-04,1.0,,false
584,NS20,NovaSpace France S.A.S.,2023,7,T08,Intercompany reconciliation,8,3,2023-07-31,2023-08-03,2023-08-02,-1.0,,false
585,NS20,NovaSpace France S.A.S.,2023,7,T09,FX revaluation,9,4,2023-07-31,2023-08-04,2023-08-04,0.0,,false
586,NS20,NovaSpace France S.A.S.,2023,7,T10,Soft close / reporting cut-off,10,4,2023-07-31,2023-08-04,2023-08-07,1.0,,false
587,NS20,NovaSpace France S.A.S.,2023,7,T11,Management reporting pack,11,5,2023-07-31,2023-08-07,2023-08-07,0.0,,false
588,NS20,NovaSpace France S.A.S.,2023,7,T12,Hard close / period lock,12,5,2023-07-31,2023-08-07,2023-08-08,1.0,6.0,false
589,NS20,NovaSpace France S.A.S.,2023,8,T01,Sub-ledger cut-off — Accounts Payable,1,1,2023-08-31,2023-09-01,2023-09-01,0.0,,false
590,NS20,NovaSpace France S.A.S.,2023,8,T02,Sub-ledger cut-off — Accounts Receivable,2,1,2023-08-31,2023-09-01,2023-09-01,0.0,,false
591,NS20,NovaSpace France S.A.S.,2023,8,T03,GR/IR clearing,3,2,2023-08-31,2023-09-04,2023-09-04,0.0,,false
592,NS20,NovaSpace France S.A.S.,2023,8,T04,Payroll posting,4,2,2023-08-31,2023-09-04,2023-09-05,1.0,,false
593,NS20,NovaSpace France S.A.S.,2023,8,T05,Depreciation run,5,2,2023-08-31,2023-09-04,2023-09-04,0.0,,false
594,NS20,NovaSpace France S.A.S.,2023,8,T06,Accruals posting,6,3,2023-08-31,2023-09-05,2023-09-05,0.0,,false
595,NS20,NovaSpace France S.A.S.,2023,8,T07,Overhead allocation cycle,7,3,2023-08-31,2023-09-05,2023-09-05,0.0,,false
596,NS20,NovaSpace France S.A.S.,2023,8,T08,Intercompany reconciliation,8,3,2023-08-31,2023-09-05,2023-09-06,1.0,,false
597,NS20,NovaSpace France S.A.S.,2023,8,T09,FX revaluation,9,4,2023-08-31,2023-09-06,2023-09-08,2.0,,false
598,NS20,NovaSpace France S.A.S.,2023,8,T10,Soft close / reporting cut-off,10,4,2023-08-31,2023-09-06,2023-09-08,2.0,,false
599,NS20,NovaSpace France S.A.S.,2023,8,T11,Management reporting pack,11,5,2023-08-31,2023-09-07,2023-09-06,-1.0,,false
600,NS20,NovaSpace France S.A.S.,2023,8,T12,Hard close / period lock,12,5,2023-08-31,2023-09-07,2023-09-07,0.0,5.0,false
601,NS20,NovaSpace France S.A.S.,2023,9,T01,Sub-ledger cut-off — Accounts Payable,1,1,2023-09-30,2023-10-02,2023-10-02,0.0,,false
602,NS20,NovaSpace France S.A.S.,2023,9,T02,Sub-ledger cut-off — Accounts Receivable,2,1,2023-09-30,2023-10-02,2023-10-02,0.0,,false
603,NS20,NovaSpace France S.A.S.,2023,9,T03,GR/IR clearing,3,2,2023-09-30,2023-10-03,2023-10-03,0.0,,false
604,NS20,NovaSpace France S.A.S.,2023,9,T04,Payroll posting,4,2,2023-09-30,2023-10-03,2023-10-03,0.0,,false
605,NS20,NovaSpace France S.A.S.,2023,9,T05,Depreciation run,5,2,2023-09-30,2023-10-03,2023-10-03,0.0,,false
606,NS20,NovaSpace France S.A.S.,2023,9,T06,Accruals posting,6,3,2023-09-30,2023-10-04,2023-10-04,0.0,,false
607,NS20,NovaSpace France S.A.S.,2023,9,T07,Overhead allocation cycle,7,3,2023-09-30,2023-10-04,2023-10-04,0.0,,false
608,NS20,NovaSpace France S.A.S.,2023,9,T08,Intercompany reconciliation,8,3,2023-09-30,2023-10-04,2023-10-04,0.0,,false
609,NS20,NovaSpace France S.A.S.,2023,9,T09,FX revaluation,9,4,2023-09-30,2023-10-05,2023-10-04,-1.0,,false
610,NS20,NovaSpace France S.A.S.,2023,9,T10,Soft close / reporting cut-off,10,4,2023-09-30,2023-10-05,2023-10-05,0.0,,false
611,NS20,NovaSpace France S.A.S.,2023,9,T11,Management reporting pack,11,5,2023-09-30,2023-10-06,2023-10-06,0.0,,false
612,NS20,NovaSpace France S.A.S.,2023,9,T12,Hard close / period lock,12,5,2023-09-30,2023-10-06,2023-10-05,-1.0,4.0,false
613,NS20,NovaSpace France S.A.S.,2023,10,T01,Sub-ledger cut-off — Accounts Payable,1,1,2023-10-31,2023-11-01,2023-11-01,0.0,,false
614,NS20,NovaSpace France S.A.S.,2023,10,T02,Sub-ledger cut-off — Accounts Receivable,2,1,2023-10-31,2023-11-01,2023-11-01,0.0,,false
615,NS20,NovaSpace France S.A.S.,2023,10,T03,GR/IR clearing,3,2,2023-10-31,2023-11-02,2023-11-01,-1.0,,false
616,NS20,NovaSpace France S.A.S.,2023,10,T04,Payroll posting,4,2,2023-10-31,2023-11-02,2023-11-02,0.0,,false
617,NS20,NovaSpace France S.A.S.,2023,10,T05,Depreciation run,5,2,2023-10-31,2023-11-02,2023-11-02,0.0,,false
618,NS20,NovaSpace France S.A.S.,2023,10,T06,Accruals posting,6,3,2023-10-31,2023-11-03,2023-11-06,1.0,,false
619,NS20,NovaSpace France S.A.S.,2023,10,T07,Overhead allocation cycle,7,3,2023-10-31,2023-11-03,2023-11-03,0.0,,false
620,NS20,NovaSpace France S.A.S.,2023,10,T08,Intercompany reconciliation,8,3,2023-10-31,2023-11-03,2023-11-03,0.0,,false
621,NS20,NovaSpace France S.A.S.,2023,10,T09,FX revaluation,9,4,2023-10-31,2023-11-06,2023-11-03,-1.0,,false
622,NS20,NovaSpace France S.A.S.,2023,10,T10,Soft close / reporting cut-off,10,4,2023-10-31,2023-11-06,2023-11-06,0.0,,false
623,NS20,NovaSpace France S.A.S.,2023,10,T11,Management reporting pack,11,5,2023-10-31,2023-11-07,2023-11-09,2.0,,false
624,NS20,NovaSpace France S.A.S.,2023,10,T12,Hard close / period lock,12,5,2023-10-31,2023-11-07,2023-11-06,-1.0,4.0,false
625,NS20,NovaSpace France S.A.S.,2023,11,T01,Sub-ledger cut-off — Accounts Payable,1,1,2023-11-30,2023-12-01,2023-12-01,0.0,,false
626,NS20,NovaSpace France S.A.S.,2023,11,T02,Sub-ledger cut-off — Accounts Receivable,2,1,2023-11-30,2023-12-01,2023-12-01,0.0,,false
627,NS20,NovaSpace France S.A.S.,2023,11,T03,GR/IR clearing,3,2,2023-11-30,2023-12-04,2023-12-04,0.0,,false
628,NS20,NovaSpace France S.A.S.,2023,11,T04,Payroll posting,4,2,2023-11-30,2023-12-04,2023-12-06,2.0,,false
629,NS20,NovaSpace France S.A.S.,2023,11,T05,Depreciation run,5,2,2023-11-30,2023-12-04,2023-12-04,0.0,,false
630,NS20,NovaSpace France S.A.S.,2023,11,T06,Accruals posting,6,3,2023-11-30,2023-12-05,2023-12-05,0.0,,false
631,NS20,NovaSpace France S.A.S.,2023,11,T07,Overhead allocation cycle,7,3,2023-11-30,2023-12-05,2023-12-06,1.0,,false
632,NS20,NovaSpace France S.A.S.,2023,11,T08,Intercompany reconciliation,8,3,2023-11-30,2023-12-05,2023-12-05,0.0,,false
633,NS20,NovaSpace France S.A.S.,2023,11,T09,FX revaluation,9,4,2023-11-30,2023-12-06,2023-12-06,0.0,,false
634,NS20,NovaSpace France S.A.S.,2023,11,T10,Soft close / reporting cut-off,10,4,2023-11-30,2023-12-06,2023-12-06,0.0,,false
635,NS20,NovaSpace France S.A.S.,2023,11,T11,Management reporting pack,11,5,2023-11-30,2023-12-07,2023-12-07,0.0,,false
636,NS20,NovaSpace France S.A.S.,2023,11,T12,Hard close / period lock,12,5,2023-11-30,2023-12-07,2023-12-07,0.0,5.0,false
637,NS20,NovaSpace France S.A.S.,2023,12,T01,Sub-ledger cut-off — Accounts Payable,1,1,2023-12-31,2024-01-02,2024-01-03,1.0,,false
638,NS20,NovaSpace France S.A.S.,2023,12,T02,Sub-ledger cut-off — Accounts Receivable,2,1,2023-12-31,2024-01-02,2024-01-02,0.0,,false
639,NS20,NovaSpace France S.A.S.,2023,12,T03,GR/IR clearing,3,2,2023-12-31,2024-01-03,2024-01-04,1.0,,false
640,NS20,NovaSpace France S.A.S.,2023,12,T04,Payroll posting,4,2,2023-12-31,2024-01-03,2024-01-04,1.0,,false
641,NS20,NovaSpace France S.A.S.,2023,12,T05,Depreciation run,5,2,2023-12-31,2024-01-03,2024-01-03,0.0,,false
642,NS20,NovaSpace France S.A.S.,2023,12,T06,Accruals posting,6,3,2023-12-31,2024-01-04,2024-01-04,0.0,,false
643,NS20,NovaSpace France S.A.S.,2023,12,T07,Overhead allocation cycle,7,3,2023-12-31,2024-01-04,2024-01-04,0.0,,false
644,NS20,NovaSpace France S.A.S.,2023,12,T08,Intercompany reconciliation,8,3,2023-12-31,2024-01-04,2024-01-03,-1.0,,false
645,NS20,NovaSpace France S.A.S.,2023,12,T09,FX revaluation,9,4,2023-12-31,2024-01-05,2024-01-04,-1.0,,false
646,NS20,NovaSpace France S.A.S.,2023,12,T10,Soft close / reporting cut-off,10,4,2023-12-31,2024-01-05,2024-01-04,-1.0,,false
647,NS20,NovaSpace France S.A.S.,2023,12,T11,Management reporting pack,11,5,2023-12-31,2024-01-08,2024-01-09,1.0,,false
648,NS20,NovaSpace France S.A.S.,2023,12,T12,Hard close / period lock,12,5,2023-12-31,2024-01-08,2024-01-08,0.0,5.0,false
649,NS20,NovaSpace France S.A.S.,2024,1,T01,Sub-ledger cut-off — Accounts Payable,1,1,2024-01-31,2024-02-01,2024-02-01,0.0,,false
650,NS20,NovaSpace France S.A.S.,2024,1,T02,Sub-ledger cut-off — Accounts Receivable,2,1,2024-01-31,2024-02-01,2024-02-02,1.0,,false
651,NS20,NovaSpace France S.A.S.,2024,1,T03,GR/IR clearing,3,2,2024-01-31,2024-02-02,2024-02-02,0.0,,false
652,NS20,NovaSpace France S.A.S.,2024,1,T04,Payroll posting,4,2,2024-01-31,2024-02-02,2024-02-02,0.0,,false
653,NS20,NovaSpace France S.A.S.,2024,1,T05,Depreciation run,5,2,2024-01-31,2024-02-02,2024-02-01,-1.0,,false
654,NS20,NovaSpace France S.A.S.,2024,1,T06,Accruals posting,6,3,2024-01-31,2024-02-05,2024-02-05,0.0,,false
655,NS20,NovaSpace France S.A.S.,2024,1,T07,Overhead allocation cycle,7,3,2024-01-31,2024-02-05,2024-02-02,-1.0,,false
656,NS20,NovaSpace France S.A.S.,2024,1,T08,Intercompany reconciliation,8,3,2024-01-31,2024-02-05,2024-02-05,0.0,,false
657,NS20,NovaSpace France S.A.S.,2024,1,T09,FX revaluation,9,4,2024-01-31,2024-02-06,2024-02-06,0.0,,false
658,NS20,NovaSpace France S.A.S.,2024,1,T10,Soft close / reporting cut-off,10,4,2024-01-31,2024-02-06,2024-02-06,0.0,,false
659,NS20,NovaSpace France S.A.S.,2024,1,T11,Management reporting pack,11,5,2024-01-31,2024-02-07,2024-02-07,0.0,,false
660,NS20,NovaSpace France S.A.S.,2024,1,T12,Hard close / period lock,12,5,2024-01-31,2024-02-07,2024-02-07,0.0,5.0,false
661,NS20,NovaSpace France S.A.S.,2024,2,T01,Sub-ledger cut-off — Accounts Payable,1,1,2024-02-29,2024-03-01,2024-03-01,0.0,,false
662,NS20,NovaSpace France S.A.S.,2024,2,T02,Sub-ledger cut-off — Accounts Receivable,2,1,2024-02-29,2024-03-01,2024-03-01,0.0,,false
663,NS20,NovaSpace France S.A.S.,2024,2,T03,GR/IR clearing,3,2,2024-02-29,2024-03-04,2024-03-05,1.0,,false
664,NS20,NovaSpace France S.A.S.,2024,2,T04,Payroll posting,4,2,2024-02-29,2024-03-04,2024-03-04,0.0,,false
665,NS20,NovaSpace France S.A.S.,2024,2,T05,Depreciation run,5,2,2024-02-29,2024-03-04,2024-03-04,0.0,,false
666,NS20,NovaSpace France S.A.S.,2024,2,T06,Accruals posting,6,3,2024-02-29,2024-03-05,2024-03-06,1.0,,false
667,NS20,NovaSpace France S.A.S.,2024,2,T07,Overhead allocation cycle,7,3,2024-02-29,2024-03-05,2024-03-05,0.0,,false
668,NS20,NovaSpace France S.A.S.,2024,2,T08,Intercompany reconciliation,8,3,2024-02-29,2024-03-05,2024-03-06,1.0,,false
669,NS20,NovaSpace France S.A.S.,2024,2,T09,FX revaluation,9,4,2024-02-29,2024-03-06,2024-03-08,2.0,,false
670,NS20,NovaSpace France S.A.S.,2024,2,T10,Soft close / reporting cut-off,10,4,2024-02-29,2024-03-06,2024-03-06,0.0,,false
671,NS20,NovaSpace France S.A.S.,2024,2,T11,Management reporting pack,11,5,2024-02-29,2024-03-07,2024-03-07,0.0,,false
672,NS20,NovaSpace France S.A.S.,2024,2,T12,Hard close / period lock,12,5,2024-02-29,2024-03-07,2024-03-08,1.0,6.0,false
673,NS20,NovaSpace France S.A.S.,2024,3,T01,Sub-ledger cut-off — Accounts Payable,1,1,2024-03-31,2024-04-02,2024-04-02,0.0,,false
674,NS20,NovaSpace France S.A.S.,2024,3,T02,Sub-ledger cut-off — Accounts Receivable,2,1,2024-03-31,2024-04-02,2024-04-02,0.0,,false
675,NS20,NovaSpace France S.A.S.,2024,3,T03,GR/IR clearing,3,2,2024-03-31,2024-04-03,2024-04-03,0.0,,false
676,NS20,NovaSpace France S.A.S.,2024,3,T04,Payroll posting,4,2,2024-03-31,2024-04-03,2024-04-03,0.0,,false
677,NS20,NovaSpace France S.A.S.,2024,3,T05,Depreciation run,5,2,2024-03-31,2024-04-03,2024-04-03,0.0,,false
678,NS20,NovaSpace France S.A.S.,2024,3,T06,Accruals posting,6,3,2024-03-31,2024-04-04,2024-04-08,2.0,,false
679,NS20,NovaSpace France S.A.S.,2024,3,T07,Overhead allocation cycle,7,3,2024-03-31,2024-04-04,2024-04-03,-1.0,,false
680,NS20,NovaSpace France S.A.S.,2024,3,T08,Intercompany reconciliation,8,3,2024-03-31,2024-04-04,2024-04-04,0.0,,false
681,NS20,NovaSpace France S.A.S.,2024,3,T09,FX revaluation,9,4,2024-03-31,2024-04-05,2024-04-04,-1.0,,false
682,NS20,NovaSpace France S.A.S.,2024,3,T10,Soft close / reporting cut-off,10,4,2024-03-31,2024-04-05,2024-04-05,0.0,,false
683,NS20,NovaSpace France S.A.S.,2024,3,T11,Management reporting pack,11,5,2024-03-31,2024-04-08,2024-04-05,-1.0,,false
684,NS20,NovaSpace France S.A.S.,2024,3,T12,Hard close / period lock,12,5,2024-03-31,2024-04-08,2024-04-05,-1.0,4.0,false
685,NS20,NovaSpace France S.A.S.,2024,4,T01,Sub-ledger cut-off — Accounts Payable,1,1,2024-04-30,2024-05-02,2024-05-03,1.0,,false
686,NS20,NovaSpace France S.A.S.,2024,4,T02,Sub-ledger cut-off — Accounts Receivable,2,1,2024-04-30,2024-05-02,2024-05-03,1.0,,false
687,NS20,NovaSpace France S.A.S.,2024,4,T03,GR/IR clearing,3,2,2024-04-30,2024-05-03,2024-05-06,1.0,,false
688,NS20,NovaSpace France S.A.S.,2024,4,T04,Payroll posting,4,2,2024-04-30,2024-05-03,2024-05-07,2.0,,false
689,NS20,NovaSpace France S.A.S.,2024,4,T05,Depreciation run,5,2,2024-04-30,2024-05-03,2024-05-03,0.0,,false
690,NS20,NovaSpace France S.A.S.,2024,4,T06,Accruals posting,6,3,2024-04-30,2024-05-06,2024-05-06,0.0,,false
691,NS20,NovaSpace France S.A.S.,2024,4,T07,Overhead allocation cycle,7,3,2024-04-30,2024-05-06,2024-05-06,0.0,,false
692,NS20,NovaSpace France S.A.S.,2024,4,T08,Intercompany reconciliation,8,3,2024-04-30,2024-05-06,2024-05-08,2.0,,false
693,NS20,NovaSpace France S.A.S.,2024,4,T09,FX revaluation,9,4,2024-04-30,2024-05-07,2024-05-07,0.0,,false
694,NS20,NovaSpace France S.A.S.,2024,4,T10,Soft close / reporting cut-off,10,4,2024-04-30,2024-05-07,2024-05-08,1.0,,false
695,NS20,NovaSpace France S.A.S.,2024,4,T11,Management reporting pack,11,5,2024-04-30,2024-05-08,2024-05-09,1.0,,false
696,NS20,NovaSpace France S.A.S.,2024,4,T12,Hard close / period lock,12,5,2024-04-30,2024-05-08,2024-05-08,0.0,5.0,false
697,NS20,NovaSpace France S.A.S.,2024,5,T01,Sub-ledger cut-off — Accounts Payable,1,1,2024-05-31,2024-06-03,2024-06-05,2.0,,false
698,NS20,NovaSpace France S.A.S.,2024,5,T02,Sub-ledger cut-off — Accounts Receivable,2,1,2024-05-31,2024-06-03,2024-06-03,0.0,,false
699,NS20,NovaSpace France S.A.S.,2024,5,T03,GR/IR clearing,3,2,2024-05-31,2024-06-04,2024-06-04,0.0,,false
700,NS20,NovaSpace France S.A.S.,2024,5,T04,Payroll posting,4,2,2024-05-31,2024-06-04,2024-06-03,-1.0,,false
701,NS20,NovaSpace France S.A.S.,2024,5,T05,Depreciation run,5,2,2024-05-31,2024-06-04,2024-06-05,1.0,,false
702,NS20,NovaSpace France S.A.S.,2024,5,T06,Accruals posting,6,3,2024-05-31,2024-06-05,2024-06-05,0.0,,false
703,NS20,NovaSpace France S.A.S.,2024,5,T07,Overhead allocation cycle,7,3,2024-05-31,2024-06-05,2024-06-05,0.0,,false
704,NS20,NovaSpace France S.A.S.,2024,5,T08,Intercompany reconciliation,8,3,2024-05-31,2024-06-05,2024-06-07,2.0,,false
705,NS20,NovaSpace France S.A.S.,2024,5,T09,FX revaluation,9,4,2024-05-31,2024-06-06,2024-06-06,0.0,,false
706,NS20,NovaSpace France S.A.S.,2024,5,T10,Soft close / reporting cut-off,10,4,2024-05-31,2024-06-06,2024-06-05,-1.0,,false
707,NS20,NovaSpace France S.A.S.,2024,5,T11,Management reporting pack,11,5,2024-05-31,2024-06-07,2024-06-11,2.0,,false
708,NS20,NovaSpace France S.A.S.,2024,5,T12,Hard close / period lock,12,5,2024-05-31,2024-06-07,2024-06-10,1.0,6.0,false
709,NS20,NovaSpace France S.A.S.,2024,6,T01,Sub-ledger cut-off — Accounts Payable,1,1,2024-06-30,2024-07-01,2024-07-01,0.0,,false
710,NS20,NovaSpace France S.A.S.,2024,6,T02,Sub-ledger cut-off — Accounts Receivable,2,1,2024-06-30,2024-07-01,2024-07-01,0.0,,false
711,NS20,NovaSpace France S.A.S.,2024,6,T03,GR/IR clearing,3,2,2024-06-30,2024-07-02,2024-07-02,0.0,,false
712,NS20,NovaSpace France S.A.S.,2024,6,T04,Payroll posting,4,2,2024-06-30,2024-07-02,2024-07-02,0.0,,false
713,NS20,NovaSpace France S.A.S.,2024,6,T05,Depreciation run,5,2,2024-06-30,2024-07-02,2024-07-02,0.0,,false
714,NS20,NovaSpace France S.A.S.,2024,6,T06,Accruals posting,6,3,2024-06-30,2024-07-03,2024-07-03,0.0,,false
715,NS20,NovaSpace France S.A.S.,2024,6,T07,Overhead allocation cycle,7,3,2024-06-30,2024-07-03,2024-07-02,-1.0,,false
716,NS20,NovaSpace France S.A.S.,2024,6,T08,Intercompany reconciliation,8,3,2024-06-30,2024-07-03,2024-07-03,0.0,,false
717,NS20,NovaSpace France S.A.S.,2024,6,T09,FX revaluation,9,4,2024-06-30,2024-07-04,2024-07-03,-1.0,,false
718,NS20,NovaSpace France S.A.S.,2024,6,T10,Soft close / reporting cut-off,10,4,2024-06-30,2024-07-04,2024-07-05,1.0,,false
719,NS20,NovaSpace France S.A.S.,2024,6,T11,Management reporting pack,11,5,2024-06-30,2024-07-05,2024-07-05,0.0,,false
720,NS20,NovaSpace France S.A.S.,2024,6,T12,Hard close / period lock,12,5,2024-06-30,2024-07-05,2024-07-05,0.0,5.0,false
721,NS20,NovaSpace France S.A.S.,2024,7,T01,Sub-ledger cut-off — Accounts Payable,1,1,2024-07-31,2024-08-01,2024-08-01,0.0,,false
722,NS20,NovaSpace France S.A.S.,2024,7,T02,Sub-ledger cut-off — Accounts Receivable,2,1,2024-07-31,2024-08-01,2024-08-01,0.0,,false
723,NS20,NovaSpace France S.A.S.,2024,7,T03,GR/IR clearing,3,2,2024-07-31,2024-08-02,2024-08-02,0.0,,false
724,NS20,NovaSpace France S.A.S.,2024,7,T04,Payroll posting,4,2,2024-07-31,2024-08-02,2024-08-02,0.0,,false
725,NS20,NovaSpace France S.A.S.,2024,7,T05,Depreciation run,5,2,2024-07-31,2024-08-02,2024-08-05,1.0,,false
726,NS20,NovaSpace France S.A.S.,2024,7,T06,Accruals posting,6,3,2024-07-31,2024-08-05,2024-08-02,-1.0,,false
727,NS20,NovaSpace France S.A.S.,2024,7,T07,Overhead allocation cycle,7,3,2024-07-31,2024-08-05,2024-08-05,0.0,,false
728,NS20,NovaSpace France S.A.S.,2024,7,T08,Intercompany reconciliation,8,3,2024-07-31,2024-08-05,2024-08-05,0.0,,false
729,NS20,NovaSpace France S.A.S.,2024,7,T09,FX revaluation,9,4,2024-07-31,2024-08-06,2024-08-07,1.0,,false
730,NS20,NovaSpace France S.A.S.,2024,7,T10,Soft close / reporting cut-off,10,4,2024-07-31,2024-08-06,2024-08-07,1.0,,false
731,NS20,NovaSpace France S.A.S.,2024,7,T11,Management reporting pack,11,5,2024-07-31,2024-08-07,2024-08-08,1.0,,false
732,NS20,NovaSpace France S.A.S.,2024,7,T12,Hard close / period lock,12,5,2024-07-31,2024-08-07,2024-08-07,0.0,5.0,false
733,NS20,NovaSpace France S.A.S.,2024,8,T01,Sub-ledger cut-off — Accounts Payable,1,1,2024-08-31,2024-09-02,2024-09-02,0.0,,false
734,NS20,NovaSpace France S.A.S.,2024,8,T02,Sub-ledger cut-off — Accounts Receivable,2,1,2024-08-31,2024-09-02,2024-09-04,2.0,,false
735,NS20,NovaSpace France S.A.S.,2024,8,T03,GR/IR clearing,3,2,2024-08-31,2024-09-03,2024-09-03,0.0,,false
736,NS20,NovaSpace France S.A.S.,2024,8,T04,Payroll posting,4,2,2024-08-31,2024-09-03,2024-09-03,0.0,,false
737,NS20,NovaSpace France S.A.S.,2024,8,T05,Depreciation run,5,2,2024-08-31,2024-09-03,2024-09-03,0.0,,false
738,NS20,NovaSpace France S.A.S.,2024,8,T06,Accruals posting,6,3,2024-08-31,2024-09-04,2024-09-03,-1.0,,false
739,NS20,NovaSpace France S.A.S.,2024,8,T07,Overhead allocation cycle,7,3,2024-08-31,2024-09-04,2024-09-05,1.0,,false
740,NS20,NovaSpace France S.A.S.,2024,8,T08,Intercompany reconciliation,8,3,2024-08-31,2024-09-04,2024-09-05,1.0,,false
741,NS20,NovaSpace France S.A.S.,2024,8,T09,FX revaluation,9,4,2024-08-31,2024-09-05,2024-09-05,0.0,,false
742,NS20,NovaSpace France S.A.S.,2024,8,T10,Soft close / reporting cut-off,10,4,2024-08-31,2024-09-05,2024-09-05,0.0,,false
743,NS20,NovaSpace France S.A.S.,2024,8,T11,Management reporting pack,11,5,2024-08-31,2024-09-06,2024-09-06,0.0,,false
744,NS20,NovaSpace France S.A.S.,2024,8,T12,Hard close / period lock,12,5,2024-08-31,2024-09-06,2024-09-10,2.0,7.0,false
745,NS20,NovaSpace France S.A.S.,2024,9,T01,Sub-ledger cut-off — Accounts Payable,1,1,2024-09-30,2024-10-01,2024-10-01,0.0,,false
746,NS20,NovaSpace France S.A.S.,2024,9,T02,Sub-ledger cut-off — Accounts Receivable,2,1,2024-09-30,2024-10-01,2024-10-03,2.0,,false
747,NS20,NovaSpace France S.A.S.,2024,9,T03,GR/IR clearing,3,2,2024-09-30,2024-10-02,2024-10-01,-1.0,,false
748,NS20,NovaSpace France S.A.S.,2024,9,T04,Payroll posting,4,2,2024-09-30,2024-10-02,2024-10-03,1.0,,false
749,NS20,NovaSpace France S.A.S.,2024,9,T05,Depreciation run,5,2,2024-09-30,2024-10-02,2024-10-02,0.0,,false
750,NS20,NovaSpace France S.A.S.,2024,9,T06,Accruals posting,6,3,2024-09-30,2024-10-03,2024-10-03,0.0,,false
751,NS20,NovaSpace France S.A.S.,2024,9,T07,Overhead allocation cycle,7,3,2024-09-30,2024-10-03,2024-10-03,0.0,,false
752,NS20,NovaSpace France S.A.S.,2024,9,T08,Intercompany reconciliation,8,3,2024-09-30,2024-10-03,2024-10-03,0.0,,false
753,NS20,NovaSpace France S.A.S.,2024,9,T09,FX revaluation,9,4,2024-09-30,2024-10-04,2024-10-04,0.0,,false
754,NS20,NovaSpace France S.A.S.,2024,9,T10,Soft close / reporting cut-off,10,4,2024-09-30,2024-10-04,2024-10-04,0.0,,false
755,NS20,NovaSpace France S.A.S.,2024,9,T11,Management reporting pack,11,5,2024-09-30,2024-10-07,2024-10-07,0.0,,false
756,NS20,NovaSpace France S.A.S.,2024,9,T12,Hard close / period lock,12,5,2024-09-30,2024-10-07,2024-10-07,0.0,5.0,false
757,NS20,NovaSpace France S.A.S.,2024,10,T01,Sub-ledger cut-off — Accounts Payable,1,1,2024-10-31,2024-11-01,2024-11-01,0.0,,false
758,NS20,NovaSpace France S.A.S.,2024,10,T02,Sub-ledger cut-off — Accounts Receivable,2,1,2024-10-31,2024-11-01,2024-11-01,0.0,,false
759,NS20,NovaSpace France S.A.S.,2024,10,T03,GR/IR clearing,3,2,2024-10-31,2024-11-04,2024-11-01,-1.0,,false
760,NS20,NovaSpace France S.A.S.,2024,10,T04,Payroll posting,4,2,2024-10-31,2024-11-04,2024-11-01,-1.0,,false
761,NS20,NovaSpace France S.A.S.,2024,10,T05,Depreciation run,5,2,2024-10-31,2024-11-04,2024-11-05,1.0,,false
762,NS20,NovaSpace France S.A.S.,2024,10,T06,Accruals posting,6,3,2024-10-31,2024-11-05,2024-11-05,0.0,,false
763,NS20,NovaSpace France S.A.S.,2024,10,T07,Overhead allocation cycle,7,3,2024-10-31,2024-11-05,2024-11-05,0.0,,false
764,NS20,NovaSpace France S.A.S.,2024,10,T08,Intercompany reconciliation,8,3,2024-10-31,2024-11-05,2024-11-04,-1.0,,false
765,NS20,NovaSpace France S.A.S.,2024,10,T09,FX revaluation,9,4,2024-10-31,2024-11-06,2024-11-07,1.0,,false
766,NS20,NovaSpace France S.A.S.,2024,10,T10,Soft close / reporting cut-off,10,4,2024-10-31,2024-11-06,2024-11-06,0.0,,false
767,NS20,NovaSpace France S.A.S.,2024,10,T11,Management reporting pack,11,5,2024-10-31,2024-11-07,2024-11-06,-1.0,,false
768,NS20,NovaSpace France S.A.S.,2024,10,T12,Hard close / period lock,12,5,2024-10-31,2024-11-07,2024-11-07,0.0,5.0,false
769,NS20,NovaSpace France S.A.S.,2024,11,T01,Sub-ledger cut-off — Accounts Payable,1,1,2024-11-30,2024-12-02,2024-12-04,2.0,,false
770,NS20,NovaSpace France S.A.S.,2024,11,T02,Sub-ledger cut-off — Accounts Receivable,2,1,2024-11-30,2024-12-02,2024-12-02,0.0,,false
771,NS20,NovaSpace France S.A.S.,2024,11,T03,GR/IR clearing,3,2,2024-11-30,2024-12-03,2024-12-03,0.0,,false
772,NS20,NovaSpace France S.A.S.,2024,11,T04,Payroll posting,4,2,2024-11-30,2024-12-03,2024-12-05,2.0,,false
773,NS20,NovaSpace France S.A.S.,2024,11,T05,Depreciation run,5,2,2024-11-30,2024-12-03,2024-12-04,1.0,,false
774,NS20,NovaSpace France S.A.S.,2024,11,T06,Accruals posting,6,3,2024-11-30,2024-12-04,2024-12-04,0.0,,false
775,NS20,NovaSpace France S.A.S.,2024,11,T07,Overhead allocation cycle,7,3,2024-11-30,2024-12-04,2024-12-04,0.0,,false
776,NS20,NovaSpace France S.A.S.,2024,11,T08,Intercompany reconciliation,8,3,2024-11-30,2024-12-04,2024-12-05,1.0,,false
777,NS20,NovaSpace France S.A.S.,2024,11,T09,FX revaluation,9,4,2024-11-30,2024-12-05,2024-12-06,1.0,,false
778,NS20,NovaSpace France S.A.S.,2024,11,T10,Soft close / reporting cut-off,10,4,2024-11-30,2024-12-05,2024-12-06,1.0,,false
779,NS20,NovaSpace France S.A.S.,2024,11,T11,Management reporting pack,11,5,2024-11-30,2024-12-06,2024-12-06,0.0,,false
780,NS20,NovaSpace France S.A.S.,2024,11,T12,Hard close / period lock,12,5,2024-11-30,2024-12-06,2024-12-09,1.0,6.0,false
781,NS20,NovaSpace France S.A.S.,2024,12,T01,Sub-ledger cut-off — Accounts Payable,1,1,2024-12-31,2025-01-02,2025-01-02,0.0,,false
782,NS20,NovaSpace France S.A.S.,2024,12,T02,Sub-ledger cut-off — Accounts Receivable,2,1,2024-12-31,2025-01-02,2025-01-02,0.0,,false
783,NS20,NovaSpace France S.A.S.,2024,12,T03,GR/IR clearing,3,2,2024-12-31,2025-01-03,2025-01-03,0.0,,false
784,NS20,NovaSpace France S.A.S.,2024,12,T04,Payroll posting,4,2,2024-12-31,2025-01-03,2025-01-06,1.0,,false
785,NS20,NovaSpace France S.A.S.,2024,12,T05,Depreciation run,5,2,2024-12-31,2025-01-03,2025-01-06,1.0,,false
786,NS20,NovaSpace France S.A.S.,2024,12,T06,Accruals posting,6,3,2024-12-31,2025-01-06,2025-01-03,-1.0,,false
787,NS20,NovaSpace France S.A.S.,2024,12,T07,Overhead allocation cycle,7,3,2024-12-31,2025-01-06,2025-01-06,0.0,,false
788,NS20,NovaSpace France S.A.S.,2024,12,T08,Intercompany reconciliation,8,3,2024-12-31,2025-01-06,2025-01-06,0.0,,false
789,NS20,NovaSpace France S.A.S.,2024,12,T09,FX revaluation,9,4,2024-12-31,2025-01-07,2025-01-06,-1.0,,false
790,NS20,NovaSpace France S.A.S.,2024,12,T10,Soft close / reporting cut-off,10,4,2024-12-31,2025-01-07,2025-01-09,2.0,,false
791,NS20,NovaSpace France S.A.S.,2024,12,T11,Management reporting pack,11,5,2024-12-31,2025-01-08,2025-01-08,0.0,,false
792,NS20,NovaSpace France S.A.S.,2024,12,T12,Hard close / period lock,12,5,2024-12-31,2025-01-08,2025-01-08,0.0,5.0,false
793,NS20,NovaSpace France S.A.S.,2025,1,T01,Sub-ledger cut-off — Accounts Payable,1,1,2025-01-31,2025-02-03,2025-02-03,0.0,,false
794,NS20,NovaSpace France S.A.S.,2025,1,T02,Sub-ledger cut-off — Accounts Receivable,2,1,2025-01-31,2025-02-03,2025-02-04,1.0,,false
795,NS20,NovaSpace France S.A.S.,2025,1,T03,GR/IR clearing,3,2,2025-01-31,2025-02-04,2025-02-04,0.0,,false
796,NS20,NovaSpace France S.A.S.,2025,1,T04,Payroll posting,4,2,2025-01-31,2025-02-04,2025-02-06,2.0,,false
797,NS20,NovaSpace France S.A.S.,2025,1,T05,Depreciation run,5,2,2025-01-31,2025-02-04,2025-02-05,1.0,,false
798,NS20,NovaSpace France S.A.S.,2025,1,T06,Accruals posting,6,3,2025-01-31,2025-02-05,2025-02-04,-1.0,,false
799,NS20,NovaSpace France S.A.S.,2025,1,T07,Overhead allocation cycle,7,3,2025-01-31,2025-02-05,2025-02-05,0.0,,false
800,NS20,NovaSpace France S.A.S.,2025,1,T08,Intercompany reconciliation,8,3,2025-01-31,2025-02-05,2025-02-06,1.0,,false
801,NS20,NovaSpace France S.A.S.,2025,1,T09,FX revaluation,9,4,2025-01-31,2025-02-06,2025-02-06,0.0,,false
802,NS20,NovaSpace France S.A.S.,2025,1,T10,Soft close / reporting cut-off,10,4,2025-01-31,2025-02-06,2025-02-07,1.0,,false
803,NS20,NovaSpace France S.A.S.,2025,1,T11,Management reporting pack,11,5,2025-01-31,2025-02-07,2025-02-10,1.0,,false
804,NS20,NovaSpace France S.A.S.,2025,1,T12,Hard close / period lock,12,5,2025-01-31,2025-02-07,2025-02-11,2.0,7.0,false
805,NS20,NovaSpace France S.A.S.,2025,2,T01,Sub-ledger cut-off — Accounts Payable,1,1,2025-02-28,2025-03-03,2025-03-03,0.0,,false
806,NS20,NovaSpace France S.A.S.,2025,2,T02,Sub-ledger cut-off — Accounts Receivable,2,1,2025-02-28,2025-03-03,2025-03-03,0.0,,false
807,NS20,NovaSpace France S.A.S.,2025,2,T03,GR/IR clearing,3,2,2025-02-28,2025-03-04,2025-03-03,-1.0,,false
808,NS20,NovaSpace France S.A.S.,2025,2,T04,Payroll posting,4,2,2025-02-28,2025-03-04,2025-03-03,-1.0,,false
809,NS20,NovaSpace France S.A.S.,2025,2,T05,Depreciation run,5,2,2025-02-28,2025-03-04,2025-03-04,0.0,,false
810,NS20,NovaSpace France S.A.S.,2025,2,T06,Accruals posting,6,3,2025-02-28,2025-03-05,2025-03-06,1.0,,false
811,NS20,NovaSpace France S.A.S.,2025,2,T07,Overhead allocation cycle,7,3,2025-02-28,2025-03-05,2025-03-05,0.0,,false
812,NS20,NovaSpace France S.A.S.,2025,2,T08,Intercompany reconciliation,8,3,2025-02-28,2025-03-05,2025-03-06,1.0,,false
813,NS20,NovaSpace France S.A.S.,2025,2,T09,FX revaluation,9,4,2025-02-28,2025-03-06,2025-03-07,1.0,,false
814,NS20,NovaSpace France S.A.S.,2025,2,T10,Soft close / reporting cut-off,10,4,2025-02-28,2025-03-06,2025-03-07,1.0,,false
815,NS20,NovaSpace France S.A.S.,2025,2,T11,Management reporting pack,11,5,2025-02-28,2025-03-07,2025-03-07,0.0,,false
816,NS20,NovaSpace France S.A.S.,2025,2,T12,Hard close / period lock,12,5,2025-02-28,2025-03-07,2025-03-10,1.0,6.0,false
817,NS20,NovaSpace France S.A.S.,2025,3,T01,Sub-ledger cut-off — Accounts Payable,1,1,2025-03-31,2025-04-01,2025-04-01,0.0,,false
818,NS20,NovaSpace France S.A.S.,2025,3,T02,Sub-ledger cut-off — Accounts Receivable,2,1,2025-03-31,2025-04-01,2025-04-01,0.0,,false
819,NS20,NovaSpace France S.A.S.,2025,3,T03,GR/IR clearing,3,2,2025-03-31,2025-04-02,2025-04-02,0.0,,false
820,NS20,NovaSpace France S.A.S.,2025,3,T04,Payroll posting,4,2,2025-03-31,2025-04-02,2025-04-02,0.0,,false
821,NS20,NovaSpace France S.A.S.,2025,3,T05,Depreciation run,5,2,2025-03-31,2025-04-02,2025-04-02,0.0,,false
822,NS20,NovaSpace France S.A.S.,2025,3,T06,Accruals posting,6,3,2025-03-31,2025-04-03,2025-04-03,0.0,,false
823,NS20,NovaSpace France S.A.S.,2025,3,T07,Overhead allocation cycle,7,3,2025-03-31,2025-04-03,2025-04-04,1.0,,false
824,NS20,NovaSpace France S.A.S.,2025,3,T08,Intercompany reconciliation,8,3,2025-03-31,2025-04-03,2025-04-02,-1.0,,false
825,NS20,NovaSpace France S.A.S.,2025,3,T09,FX revaluation,9,4,2025-03-31,2025-04-04,2025-04-04,0.0,,false
826,NS20,NovaSpace France S.A.S.,2025,3,T10,Soft close / reporting cut-off,10,4,2025-03-31,2025-04-04,2025-04-04,0.0,,false
827,NS20,NovaSpace France S.A.S.,2025,3,T11,Management reporting pack,11,5,2025-03-31,2025-04-07,2025-04-07,0.0,,false
828,NS20,NovaSpace France S.A.S.,2025,3,T12,Hard close / period lock,12,5,2025-03-31,2025-04-07,2025-04-07,0.0,5.0,false
829,NS20,NovaSpace France S.A.S.,2025,4,T01,Sub-ledger cut-off — Accounts Payable,1,1,2025-04-30,2025-05-02,2025-05-02,0.0,,false
830,NS20,NovaSpace France S.A.S.,2025,4,T02,Sub-ledger cut-off — Accounts Receivable,2,1,2025-04-30,2025-05-02,2025-05-02,0.0,,false
831,NS20,NovaSpace France S.A.S.,2025,4,T03,GR/IR clearing,3,2,2025-04-30,2025-05-05,2025-05-07,2.0,,false
832,NS20,NovaSpace France S.A.S.,2025,4,T04,Payroll posting,4,2,2025-04-30,2025-05-05,2025-05-06,1.0,,false
833,NS20,NovaSpace France S.A.S.,2025,4,T05,Depreciation run,5,2,2025-04-30,2025-05-05,2025-05-05,0.0,,false
834,NS20,NovaSpace France S.A.S.,2025,4,T06,Accruals posting,6,3,2025-04-30,2025-05-06,2025-05-06,0.0,,false
835,NS20,NovaSpace France S.A.S.,2025,4,T07,Overhead allocation cycle,7,3,2025-04-30,2025-05-06,2025-05-06,0.0,,false
836,NS20,NovaSpace France S.A.S.,2025,4,T08,Intercompany reconciliation,8,3,2025-04-30,2025-05-06,2025-05-05,-1.0,,false
837,NS20,NovaSpace France S.A.S.,2025,4,T09,FX revaluation,9,4,2025-04-30,2025-05-07,2025-05-07,0.0,,false
838,NS20,NovaSpace France S.A.S.,2025,4,T10,Soft close / reporting cut-off,10,4,2025-04-30,2025-05-07,2025-05-07,0.0,,false
839,NS20,NovaSpace France S.A.S.,2025,4,T11,Management reporting pack,11,5,2025-04-30,2025-05-08,2025-05-07,-1.0,,false
840,NS20,NovaSpace France S.A.S.,2025,4,T12,Hard close / period lock,12,5,2025-04-30,2025-05-08,2025-05-08,0.0,5.0,false
841,NS20,NovaSpace France S.A.S.,2025,5,T01,Sub-ledger cut-off — Accounts Payable,1,1,2025-05-31,2025-06-02,2025-06-02,0.0,,false
842,NS20,NovaSpace France S.A.S.,2025,5,T02,Sub-ledger cut-off — Accounts Receivable,2,1,2025-05-31,2025-06-02,2025-06-02,0.0,,false
843,NS20,NovaSpace France S.A.S.,2025,5,T03,GR/IR clearing,3,2,2025-05-31,2025-06-03,2025-06-05,2.0,,false
844,NS20,NovaSpace France S.A.S.,2025,5,T04,Payroll posting,4,2,2025-05-31,2025-06-03,2025-06-02,-1.0,,false
845,NS20,NovaSpace France S.A.S.,2025,5,T05,Depreciation run,5,2,2025-05-31,2025-06-03,2025-06-04,1.0,,false
846,NS20,NovaSpace France S.A.S.,2025,5,T06,Accruals posting,6,3,2025-05-31,2025-06-04,2025-06-04,0.0,,false
847,NS20,NovaSpace France S.A.S.,2025,5,T07,Overhead allocation cycle,7,3,2025-05-31,2025-06-04,2025-06-04,0.0,,false
848,NS20,NovaSpace France S.A.S.,2025,5,T08,Intercompany reconciliation,8,3,2025-05-31,2025-06-04,2025-06-03,-1.0,,false
849,NS20,NovaSpace France S.A.S.,2025,5,T09,FX revaluation,9,4,2025-05-31,2025-06-05,2025-06-09,2.0,,false
850,NS20,NovaSpace France S.A.S.,2025,5,T10,Soft close / reporting cut-off,10,4,2025-05-31,2025-06-05,2025-06-04,-1.0,,false
851,NS20,NovaSpace France S.A.S.,2025,5,T11,Management reporting pack,11,5,2025-05-31,2025-06-06,2025-06-05,-1.0,,false
852,NS20,NovaSpace France S.A.S.,2025,5,T12,Hard close / period lock,12,5,2025-05-31,2025-06-06,2025-06-09,1.0,6.0,false
853,NS20,NovaSpace France S.A.S.,2025,6,T01,Sub-ledger cut-off — Accounts Payable,1,1,2025-06-30,2025-07-01,2025-07-01,0.0,,false
854,NS20,NovaSpace France S.A.S.,2025,6,T02,Sub-ledger cut-off — Accounts Receivable,2,1,2025-06-30,2025-07-01,2025-07-01,0.0,,false
855,NS20,NovaSpace France S.A.S.,2025,6,T03,GR/IR clearing,3,2,2025-06-30,2025-07-02,2025-07-02,0.0,,false
856,NS20,NovaSpace France S.A.S.,2025,6,T04,Payroll posting,4,2,2025-06-30,2025-07-02,2025-07-02,0.0,,false
857,NS20,NovaSpace France S.A.S.,2025,6,T05,Depreciation run,5,2,2025-06-30,2025-07-02,2025-07-01,-1.0,,false
858,NS20,NovaSpace France S.A.S.,2025,6,T06,Accruals posting,6,3,2025-06-30,2025-07-03,2025-07-04,1.0,,false
859,NS20,NovaSpace France S.A.S.,2025,6,T07,Overhead allocation cycle,7,3,2025-06-30,2025-07-03,2025-07-03,0.0,,false
860,NS20,NovaSpace France S.A.S.,2025,6,T08,Intercompany reconciliation,8,3,2025-06-30,2025-07-03,2025-07-04,1.0,,false
861,NS20,NovaSpace France S.A.S.,2025,6,T09,FX revaluation,9,4,2025-06-30,2025-07-04,2025-07-04,0.0,,false
862,NS20,NovaSpace France S.A.S.,2025,6,T10,Soft close / reporting cut-off,10,4,2025-06-30,2025-07-04,2025-07-07,1.0,,false
863,NS20,NovaSpace France S.A.S.,2025,6,T11,Management reporting pack,11,5,2025-06-30,2025-07-07,2025-07-07,0.0,,false
864,NS20,NovaSpace France S.A.S.,2025,6,T12,Hard close / period lock,12,5,2025-06-30,2025-07-07,2025-07-07,0.0,5.0,false
865,NS20,NovaSpace France S.A.S.,2025,7,T01,Sub-ledger cut-off — Accounts Payable,1,1,2025-07-31,2025-08-01,2025-08-01,0.0,,false
866,NS20,NovaSpace France S.A.S.,2025,7,T02,Sub-ledger cut-off — Accounts Receivable,2,1,2025-07-31,2025-08-01,2025-08-01,0.0,,false
867,NS20,NovaSpace France S.A.S.,2025,7,T03,GR/IR clearing,3,2,2025-07-31,2025-08-04,2025-08-04,0.0,,false
868,NS20,NovaSpace France S.A.S.,2025,7,T04,Payroll posting,4,2,2025-07-31,2025-08-04,2025-08-04,0.0,,false
869,NS20,NovaSpace France S.A.S.,2025,7,T05,Depreciation run,5,2,2025-07-31,2025-08-04,2025-08-05,1.0,,false
870,NS20,NovaSpace France S.A.S.,2025,7,T06,Accruals posting,6,3,2025-07-31,2025-08-05,2025-08-05,0.0,,false
871,NS20,NovaSpace France S.A.S.,2025,7,T07,Overhead allocation cycle,7,3,2025-07-31,2025-08-05,2025-08-05,0.0,,false
872,NS20,NovaSpace France S.A.S.,2025,7,T08,Intercompany reconciliation,8,3,2025-07-31,2025-08-05,2025-08-05,0.0,,false
873,NS20,NovaSpace France S.A.S.,2025,7,T09,FX revaluation,9,4,2025-07-31,2025-08-06,2025-08-05,-1.0,,false
874,NS20,NovaSpace France S.A.S.,2025,7,T10,Soft close / reporting cut-off,10,4,2025-07-31,2025-08-06,2025-08-08,2.0,,false
875,NS20,NovaSpace France S.A.S.,2025,7,T11,Management reporting pack,11,5,2025-07-31,2025-08-07,2025-08-07,0.0,,false
876,NS20,NovaSpace France S.A.S.,2025,7,T12,Hard close / period lock,12,5,2025-07-31,2025-08-07,2025-08-07,0.0,5.0,false
877,NS20,NovaSpace France S.A.S.,2025,8,T01,Sub-ledger cut-off — Accounts Payable,1,1,2025-08-31,2025-09-01,2025-09-01,0.0,,false
878,NS20,NovaSpace France S.A.S.,2025,8,T02,Sub-ledger cut-off — Accounts Receivable,2,1,2025-08-31,2025-09-01,2025-09-01,0.0,,false
879,NS20,NovaSpace France S.A.S.,2025,8,T03,GR/IR clearing,3,2,2025-08-31,2025-09-02,2025-09-02,0.0,,false
880,NS20,NovaSpace France S.A.S.,2025,8,T04,Payroll posting,4,2,2025-08-31,2025-09-02,2025-09-02,0.0,,false
881,NS20,NovaSpace France S.A.S.,2025,8,T05,Depreciation run,5,2,2025-08-31,2025-09-02,2025-09-03,1.0,,false
882,NS20,NovaSpace France S.A.S.,2025,8,T06,Accruals posting,6,3,2025-08-31,2025-09-03,2025-09-04,1.0,,false
883,NS20,NovaSpace France S.A.S.,2025,8,T07,Overhead allocation cycle,7,3,2025-08-31,2025-09-03,2025-09-03,0.0,,false
884,NS20,NovaSpace France S.A.S.,2025,8,T08,Intercompany reconciliation,8,3,2025-08-31,2025-09-03,2025-09-04,1.0,,false
885,NS20,NovaSpace France S.A.S.,2025,8,T09,FX revaluation,9,4,2025-08-31,2025-09-04,2025-09-04,0.0,,false
886,NS20,NovaSpace France S.A.S.,2025,8,T10,Soft close / reporting cut-off,10,4,2025-08-31,2025-09-04,2025-09-04,0.0,,false
887,NS20,NovaSpace France S.A.S.,2025,8,T11,Management reporting pack,11,5,2025-08-31,2025-09-05,2025-09-04,-1.0,,false
888,NS20,NovaSpace France S.A.S.,2025,8,T12,Hard close / period lock,12,5,2025-08-31,2025-09-05,2025-09-05,0.0,5.0,false
889,NS20,NovaSpace France S.A.S.,2025,9,T01,Sub-ledger cut-off — Accounts Payable,1,1,2025-09-30,2025-10-01,2025-10-01,0.0,,false
890,NS20,NovaSpace France S.A.S.,2025,9,T02,Sub-ledger cut-off — Accounts Receivable,2,1,2025-09-30,2025-10-01,2025-10-01,0.0,,false
891,NS20,NovaSpace France S.A.S.,2025,9,T03,GR/IR clearing,3,2,2025-09-30,2025-10-02,2025-10-03,1.0,,false
892,NS20,NovaSpace France S.A.S.,2025,9,T04,Payroll posting,4,2,2025-09-30,2025-10-02,2025-10-03,1.0,,false
893,NS20,NovaSpace France S.A.S.,2025,9,T05,Depreciation run,5,2,2025-09-30,2025-10-02,2025-10-06,2.0,,false
894,NS20,NovaSpace France S.A.S.,2025,9,T06,Accruals posting,6,3,2025-09-30,2025-10-03,2025-10-03,0.0,,false
895,NS20,NovaSpace France S.A.S.,2025,9,T07,Overhead allocation cycle,7,3,2025-09-30,2025-10-03,2025-10-02,-1.0,,false
896,NS20,NovaSpace France S.A.S.,2025,9,T08,Intercompany reconciliation,8,3,2025-09-30,2025-10-03,2025-10-03,0.0,,false
897,NS20,NovaSpace France S.A.S.,2025,9,T09,FX revaluation,9,4,2025-09-30,2025-10-06,2025-10-06,0.0,,false
898,NS20,NovaSpace France S.A.S.,2025,9,T10,Soft close / reporting cut-off,10,4,2025-09-30,2025-10-06,2025-10-06,0.0,,false
899,NS20,NovaSpace France S.A.S.,2025,9,T11,Management reporting pack,11,5,2025-09-30,2025-10-07,2025-10-07,0.0,,false
900,NS20,NovaSpace France S.A.S.,2025,9,T12,Hard close / period lock,12,5,2025-09-30,2025-10-07,2025-10-07,0.0,5.0,false
901,NS20,NovaSpace France S.A.S.,2025,10,T01,Sub-ledger cut-off — Accounts Payable,1,1,2025-10-31,2025-11-03,2025-11-03,0.0,,false
902,NS20,NovaSpace France S.A.S.,2025,10,T02,Sub-ledger cut-off — Accounts Receivable,2,1,2025-10-31,2025-11-03,2025-11-03,0.0,,false
903,NS20,NovaSpace France S.A.S.,2025,10,T03,GR/IR clearing,3,2,2025-10-31,2025-11-04,2025-11-04,0.0,,false
904,NS20,NovaSpace France S.A.S.,2025,10,T04,Payroll posting,4,2,2025-10-31,2025-11-04,2025-11-03,-1.0,,false
905,NS20,NovaSpace France S.A.S.,2025,10,T05,Depreciation run,5,2,2025-10-31,2025-11-04,2025-11-04,0.0,,false
906,NS20,NovaSpace France S.A.S.,2025,10,T06,Accruals posting,6,3,2025-10-31,2025-11-05,2025-11-05,0.0,,false
907,NS20,NovaSpace France S.A.S.,2025,10,T07,Overhead allocation cycle,7,3,2025-10-31,2025-11-05,2025-11-06,1.0,,false
908,NS20,NovaSpace France S.A.S.,2025,10,T08,Intercompany reconciliation,8,3,2025-10-31,2025-11-05,2025-11-05,0.0,,false
909,NS20,NovaSpace France S.A.S.,2025,10,T09,FX revaluation,9,4,2025-10-31,2025-11-06,2025-11-10,2.0,,false
910,NS20,NovaSpace France S.A.S.,2025,10,T10,Soft close / reporting cut-off,10,4,2025-10-31,2025-11-06,2025-11-06,0.0,,false
911,NS20,NovaSpace France S.A.S.,2025,10,T11,Management reporting pack,11,5,2025-10-31,2025-11-07,2025-11-07,0.0,,false
912,NS20,NovaSpace France S.A.S.,2025,10,T12,Hard close / period lock,12,5,2025-10-31,2025-11-07,2025-11-10,1.0,6.0,false
913,NS20,NovaSpace France S.A.S.,2025,11,T01,Sub-ledger cut-off — Accounts Payable,1,1,2025-11-30,2025-12-01,2025-12-02,1.0,,false
914,NS20,NovaSpace France S.A.S.,2025,11,T02,Sub-ledger cut-off — Accounts Receivable,2,1,2025-11-30,2025-12-01,2025-12-01,0.0,,false
915,NS20,NovaSpace France S.A.S.,2025,11,T03,GR/IR clearing,3,2,2025-11-30,2025-12-02,2025-12-02,0.0,,false
916,NS20,NovaSpace France S.A.S.,2025,11,T04,Payroll posting,4,2,2025-11-30,2025-12-02,2025-12-03,1.0,,false
917,NS20,NovaSpace France S.A.S.,2025,11,T05,Depreciation run,5,2,2025-11-30,2025-12-02,2025-12-02,0.0,,false
918,NS20,NovaSpace France S.A.S.,2025,11,T06,Accruals posting,6,3,2025-11-30,2025-12-03,2025-12-03,0.0,,false
919,NS20,NovaSpace France S.A.S.,2025,11,T07,Overhead allocation cycle,7,3,2025-11-30,2025-12-03,2025-12-03,0.0,,false
920,NS20,NovaSpace France S.A.S.,2025,11,T08,Intercompany reconciliation,8,3,2025-11-30,2025-12-03,2025-12-03,0.0,,false
921,NS20,NovaSpace France S.A.S.,2025,11,T09,FX revaluation,9,4,2025-11-30,2025-12-04,2025-12-04,0.0,,false
922,NS20,NovaSpace France S.A.S.,2025,11,T10,Soft close / reporting cut-off,10,4,2025-11-30,2025-12-04,2025-12-08,2.0,,false
923,NS20,NovaSpace France S.A.S.,2025,11,T11,Management reporting pack,11,5,2025-11-30,2025-12-05,2025-12-08,1.0,,false
924,NS20,NovaSpace France S.A.S.,2025,11,T12,Hard close / period lock,12,5,2025-11-30,2025-12-05,2025-12-08,1.0,6.0,false
925,NS20,NovaSpace France S.A.S.,2025,12,T01,Sub-ledger cut-off — Accounts Payable,1,1,2025-12-31,2026-01-02,2026-01-02,0.0,,false
926,NS20,NovaSpace France S.A.S.,2025,12,T02,Sub-ledger cut-off — Accounts Receivable,2,1,2025-12-31,2026-01-02,2026-01-05,1.0,,false
927,NS20,NovaSpace France S.A.S.,2025,12,T03,GR/IR clearing,3,2,2025-12-31,2026-01-05,2026-01-02,-1.0,,false
928,NS20,NovaSpace France S.A.S.,2025,12,T04,Payroll posting,4,2,2025-12-31,2026-01-05,2026-01-02,-1.0,,false
929,NS20,NovaSpace France S.A.S.,2025,12,T05,Depreciation run,5,2,2025-12-31,2026-01-05,2026-01-05,0.0,,false
930,NS20,NovaSpace France S.A.S.,2025,12,T06,Accruals posting,6,3,2025-12-31,2026-01-06,2026-01-05,-1.0,,false
931,NS20,NovaSpace France S.A.S.,2025,12,T07,Overhead allocation cycle,7,3,2025-12-31,2026-01-06,2026-01-08,2.0,,false
932,NS20,NovaSpace France S.A.S.,2025,12,T08,Intercompany reconciliation,8,3,2025-12-31,2026-01-06,2026-01-06,0.0,,false
933,NS20,NovaSpace France S.A.S.,2025,12,T09,FX revaluation,9,4,2025-12-31,2026-01-07,2026-01-08,1.0,,false
934,NS20,NovaSpace France S.A.S.,2025,12,T10,Soft close / reporting cut-off,10,4,2025-12-31,2026-01-07,2026-01-07,0.0,,false
935,NS20,NovaSpace France S.A.S.,2025,12,T11,Management reporting pack,11,5,2025-12-31,2026-01-08,2026-01-08,0.0,,false
936,NS20,NovaSpace France S.A.S.,2025,12,T12,Hard close / period lock,12,5,2025-12-31,2026-01-08,2026-01-09,1.0,6.0,false
937,NS20,NovaSpace France S.A.S.,2026,1,T01,Sub-ledger cut-off — Accounts Payable,1,1,2026-01-31,2026-02-02,2026-02-02,0.0,,false
938,NS20,NovaSpace France S.A.S.,2026,1,T02,Sub-ledger cut-off — Accounts Receivable,2,1,2026-01-31,2026-02-02,2026-02-04,2.0,,false
939,NS20,NovaSpace France S.A.S.,2026,1,T03,GR/IR clearing,3,2,2026-01-31,2026-02-03,2026-02-02,-1.0,,false
940,NS20,NovaSpace France S.A.S.,2026,1,T04,Payroll posting,4,2,2026-01-31,2026-02-03,2026-02-02,-1.0,,false
941,NS20,NovaSpace France S.A.S.,2026,1,T05,Depreciation run,5,2,2026-01-31,2026-02-03,2026-02-04,1.0,,false
942,NS20,NovaSpace France S.A.S.,2026,1,T06,Accruals posting,6,3,2026-01-31,2026-02-04,2026-02-05,1.0,,false
943,NS20,NovaSpace France S.A.S.,2026,1,T07,Overhead allocation cycle,7,3,2026-01-31,2026-02-04,2026-02-04,0.0,,false
944,NS20,NovaSpace France S.A.S.,2026,1,T08,Intercompany reconciliation,8,3,2026-01-31,2026-02-04,2026-02-04,0.0,,false
945,NS20,NovaSpace France S.A.S.,2026,1,T09,FX revaluation,9,4,2026-01-31,2026-02-05,2026-02-05,0.0,,false
946,NS20,NovaSpace France S.A.S.,2026,1,T10,Soft close / reporting cut-off,10,4,2026-01-31,2026-02-05,2026-02-05,0.0,,false
947,NS20,NovaSpace France S.A.S.,2026,1,T11,Management reporting pack,11,5,2026-01-31,2026-02-06,2026-02-09,1.0,,false
948,NS20,NovaSpace France S.A.S.,2026,1,T12,Hard close / period lock,12,5,2026-01-31,2026-02-06,2026-02-06,0.0,5.0,false
949,NS20,NovaSpace France S.A.S.,2026,2,T01,Sub-ledger cut-off — Accounts Payable,1,1,2026-02-28,2026-03-02,2026-03-02,0.0,,false
950,NS20,NovaSpace France S.A.S.,2026,2,T02,Sub-ledger cut-off — Accounts Receivable,2,1,2026-02-28,2026-03-02,2026-03-02,0.0,,false
951,NS20,NovaSpace France S.A.S.,2026,2,T03,GR/IR clearing,3,2,2026-02-28,2026-03-03,2026-03-03,0.0,,false
952,NS20,NovaSpace France S.A.S.,2026,2,T04,Payroll posting,4,2,2026-02-28,2026-03-03,2026-03-04,1.0,,false
953,NS20,NovaSpace France S.A.S.,2026,2,T05,Depreciation run,5,2,2026-02-28,2026-03-03,2026-03-03,0.0,,false
954,NS20,NovaSpace France S.A.S.,2026,2,T06,Accruals posting,6,3,2026-02-28,2026-03-04,2026-03-05,1.0,,false
955,NS20,NovaSpace France S.A.S.,2026,2,T07,Overhead allocation cycle,7,3,2026-02-28,2026-03-04,2026-03-04,0.0,,false
956,NS20,NovaSpace France S.A.S.,2026,2,T08,Intercompany reconciliation,8,3,2026-02-28,2026-03-04,2026-03-04,0.0,,false
957,NS20,NovaSpace France S.A.S.,2026,2,T09,FX revaluation,9,4,2026-02-28,2026-03-05,2026-03-09,2.0,,false
958,NS20,NovaSpace France S.A.S.,2026,2,T10,Soft close / reporting cut-off,10,4,2026-02-28,2026-03-05,2026-03-06,1.0,,false
959,NS20,NovaSpace France S.A.S.,2026,2,T11,Management reporting pack,11,5,2026-02-28,2026-03-06,2026-03-06,0.0,,false
960,NS20,NovaSpace France S.A.S.,2026,2,T12,Hard close / period lock,12,5,2026-02-28,2026-03-06,2026-03-06,0.0,5.0,false
961,NS20,NovaSpace France S.A.S.,2026,3,T01,Sub-ledger cut-off — Accounts Payable,1,1,2026-03-31,2026-04-01,2026-04-01,0.0,,false
962,NS20,NovaSpace France S.A.S.,2026,3,T02,Sub-ledger cut-off — Accounts Receivable,2,1,2026-03-31,2026-04-01,2026-04-01,0.0,,false
963,NS20,NovaSpace France S.A.S.,2026,3,T03,GR/IR clearing,3,2,2026-03-31,2026-04-02,2026-04-07,1.0,,false
964,NS20,NovaSpace France S.A.S.,2026,3,T04,Payroll posting,4,2,2026-03-31,2026-04-02,2026-04-07,1.0,,false
965,NS20,NovaSpace France S.A.S.,2026,3,T05,Depreciation run,5,2,2026-03-31,2026-04-02,2026-04-02,0.0,,false
966,NS20,NovaSpace France S.A.S.,2026,3,T06,Accruals posting,6,3,2026-03-31,2026-04-07,2026-04-07,0.0,,false
967,NS20,NovaSpace France S.A.S.,2026,3,T07,Overhead allocation cycle,7,3,2026-03-31,2026-04-07,2026-04-02,-1.0,,false
968,NS20,NovaSpace France S.A.S.,2026,3,T08,Intercompany reconciliation,8,3,2026-03-31,2026-04-07,2026-04-08,1.0,,false
969,NS20,NovaSpace France S.A.S.,2026,3,T09,FX revaluation,9,4,2026-03-31,2026-04-08,2026-04-08,0.0,,false
970,NS20,NovaSpace France S.A.S.,2026,3,T10,Soft close / reporting cut-off,10,4,2026-03-31,2026-04-08,2026-04-07,-1.0,,false
971,NS20,NovaSpace France S.A.S.,2026,3,T11,Management reporting pack,11,5,2026-03-31,2026-04-09,2026-04-09,0.0,,false
972,NS20,NovaSpace France S.A.S.,2026,3,T12,Hard close / period lock,12,5,2026-03-31,2026-04-09,2026-04-10,1.0,6.0,false
973,NS20,NovaSpace France S.A.S.,2026,4,T01,Sub-ledger cut-off — Accounts Payable,1,1,2026-04-30,2026-05-04,2026-05-04,0.0,,false
974,NS20,NovaSpace France S.A.S.,2026,4,T02,Sub-ledger cut-off — Accounts Receivable,2,1,2026-04-30,2026-05-04,2026-05-04,0.0,,false
975,NS20,NovaSpace France S.A.S.,2026,4,T03,GR/IR clearing,3,2,2026-04-30,2026-05-05,2026-05-04,-1.0,,false
976,NS20,NovaSpace France S.A.S.,2026,4,T04,Payroll posting,4,2,2026-04-30,2026-05-05,2026-05-06,1.0,,false
977,NS20,NovaSpace France S.A.S.,2026,4,T05,Depreciation run,5,2,2026-04-30,2026-05-05,2026-05-05,0.0,,false
978,NS20,NovaSpace France S.A.S.,2026,4,T06,Accruals posting,6,3,2026-04-30,2026-05-06,2026-05-08,2.0,,false
979,NS20,NovaSpace France S.A.S.,2026,4,T07,Overhead allocation cycle,7,3,2026-04-30,2026-05-06,2026-05-06,0.0,,false
980,NS20,NovaSpace France S.A.S.,2026,4,T08,Intercompany reconciliation,8,3,2026-04-30,2026-05-06,2026-05-07,1.0,,false
981,NS20,NovaSpace France S.A.S.,2026,4,T09,FX revaluation,9,4,2026-04-30,2026-05-07,2026-05-08,1.0,,false
982,NS20,NovaSpace France S.A.S.,2026,4,T10,Soft close / reporting cut-off,10,4,2026-04-30,2026-05-07,2026-05-08,1.0,,false
983,NS20,NovaSpace France S.A.S.,2026,4,T11,Management reporting pack,11,5,2026-04-30,2026-05-08,2026-05-08,0.0,,false
984,NS20,NovaSpace France S.A.S.,2026,4,T12,Hard close / period lock,12,5,2026-04-30,2026-05-08,2026-05-08,0.0,5.0,false
985,NS20,NovaSpace France S.A.S.,2026,5,T01,Sub-ledger cut-off — Accounts Payable,1,1,2026-05-31,2026-06-01,2026-06-01,0.0,,false
986,NS20,NovaSpace France S.A.S.,2026,5,T02,Sub-ledger cut-off — Accounts Receivable,2,1,2026-05-31,2026-06-01,2026-06-01,0.0,,false
987,NS20,NovaSpace France S.A.S.,2026,5,T03,GR/IR clearing,3,2,2026-05-31,2026-06-02,2026-06-02,0.0,,false
988,NS20,NovaSpace France S.A.S.,2026,5,T04,Payroll posting,4,2,2026-05-31,2026-06-02,2026-06-01,-1.0,,false
989,NS20,NovaSpace France S.A.S.,2026,5,T05,Depreciation run,5,2,2026-05-31,2026-06-02,2026-06-02,0.0,,false
990,NS20,NovaSpace France S.A.S.,2026,5,T06,Accruals posting,6,3,2026-05-31,2026-06-03,2026-06-03,0.0,,false
991,NS20,NovaSpace France S.A.S.,2026,5,T07,Overhead allocation cycle,7,3,2026-05-31,2026-06-03,2026-06-05,2.0,,false
992,NS20,NovaSpace France S.A.S.,2026,5,T08,Intercompany reconciliation,8,3,2026-05-31,2026-06-03,2026-06-03,0.0,,false
993,NS20,NovaSpace France S.A.S.,2026,5,T09,FX revaluation,9,4,2026-05-31,2026-06-04,2026-06-04,0.0,,false
994,NS20,NovaSpace France S.A.S.,2026,5,T10,Soft close / reporting cut-off,10,4,2026-05-31,2026-06-04,2026-06-04,0.0,,false
995,NS20,NovaSpace France S.A.S.,2026,5,T11,Management reporting pack,11,5,2026-05-31,2026-06-05,2026-06-05,0.0,,false
996,NS20,NovaSpace France S.A.S.,2026,5,T12,Hard close / period lock,12,5,2026-05-31,2026-06-05,2026-06-05,0.0,5.0,false
997,NS20,NovaSpace France S.A.S.,2026,6,T01,Sub-ledger cut-off — Accounts Payable,1,1,2026-06-30,2026-07-01,2026-07-03,2.0,,false
998,NS20,NovaSpace France S.A.S.,2026,6,T02,Sub-ledger cut-off — Accounts Receivable,2,1,2026-06-30,2026-07-01,2026-07-01,0.0,,false
999,NS20,NovaSpace France S.A.S.,2026,6,T03,GR/IR clearing,3,2,2026-06-30,2026-07-02,2026-07-03,1.0,,false
1000,NS20,NovaSpace France S.A.S.,2026,6,T04,Payroll posting,4,2,2026-06-30,2026-07-02,2026-07-02,0.0,,false
1001,NS20,NovaSpace France S.A.S.,2026,6,T05,Depreciation run,5,2,2026-06-30,2026-07-02,2026-07-02,0.0,,false
1002,NS20,NovaSpace France S.A.S.,2026,6,T06,Accruals posting,6,3,2026-06-30,2026-07-03,2026-07-03,0.0,,false
1003,NS20,NovaSpace France S.A.S.,2026,6,T07,Overhead allocation cycle,7,3,2026-06-30,2026-07-03,2026-07-03,0.0,,false
1004,NS20,NovaSpace France S.A.S.,2026,6,T08,Intercompany reconciliation,8,3,2026-06-30,2026-07-03,2026-07-06,1.0,,false
1005,NS20,NovaSpace France S.A.S.,2026,6,T09,FX revaluation,9,4,2026-06-30,2026-07-06,2026-07-07,1.0,,false
1006,NS20,NovaSpace France S.A.S.,2026,6,T10,Soft close / reporting cut-off,10,4,2026-06-30,2026-07-06,2026-07-06,0.0,,false
1007,NS20,NovaSpace France S.A.S.,2026,6,T11,Management reporting pack,11,5,2026-06-30,2026-07-07,2026-07-07,0.0,,false
1008,NS20,NovaSpace France S.A.S.,2026,6,T12,Hard close / period lock,12,5,2026-06-30,2026-07-07,2026-07-08,1.0,6.0,false
1009,NS30,NovaSpace Deutschland GmbH,2023,1,T01,Sub-ledger cut-off — Accounts Payable,1,1,2023-01-31,2023-02-01,2023-02-06,3.0,,false
1010,NS30,NovaSpace Deutschland GmbH,2023,1,T02,Sub-ledger cut-off — Accounts Receivable,2,1,2023-01-31,2023-02-01,2023-02-03,2.0,,false
1011,NS30,NovaSpace Deutschland GmbH,2023,1,T03,GR/IR clearing,3,2,2023-01-31,2023-02-02,2023-02-06,2.0,,false
1012,NS30,NovaSpace Deutschland GmbH,2023,1,T04,Payroll posting,4,2,2023-01-31,2023-02-02,2023-02-07,3.0,,false
1013,NS30,NovaSpace Deutschland GmbH,2023,1,T05,Depreciation run,5,2,2023-01-31,2023-02-02,2023-02-07,3.0,,false
1014,NS30,NovaSpace Deutschland GmbH,2023,1,T06,Accruals posting,6,3,2023-01-31,2023-02-03,2023-02-09,4.0,,false
1015,NS30,NovaSpace Deutschland GmbH,2023,1,T07,Overhead allocation cycle,7,3,2023-01-31,2023-02-03,2023-02-08,3.0,,false
1016,NS30,NovaSpace Deutschland GmbH,2023,1,T08,Intercompany reconciliation,8,3,2023-01-31,2023-02-03,2023-02-08,3.0,,false
1017,NS30,NovaSpace Deutschland GmbH,2023,1,T09,FX revaluation,9,4,2023-01-31,2023-02-06,2023-02-09,3.0,,false
1018,NS30,NovaSpace Deutschland GmbH,2023,1,T10,Soft close / reporting cut-off,10,4,2023-01-31,2023-02-06,2023-02-10,4.0,,false
1019,NS30,NovaSpace Deutschland GmbH,2023,1,T11,Management reporting pack,11,5,2023-01-31,2023-02-07,2023-02-13,4.0,,false
1020,NS30,NovaSpace Deutschland GmbH,2023,1,T12,Hard close / period lock,12,5,2023-01-31,2023-02-07,2023-02-10,3.0,8.0,false
1021,NS30,NovaSpace Deutschland GmbH,2023,2,T01,Sub-ledger cut-off — Accounts Payable,1,1,2023-02-28,2023-03-01,2023-03-02,1.0,,false
1022,NS30,NovaSpace Deutschland GmbH,2023,2,T02,Sub-ledger cut-off — Accounts Receivable,2,1,2023-02-28,2023-03-01,2023-03-08,5.0,,false
1023,NS30,NovaSpace Deutschland GmbH,2023,2,T03,GR/IR clearing,3,2,2023-02-28,2023-03-02,2023-03-08,4.0,,false
1024,NS30,NovaSpace Deutschland GmbH,2023,2,T04,Payroll posting,4,2,2023-02-28,2023-03-02,2023-03-08,4.0,,false
1025,NS30,NovaSpace Deutschland GmbH,2023,2,T05,Depreciation run,5,2,2023-02-28,2023-03-02,2023-03-06,2.0,,false
1026,NS30,NovaSpace Deutschland GmbH,2023,2,T06,Accruals posting,6,3,2023-02-28,2023-03-03,2023-03-06,1.0,,false
1027,NS30,NovaSpace Deutschland GmbH,2023,2,T07,Overhead allocation cycle,7,3,2023-02-28,2023-03-03,2023-03-08,3.0,,false
1028,NS30,NovaSpace Deutschland GmbH,2023,2,T08,Intercompany reconciliation,8,3,2023-02-28,2023-03-03,2023-03-13,6.0,,false
1029,NS30,NovaSpace Deutschland GmbH,2023,2,T09,FX revaluation,9,4,2023-02-28,2023-03-06,2023-03-08,2.0,,false
1030,NS30,NovaSpace Deutschland GmbH,2023,2,T10,Soft close / reporting cut-off,10,4,2023-02-28,2023-03-06,2023-03-09,3.0,,false
1031,NS30,NovaSpace Deutschland GmbH,2023,2,T11,Management reporting pack,11,5,2023-02-28,2023-03-07,2023-03-13,4.0,,false
1032,NS30,NovaSpace Deutschland GmbH,2023,2,T12,Hard close / period lock,12,5,2023-02-28,2023-03-07,2023-03-10,3.0,8.0,false
1033,NS30,NovaSpace Deutschland GmbH,2023,3,T01,Sub-ledger cut-off — Accounts Payable,1,1,2023-03-31,2023-04-03,2023-04-05,2.0,,false
1034,NS30,NovaSpace Deutschland GmbH,2023,3,T02,Sub-ledger cut-off — Accounts Receivable,2,1,2023-03-31,2023-04-03,2023-04-06,3.0,,false
1035,NS30,NovaSpace Deutschland GmbH,2023,3,T03,GR/IR clearing,3,2,2023-03-31,2023-04-04,2023-04-12,4.0,,false
1036,NS30,NovaSpace Deutschland GmbH,2023,3,T04,Payroll posting,4,2,2023-03-31,2023-04-04,2023-04-12,4.0,,false
1037,NS30,NovaSpace Deutschland GmbH,2023,3,T05,Depreciation run,5,2,2023-03-31,2023-04-04,2023-04-06,2.0,,false
1038,NS30,NovaSpace Deutschland GmbH,2023,3,T06,Accruals posting,6,3,2023-03-31,2023-04-05,2023-04-12,3.0,,false
1039,NS30,NovaSpace Deutschland GmbH,2023,3,T07,Overhead allocation cycle,7,3,2023-03-31,2023-04-05,2023-04-06,1.0,,false
1040,NS30,NovaSpace Deutschland GmbH,2023,3,T08,Intercompany reconciliation,8,3,2023-03-31,2023-04-05,2023-04-14,5.0,,false
1041,NS30,NovaSpace Deutschland GmbH,2023,3,T09,FX revaluation,9,4,2023-03-31,2023-04-06,2023-04-13,3.0,,false
1042,NS30,NovaSpace Deutschland GmbH,2023,3,T10,Soft close / reporting cut-off,10,4,2023-03-31,2023-04-06,2023-04-12,2.0,,false
1043,NS30,NovaSpace Deutschland GmbH,2023,3,T11,Management reporting pack,11,5,2023-03-31,2023-04-11,2023-04-13,2.0,,false
1044,NS30,NovaSpace Deutschland GmbH,2023,3,T12,Hard close / period lock,12,5,2023-03-31,2023-04-11,2023-04-13,2.0,7.0,false
1045,NS30,NovaSpace Deutschland GmbH,2023,4,T01,Sub-ledger cut-off — Accounts Payable,1,1,2023-04-30,2023-05-02,2023-05-05,3.0,,false
1046,NS30,NovaSpace Deutschland GmbH,2023,4,T02,Sub-ledger cut-off — Accounts Receivable,2,1,2023-04-30,2023-05-02,2023-05-08,4.0,,false
1047,NS30,NovaSpace Deutschland GmbH,2023,4,T03,GR/IR clearing,3,2,2023-04-30,2023-05-03,2023-05-10,5.0,,false
1048,NS30,NovaSpace Deutschland GmbH,2023,4,T04,Payroll posting,4,2,2023-04-30,2023-05-03,2023-05-10,5.0,,false
1049,NS30,NovaSpace Deutschland GmbH,2023,4,T05,Depreciation run,5,2,2023-04-30,2023-05-03,2023-05-05,2.0,,false
1050,NS30,NovaSpace Deutschland GmbH,2023,4,T06,Accruals posting,6,3,2023-04-30,2023-05-04,2023-05-09,3.0,,false
1051,NS30,NovaSpace Deutschland GmbH,2023,4,T07,Overhead allocation cycle,7,3,2023-04-30,2023-05-04,2023-05-08,2.0,,false
1052,NS30,NovaSpace Deutschland GmbH,2023,4,T08,Intercompany reconciliation,8,3,2023-04-30,2023-05-04,2023-05-08,2.0,,false
1053,NS30,NovaSpace Deutschland GmbH,2023,4,T09,FX revaluation,9,4,2023-04-30,2023-05-05,2023-05-11,4.0,,false
1054,NS30,NovaSpace Deutschland GmbH,2023,4,T10,Soft close / reporting cut-off,10,4,2023-04-30,2023-05-05,2023-05-15,6.0,,false
1055,NS30,NovaSpace Deutschland GmbH,2023,4,T11,Management reporting pack,11,5,2023-04-30,2023-05-08,2023-05-09,1.0,,false
1056,NS30,NovaSpace Deutschland GmbH,2023,4,T12,Hard close / period lock,12,5,2023-04-30,2023-05-08,2023-05-15,5.0,10.0,false
1057,NS30,NovaSpace Deutschland GmbH,2023,5,T01,Sub-ledger cut-off — Accounts Payable,1,1,2023-05-31,2023-06-01,2023-06-06,3.0,,false
1058,NS30,NovaSpace Deutschland GmbH,2023,5,T02,Sub-ledger cut-off — Accounts Receivable,2,1,2023-05-31,2023-06-01,2023-06-07,4.0,,false
1059,NS30,NovaSpace Deutschland GmbH,2023,5,T03,GR/IR clearing,3,2,2023-05-31,2023-06-02,2023-06-07,3.0,,false
1060,NS30,NovaSpace Deutschland GmbH,2023,5,T04,Payroll posting,4,2,2023-05-31,2023-06-02,2023-06-08,4.0,,false
1061,NS30,NovaSpace Deutschland GmbH,2023,5,T05,Depreciation run,5,2,2023-05-31,2023-06-02,2023-06-08,4.0,,false
1062,NS30,NovaSpace Deutschland GmbH,2023,5,T06,Accruals posting,6,3,2023-05-31,2023-06-05,2023-06-09,4.0,,false
1063,NS30,NovaSpace Deutschland GmbH,2023,5,T07,Overhead allocation cycle,7,3,2023-05-31,2023-06-05,2023-06-09,4.0,,false
1064,NS30,NovaSpace Deutschland GmbH,2023,5,T08,Intercompany reconciliation,8,3,2023-05-31,2023-06-05,2023-06-09,4.0,,false
1065,NS30,NovaSpace Deutschland GmbH,2023,5,T09,FX revaluation,9,4,2023-05-31,2023-06-06,2023-06-09,3.0,,false
1066,NS30,NovaSpace Deutschland GmbH,2023,5,T10,Soft close / reporting cut-off,10,4,2023-05-31,2023-06-06,2023-06-12,4.0,,false
1067,NS30,NovaSpace Deutschland GmbH,2023,5,T11,Management reporting pack,11,5,2023-05-31,2023-06-07,2023-06-12,3.0,,false
1068,NS30,NovaSpace Deutschland GmbH,2023,5,T12,Hard close / period lock,12,5,2023-05-31,2023-06-07,2023-06-13,4.0,9.0,false
1069,NS30,NovaSpace Deutschland GmbH,2023,6,T01,Sub-ledger cut-off — Accounts Payable,1,1,2023-06-30,2023-07-03,2023-07-06,3.0,,false
1070,NS30,NovaSpace Deutschland GmbH,2023,6,T02,Sub-ledger cut-off — Accounts Receivable,2,1,2023-06-30,2023-07-03,2023-07-04,1.0,,false
1071,NS30,NovaSpace Deutschland GmbH,2023,6,T03,GR/IR clearing,3,2,2023-06-30,2023-07-04,2023-07-10,4.0,,false
1072,NS30,NovaSpace Deutschland GmbH,2023,6,T04,Payroll posting,4,2,2023-06-30,2023-07-04,2023-07-10,4.0,,false
1073,NS30,NovaSpace Deutschland GmbH,2023,6,T05,Depreciation run,5,2,2023-06-30,2023-07-04,2023-07-07,3.0,,false
1074,NS30,NovaSpace Deutschland GmbH,2023,6,T06,Accruals posting,6,3,2023-06-30,2023-07-05,2023-07-10,3.0,,false
1075,NS30,NovaSpace Deutschland GmbH,2023,6,T07,Overhead allocation cycle,7,3,2023-06-30,2023-07-05,2023-07-10,3.0,,false
1076,NS30,NovaSpace Deutschland GmbH,2023,6,T08,Intercompany reconciliation,8,3,2023-06-30,2023-07-05,2023-07-07,2.0,,false
1077,NS30,NovaSpace Deutschland GmbH,2023,6,T09,FX revaluation,9,4,2023-06-30,2023-07-06,2023-07-11,3.0,,false
1078,NS30,NovaSpace Deutschland GmbH,2023,6,T10,Soft close / reporting cut-off,10,4,2023-06-30,2023-07-06,2023-07-13,5.0,,false
1079,NS30,NovaSpace Deutschland GmbH,2023,6,T11,Management reporting pack,11,5,2023-06-30,2023-07-07,2023-07-14,5.0,,false
1080,NS30,NovaSpace Deutschland GmbH,2023,6,T12,Hard close / period lock,12,5,2023-06-30,2023-07-07,2023-07-14,5.0,10.0,false
1081,NS30,NovaSpace Deutschland GmbH,2023,7,T01,Sub-ledger cut-off — Accounts Payable,1,1,2023-07-31,2023-08-01,2023-08-04,3.0,,false
1082,NS30,NovaSpace Deutschland GmbH,2023,7,T02,Sub-ledger cut-off — Accounts Receivable,2,1,2023-07-31,2023-08-01,2023-08-09,6.0,,false
1083,NS30,NovaSpace Deutschland GmbH,2023,7,T03,GR/IR clearing,3,2,2023-07-31,2023-08-02,2023-08-04,2.0,,false
1084,NS30,NovaSpace Deutschland GmbH,2023,7,T04,Payroll posting,4,2,2023-07-31,2023-08-02,2023-08-08,4.0,,false
1085,NS30,NovaSpace Deutschland GmbH,2023,7,T05,Depreciation run,5,2,2023-07-31,2023-08-02,2023-08-03,1.0,,false
1086,NS30,NovaSpace Deutschland GmbH,2023,7,T06,Accruals posting,6,3,2023-07-31,2023-08-03,2023-08-04,1.0,,false
1087,NS30,NovaSpace Deutschland GmbH,2023,7,T07,Overhead allocation cycle,7,3,2023-07-31,2023-08-03,2023-08-09,4.0,,false
1088,NS30,NovaSpace Deutschland GmbH,2023,7,T08,Intercompany reconciliation,8,3,2023-07-31,2023-08-03,2023-08-07,2.0,,false
1089,NS30,NovaSpace Deutschland GmbH,2023,7,T09,FX revaluation,9,4,2023-07-31,2023-08-04,2023-08-09,3.0,,false
1090,NS30,NovaSpace Deutschland GmbH,2023,7,T10,Soft close / reporting cut-off,10,4,2023-07-31,2023-08-04,2023-08-11,5.0,,false
1091,NS30,NovaSpace Deutschland GmbH,2023,7,T11,Management reporting pack,11,5,2023-07-31,2023-08-07,2023-08-11,4.0,,false
1092,NS30,NovaSpace Deutschland GmbH,2023,7,T12,Hard close / period lock,12,5,2023-07-31,2023-08-07,2023-08-10,3.0,8.0,false
1093,NS30,NovaSpace Deutschland GmbH,2023,8,T01,Sub-ledger cut-off — Accounts Payable,1,1,2023-08-31,2023-09-01,2023-09-07,4.0,,false
1094,NS30,NovaSpace Deutschland GmbH,2023,8,T02,Sub-ledger cut-off — Accounts Receivable,2,1,2023-08-31,2023-09-01,2023-09-06,3.0,,false
1095,NS30,NovaSpace Deutschland GmbH,2023,8,T03,GR/IR clearing,3,2,2023-08-31,2023-09-04,2023-09-06,2.0,,false
1096,NS30,NovaSpace Deutschland GmbH,2023,8,T04,Payroll posting,4,2,2023-08-31,2023-09-04,2023-09-08,4.0,,false
1097,NS30,NovaSpace Deutschland GmbH,2023,8,T05,Depreciation run,5,2,2023-08-31,2023-09-04,2023-09-07,3.0,,false
1098,NS30,NovaSpace Deutschland GmbH,2023,8,T06,Accruals posting,6,3,2023-08-31,2023-09-05,2023-09-11,4.0,,false
1099,NS30,NovaSpace Deutschland GmbH,2023,8,T07,Overhead allocation cycle,7,3,2023-08-31,2023-09-05,2023-09-12,5.0,,false
1100,NS30,NovaSpace Deutschland GmbH,2023,8,T08,Intercompany reconciliation,8,3,2023-08-31,2023-09-05,2023-09-12,5.0,,false
1101,NS30,NovaSpace Deutschland GmbH,2023,8,T09,FX revaluation,9,4,2023-08-31,2023-09-06,2023-09-11,3.0,,false
1102,NS30,NovaSpace Deutschland GmbH,2023,8,T10,Soft close / reporting cut-off,10,4,2023-08-31,2023-09-06,2023-09-12,4.0,,false
1103,NS30,NovaSpace Deutschland GmbH,2023,8,T11,Management reporting pack,11,5,2023-08-31,2023-09-07,2023-09-14,5.0,,false
1104,NS30,NovaSpace Deutschland GmbH,2023,8,T12,Hard close / period lock,12,5,2023-08-31,2023-09-07,2023-09-11,2.0,7.0,false
1105,NS30,NovaSpace Deutschland GmbH,2023,9,T01,Sub-ledger cut-off — Accounts Payable,1,1,2023-09-30,2023-10-02,2023-10-04,2.0,,false
1106,NS30,NovaSpace Deutschland GmbH,2023,9,T02,Sub-ledger cut-off — Accounts Receivable,2,1,2023-09-30,2023-10-02,2023-10-05,3.0,,false
1107,NS30,NovaSpace Deutschland GmbH,2023,9,T03,GR/IR clearing,3,2,2023-09-30,2023-10-03,2023-10-06,3.0,,false
1108,NS30,NovaSpace Deutschland GmbH,2023,9,T04,Payroll posting,4,2,2023-09-30,2023-10-03,2023-10-09,4.0,,false
1109,NS30,NovaSpace Deutschland GmbH,2023,9,T05,Depreciation run,5,2,2023-09-30,2023-10-03,2023-10-05,2.0,,false
1110,NS30,NovaSpace Deutschland GmbH,2023,9,T06,Accruals posting,6,3,2023-09-30,2023-10-04,2023-10-09,3.0,,false
1111,NS30,NovaSpace Deutschland GmbH,2023,9,T07,Overhead allocation cycle,7,3,2023-09-30,2023-10-04,2023-10-09,3.0,,false
1112,NS30,NovaSpace Deutschland GmbH,2023,9,T08,Intercompany reconciliation,8,3,2023-09-30,2023-10-04,2023-10-09,3.0,,false
1113,NS30,NovaSpace Deutschland GmbH,2023,9,T09,FX revaluation,9,4,2023-09-30,2023-10-05,2023-10-10,3.0,,false
1114,NS30,NovaSpace Deutschland GmbH,2023,9,T10,Soft close / reporting cut-off,10,4,2023-09-30,2023-10-05,2023-10-10,3.0,,false
1115,NS30,NovaSpace Deutschland GmbH,2023,9,T11,Management reporting pack,11,5,2023-09-30,2023-10-06,2023-10-10,2.0,,false
1116,NS30,NovaSpace Deutschland GmbH,2023,9,T12,Hard close / period lock,12,5,2023-09-30,2023-10-06,2023-10-13,5.0,10.0,false
1117,NS30,NovaSpace Deutschland GmbH,2023,10,T01,Sub-ledger cut-off — Accounts Payable,1,1,2023-10-31,2023-11-01,2023-11-06,3.0,,false
1118,NS30,NovaSpace Deutschland GmbH,2023,10,T02,Sub-ledger cut-off — Accounts Receivable,2,1,2023-10-31,2023-11-01,2023-11-06,3.0,,false
1119,NS30,NovaSpace Deutschland GmbH,2023,10,T03,GR/IR clearing,3,2,2023-10-31,2023-11-02,2023-11-08,4.0,,false
1120,NS30,NovaSpace Deutschland GmbH,2023,10,T04,Payroll posting,4,2,2023-10-31,2023-11-02,2023-11-06,2.0,,false
1121,NS30,NovaSpace Deutschland GmbH,2023,10,T05,Depreciation run,5,2,2023-10-31,2023-11-02,2023-11-08,4.0,,false
1122,NS30,NovaSpace Deutschland GmbH,2023,10,T06,Accruals posting,6,3,2023-10-31,2023-11-03,2023-11-07,2.0,,false
1123,NS30,NovaSpace Deutschland GmbH,2023,10,T07,Overhead allocation cycle,7,3,2023-10-31,2023-11-03,2023-11-06,1.0,,false
1124,NS30,NovaSpace Deutschland GmbH,2023,10,T08,Intercompany reconciliation,8,3,2023-10-31,2023-11-03,2023-11-09,4.0,,false
1125,NS30,NovaSpace Deutschland GmbH,2023,10,T09,FX revaluation,9,4,2023-10-31,2023-11-06,2023-11-10,4.0,,false
1126,NS30,NovaSpace Deutschland GmbH,2023,10,T10,Soft close / reporting cut-off,10,4,2023-10-31,2023-11-06,2023-11-10,4.0,,false
1127,NS30,NovaSpace Deutschland GmbH,2023,10,T11,Management reporting pack,11,5,2023-10-31,2023-11-07,2023-11-10,3.0,,false
1128,NS30,NovaSpace Deutschland GmbH,2023,10,T12,Hard close / period lock,12,5,2023-10-31,2023-11-07,2023-11-13,4.0,9.0,false
1129,NS30,NovaSpace Deutschland GmbH,2023,11,T01,Sub-ledger cut-off — Accounts Payable,1,1,2023-11-30,2023-12-01,2023-12-06,3.0,,false
1130,NS30,NovaSpace Deutschland GmbH,2023,11,T02,Sub-ledger cut-off — Accounts Receivable,2,1,2023-11-30,2023-12-01,2023-12-05,2.0,,false
1131,NS30,NovaSpace Deutschland GmbH,2023,11,T03,GR/IR clearing,3,2,2023-11-30,2023-12-04,2023-12-12,6.0,,false
1132,NS30,NovaSpace Deutschland GmbH,2023,11,T04,Payroll posting,4,2,2023-11-30,2023-12-04,2023-12-11,5.0,,false
1133,NS30,NovaSpace Deutschland GmbH,2023,11,T05,Depreciation run,5,2,2023-11-30,2023-12-04,2023-12-06,2.0,,false
1134,NS30,NovaSpace Deutschland GmbH,2023,11,T06,Accruals posting,6,3,2023-11-30,2023-12-05,2023-12-08,3.0,,false
1135,NS30,NovaSpace Deutschland GmbH,2023,11,T07,Overhead allocation cycle,7,3,2023-11-30,2023-12-05,2023-12-11,4.0,,false
1136,NS30,NovaSpace Deutschland GmbH,2023,11,T08,Intercompany reconciliation,8,3,2023-11-30,2023-12-05,2023-12-07,2.0,,false
1137,NS30,NovaSpace Deutschland GmbH,2023,11,T09,FX revaluation,9,4,2023-11-30,2023-12-06,2023-12-12,4.0,,false
1138,NS30,NovaSpace Deutschland GmbH,2023,11,T10,Soft close / reporting cut-off,10,4,2023-11-30,2023-12-06,2023-12-11,3.0,,false
1139,NS30,NovaSpace Deutschland GmbH,2023,11,T11,Management reporting pack,11,5,2023-11-30,2023-12-07,2023-12-14,5.0,,false
1140,NS30,NovaSpace Deutschland GmbH,2023,11,T12,Hard close / period lock,12,5,2023-11-30,2023-12-07,2023-12-11,2.0,7.0,false
1141,NS30,NovaSpace Deutschland GmbH,2023,12,T01,Sub-ledger cut-off — Accounts Payable,1,1,2023-12-31,2024-01-02,2024-01-05,3.0,,false
1142,NS30,NovaSpace Deutschland GmbH,2023,12,T02,Sub-ledger cut-off — Accounts Receivable,2,1,2023-12-31,2024-01-02,2024-01-05,3.0,,false
1143,NS30,NovaSpace Deutschland GmbH,2023,12,T03,GR/IR clearing,3,2,2023-12-31,2024-01-03,2024-01-05,2.0,,false
1144,NS30,NovaSpace Deutschland GmbH,2023,12,T04,Payroll posting,4,2,2023-12-31,2024-01-03,2024-01-08,3.0,,false
1145,NS30,NovaSpace Deutschland GmbH,2023,12,T05,Depreciation run,5,2,2023-12-31,2024-01-03,2024-01-09,4.0,,false
1146,NS30,NovaSpace Deutschland GmbH,2023,12,T06,Accruals posting,6,3,2023-12-31,2024-01-04,2024-01-09,3.0,,false
1147,NS30,NovaSpace Deutschland GmbH,2023,12,T07,Overhead allocation cycle,7,3,2023-12-31,2024-01-04,2024-01-08,2.0,,false
1148,NS30,NovaSpace Deutschland GmbH,2023,12,T08,Intercompany reconciliation,8,3,2023-12-31,2024-01-04,2024-01-08,2.0,,false
1149,NS30,NovaSpace Deutschland GmbH,2023,12,T09,FX revaluation,9,4,2023-12-31,2024-01-05,2024-01-09,2.0,,false
1150,NS30,NovaSpace Deutschland GmbH,2023,12,T10,Soft close / reporting cut-off,10,4,2023-12-31,2024-01-05,2024-01-10,3.0,,false
1151,NS30,NovaSpace Deutschland GmbH,2023,12,T11,Management reporting pack,11,5,2023-12-31,2024-01-08,2024-01-15,5.0,,false
1152,NS30,NovaSpace Deutschland GmbH,2023,12,T12,Hard close / period lock,12,5,2023-12-31,2024-01-08,2024-01-12,4.0,9.0,false
1153,NS30,NovaSpace Deutschland GmbH,2024,1,T01,Sub-ledger cut-off — Accounts Payable,1,1,2024-01-31,2024-02-01,2024-02-06,3.0,,false
1154,NS30,NovaSpace Deutschland GmbH,2024,1,T02,Sub-ledger cut-off — Accounts Receivable,2,1,2024-01-31,2024-02-01,2024-02-06,3.0,,false
1155,NS30,NovaSpace Deutschland GmbH,2024,1,T03,GR/IR clearing,3,2,2024-01-31,2024-02-02,2024-02-09,5.0,,false
1156,NS30,NovaSpace Deutschland GmbH,2024,1,T04,Payroll posting,4,2,2024-01-31,2024-02-02,2024-02-07,3.0,,false
1157,NS30,NovaSpace Deutschland GmbH,2024,1,T05,Depreciation run,5,2,2024-01-31,2024-02-02,2024-02-06,2.0,,false
1158,NS30,NovaSpace Deutschland GmbH,2024,1,T06,Accruals posting,6,3,2024-01-31,2024-02-05,2024-02-09,4.0,,false
1159,NS30,NovaSpace Deutschland GmbH,2024,1,T07,Overhead allocation cycle,7,3,2024-01-31,2024-02-05,2024-02-08,3.0,,false
1160,NS30,NovaSpace Deutschland GmbH,2024,1,T08,Intercompany reconciliation,8,3,2024-01-31,2024-02-05,2024-02-07,2.0,,false
1161,NS30,NovaSpace Deutschland GmbH,2024,1,T09,FX revaluation,9,4,2024-01-31,2024-02-06,2024-02-12,4.0,,false
1162,NS30,NovaSpace Deutschland GmbH,2024,1,T10,Soft close / reporting cut-off,10,4,2024-01-31,2024-02-06,2024-02-14,6.0,,false
1163,NS30,NovaSpace Deutschland GmbH,2024,1,T11,Management reporting pack,11,5,2024-01-31,2024-02-07,2024-02-09,2.0,,false
1164,NS30,NovaSpace Deutschland GmbH,2024,1,T12,Hard close / period lock,12,5,2024-01-31,2024-02-07,2024-02-15,6.0,11.0,false
1165,NS30,NovaSpace Deutschland GmbH,2024,2,T01,Sub-ledger cut-off — Accounts Payable,1,1,2024-02-29,2024-03-01,2024-03-05,2.0,,false
1166,NS30,NovaSpace Deutschland GmbH,2024,2,T02,Sub-ledger cut-off — Accounts Receivable,2,1,2024-02-29,2024-03-01,2024-03-07,4.0,,false
1167,NS30,NovaSpace Deutschland GmbH,2024,2,T03,GR/IR clearing,3,2,2024-02-29,2024-03-04,2024-03-07,3.0,,false
1168,NS30,NovaSpace Deutschland GmbH,2024,2,T04,Payroll posting,4,2,2024-02-29,2024-03-04,2024-03-07,3.0,,false
1169,NS30,NovaSpace Deutschland GmbH,2024,2,T05,Depreciation run,5,2,2024-02-29,2024-03-04,2024-03-11,5.0,,false
1170,NS30,NovaSpace Deutschland GmbH,2024,2,T06,Accruals posting,6,3,2024-02-29,2024-03-05,2024-03-13,6.0,,false
1171,NS30,NovaSpace Deutschland GmbH,2024,2,T07,Overhead allocation cycle,7,3,2024-02-29,2024-03-05,2024-03-07,2.0,,false
1172,NS30,NovaSpace Deutschland GmbH,2024,2,T08,Intercompany reconciliation,8,3,2024-02-29,2024-03-05,2024-03-12,5.0,,false
1173,NS30,NovaSpace Deutschland GmbH,2024,2,T09,FX revaluation,9,4,2024-02-29,2024-03-06,2024-03-08,2.0,,false
1174,NS30,NovaSpace Deutschland GmbH,2024,2,T10,Soft close / reporting cut-off,10,4,2024-02-29,2024-03-06,2024-03-07,1.0,,false
1175,NS30,NovaSpace Deutschland GmbH,2024,2,T11,Management reporting pack,11,5,2024-02-29,2024-03-07,2024-03-13,4.0,,false
1176,NS30,NovaSpace Deutschland GmbH,2024,2,T12,Hard close / period lock,12,5,2024-02-29,2024-03-07,2024-03-12,3.0,8.0,false
1177,NS30,NovaSpace Deutschland GmbH,2024,3,T01,Sub-ledger cut-off — Accounts Payable,1,1,2024-03-31,2024-04-02,2024-04-05,3.0,,false
1178,NS30,NovaSpace Deutschland GmbH,2024,3,T02,Sub-ledger cut-off — Accounts Receivable,2,1,2024-03-31,2024-04-02,2024-04-08,4.0,,false
1179,NS30,NovaSpace Deutschland GmbH,2024,3,T03,GR/IR clearing,3,2,2024-03-31,2024-04-03,2024-04-04,1.0,,false
1180,NS30,NovaSpace Deutschland GmbH,2024,3,T04,Payroll posting,4,2,2024-03-31,2024-04-03,2024-04-08,3.0,,false
1181,NS30,NovaSpace Deutschland GmbH,2024,3,T05,Depreciation run,5,2,2024-03-31,2024-04-03,2024-04-05,2.0,,false
1182,NS30,NovaSpace Deutschland GmbH,2024,3,T06,Accruals posting,6,3,2024-03-31,2024-04-04,2024-04-10,4.0,,false
1183,NS30,NovaSpace Deutschland GmbH,2024,3,T07,Overhead allocation cycle,7,3,2024-03-31,2024-04-04,2024-04-11,5.0,,false
1184,NS30,NovaSpace Deutschland GmbH,2024,3,T08,Intercompany reconciliation,8,3,2024-03-31,2024-04-04,2024-04-09,3.0,,false
1185,NS30,NovaSpace Deutschland GmbH,2024,3,T09,FX revaluation,9,4,2024-03-31,2024-04-05,2024-04-09,2.0,,false
1186,NS30,NovaSpace Deutschland GmbH,2024,3,T10,Soft close / reporting cut-off,10,4,2024-03-31,2024-04-05,2024-04-11,4.0,,false
1187,NS30,NovaSpace Deutschland GmbH,2024,3,T11,Management reporting pack,11,5,2024-03-31,2024-04-08,2024-04-12,4.0,,false
1188,NS30,NovaSpace Deutschland GmbH,2024,3,T12,Hard close / period lock,12,5,2024-03-31,2024-04-08,2024-04-12,4.0,9.0,false
1189,NS30,NovaSpace Deutschland GmbH,2024,4,T01,Sub-ledger cut-off — Accounts Payable,1,1,2024-04-30,2024-05-02,2024-05-06,2.0,,false
1190,NS30,NovaSpace Deutschland GmbH,2024,4,T02,Sub-ledger cut-off — Accounts Receivable,2,1,2024-04-30,2024-05-02,2024-05-07,3.0,,false
1191,NS30,NovaSpace Deutschland GmbH,2024,4,T03,GR/IR clearing,3,2,2024-04-30,2024-05-03,2024-05-08,3.0,,false
1192,NS30,NovaSpace Deutschland GmbH,2024,4,T04,Payroll posting,4,2,2024-04-30,2024-05-03,2024-05-09,4.0,,false
1193,NS30,NovaSpace Deutschland GmbH,2024,4,T05,Depreciation run,5,2,2024-04-30,2024-05-03,2024-05-07,2.0,,false
1194,NS30,NovaSpace Deutschland GmbH,2024,4,T06,Accruals posting,6,3,2024-04-30,2024-05-06,2024-05-09,3.0,,false
1195,NS30,NovaSpace Deutschland GmbH,2024,4,T07,Overhead allocation cycle,7,3,2024-04-30,2024-05-06,2024-05-08,2.0,,false
1196,NS30,NovaSpace Deutschland GmbH,2024,4,T08,Intercompany reconciliation,8,3,2024-04-30,2024-05-06,2024-05-10,4.0,,false
1197,NS30,NovaSpace Deutschland GmbH,2024,4,T09,FX revaluation,9,4,2024-04-30,2024-05-07,2024-05-10,3.0,,false
1198,NS30,NovaSpace Deutschland GmbH,2024,4,T10,Soft close / reporting cut-off,10,4,2024-04-30,2024-05-07,2024-05-13,4.0,,false
1199,NS30,NovaSpace Deutschland GmbH,2024,4,T11,Management reporting pack,11,5,2024-04-30,2024-05-08,2024-05-10,2.0,,false
1200,NS30,NovaSpace Deutschland GmbH,2024,4,T12,Hard close / period lock,12,5,2024-04-30,2024-05-08,2024-05-14,4.0,9.0,false
1201,NS30,NovaSpace Deutschland GmbH,2024,5,T01,Sub-ledger cut-off — Accounts Payable,1,1,2024-05-31,2024-06-03,2024-06-07,4.0,,false
1202,NS30,NovaSpace Deutschland GmbH,2024,5,T02,Sub-ledger cut-off — Accounts Receivable,2,1,2024-05-31,2024-06-03,2024-06-06,3.0,,false
1203,NS30,NovaSpace Deutschland GmbH,2024,5,T03,GR/IR clearing,3,2,2024-05-31,2024-06-04,2024-06-07,3.0,,false
1204,NS30,NovaSpace Deutschland GmbH,2024,5,T04,Payroll posting,4,2,2024-05-31,2024-06-04,2024-06-06,2.0,,false
1205,NS30,NovaSpace Deutschland GmbH,2024,5,T05,Depreciation run,5,2,2024-05-31,2024-06-04,2024-06-06,2.0,,false
1206,NS30,NovaSpace Deutschland GmbH,2024,5,T06,Accruals posting,6,3,2024-05-31,2024-06-05,2024-06-10,3.0,,false
1207,NS30,NovaSpace Deutschland GmbH,2024,5,T07,Overhead allocation cycle,7,3,2024-05-31,2024-06-05,2024-06-11,4.0,,false
1208,NS30,NovaSpace Deutschland GmbH,2024,5,T08,Intercompany reconciliation,8,3,2024-05-31,2024-06-05,2024-06-07,2.0,,false
1209,NS30,NovaSpace Deutschland GmbH,2024,5,T09,FX revaluation,9,4,2024-05-31,2024-06-06,2024-06-12,4.0,,false
1210,NS30,NovaSpace Deutschland GmbH,2024,5,T10,Soft close / reporting cut-off,10,4,2024-05-31,2024-06-06,2024-06-10,2.0,,false
1211,NS30,NovaSpace Deutschland GmbH,2024,5,T11,Management reporting pack,11,5,2024-05-31,2024-06-07,2024-06-13,4.0,,false
1212,NS30,NovaSpace Deutschland GmbH,2024,5,T12,Hard close / period lock,12,5,2024-05-31,2024-06-07,2024-06-13,4.0,9.0,false
1213,NS30,NovaSpace Deutschland GmbH,2024,6,T01,Sub-ledger cut-off — Accounts Payable,1,1,2024-06-30,2024-07-01,2024-07-04,3.0,,false
1214,NS30,NovaSpace Deutschland GmbH,2024,6,T02,Sub-ledger cut-off — Accounts Receivable,2,1,2024-06-30,2024-07-01,2024-07-03,2.0,,false
1215,NS30,NovaSpace Deutschland GmbH,2024,6,T03,GR/IR clearing,3,2,2024-06-30,2024-07-02,2024-07-05,3.0,,false
1216,NS30,NovaSpace Deutschland GmbH,2024,6,T04,Payroll posting,4,2,2024-06-30,2024-07-02,2024-07-04,2.0,,false
1217,NS30,NovaSpace Deutschland GmbH,2024,6,T05,Depreciation run,5,2,2024-06-30,2024-07-02,2024-07-08,4.0,,false
1218,NS30,NovaSpace Deutschland GmbH,2024,6,T06,Accruals posting,6,3,2024-06-30,2024-07-03,2024-07-09,4.0,,false
1219,NS30,NovaSpace Deutschland GmbH,2024,6,T07,Overhead allocation cycle,7,3,2024-06-30,2024-07-03,2024-07-09,4.0,,false
1220,NS30,NovaSpace Deutschland GmbH,2024,6,T08,Intercompany reconciliation,8,3,2024-06-30,2024-07-03,2024-07-08,3.0,,false
1221,NS30,NovaSpace Deutschland GmbH,2024,6,T09,FX revaluation,9,4,2024-06-30,2024-07-04,2024-07-10,4.0,,false
1222,NS30,NovaSpace Deutschland GmbH,2024,6,T10,Soft close / reporting cut-off,10,4,2024-06-30,2024-07-04,2024-07-10,4.0,,false
1223,NS30,NovaSpace Deutschland GmbH,2024,6,T11,Management reporting pack,11,5,2024-06-30,2024-07-05,2024-07-10,3.0,,false
1224,NS30,NovaSpace Deutschland GmbH,2024,6,T12,Hard close / period lock,12,5,2024-06-30,2024-07-05,2024-07-11,4.0,9.0,false
1225,NS30,NovaSpace Deutschland GmbH,2024,7,T01,Sub-ledger cut-off — Accounts Payable,1,1,2024-07-31,2024-08-01,2024-08-06,3.0,,false
1226,NS30,NovaSpace Deutschland GmbH,2024,7,T02,Sub-ledger cut-off — Accounts Receivable,2,1,2024-07-31,2024-08-01,2024-08-08,5.0,,false
1227,NS30,NovaSpace Deutschland GmbH,2024,7,T03,GR/IR clearing,3,2,2024-07-31,2024-08-02,2024-08-05,1.0,,false
1228,NS30,NovaSpace Deutschland GmbH,2024,7,T04,Payroll posting,4,2,2024-07-31,2024-08-02,2024-08-05,1.0,,false
1229,NS30,NovaSpace Deutschland GmbH,2024,7,T05,Depreciation run,5,2,2024-07-31,2024-08-02,2024-08-08,4.0,,false
1230,NS30,NovaSpace Deutschland GmbH,2024,7,T06,Accruals posting,6,3,2024-07-31,2024-08-05,2024-08-12,5.0,,false
1231,NS30,NovaSpace Deutschland GmbH,2024,7,T07,Overhead allocation cycle,7,3,2024-07-31,2024-08-05,2024-08-12,5.0,,false
1232,NS30,NovaSpace Deutschland GmbH,2024,7,T08,Intercompany reconciliation,8,3,2024-07-31,2024-08-05,2024-08-07,2.0,,false
1233,NS30,NovaSpace Deutschland GmbH,2024,7,T09,FX revaluation,9,4,2024-07-31,2024-08-06,2024-08-09,3.0,,false
1234,NS30,NovaSpace Deutschland GmbH,2024,7,T10,Soft close / reporting cut-off,10,4,2024-07-31,2024-08-06,2024-08-09,3.0,,false
1235,NS30,NovaSpace Deutschland GmbH,2024,7,T11,Management reporting pack,11,5,2024-07-31,2024-08-07,2024-08-12,3.0,,false
1236,NS30,NovaSpace Deutschland GmbH,2024,7,T12,Hard close / period lock,12,5,2024-07-31,2024-08-07,2024-08-09,2.0,7.0,false
1237,NS30,NovaSpace Deutschland GmbH,2024,8,T01,Sub-ledger cut-off — Accounts Payable,1,1,2024-08-31,2024-09-02,2024-09-04,2.0,,false
1238,NS30,NovaSpace Deutschland GmbH,2024,8,T02,Sub-ledger cut-off — Accounts Receivable,2,1,2024-08-31,2024-09-02,2024-09-04,2.0,,false
1239,NS30,NovaSpace Deutschland GmbH,2024,8,T03,GR/IR clearing,3,2,2024-08-31,2024-09-03,2024-09-09,4.0,,false
1240,NS30,NovaSpace Deutschland GmbH,2024,8,T04,Payroll posting,4,2,2024-08-31,2024-09-03,2024-09-06,3.0,,false
1241,NS30,NovaSpace Deutschland GmbH,2024,8,T05,Depreciation run,5,2,2024-08-31,2024-09-03,2024-09-06,3.0,,false
1242,NS30,NovaSpace Deutschland GmbH,2024,8,T06,Accruals posting,6,3,2024-08-31,2024-09-04,2024-09-09,3.0,,false
1243,NS30,NovaSpace Deutschland GmbH,2024,8,T07,Overhead allocation cycle,7,3,2024-08-31,2024-09-04,2024-09-06,2.0,,false
1244,NS30,NovaSpace Deutschland GmbH,2024,8,T08,Intercompany reconciliation,8,3,2024-08-31,2024-09-04,2024-09-12,6.0,,false
1245,NS30,NovaSpace Deutschland GmbH,2024,8,T09,FX revaluation,9,4,2024-08-31,2024-09-05,2024-09-11,4.0,,false
1246,NS30,NovaSpace Deutschland GmbH,2024,8,T10,Soft close / reporting cut-off,10,4,2024-08-31,2024-09-05,2024-09-09,2.0,,false
1247,NS30,NovaSpace Deutschland GmbH,2024,8,T11,Management reporting pack,11,5,2024-08-31,2024-09-06,2024-09-12,4.0,,false
1248,NS30,NovaSpace Deutschland GmbH,2024,8,T12,Hard close / period lock,12,5,2024-08-31,2024-09-06,2024-09-10,2.0,7.0,false
1249,NS30,NovaSpace Deutschland GmbH,2024,9,T01,Sub-ledger cut-off — Accounts Payable,1,1,2024-09-30,2024-10-01,2024-10-02,1.0,,false
1250,NS30,NovaSpace Deutschland GmbH,2024,9,T02,Sub-ledger cut-off — Accounts Receivable,2,1,2024-09-30,2024-10-01,2024-10-03,2.0,,false
1251,NS30,NovaSpace Deutschland GmbH,2024,9,T03,GR/IR clearing,3,2,2024-09-30,2024-10-02,2024-10-04,2.0,,false
1252,NS30,NovaSpace Deutschland GmbH,2024,9,T04,Payroll posting,4,2,2024-09-30,2024-10-02,2024-10-07,3.0,,false
1253,NS30,NovaSpace Deutschland GmbH,2024,9,T05,Depreciation run,5,2,2024-09-30,2024-10-02,2024-10-08,4.0,,false
1254,NS30,NovaSpace Deutschland GmbH,2024,9,T06,Accruals posting,6,3,2024-09-30,2024-10-03,2024-10-08,3.0,,false
1255,NS30,NovaSpace Deutschland GmbH,2024,9,T07,Overhead allocation cycle,7,3,2024-09-30,2024-10-03,2024-10-08,3.0,,false
1256,NS30,NovaSpace Deutschland GmbH,2024,9,T08,Intercompany reconciliation,8,3,2024-09-30,2024-10-03,2024-10-09,4.0,,false
1257,NS30,NovaSpace Deutschland GmbH,2024,9,T09,FX revaluation,9,4,2024-09-30,2024-10-04,2024-10-09,3.0,,false
1258,NS30,NovaSpace Deutschland GmbH,2024,9,T10,Soft close / reporting cut-off,10,4,2024-09-30,2024-10-04,2024-10-10,4.0,,false
1259,NS30,NovaSpace Deutschland GmbH,2024,9,T11,Management reporting pack,11,5,2024-09-30,2024-10-07,2024-10-09,2.0,,false
1260,NS30,NovaSpace Deutschland GmbH,2024,9,T12,Hard close / period lock,12,5,2024-09-30,2024-10-07,2024-10-10,3.0,8.0,false
1261,NS30,NovaSpace Deutschland GmbH,2024,10,T01,Sub-ledger cut-off — Accounts Payable,1,1,2024-10-31,2024-11-01,2024-11-06,3.0,,false
1262,NS30,NovaSpace Deutschland GmbH,2024,10,T02,Sub-ledger cut-off — Accounts Receivable,2,1,2024-10-31,2024-11-01,2024-11-04,1.0,,false
1263,NS30,NovaSpace Deutschland GmbH,2024,10,T03,GR/IR clearing,3,2,2024-10-31,2024-11-04,2024-11-08,4.0,,false
1264,NS30,NovaSpace Deutschland GmbH,2024,10,T04,Payroll posting,4,2,2024-10-31,2024-11-04,2024-11-08,4.0,,false
1265,NS30,NovaSpace Deutschland GmbH,2024,10,T05,Depreciation run,5,2,2024-10-31,2024-11-04,2024-11-05,1.0,,false
1266,NS30,NovaSpace Deutschland GmbH,2024,10,T06,Accruals posting,6,3,2024-10-31,2024-11-05,2024-11-11,4.0,,false
1267,NS30,NovaSpace Deutschland GmbH,2024,10,T07,Overhead allocation cycle,7,3,2024-10-31,2024-11-05,2024-11-11,4.0,,false
1268,NS30,NovaSpace Deutschland GmbH,2024,10,T08,Intercompany reconciliation,8,3,2024-10-31,2024-11-05,2024-11-07,2.0,,false
1269,NS30,NovaSpace Deutschland GmbH,2024,10,T09,FX revaluation,9,4,2024-10-31,2024-11-06,2024-11-08,2.0,,false
1270,NS30,NovaSpace Deutschland GmbH,2024,10,T10,Soft close / reporting cut-off,10,4,2024-10-31,2024-11-06,2024-11-12,4.0,,false
1271,NS30,NovaSpace Deutschland GmbH,2024,10,T11,Management reporting pack,11,5,2024-10-31,2024-11-07,2024-11-13,4.0,,false
1272,NS30,NovaSpace Deutschland GmbH,2024,10,T12,Hard close / period lock,12,5,2024-10-31,2024-11-07,2024-11-13,4.0,9.0,false
1273,NS30,NovaSpace Deutschland GmbH,2024,11,T01,Sub-ledger cut-off — Accounts Payable,1,1,2024-11-30,2024-12-02,2024-12-05,3.0,,false
1274,NS30,NovaSpace Deutschland GmbH,2024,11,T02,Sub-ledger cut-off — Accounts Receivable,2,1,2024-11-30,2024-12-02,2024-12-04,2.0,,false
1275,NS30,NovaSpace Deutschland GmbH,2024,11,T03,GR/IR clearing,3,2,2024-11-30,2024-12-03,2024-12-09,4.0,,false
1276,NS30,NovaSpace Deutschland GmbH,2024,11,T04,Payroll posting,4,2,2024-11-30,2024-12-03,2024-12-09,4.0,,false
1277,NS30,NovaSpace Deutschland GmbH,2024,11,T05,Depreciation run,5,2,2024-11-30,2024-12-03,2024-12-06,3.0,,false
1278,NS30,NovaSpace Deutschland GmbH,2024,11,T06,Accruals posting,6,3,2024-11-30,2024-12-04,2024-12-06,2.0,,false
1279,NS30,NovaSpace Deutschland GmbH,2024,11,T07,Overhead allocation cycle,7,3,2024-11-30,2024-12-04,2024-12-09,3.0,,false
1280,NS30,NovaSpace Deutschland GmbH,2024,11,T08,Intercompany reconciliation,8,3,2024-11-30,2024-12-04,2024-12-09,3.0,,false
1281,NS30,NovaSpace Deutschland GmbH,2024,11,T09,FX revaluation,9,4,2024-11-30,2024-12-05,2024-12-09,2.0,,false
1282,NS30,NovaSpace Deutschland GmbH,2024,11,T10,Soft close / reporting cut-off,10,4,2024-11-30,2024-12-05,2024-12-12,5.0,,false
1283,NS30,NovaSpace Deutschland GmbH,2024,11,T11,Management reporting pack,11,5,2024-11-30,2024-12-06,2024-12-11,3.0,,false
1284,NS30,NovaSpace Deutschland GmbH,2024,11,T12,Hard close / period lock,12,5,2024-11-30,2024-12-06,2024-12-09,1.0,6.0,false
1285,NS30,NovaSpace Deutschland GmbH,2024,12,T01,Sub-ledger cut-off — Accounts Payable,1,1,2024-12-31,2025-01-02,2025-01-07,3.0,,false
1286,NS30,NovaSpace Deutschland GmbH,2024,12,T02,Sub-ledger cut-off — Accounts Receivable,2,1,2024-12-31,2025-01-02,2025-01-08,4.0,,false
1287,NS30,NovaSpace Deutschland GmbH,2024,12,T03,GR/IR clearing,3,2,2024-12-31,2025-01-03,2025-01-07,2.0,,false
1288,NS30,NovaSpace Deutschland GmbH,2024,12,T04,Payroll posting,4,2,2024-12-31,2025-01-03,2025-01-09,4.0,,false
1289,NS30,NovaSpace Deutschland GmbH,2024,12,T05,Depreciation run,5,2,2024-12-31,2025-01-03,2025-01-08,3.0,,false
1290,NS30,NovaSpace Deutschland GmbH,2024,12,T06,Accruals posting,6,3,2024-12-31,2025-01-06,2025-01-13,5.0,,false
1291,NS30,NovaSpace Deutschland GmbH,2024,12,T07,Overhead allocation cycle,7,3,2024-12-31,2025-01-06,2025-01-08,2.0,,false
1292,NS30,NovaSpace Deutschland GmbH,2024,12,T08,Intercompany reconciliation,8,3,2024-12-31,2025-01-06,2025-01-08,2.0,,false
1293,NS30,NovaSpace Deutschland GmbH,2024,12,T09,FX revaluation,9,4,2024-12-31,2025-01-07,2025-01-14,5.0,,false
1294,NS30,NovaSpace Deutschland GmbH,2024,12,T10,Soft close / reporting cut-off,10,4,2024-12-31,2025-01-07,2025-01-09,2.0,,false
1295,NS30,NovaSpace Deutschland GmbH,2024,12,T11,Management reporting pack,11,5,2024-12-31,2025-01-08,2025-01-13,3.0,,false
1296,NS30,NovaSpace Deutschland GmbH,2024,12,T12,Hard close / period lock,12,5,2024-12-31,2025-01-08,2025-01-13,3.0,8.0,false
1297,NS30,NovaSpace Deutschland GmbH,2025,1,T01,Sub-ledger cut-off — Accounts Payable,1,1,2025-01-31,2025-02-03,2025-02-07,4.0,,false
1298,NS30,NovaSpace Deutschland GmbH,2025,1,T02,Sub-ledger cut-off — Accounts Receivable,2,1,2025-01-31,2025-02-03,2025-02-11,6.0,,false
1299,NS30,NovaSpace Deutschland GmbH,2025,1,T03,GR/IR clearing,3,2,2025-01-31,2025-02-04,2025-02-07,3.0,,false
1300,NS30,NovaSpace Deutschland GmbH,2025,1,T04,Payroll posting,4,2,2025-01-31,2025-02-04,2025-02-10,4.0,,false
1301,NS30,NovaSpace Deutschland GmbH,2025,1,T05,Depreciation run,5,2,2025-01-31,2025-02-04,2025-02-10,4.0,,false
1302,NS30,NovaSpace Deutschland GmbH,2025,1,T06,Accruals posting,6,3,2025-01-31,2025-02-05,2025-02-11,4.0,,false
1303,NS30,NovaSpace Deutschland GmbH,2025,1,T07,Overhead allocation cycle,7,3,2025-01-31,2025-02-05,2025-02-07,2.0,,false
1304,NS30,NovaSpace Deutschland GmbH,2025,1,T08,Intercompany reconciliation,8,3,2025-01-31,2025-02-05,2025-02-07,2.0,,false
1305,NS30,NovaSpace Deutschland GmbH,2025,1,T09,FX revaluation,9,4,2025-01-31,2025-02-06,2025-02-07,1.0,,false
1306,NS30,NovaSpace Deutschland GmbH,2025,1,T10,Soft close / reporting cut-off,10,4,2025-01-31,2025-02-06,2025-02-12,4.0,,false
1307,NS30,NovaSpace Deutschland GmbH,2025,1,T11,Management reporting pack,11,5,2025-01-31,2025-02-07,2025-02-12,3.0,,false
1308,NS30,NovaSpace Deutschland GmbH,2025,1,T12,Hard close / period lock,12,5,2025-01-31,2025-02-07,2025-02-10,1.0,6.0,false
1309,NS30,NovaSpace Deutschland GmbH,2025,2,T01,Sub-ledger cut-off — Accounts Payable,1,1,2025-02-28,2025-03-03,2025-03-07,4.0,,false
1310,NS30,NovaSpace Deutschland GmbH,2025,2,T02,Sub-ledger cut-off — Accounts Receivable,2,1,2025-02-28,2025-03-03,2025-03-05,2.0,,false
1311,NS30,NovaSpace Deutschland GmbH,2025,2,T03,GR/IR clearing,3,2,2025-02-28,2025-03-04,2025-03-07,3.0,,false
1312,NS30,NovaSpace Deutschland GmbH,2025,2,T04,Payroll posting,4,2,2025-02-28,2025-03-04,2025-03-07,3.0,,false
1313,NS30,NovaSpace Deutschland GmbH,2025,2,T05,Depreciation run,5,2,2025-02-28,2025-03-04,2025-03-06,2.0,,false
1314,NS30,NovaSpace Deutschland GmbH,2025,2,T06,Accruals posting,6,3,2025-02-28,2025-03-05,2025-03-10,3.0,,false
1315,NS30,NovaSpace Deutschland GmbH,2025,2,T07,Overhead allocation cycle,7,3,2025-02-28,2025-03-05,2025-03-07,2.0,,false
1316,NS30,NovaSpace Deutschland GmbH,2025,2,T08,Intercompany reconciliation,8,3,2025-02-28,2025-03-05,2025-03-07,2.0,,false
1317,NS30,NovaSpace Deutschland GmbH,2025,2,T09,FX revaluation,9,4,2025-02-28,2025-03-06,2025-03-10,2.0,,false
1318,NS30,NovaSpace Deutschland GmbH,2025,2,T10,Soft close / reporting cut-off,10,4,2025-02-28,2025-03-06,2025-03-07,1.0,,false
1319,NS30,NovaSpace Deutschland GmbH,2025,2,T11,Management reporting pack,11,5,2025-02-28,2025-03-07,2025-03-13,4.0,,false
1320,NS30,NovaSpace Deutschland GmbH,2025,2,T12,Hard close / period lock,12,5,2025-02-28,2025-03-07,2025-03-13,4.0,9.0,false
1321,NS30,NovaSpace Deutschland GmbH,2025,3,T01,Sub-ledger cut-off — Accounts Payable,1,1,2025-03-31,2025-04-01,2025-04-07,4.0,,false
1322,NS30,NovaSpace Deutschland GmbH,2025,3,T02,Sub-ledger cut-off — Accounts Receivable,2,1,2025-03-31,2025-04-01,2025-04-04,3.0,,false
1323,NS30,NovaSpace Deutschland GmbH,2025,3,T03,GR/IR clearing,3,2,2025-03-31,2025-04-02,2025-04-04,2.0,,false
1324,NS30,NovaSpace Deutschland GmbH,2025,3,T04,Payroll posting,4,2,2025-03-31,2025-04-02,2025-04-04,2.0,,false
1325,NS30,NovaSpace Deutschland GmbH,2025,3,T05,Depreciation run,5,2,2025-03-31,2025-04-02,2025-04-07,3.0,,false
1326,NS30,NovaSpace Deutschland GmbH,2025,3,T06,Accruals posting,6,3,2025-03-31,2025-04-03,2025-04-07,2.0,,false
1327,NS30,NovaSpace Deutschland GmbH,2025,3,T07,Overhead allocation cycle,7,3,2025-03-31,2025-04-03,2025-04-04,1.0,,false
1328,NS30,NovaSpace Deutschland GmbH,2025,3,T08,Intercompany reconciliation,8,3,2025-03-31,2025-04-03,2025-04-08,3.0,,false
1329,NS30,NovaSpace Deutschland GmbH,2025,3,T09,FX revaluation,9,4,2025-03-31,2025-04-04,2025-04-09,3.0,,false
1330,NS30,NovaSpace Deutschland GmbH,2025,3,T10,Soft close / reporting cut-off,10,4,2025-03-31,2025-04-04,2025-04-09,3.0,,false
1331,NS30,NovaSpace Deutschland GmbH,2025,3,T11,Management reporting pack,11,5,2025-03-31,2025-04-07,2025-04-10,3.0,,false
1332,NS30,NovaSpace Deutschland GmbH,2025,3,T12,Hard close / period lock,12,5,2025-03-31,2025-04-07,2025-04-11,4.0,9.0,false
1333,NS30,NovaSpace Deutschland GmbH,2025,4,T01,Sub-ledger cut-off — Accounts Payable,1,1,2025-04-30,2025-05-02,2025-05-07,3.0,,false
1334,NS30,NovaSpace Deutschland GmbH,2025,4,T02,Sub-ledger cut-off — Accounts Receivable,2,1,2025-04-30,2025-05-02,2025-05-08,4.0,,false
1335,NS30,NovaSpace Deutschland GmbH,2025,4,T03,GR/IR clearing,3,2,2025-04-30,2025-05-05,2025-05-08,3.0,,false
1336,NS30,NovaSpace Deutschland GmbH,2025,4,T04,Payroll posting,4,2,2025-04-30,2025-05-05,2025-05-08,3.0,,false
1337,NS30,NovaSpace Deutschland GmbH,2025,4,T05,Depreciation run,5,2,2025-04-30,2025-05-05,2025-05-13,6.0,,false
1338,NS30,NovaSpace Deutschland GmbH,2025,4,T06,Accruals posting,6,3,2025-04-30,2025-05-06,2025-05-12,4.0,,false
1339,NS30,NovaSpace Deutschland GmbH,2025,4,T07,Overhead allocation cycle,7,3,2025-04-30,2025-05-06,2025-05-12,4.0,,false
1340,NS30,NovaSpace Deutschland GmbH,2025,4,T08,Intercompany reconciliation,8,3,2025-04-30,2025-05-06,2025-05-08,2.0,,false
1341,NS30,NovaSpace Deutschland GmbH,2025,4,T09,FX revaluation,9,4,2025-04-30,2025-05-07,2025-05-09,2.0,,false
1342,NS30,NovaSpace Deutschland GmbH,2025,4,T10,Soft close / reporting cut-off,10,4,2025-04-30,2025-05-07,2025-05-13,4.0,,false
1343,NS30,NovaSpace Deutschland GmbH,2025,4,T11,Management reporting pack,11,5,2025-04-30,2025-05-08,2025-05-15,5.0,,false
1344,NS30,NovaSpace Deutschland GmbH,2025,4,T12,Hard close / period lock,12,5,2025-04-30,2025-05-08,2025-05-12,2.0,7.0,false
1345,NS30,NovaSpace Deutschland GmbH,2025,5,T01,Sub-ledger cut-off — Accounts Payable,1,1,2025-05-31,2025-06-02,2025-06-05,3.0,,false
1346,NS30,NovaSpace Deutschland GmbH,2025,5,T02,Sub-ledger cut-off — Accounts Receivable,2,1,2025-05-31,2025-06-02,2025-06-03,1.0,,false
1347,NS30,NovaSpace Deutschland GmbH,2025,5,T03,GR/IR clearing,3,2,2025-05-31,2025-06-03,2025-06-06,3.0,,false
1348,NS30,NovaSpace Deutschland GmbH,2025,5,T04,Payroll posting,4,2,2025-05-31,2025-06-03,2025-06-06,3.0,,false
1349,NS30,NovaSpace Deutschland GmbH,2025,5,T05,Depreciation run,5,2,2025-05-31,2025-06-03,2025-06-06,3.0,,false
1350,NS30,NovaSpace Deutschland GmbH,2025,5,T06,Accruals posting,6,3,2025-05-31,2025-06-04,2025-06-09,3.0,,false
1351,NS30,NovaSpace Deutschland GmbH,2025,5,T07,Overhead allocation cycle,7,3,2025-05-31,2025-06-04,2025-06-06,2.0,,false
1352,NS30,NovaSpace Deutschland GmbH,2025,5,T08,Intercompany reconciliation,8,3,2025-05-31,2025-06-04,2025-06-09,3.0,,false
1353,NS30,NovaSpace Deutschland GmbH,2025,5,T09,FX revaluation,9,4,2025-05-31,2025-06-05,2025-06-13,6.0,,false
1354,NS30,NovaSpace Deutschland GmbH,2025,5,T10,Soft close / reporting cut-off,10,4,2025-05-31,2025-06-05,2025-06-10,3.0,,false
1355,NS30,NovaSpace Deutschland GmbH,2025,5,T11,Management reporting pack,11,5,2025-05-31,2025-06-06,2025-06-12,4.0,,false
1356,NS30,NovaSpace Deutschland GmbH,2025,5,T12,Hard close / period lock,12,5,2025-05-31,2025-06-06,2025-06-10,2.0,7.0,false
1357,NS30,NovaSpace Deutschland GmbH,2025,6,T01,Sub-ledger cut-off — Accounts Payable,1,1,2025-06-30,2025-07-01,2025-07-03,2.0,,false
1358,NS30,NovaSpace Deutschland GmbH,2025,6,T02,Sub-ledger cut-off — Accounts Receivable,2,1,2025-06-30,2025-07-01,2025-07-03,2.0,,false
1359,NS30,NovaSpace Deutschland GmbH,2025,6,T03,GR/IR clearing,3,2,2025-06-30,2025-07-02,2025-07-04,2.0,,false
1360,NS30,NovaSpace Deutschland GmbH,2025,6,T04,Payroll posting,4,2,2025-06-30,2025-07-02,2025-07-07,3.0,,false
1361,NS30,NovaSpace Deutschland GmbH,2025,6,T05,Depreciation run,5,2,2025-06-30,2025-07-02,2025-07-08,4.0,,false
1362,NS30,NovaSpace Deutschland GmbH,2025,6,T06,Accruals posting,6,3,2025-06-30,2025-07-03,2025-07-09,4.0,,false
1363,NS30,NovaSpace Deutschland GmbH,2025,6,T07,Overhead allocation cycle,7,3,2025-06-30,2025-07-03,2025-07-08,3.0,,false
1364,NS30,NovaSpace Deutschland GmbH,2025,6,T08,Intercompany reconciliation,8,3,2025-06-30,2025-07-03,2025-07-04,1.0,,false
1365,NS30,NovaSpace Deutschland GmbH,2025,6,T09,FX revaluation,9,4,2025-06-30,2025-07-04,2025-07-10,4.0,,false
1366,NS30,NovaSpace Deutschland GmbH,2025,6,T10,Soft close / reporting cut-off,10,4,2025-06-30,2025-07-04,2025-07-09,3.0,,false
1367,NS30,NovaSpace Deutschland GmbH,2025,6,T11,Management reporting pack,11,5,2025-06-30,2025-07-07,2025-07-11,4.0,,false
1368,NS30,NovaSpace Deutschland GmbH,2025,6,T12,Hard close / period lock,12,5,2025-06-30,2025-07-07,2025-07-10,3.0,8.0,false
1369,NS30,NovaSpace Deutschland GmbH,2025,7,T01,Sub-ledger cut-off — Accounts Payable,1,1,2025-07-31,2025-08-01,2025-08-07,4.0,,false
1370,NS30,NovaSpace Deutschland GmbH,2025,7,T02,Sub-ledger cut-off — Accounts Receivable,2,1,2025-07-31,2025-08-01,2025-08-04,1.0,,false
1371,NS30,NovaSpace Deutschland GmbH,2025,7,T03,GR/IR clearing,3,2,2025-07-31,2025-08-04,2025-08-06,2.0,,false
1372,NS30,NovaSpace Deutschland GmbH,2025,7,T04,Payroll posting,4,2,2025-07-31,2025-08-04,2025-08-08,4.0,,false
1373,NS30,NovaSpace Deutschland GmbH,2025,7,T05,Depreciation run,5,2,2025-07-31,2025-08-04,2025-08-07,3.0,,false
1374,NS30,NovaSpace Deutschland GmbH,2025,7,T06,Accruals posting,6,3,2025-07-31,2025-08-05,2025-08-07,2.0,,false
1375,NS30,NovaSpace Deutschland GmbH,2025,7,T07,Overhead allocation cycle,7,3,2025-07-31,2025-08-05,2025-08-08,3.0,,false
1376,NS30,NovaSpace Deutschland GmbH,2025,7,T08,Intercompany reconciliation,8,3,2025-07-31,2025-08-05,2025-08-12,5.0,,false
1377,NS30,NovaSpace Deutschland GmbH,2025,7,T09,FX revaluation,9,4,2025-07-31,2025-08-06,2025-08-08,2.0,,false
1378,NS30,NovaSpace Deutschland GmbH,2025,7,T10,Soft close / reporting cut-off,10,4,2025-07-31,2025-08-06,2025-08-08,2.0,,false
1379,NS30,NovaSpace Deutschland GmbH,2025,7,T11,Management reporting pack,11,5,2025-07-31,2025-08-07,2025-08-12,3.0,,false
1380,NS30,NovaSpace Deutschland GmbH,2025,7,T12,Hard close / period lock,12,5,2025-07-31,2025-08-07,2025-08-13,4.0,9.0,false
1381,NS30,NovaSpace Deutschland GmbH,2025,8,T01,Sub-ledger cut-off — Accounts Payable,1,1,2025-08-31,2025-09-01,2025-09-09,6.0,,false
1382,NS30,NovaSpace Deutschland GmbH,2025,8,T02,Sub-ledger cut-off — Accounts Receivable,2,1,2025-08-31,2025-09-01,2025-09-03,2.0,,false
1383,NS30,NovaSpace Deutschland GmbH,2025,8,T03,GR/IR clearing,3,2,2025-08-31,2025-09-02,2025-09-08,4.0,,false
1384,NS30,NovaSpace Deutschland GmbH,2025,8,T04,Payroll posting,4,2,2025-08-31,2025-09-02,2025-09-08,4.0,,false
1385,NS30,NovaSpace Deutschland GmbH,2025,8,T05,Depreciation run,5,2,2025-08-31,2025-09-02,2025-09-05,3.0,,false
1386,NS30,NovaSpace Deutschland GmbH,2025,8,T06,Accruals posting,6,3,2025-08-31,2025-09-03,2025-09-10,5.0,,false
1387,NS30,NovaSpace Deutschland GmbH,2025,8,T07,Overhead allocation cycle,7,3,2025-08-31,2025-09-03,2025-09-08,3.0,,false
1388,NS30,NovaSpace Deutschland GmbH,2025,8,T08,Intercompany reconciliation,8,3,2025-08-31,2025-09-03,2025-09-04,1.0,,false
1389,NS30,NovaSpace Deutschland GmbH,2025,8,T09,FX revaluation,9,4,2025-08-31,2025-09-04,2025-09-08,2.0,,false
1390,NS30,NovaSpace Deutschland GmbH,2025,8,T10,Soft close / reporting cut-off,10,4,2025-08-31,2025-09-04,2025-09-08,2.0,,false
1391,NS30,NovaSpace Deutschland GmbH,2025,8,T11,Management reporting pack,11,5,2025-08-31,2025-09-05,2025-09-09,2.0,,false
1392,NS30,NovaSpace Deutschland GmbH,2025,8,T12,Hard close / period lock,12,5,2025-08-31,2025-09-05,2025-09-10,3.0,8.0,false
1393,NS30,NovaSpace Deutschland GmbH,2025,9,T01,Sub-ledger cut-off — Accounts Payable,1,1,2025-09-30,2025-10-01,2025-10-03,2.0,,false
1394,NS30,NovaSpace Deutschland GmbH,2025,9,T02,Sub-ledger cut-off — Accounts Receivable,2,1,2025-09-30,2025-10-01,2025-10-08,5.0,,false
1395,NS30,NovaSpace Deutschland GmbH,2025,9,T03,GR/IR clearing,3,2,2025-09-30,2025-10-02,2025-10-06,2.0,,false
1396,NS30,NovaSpace Deutschland GmbH,2025,9,T04,Payroll posting,4,2,2025-09-30,2025-10-02,2025-10-08,4.0,,false
1397,NS30,NovaSpace Deutschland GmbH,2025,9,T05,Depreciation run,5,2,2025-09-30,2025-10-02,2025-10-07,3.0,,false
1398,NS30,NovaSpace Deutschland GmbH,2025,9,T06,Accruals posting,6,3,2025-09-30,2025-10-03,2025-10-09,4.0,,false
1399,NS30,NovaSpace Deutschland GmbH,2025,9,T07,Overhead allocation cycle,7,3,2025-09-30,2025-10-03,2025-10-08,3.0,,false
1400,NS30,NovaSpace Deutschland GmbH,2025,9,T08,Intercompany reconciliation,8,3,2025-09-30,2025-10-03,2025-10-08,3.0,,false
1401,NS30,NovaSpace Deutschland GmbH,2025,9,T09,FX revaluation,9,4,2025-09-30,2025-10-06,2025-10-10,4.0,,false
1402,NS30,NovaSpace Deutschland GmbH,2025,9,T10,Soft close / reporting cut-off,10,4,2025-09-30,2025-10-06,2025-10-10,4.0,,false
1403,NS30,NovaSpace Deutschland GmbH,2025,9,T11,Management reporting pack,11,5,2025-09-30,2025-10-07,2025-10-15,6.0,,false
1404,NS30,NovaSpace Deutschland GmbH,2025,9,T12,Hard close / period lock,12,5,2025-09-30,2025-10-07,2025-10-13,4.0,9.0,false
1405,NS30,NovaSpace Deutschland GmbH,2025,10,T01,Sub-ledger cut-off — Accounts Payable,1,1,2025-10-31,2025-11-03,2025-11-05,2.0,,false
1406,NS30,NovaSpace Deutschland GmbH,2025,10,T02,Sub-ledger cut-off — Accounts Receivable,2,1,2025-10-31,2025-11-03,2025-11-06,3.0,,false
1407,NS30,NovaSpace Deutschland GmbH,2025,10,T03,GR/IR clearing,3,2,2025-10-31,2025-11-04,2025-11-12,6.0,,false
1408,NS30,NovaSpace Deutschland GmbH,2025,10,T04,Payroll posting,4,2,2025-10-31,2025-11-04,2025-11-10,4.0,,false
1409,NS30,NovaSpace Deutschland GmbH,2025,10,T05,Depreciation run,5,2,2025-10-31,2025-11-04,2025-11-06,2.0,,false
1410,NS30,NovaSpace Deutschland GmbH,2025,10,T06,Accruals posting,6,3,2025-10-31,2025-11-05,2025-11-07,2.0,,false
1411,NS30,NovaSpace Deutschland GmbH,2025,10,T07,Overhead allocation cycle,7,3,2025-10-31,2025-11-05,2025-11-10,3.0,,false
1412,NS30,NovaSpace Deutschland GmbH,2025,10,T08,Intercompany reconciliation,8,3,2025-10-31,2025-11-05,2025-11-12,5.0,,false
1413,NS30,NovaSpace Deutschland GmbH,2025,10,T09,FX revaluation,9,4,2025-10-31,2025-11-06,2025-11-11,3.0,,false
1414,NS30,NovaSpace Deutschland GmbH,2025,10,T10,Soft close / reporting cut-off,10,4,2025-10-31,2025-11-06,2025-11-10,2.0,,false
1415,NS30,NovaSpace Deutschland GmbH,2025,10,T11,Management reporting pack,11,5,2025-10-31,2025-11-07,2025-11-11,2.0,,false
1416,NS30,NovaSpace Deutschland GmbH,2025,10,T12,Hard close / period lock,12,5,2025-10-31,2025-11-07,2025-11-13,4.0,9.0,false
1417,NS30,NovaSpace Deutschland GmbH,2025,11,T01,Sub-ledger cut-off — Accounts Payable,1,1,2025-11-30,2025-12-01,2025-12-05,4.0,,false
1418,NS30,NovaSpace Deutschland GmbH,2025,11,T02,Sub-ledger cut-off — Accounts Receivable,2,1,2025-11-30,2025-12-01,2025-12-05,4.0,,false
1419,NS30,NovaSpace Deutschland GmbH,2025,11,T03,GR/IR clearing,3,2,2025-11-30,2025-12-02,2025-12-04,2.0,,false
1420,NS30,NovaSpace Deutschland GmbH,2025,11,T04,Payroll posting,4,2,2025-11-30,2025-12-02,2025-12-05,3.0,,false
1421,NS30,NovaSpace Deutschland GmbH,2025,11,T05,Depreciation run,5,2,2025-11-30,2025-12-02,2025-12-09,5.0,,false
1422,NS30,NovaSpace Deutschland GmbH,2025,11,T06,Accruals posting,6,3,2025-11-30,2025-12-03,2025-12-08,3.0,,false
1423,NS30,NovaSpace Deutschland GmbH,2025,11,T07,Overhead allocation cycle,7,3,2025-11-30,2025-12-03,2025-12-09,4.0,,false
1424,NS30,NovaSpace Deutschland GmbH,2025,11,T08,Intercompany reconciliation,8,3,2025-11-30,2025-12-03,2025-12-09,4.0,,false
1425,NS30,NovaSpace Deutschland GmbH,2025,11,T09,FX revaluation,9,4,2025-11-30,2025-12-04,2025-12-05,1.0,,false
1426,NS30,NovaSpace Deutschland GmbH,2025,11,T10,Soft close / reporting cut-off,10,4,2025-11-30,2025-12-04,2025-12-11,5.0,,false
1427,NS30,NovaSpace Deutschland GmbH,2025,11,T11,Management reporting pack,11,5,2025-11-30,2025-12-05,2025-12-10,3.0,,false
1428,NS30,NovaSpace Deutschland GmbH,2025,11,T12,Hard close / period lock,12,5,2025-11-30,2025-12-05,2025-12-11,4.0,9.0,false
1429,NS30,NovaSpace Deutschland GmbH,2025,12,T01,Sub-ledger cut-off — Accounts Payable,1,1,2025-12-31,2026-01-02,2026-01-08,4.0,,false
1430,NS30,NovaSpace Deutschland GmbH,2025,12,T02,Sub-ledger cut-off — Accounts Receivable,2,1,2025-12-31,2026-01-02,2026-01-12,6.0,,false
1431,NS30,NovaSpace Deutschland GmbH,2025,12,T03,GR/IR clearing,3,2,2025-12-31,2026-01-05,2026-01-12,5.0,,false
1432,NS30,NovaSpace Deutschland GmbH,2025,12,T04,Payroll posting,4,2,2025-12-31,2026-01-05,2026-01-09,4.0,,false
1433,NS30,NovaSpace Deutschland GmbH,2025,12,T05,Depreciation run,5,2,2025-12-31,2026-01-05,2026-01-08,3.0,,false
1434,NS30,NovaSpace Deutschland GmbH,2025,12,T06,Accruals posting,6,3,2025-12-31,2026-01-06,2026-01-12,4.0,,false
1435,NS30,NovaSpace Deutschland GmbH,2025,12,T07,Overhead allocation cycle,7,3,2025-12-31,2026-01-06,2026-01-07,1.0,,false
1436,NS30,NovaSpace Deutschland GmbH,2025,12,T08,Intercompany reconciliation,8,3,2025-12-31,2026-01-06,2026-01-08,2.0,,false
1437,NS30,NovaSpace Deutschland GmbH,2025,12,T09,FX revaluation,9,4,2025-12-31,2026-01-07,2026-01-13,4.0,,false
1438,NS30,NovaSpace Deutschland GmbH,2025,12,T10,Soft close / reporting cut-off,10,4,2025-12-31,2026-01-07,2026-01-12,3.0,,false
1439,NS30,NovaSpace Deutschland GmbH,2025,12,T11,Management reporting pack,11,5,2025-12-31,2026-01-08,2026-01-14,4.0,,false
1440,NS30,NovaSpace Deutschland GmbH,2025,12,T12,Hard close / period lock,12,5,2025-12-31,2026-01-08,2026-01-12,2.0,7.0,false
1441,NS30,NovaSpace Deutschland GmbH,2026,1,T01,Sub-ledger cut-off — Accounts Payable,1,1,2026-01-31,2026-02-02,2026-02-04,2.0,,false
1442,NS30,NovaSpace Deutschland GmbH,2026,1,T02,Sub-ledger cut-off — Accounts Receivable,2,1,2026-01-31,2026-02-02,2026-02-04,2.0,,false
1443,NS30,NovaSpace Deutschland GmbH,2026,1,T03,GR/IR clearing,3,2,2026-01-31,2026-02-03,2026-02-06,3.0,,false
1444,NS30,NovaSpace Deutschland GmbH,2026,1,T04,Payroll posting,4,2,2026-01-31,2026-02-03,2026-02-09,4.0,,false
1445,NS30,NovaSpace Deutschland GmbH,2026,1,T05,Depreciation run,5,2,2026-01-31,2026-02-03,2026-02-09,4.0,,false
1446,NS30,NovaSpace Deutschland GmbH,2026,1,T06,Accruals posting,6,3,2026-01-31,2026-02-04,2026-02-11,5.0,,false
1447,NS30,NovaSpace Deutschland GmbH,2026,1,T07,Overhead allocation cycle,7,3,2026-01-31,2026-02-04,2026-02-12,6.0,,false
1448,NS30,NovaSpace Deutschland GmbH,2026,1,T08,Intercompany reconciliation,8,3,2026-01-31,2026-02-04,2026-02-10,4.0,,false
1449,NS30,NovaSpace Deutschland GmbH,2026,1,T09,FX revaluation,9,4,2026-01-31,2026-02-05,2026-02-10,3.0,,false
1450,NS30,NovaSpace Deutschland GmbH,2026,1,T10,Soft close / reporting cut-off,10,4,2026-01-31,2026-02-05,2026-02-11,4.0,,false
1451,NS30,NovaSpace Deutschland GmbH,2026,1,T11,Management reporting pack,11,5,2026-01-31,2026-02-06,2026-02-12,4.0,,false
1452,NS30,NovaSpace Deutschland GmbH,2026,1,T12,Hard close / period lock,12,5,2026-01-31,2026-02-06,2026-02-09,1.0,6.0,false
1453,NS30,NovaSpace Deutschland GmbH,2026,2,T01,Sub-ledger cut-off — Accounts Payable,1,1,2026-02-28,2026-03-02,2026-03-06,4.0,,false
1454,NS30,NovaSpace Deutschland GmbH,2026,2,T02,Sub-ledger cut-off — Accounts Receivable,2,1,2026-02-28,2026-03-02,2026-03-03,1.0,,false
1455,NS30,NovaSpace Deutschland GmbH,2026,2,T03,GR/IR clearing,3,2,2026-02-28,2026-03-03,2026-03-10,5.0,,false
1456,NS30,NovaSpace Deutschland GmbH,2026,2,T04,Payroll posting,4,2,2026-02-28,2026-03-03,2026-03-06,3.0,,false
1457,NS30,NovaSpace Deutschland GmbH,2026,2,T05,Depreciation run,5,2,2026-02-28,2026-03-03,2026-03-09,4.0,,false
1458,NS30,NovaSpace Deutschland GmbH,2026,2,T06,Accruals posting,6,3,2026-02-28,2026-03-04,2026-03-06,2.0,,false
1459,NS30,NovaSpace Deutschland GmbH,2026,2,T07,Overhead allocation cycle,7,3,2026-02-28,2026-03-04,2026-03-06,2.0,,false
1460,NS30,NovaSpace Deutschland GmbH,2026,2,T08,Intercompany reconciliation,8,3,2026-02-28,2026-03-04,2026-03-11,5.0,,false
1461,NS30,NovaSpace Deutschland GmbH,2026,2,T09,FX revaluation,9,4,2026-02-28,2026-03-05,2026-03-13,6.0,,false
1462,NS30,NovaSpace Deutschland GmbH,2026,2,T10,Soft close / reporting cut-off,10,4,2026-02-28,2026-03-05,2026-03-09,2.0,,false
1463,NS30,NovaSpace Deutschland GmbH,2026,2,T11,Management reporting pack,11,5,2026-02-28,2026-03-06,2026-03-10,2.0,,false
1464,NS30,NovaSpace Deutschland GmbH,2026,2,T12,Hard close / period lock,12,5,2026-02-28,2026-03-06,2026-03-10,2.0,7.0,false
1465,NS30,NovaSpace Deutschland GmbH,2026,3,T01,Sub-ledger cut-off — Accounts Payable,1,1,2026-03-31,2026-04-01,2026-04-09,4.0,,false
1466,NS30,NovaSpace Deutschland GmbH,2026,3,T02,Sub-ledger cut-off — Accounts Receivable,2,1,2026-03-31,2026-04-01,2026-04-09,4.0,,false
1467,NS30,NovaSpace Deutschland GmbH,2026,3,T03,GR/IR clearing,3,2,2026-03-31,2026-04-02,2026-04-10,4.0,,false
1468,NS30,NovaSpace Deutschland GmbH,2026,3,T04,Payroll posting,4,2,2026-03-31,2026-04-02,2026-04-09,3.0,,false
1469,NS30,NovaSpace Deutschland GmbH,2026,3,T05,Depreciation run,5,2,2026-03-31,2026-04-02,2026-04-08,2.0,,false
1470,NS30,NovaSpace Deutschland GmbH,2026,3,T06,Accruals posting,6,3,2026-03-31,2026-04-07,2026-04-10,3.0,,false
1471,NS30,NovaSpace Deutschland GmbH,2026,3,T07,Overhead allocation cycle,7,3,2026-03-31,2026-04-07,2026-04-13,4.0,,false
1472,NS30,NovaSpace Deutschland GmbH,2026,3,T08,Intercompany reconciliation,8,3,2026-03-31,2026-04-07,2026-04-09,2.0,,false
1473,NS30,NovaSpace Deutschland GmbH,2026,3,T09,FX revaluation,9,4,2026-03-31,2026-04-08,2026-04-13,3.0,,false
1474,NS30,NovaSpace Deutschland GmbH,2026,3,T10,Soft close / reporting cut-off,10,4,2026-03-31,2026-04-08,2026-04-15,5.0,,false
1475,NS30,NovaSpace Deutschland GmbH,2026,3,T11,Management reporting pack,11,5,2026-03-31,2026-04-09,2026-04-13,2.0,,false
1476,NS30,NovaSpace Deutschland GmbH,2026,3,T12,Hard close / period lock,12,5,2026-03-31,2026-04-09,2026-04-10,1.0,6.0,false
1477,NS30,NovaSpace Deutschland GmbH,2026,4,T01,Sub-ledger cut-off — Accounts Payable,1,1,2026-04-30,2026-05-04,2026-05-07,3.0,,false
1478,NS30,NovaSpace Deutschland GmbH,2026,4,T02,Sub-ledger cut-off — Accounts Receivable,2,1,2026-04-30,2026-05-04,2026-05-08,4.0,,false
1479,NS30,NovaSpace Deutschland GmbH,2026,4,T03,GR/IR clearing,3,2,2026-04-30,2026-05-05,2026-05-11,4.0,,false
1480,NS30,NovaSpace Deutschland GmbH,2026,4,T04,Payroll posting,4,2,2026-04-30,2026-05-05,2026-05-08,3.0,,false
1481,NS30,NovaSpace Deutschland GmbH,2026,4,T05,Depreciation run,5,2,2026-04-30,2026-05-05,2026-05-12,5.0,,false
1482,NS30,NovaSpace Deutschland GmbH,2026,4,T06,Accruals posting,6,3,2026-04-30,2026-05-06,2026-05-08,2.0,,false
1483,NS30,NovaSpace Deutschland GmbH,2026,4,T07,Overhead allocation cycle,7,3,2026-04-30,2026-05-06,2026-05-14,6.0,,false
1484,NS30,NovaSpace Deutschland GmbH,2026,4,T08,Intercompany reconciliation,8,3,2026-04-30,2026-05-06,2026-05-08,2.0,,false
1485,NS30,NovaSpace Deutschland GmbH,2026,4,T09,FX revaluation,9,4,2026-04-30,2026-05-07,2026-05-12,3.0,,false
1486,NS30,NovaSpace Deutschland GmbH,2026,4,T10,Soft close / reporting cut-off,10,4,2026-04-30,2026-05-07,2026-05-13,4.0,,false
1487,NS30,NovaSpace Deutschland GmbH,2026,4,T11,Management reporting pack,11,5,2026-04-30,2026-05-08,2026-05-13,3.0,,false
1488,NS30,NovaSpace Deutschland GmbH,2026,4,T12,Hard close / period lock,12,5,2026-04-30,2026-05-08,2026-05-15,5.0,10.0,false
1489,NS30,NovaSpace Deutschland GmbH,2026,5,T01,Sub-ledger cut-off — Accounts Payable,1,1,2026-05-31,2026-06-01,2026-06-05,4.0,,false
1490,NS30,NovaSpace Deutschland GmbH,2026,5,T02,Sub-ledger cut-off — Accounts Receivable,2,1,2026-05-31,2026-06-01,2026-06-05,4.0,,false
1491,NS30,NovaSpace Deutschland GmbH,2026,5,T03,GR/IR clearing,3,2,2026-05-31,2026-06-02,2026-06-08,4.0,,false
1492,NS30,NovaSpace Deutschland GmbH,2026,5,T04,Payroll posting,4,2,2026-05-31,2026-06-02,2026-06-05,3.0,,false
1493,NS30,NovaSpace Deutschland GmbH,2026,5,T05,Depreciation run,5,2,2026-05-31,2026-06-02,2026-06-03,1.0,,false
1494,NS30,NovaSpace Deutschland GmbH,2026,5,T06,Accruals posting,6,3,2026-05-31,2026-06-03,2026-06-04,1.0,,false
1495,NS30,NovaSpace Deutschland GmbH,2026,5,T07,Overhead allocation cycle,7,3,2026-05-31,2026-06-03,2026-06-05,2.0,,false
1496,NS30,NovaSpace Deutschland GmbH,2026,5,T08,Intercompany reconciliation,8,3,2026-05-31,2026-06-03,2026-06-04,1.0,,false
1497,NS30,NovaSpace Deutschland GmbH,2026,5,T09,FX revaluation,9,4,2026-05-31,2026-06-04,2026-06-10,4.0,,false
1498,NS30,NovaSpace Deutschland GmbH,2026,5,T10,Soft close / reporting cut-off,10,4,2026-05-31,2026-06-04,2026-06-08,2.0,,false
1499,NS30,NovaSpace Deutschland GmbH,2026,5,T11,Management reporting pack,11,5,2026-05-31,2026-06-05,2026-06-11,4.0,,false
1500,NS30,NovaSpace Deutschland GmbH,2026,5,T12,Hard close / period lock,12,5,2026-05-31,2026-06-05,2026-06-09,2.0,7.0,false
1501,NS30,NovaSpace Deutschland GmbH,2026,6,T01,Sub-ledger cut-off — Accounts Payable,1,1,2026-06-30,2026-07-01,2026-07-07,4.0,,false
1502,NS30,NovaSpace Deutschland GmbH,2026,6,T02,Sub-ledger cut-off — Accounts Receivable,2,1,2026-06-30,2026-07-01,2026-07-06,3.0,,false
1503,NS30,NovaSpace Deutschland GmbH,2026,6,T03,GR/IR clearing,3,2,2026-06-30,2026-07-02,2026-07-07,3.0,,false
1504,NS30,NovaSpace Deutschland GmbH,2026,6,T04,Payroll posting,4,2,2026-06-30,2026-07-02,2026-07-08,4.0,,false
1505,NS30,NovaSpace Deutschland GmbH,2026,6,T05,Depreciation run,5,2,2026-06-30,2026-07-02,2026-07-08,4.0,,false
1506,NS30,NovaSpace Deutschland GmbH,2026,6,T06,Accruals posting,6,3,2026-06-30,2026-07-03,2026-07-08,3.0,,false
1507,NS30,NovaSpace Deutschland GmbH,2026,6,T07,Overhead allocation cycle,7,3,2026-06-30,2026-07-03,2026-07-09,4.0,,false
1508,NS30,NovaSpace Deutschland GmbH,2026,6,T08,Intercompany reconciliation,8,3,2026-06-30,2026-07-03,2026-07-10,5.0,,false
1509,NS30,NovaSpace Deutschland GmbH,2026,6,T09,FX revaluation,9,4,2026-06-30,2026-07-06,2026-07-10,4.0,,false
1510,NS30,NovaSpace Deutschland GmbH,2026,6,T10,Soft close / reporting cut-off,10,4,2026-06-30,2026-07-06,2026-07-10,4.0,,false
1511,NS30,NovaSpace Deutschland GmbH,2026,6,T11,Management reporting pack,11,5,2026-06-30,2026-07-07,,,,true
1512,NS30,NovaSpace Deutschland GmbH,2026,6,T12,Hard close / period lock,12,5,2026-06-30,2026-07-07,,,,true
1513,NS40,NovaSpace UK Ltd.,2023,1,T01,Sub-ledger cut-off — Accounts Payable,1,1,2023-01-31,2023-02-01,2023-02-02,1.0,,false
1514,NS40,NovaSpace UK Ltd.,2023,1,T02,Sub-ledger cut-off — Accounts Receivable,2,1,2023-01-31,2023-02-01,2023-02-01,0.0,,false
1515,NS40,NovaSpace UK Ltd.,2023,1,T03,GR/IR clearing,3,2,2023-01-31,2023-02-02,2023-02-02,0.0,,false
1516,NS40,NovaSpace UK Ltd.,2023,1,T04,Payroll posting,4,2,2023-01-31,2023-02-02,2023-02-02,0.0,,false
1517,NS40,NovaSpace UK Ltd.,2023,1,T05,Depreciation run,5,2,2023-01-31,2023-02-02,2023-02-01,-1.0,,false
1518,NS40,NovaSpace UK Ltd.,2023,1,T06,Accruals posting,6,3,2023-01-31,2023-02-03,2023-02-03,0.0,,false
1519,NS40,NovaSpace UK Ltd.,2023,1,T07,Overhead allocation cycle,7,3,2023-01-31,2023-02-03,2023-02-03,0.0,,false
1520,NS40,NovaSpace UK Ltd.,2023,1,T08,Intercompany reconciliation,8,3,2023-01-31,2023-02-03,2023-02-03,0.0,,false
1521,NS40,NovaSpace UK Ltd.,2023,1,T09,FX revaluation,9,4,2023-01-31,2023-02-06,2023-02-06,0.0,,false
1522,NS40,NovaSpace UK Ltd.,2023,1,T10,Soft close / reporting cut-off,10,4,2023-01-31,2023-02-06,2023-02-06,0.0,,false
1523,NS40,NovaSpace UK Ltd.,2023,1,T11,Management reporting pack,11,5,2023-01-31,2023-02-07,2023-02-09,2.0,,false
1524,NS40,NovaSpace UK Ltd.,2023,1,T12,Hard close / period lock,12,5,2023-01-31,2023-02-07,2023-02-07,0.0,5.0,false
1525,NS40,NovaSpace UK Ltd.,2023,2,T01,Sub-ledger cut-off — Accounts Payable,1,1,2023-02-28,2023-03-01,2023-03-01,0.0,,false
1526,NS40,NovaSpace UK Ltd.,2023,2,T02,Sub-ledger cut-off — Accounts Receivable,2,1,2023-02-28,2023-03-01,2023-03-01,0.0,,false
1527,NS40,NovaSpace UK Ltd.,2023,2,T03,GR/IR clearing,3,2,2023-02-28,2023-03-02,2023-03-02,0.0,,false
1528,NS40,NovaSpace UK Ltd.,2023,2,T04,Payroll posting,4,2,2023-02-28,2023-03-02,2023-03-02,0.0,,false
1529,NS40,NovaSpace UK Ltd.,2023,2,T05,Depreciation run,5,2,2023-02-28,2023-03-02,2023-03-02,0.0,,false
1530,NS40,NovaSpace UK Ltd.,2023,2,T06,Accruals posting,6,3,2023-02-28,2023-03-03,2023-03-06,1.0,,false
1531,NS40,NovaSpace UK Ltd.,2023,2,T07,Overhead allocation cycle,7,3,2023-02-28,2023-03-03,2023-03-03,0.0,,false
1532,NS40,NovaSpace UK Ltd.,2023,2,T08,Intercompany reconciliation,8,3,2023-02-28,2023-03-03,2023-03-07,2.0,,false
1533,NS40,NovaSpace UK Ltd.,2023,2,T09,FX revaluation,9,4,2023-02-28,2023-03-06,2023-03-06,0.0,,false
1534,NS40,NovaSpace UK Ltd.,2023,2,T10,Soft close / reporting cut-off,10,4,2023-02-28,2023-03-06,2023-03-06,0.0,,false
1535,NS40,NovaSpace UK Ltd.,2023,2,T11,Management reporting pack,11,5,2023-02-28,2023-03-07,2023-03-07,0.0,,false
1536,NS40,NovaSpace UK Ltd.,2023,2,T12,Hard close / period lock,12,5,2023-02-28,2023-03-07,2023-03-08,1.0,6.0,false
1537,NS40,NovaSpace UK Ltd.,2023,3,T01,Sub-ledger cut-off — Accounts Payable,1,1,2023-03-31,2023-04-03,2023-04-03,0.0,,false
1538,NS40,NovaSpace UK Ltd.,2023,3,T02,Sub-ledger cut-off — Accounts Receivable,2,1,2023-03-31,2023-04-03,2023-04-03,0.0,,false
1539,NS40,NovaSpace UK Ltd.,2023,3,T03,GR/IR clearing,3,2,2023-03-31,2023-04-04,2023-04-04,0.0,,false
1540,NS40,NovaSpace UK Ltd.,2023,3,T04,Payroll posting,4,2,2023-03-31,2023-04-04,2023-04-04,0.0,,false
1541,NS40,NovaSpace UK Ltd.,2023,3,T05,Depreciation run,5,2,2023-03-31,2023-04-04,2023-04-04,0.0,,false
1542,NS40,NovaSpace UK Ltd.,2023,3,T06,Accruals posting,6,3,2023-03-31,2023-04-05,2023-04-11,2.0,,false
1543,NS40,NovaSpace UK Ltd.,2023,3,T07,Overhead allocation cycle,7,3,2023-03-31,2023-04-05,2023-04-05,0.0,,false
1544,NS40,NovaSpace UK Ltd.,2023,3,T08,Intercompany reconciliation,8,3,2023-03-31,2023-04-05,2023-04-05,0.0,,false
1545,NS40,NovaSpace UK Ltd.,2023,3,T09,FX revaluation,9,4,2023-03-31,2023-04-06,2023-04-06,0.0,,false
1546,NS40,NovaSpace UK Ltd.,2023,3,T10,Soft close / reporting cut-off,10,4,2023-03-31,2023-04-06,2023-04-06,0.0,,false
1547,NS40,NovaSpace UK Ltd.,2023,3,T11,Management reporting pack,11,5,2023-03-31,2023-04-11,2023-04-11,0.0,,false
1548,NS40,NovaSpace UK Ltd.,2023,3,T12,Hard close / period lock,12,5,2023-03-31,2023-04-11,2023-04-11,0.0,5.0,false
1549,NS40,NovaSpace UK Ltd.,2023,4,T01,Sub-ledger cut-off — Accounts Payable,1,1,2023-04-30,2023-05-02,2023-05-02,0.0,,false
1550,NS40,NovaSpace UK Ltd.,2023,4,T02,Sub-ledger cut-off — Accounts Receivable,2,1,2023-04-30,2023-05-02,2023-05-02,0.0,,false
1551,NS40,NovaSpace UK Ltd.,2023,4,T03,GR/IR clearing,3,2,2023-04-30,2023-05-03,2023-05-04,1.0,,false
1552,NS40,NovaSpace UK Ltd.,2023,4,T04,Payroll posting,4,2,2023-04-30,2023-05-03,2023-05-04,1.0,,false
1553,NS40,NovaSpace UK Ltd.,2023,4,T05,Depreciation run,5,2,2023-04-30,2023-05-03,2023-05-03,0.0,,false
1554,NS40,NovaSpace UK Ltd.,2023,4,T06,Accruals posting,6,3,2023-04-30,2023-05-04,2023-05-05,1.0,,false
1555,NS40,NovaSpace UK Ltd.,2023,4,T07,Overhead allocation cycle,7,3,2023-04-30,2023-05-04,2023-05-08,2.0,,false
1556,NS40,NovaSpace UK Ltd.,2023,4,T08,Intercompany reconciliation,8,3,2023-04-30,2023-05-04,2023-05-04,0.0,,false
1557,NS40,NovaSpace UK Ltd.,2023,4,T09,FX revaluation,9,4,2023-04-30,2023-05-05,2023-05-05,0.0,,false
1558,NS40,NovaSpace UK Ltd.,2023,4,T10,Soft close / reporting cut-off,10,4,2023-04-30,2023-05-05,2023-05-04,-1.0,,false
1559,NS40,NovaSpace UK Ltd.,2023,4,T11,Management reporting pack,11,5,2023-04-30,2023-05-08,2023-05-05,-1.0,,false
1560,NS40,NovaSpace UK Ltd.,2023,4,T12,Hard close / period lock,12,5,2023-04-30,2023-05-08,2023-05-05,-1.0,4.0,false
1561,NS40,NovaSpace UK Ltd.,2023,5,T01,Sub-ledger cut-off — Accounts Payable,1,1,2023-05-31,2023-06-01,2023-06-01,0.0,,false
1562,NS40,NovaSpace UK Ltd.,2023,5,T02,Sub-ledger cut-off — Accounts Receivable,2,1,2023-05-31,2023-06-01,2023-06-01,0.0,,false
1563,NS40,NovaSpace UK Ltd.,2023,5,T03,GR/IR clearing,3,2,2023-05-31,2023-06-02,2023-06-06,2.0,,false
1564,NS40,NovaSpace UK Ltd.,2023,5,T04,Payroll posting,4,2,2023-05-31,2023-06-02,2023-06-02,0.0,,false
1565,NS40,NovaSpace UK Ltd.,2023,5,T05,Depreciation run,5,2,2023-05-31,2023-06-02,2023-06-05,1.0,,false
1566,NS40,NovaSpace UK Ltd.,2023,5,T06,Accruals posting,6,3,2023-05-31,2023-06-05,2023-06-05,0.0,,false
1567,NS40,NovaSpace UK Ltd.,2023,5,T07,Overhead allocation cycle,7,3,2023-05-31,2023-06-05,2023-06-05,0.0,,false
1568,NS40,NovaSpace UK Ltd.,2023,5,T08,Intercompany reconciliation,8,3,2023-05-31,2023-06-05,2023-06-05,0.0,,false
1569,NS40,NovaSpace UK Ltd.,2023,5,T09,FX revaluation,9,4,2023-05-31,2023-06-06,2023-06-08,2.0,,false
1570,NS40,NovaSpace UK Ltd.,2023,5,T10,Soft close / reporting cut-off,10,4,2023-05-31,2023-06-06,2023-06-06,0.0,,false
1571,NS40,NovaSpace UK Ltd.,2023,5,T11,Management reporting pack,11,5,2023-05-31,2023-06-07,2023-06-08,1.0,,false
1572,NS40,NovaSpace UK Ltd.,2023,5,T12,Hard close / period lock,12,5,2023-05-31,2023-06-07,2023-06-07,0.0,5.0,false
1573,NS40,NovaSpace UK Ltd.,2023,6,T01,Sub-ledger cut-off — Accounts Payable,1,1,2023-06-30,2023-07-03,2023-07-04,1.0,,false
1574,NS40,NovaSpace UK Ltd.,2023,6,T02,Sub-ledger cut-off — Accounts Receivable,2,1,2023-06-30,2023-07-03,2023-07-04,1.0,,false
1575,NS40,NovaSpace UK Ltd.,2023,6,T03,GR/IR clearing,3,2,2023-06-30,2023-07-04,2023-07-04,0.0,,false
1576,NS40,NovaSpace UK Ltd.,2023,6,T04,Payroll posting,4,2,2023-06-30,2023-07-04,2023-07-04,0.0,,false
1577,NS40,NovaSpace UK Ltd.,2023,6,T05,Depreciation run,5,2,2023-06-30,2023-07-04,2023-07-03,-1.0,,false
1578,NS40,NovaSpace UK Ltd.,2023,6,T06,Accruals posting,6,3,2023-06-30,2023-07-05,2023-07-05,0.0,,false
1579,NS40,NovaSpace UK Ltd.,2023,6,T07,Overhead allocation cycle,7,3,2023-06-30,2023-07-05,2023-07-05,0.0,,false
1580,NS40,NovaSpace UK Ltd.,2023,6,T08,Intercompany reconciliation,8,3,2023-06-30,2023-07-05,2023-07-05,0.0,,false
1581,NS40,NovaSpace UK Ltd.,2023,6,T09,FX revaluation,9,4,2023-06-30,2023-07-06,2023-07-10,2.0,,false
1582,NS40,NovaSpace UK Ltd.,2023,6,T10,Soft close / reporting cut-off,10,4,2023-06-30,2023-07-06,2023-07-06,0.0,,false
1583,NS40,NovaSpace UK Ltd.,2023,6,T11,Management reporting pack,11,5,2023-06-30,2023-07-07,2023-07-07,0.0,,false
1584,NS40,NovaSpace UK Ltd.,2023,6,T12,Hard close / period lock,12,5,2023-06-30,2023-07-07,2023-07-07,0.0,5.0,false
1585,NS40,NovaSpace UK Ltd.,2023,7,T01,Sub-ledger cut-off — Accounts Payable,1,1,2023-07-31,2023-08-01,2023-08-02,1.0,,false
1586,NS40,NovaSpace UK Ltd.,2023,7,T02,Sub-ledger cut-off — Accounts Receivable,2,1,2023-07-31,2023-08-01,2023-08-01,0.0,,false
1587,NS40,NovaSpace UK Ltd.,2023,7,T03,GR/IR clearing,3,2,2023-07-31,2023-08-02,2023-08-04,2.0,,false
1588,NS40,NovaSpace UK Ltd.,2023,7,T04,Payroll posting,4,2,2023-07-31,2023-08-02,2023-08-02,0.0,,false
1589,NS40,NovaSpace UK Ltd.,2023,7,T05,Depreciation run,5,2,2023-07-31,2023-08-02,2023-08-02,0.0,,false
1590,NS40,NovaSpace UK Ltd.,2023,7,T06,Accruals posting,6,3,2023-07-31,2023-08-03,2023-08-07,2.0,,false
1591,NS40,NovaSpace UK Ltd.,2023,7,T07,Overhead allocation cycle,7,3,2023-07-31,2023-08-03,2023-08-03,0.0,,false
1592,NS40,NovaSpace UK Ltd.,2023,7,T08,Intercompany reconciliation,8,3,2023-07-31,2023-08-03,2023-08-04,1.0,,false
1593,NS40,NovaSpace UK Ltd.,2023,7,T09,FX revaluation,9,4,2023-07-31,2023-08-04,2023-08-04,0.0,,false
1594,NS40,NovaSpace UK Ltd.,2023,7,T10,Soft close / reporting cut-off,10,4,2023-07-31,2023-08-04,2023-08-03,-1.0,,false
1595,NS40,NovaSpace UK Ltd.,2023,7,T11,Management reporting pack,11,5,2023-07-31,2023-08-07,2023-08-07,0.0,,false
1596,NS40,NovaSpace UK Ltd.,2023,7,T12,Hard close / period lock,12,5,2023-07-31,2023-08-07,2023-08-04,-1.0,4.0,false
1597,NS40,NovaSpace UK Ltd.,2023,8,T01,Sub-ledger cut-off — Accounts Payable,1,1,2023-08-31,2023-09-01,2023-09-01,0.0,,false
1598,NS40,NovaSpace UK Ltd.,2023,8,T02,Sub-ledger cut-off — Accounts Receivable,2,1,2023-08-31,2023-09-01,2023-09-01,0.0,,false
1599,NS40,NovaSpace UK Ltd.,2023,8,T03,GR/IR clearing,3,2,2023-08-31,2023-09-04,2023-09-04,0.0,,false
1600,NS40,NovaSpace UK Ltd.,2023,8,T04,Payroll posting,4,2,2023-08-31,2023-09-04,2023-09-01,-1.0,,false
1601,NS40,NovaSpace UK Ltd.,2023,8,T05,Depreciation run,5,2,2023-08-31,2023-09-04,2023-09-04,0.0,,false
1602,NS40,NovaSpace UK Ltd.,2023,8,T06,Accruals posting,6,3,2023-08-31,2023-09-05,2023-09-04,-1.0,,false
1603,NS40,NovaSpace UK Ltd.,2023,8,T07,Overhead allocation cycle,7,3,2023-08-31,2023-09-05,2023-09-06,1.0,,false
1604,NS40,NovaSpace UK Ltd.,2023,8,T08,Intercompany reconciliation,8,3,2023-08-31,2023-09-05,2023-09-06,1.0,,false
1605,NS40,NovaSpace UK Ltd.,2023,8,T09,FX revaluation,9,4,2023-08-31,2023-09-06,2023-09-06,0.0,,false
1606,NS40,NovaSpace UK Ltd.,2023,8,T10,Soft close / reporting cut-off,10,4,2023-08-31,2023-09-06,2023-09-06,0.0,,false
1607,NS40,NovaSpace UK Ltd.,2023,8,T11,Management reporting pack,11,5,2023-08-31,2023-09-07,2023-09-08,1.0,,false
1608,NS40,NovaSpace UK Ltd.,2023,8,T12,Hard close / period lock,12,5,2023-08-31,2023-09-07,2023-09-07,0.0,5.0,false
1609,NS40,NovaSpace UK Ltd.,2023,9,T01,Sub-ledger cut-off — Accounts Payable,1,1,2023-09-30,2023-10-02,2023-10-03,1.0,,false
1610,NS40,NovaSpace UK Ltd.,2023,9,T02,Sub-ledger cut-off — Accounts Receivable,2,1,2023-09-30,2023-10-02,2023-10-04,2.0,,false
1611,NS40,NovaSpace UK Ltd.,2023,9,T03,GR/IR clearing,3,2,2023-09-30,2023-10-03,2023-10-03,0.0,,false
1612,NS40,NovaSpace UK Ltd.,2023,9,T04,Payroll posting,4,2,2023-09-30,2023-10-03,2023-10-03,0.0,,false
1613,NS40,NovaSpace UK Ltd.,2023,9,T05,Depreciation run,5,2,2023-09-30,2023-10-03,2023-10-03,0.0,,false
1614,NS40,NovaSpace UK Ltd.,2023,9,T06,Accruals posting,6,3,2023-09-30,2023-10-04,2023-10-03,-1.0,,false
1615,NS40,NovaSpace UK Ltd.,2023,9,T07,Overhead allocation cycle,7,3,2023-09-30,2023-10-04,2023-10-04,0.0,,false
1616,NS40,NovaSpace UK Ltd.,2023,9,T08,Intercompany reconciliation,8,3,2023-09-30,2023-10-04,2023-10-03,-1.0,,false
1617,NS40,NovaSpace UK Ltd.,2023,9,T09,FX revaluation,9,4,2023-09-30,2023-10-05,2023-10-05,0.0,,false
1618,NS40,NovaSpace UK Ltd.,2023,9,T10,Soft close / reporting cut-off,10,4,2023-09-30,2023-10-05,2023-10-04,-1.0,,false
1619,NS40,NovaSpace UK Ltd.,2023,9,T11,Management reporting pack,11,5,2023-09-30,2023-10-06,2023-10-05,-1.0,,false
1620,NS40,NovaSpace UK Ltd.,2023,9,T12,Hard close / period lock,12,5,2023-09-30,2023-10-06,2023-10-09,1.0,6.0,false
1621,NS40,NovaSpace UK Ltd.,2023,10,T01,Sub-ledger cut-off — Accounts Payable,1,1,2023-10-31,2023-11-01,2023-11-01,0.0,,false
1622,NS40,NovaSpace UK Ltd.,2023,10,T02,Sub-ledger cut-off — Accounts Receivable,2,1,2023-10-31,2023-11-01,2023-11-01,0.0,,false
1623,NS40,NovaSpace UK Ltd.,2023,10,T03,GR/IR clearing,3,2,2023-10-31,2023-11-02,2023-11-01,-1.0,,false
1624,NS40,NovaSpace UK Ltd.,2023,10,T04,Payroll posting,4,2,2023-10-31,2023-11-02,2023-11-02,0.0,,false
1625,NS40,NovaSpace UK Ltd.,2023,10,T05,Depreciation run,5,2,2023-10-31,2023-11-02,2023-11-01,-1.0,,false
1626,NS40,NovaSpace UK Ltd.,2023,10,T06,Accruals posting,6,3,2023-10-31,2023-11-03,2023-11-02,-1.0,,false
1627,NS40,NovaSpace UK Ltd.,2023,10,T07,Overhead allocation cycle,7,3,2023-10-31,2023-11-03,2023-11-03,0.0,,false
1628,NS40,NovaSpace UK Ltd.,2023,10,T08,Intercompany reconciliation,8,3,2023-10-31,2023-11-03,2023-11-06,1.0,,false
1629,NS40,NovaSpace UK Ltd.,2023,10,T09,FX revaluation,9,4,2023-10-31,2023-11-06,2023-11-06,0.0,,false
1630,NS40,NovaSpace UK Ltd.,2023,10,T10,Soft close / reporting cut-off,10,4,2023-10-31,2023-11-06,2023-11-06,0.0,,false
1631,NS40,NovaSpace UK Ltd.,2023,10,T11,Management reporting pack,11,5,2023-10-31,2023-11-07,2023-11-07,0.0,,false
1632,NS40,NovaSpace UK Ltd.,2023,10,T12,Hard close / period lock,12,5,2023-10-31,2023-11-07,2023-11-07,0.0,5.0,false
1633,NS40,NovaSpace UK Ltd.,2023,11,T01,Sub-ledger cut-off — Accounts Payable,1,1,2023-11-30,2023-12-01,2023-12-01,0.0,,false
1634,NS40,NovaSpace UK Ltd.,2023,11,T02,Sub-ledger cut-off — Accounts Receivable,2,1,2023-11-30,2023-12-01,2023-12-04,1.0,,false
1635,NS40,NovaSpace UK Ltd.,2023,11,T03,GR/IR clearing,3,2,2023-11-30,2023-12-04,2023-12-04,0.0,,false
1636,NS40,NovaSpace UK Ltd.,2023,11,T04,Payroll posting,4,2,2023-11-30,2023-12-04,2023-12-05,1.0,,false
1637,NS40,NovaSpace UK Ltd.,2023,11,T05,Depreciation run,5,2,2023-11-30,2023-12-04,2023-12-06,2.0,,false
1638,NS40,NovaSpace UK Ltd.,2023,11,T06,Accruals posting,6,3,2023-11-30,2023-12-05,2023-12-06,1.0,,false
1639,NS40,NovaSpace UK Ltd.,2023,11,T07,Overhead allocation cycle,7,3,2023-11-30,2023-12-05,2023-12-05,0.0,,false
1640,NS40,NovaSpace UK Ltd.,2023,11,T08,Intercompany reconciliation,8,3,2023-11-30,2023-12-05,2023-12-05,0.0,,false
1641,NS40,NovaSpace UK Ltd.,2023,11,T09,FX revaluation,9,4,2023-11-30,2023-12-06,2023-12-07,1.0,,false
1642,NS40,NovaSpace UK Ltd.,2023,11,T10,Soft close / reporting cut-off,10,4,2023-11-30,2023-12-06,2023-12-05,-1.0,,false
1643,NS40,NovaSpace UK Ltd.,2023,11,T11,Management reporting pack,11,5,2023-11-30,2023-12-07,2023-12-07,0.0,,false
1644,NS40,NovaSpace UK Ltd.,2023,11,T12,Hard close / period lock,12,5,2023-11-30,2023-12-07,2023-12-07,0.0,5.0,false
1645,NS40,NovaSpace UK Ltd.,2023,12,T01,Sub-ledger cut-off — Accounts Payable,1,1,2023-12-31,2024-01-02,2024-01-03,1.0,,false
1646,NS40,NovaSpace UK Ltd.,2023,12,T02,Sub-ledger cut-off — Accounts Receivable,2,1,2023-12-31,2024-01-02,2024-01-03,1.0,,false
1647,NS40,NovaSpace UK Ltd.,2023,12,T03,GR/IR clearing,3,2,2023-12-31,2024-01-03,2024-01-04,1.0,,false
1648,NS40,NovaSpace UK Ltd.,2023,12,T04,Payroll posting,4,2,2023-12-31,2024-01-03,2024-01-03,0.0,,false
1649,NS40,NovaSpace UK Ltd.,2023,12,T05,Depreciation run,5,2,2023-12-31,2024-01-03,2024-01-04,1.0,,false
1650,NS40,NovaSpace UK Ltd.,2023,12,T06,Accruals posting,6,3,2023-12-31,2024-01-04,2024-01-03,-1.0,,false
1651,NS40,NovaSpace UK Ltd.,2023,12,T07,Overhead allocation cycle,7,3,2023-12-31,2024-01-04,2024-01-04,0.0,,false
1652,NS40,NovaSpace UK Ltd.,2023,12,T08,Intercompany reconciliation,8,3,2023-12-31,2024-01-04,2024-01-05,1.0,,false
1653,NS40,NovaSpace UK Ltd.,2023,12,T09,FX revaluation,9,4,2023-12-31,2024-01-05,2024-01-05,0.0,,false
1654,NS40,NovaSpace UK Ltd.,2023,12,T10,Soft close / reporting cut-off,10,4,2023-12-31,2024-01-05,2024-01-08,1.0,,false
1655,NS40,NovaSpace UK Ltd.,2023,12,T11,Management reporting pack,11,5,2023-12-31,2024-01-08,2024-01-10,2.0,,false
1656,NS40,NovaSpace UK Ltd.,2023,12,T12,Hard close / period lock,12,5,2023-12-31,2024-01-08,2024-01-09,1.0,6.0,false
1657,NS40,NovaSpace UK Ltd.,2024,1,T01,Sub-ledger cut-off — Accounts Payable,1,1,2024-01-31,2024-02-01,2024-02-02,1.0,,false
1658,NS40,NovaSpace UK Ltd.,2024,1,T02,Sub-ledger cut-off — Accounts Receivable,2,1,2024-01-31,2024-02-01,2024-02-01,0.0,,false
1659,NS40,NovaSpace UK Ltd.,2024,1,T03,GR/IR clearing,3,2,2024-01-31,2024-02-02,2024-02-01,-1.0,,false
1660,NS40,NovaSpace UK Ltd.,2024,1,T04,Payroll posting,4,2,2024-01-31,2024-02-02,2024-02-01,-1.0,,false
1661,NS40,NovaSpace UK Ltd.,2024,1,T05,Depreciation run,5,2,2024-01-31,2024-02-02,2024-02-02,0.0,,false
1662,NS40,NovaSpace UK Ltd.,2024,1,T06,Accruals posting,6,3,2024-01-31,2024-02-05,2024-02-05,0.0,,false
1663,NS40,NovaSpace UK Ltd.,2024,1,T07,Overhead allocation cycle,7,3,2024-01-31,2024-02-05,2024-02-06,1.0,,false
1664,NS40,NovaSpace UK Ltd.,2024,1,T08,Intercompany reconciliation,8,3,2024-01-31,2024-02-05,2024-02-02,-1.0,,false
1665,NS40,NovaSpace UK Ltd.,2024,1,T09,FX revaluation,9,4,2024-01-31,2024-02-06,2024-02-06,0.0,,false
1666,NS40,NovaSpace UK Ltd.,2024,1,T10,Soft close / reporting cut-off,10,4,2024-01-31,2024-02-06,2024-02-06,0.0,,false
1667,NS40,NovaSpace UK Ltd.,2024,1,T11,Management reporting pack,11,5,2024-01-31,2024-02-07,2024-02-08,1.0,,false
1668,NS40,NovaSpace UK Ltd.,2024,1,T12,Hard close / period lock,12,5,2024-01-31,2024-02-07,2024-02-07,0.0,5.0,false
1669,NS40,NovaSpace UK Ltd.,2024,2,T01,Sub-ledger cut-off — Accounts Payable,1,1,2024-02-29,2024-03-01,2024-03-01,0.0,,false
1670,NS40,NovaSpace UK Ltd.,2024,2,T02,Sub-ledger cut-off — Accounts Receivable,2,1,2024-02-29,2024-03-01,2024-03-01,0.0,,false
1671,NS40,NovaSpace UK Ltd.,2024,2,T03,GR/IR clearing,3,2,2024-02-29,2024-03-04,2024-03-04,0.0,,false
1672,NS40,NovaSpace UK Ltd.,2024,2,T04,Payroll posting,4,2,2024-02-29,2024-03-04,2024-03-01,-1.0,,false
1673,NS40,NovaSpace UK Ltd.,2024,2,T05,Depreciation run,5,2,2024-02-29,2024-03-04,2024-03-06,2.0,,false
1674,NS40,NovaSpace UK Ltd.,2024,2,T06,Accruals posting,6,3,2024-02-29,2024-03-05,2024-03-05,0.0,,false
1675,NS40,NovaSpace UK Ltd.,2024,2,T07,Overhead allocation cycle,7,3,2024-02-29,2024-03-05,2024-03-05,0.0,,false
1676,NS40,NovaSpace UK Ltd.,2024,2,T08,Intercompany reconciliation,8,3,2024-02-29,2024-03-05,2024-03-05,0.0,,false
1677,NS40,NovaSpace UK Ltd.,2024,2,T09,FX revaluation,9,4,2024-02-29,2024-03-06,2024-03-05,-1.0,,false
1678,NS40,NovaSpace UK Ltd.,2024,2,T10,Soft close / reporting cut-off,10,4,2024-02-29,2024-03-06,2024-03-06,0.0,,false
1679,NS40,NovaSpace UK Ltd.,2024,2,T11,Management reporting pack,11,5,2024-02-29,2024-03-07,2024-03-11,2.0,,false
1680,NS40,NovaSpace UK Ltd.,2024,2,T12,Hard close / period lock,12,5,2024-02-29,2024-03-07,2024-03-11,2.0,7.0,false
1681,NS40,NovaSpace UK Ltd.,2024,3,T01,Sub-ledger cut-off — Accounts Payable,1,1,2024-03-31,2024-04-02,2024-04-02,0.0,,false
1682,NS40,NovaSpace UK Ltd.,2024,3,T02,Sub-ledger cut-off — Accounts Receivable,2,1,2024-03-31,2024-04-02,2024-04-03,1.0,,false
1683,NS40,NovaSpace UK Ltd.,2024,3,T03,GR/IR clearing,3,2,2024-03-31,2024-04-03,2024-04-04,1.0,,false
1684,NS40,NovaSpace UK Ltd.,2024,3,T04,Payroll posting,4,2,2024-03-31,2024-04-03,2024-04-02,-1.0,,false
1685,NS40,NovaSpace UK Ltd.,2024,3,T05,Depreciation run,5,2,2024-03-31,2024-04-03,2024-04-03,0.0,,false
1686,NS40,NovaSpace UK Ltd.,2024,3,T06,Accruals posting,6,3,2024-03-31,2024-04-04,2024-04-04,0.0,,false
1687,NS40,NovaSpace UK Ltd.,2024,3,T07,Overhead allocation cycle,7,3,2024-03-31,2024-04-04,2024-04-05,1.0,,false
1688,NS40,NovaSpace UK Ltd.,2024,3,T08,Intercompany reconciliation,8,3,2024-03-31,2024-04-04,2024-04-08,2.0,,false
1689,NS40,NovaSpace UK Ltd.,2024,3,T09,FX revaluation,9,4,2024-03-31,2024-04-05,2024-04-04,-1.0,,false
1690,NS40,NovaSpace UK Ltd.,2024,3,T10,Soft close / reporting cut-off,10,4,2024-03-31,2024-04-05,2024-04-08,1.0,,false
1691,NS40,NovaSpace UK Ltd.,2024,3,T11,Management reporting pack,11,5,2024-03-31,2024-04-08,2024-04-05,-1.0,,false
1692,NS40,NovaSpace UK Ltd.,2024,3,T12,Hard close / period lock,12,5,2024-03-31,2024-04-08,2024-04-08,0.0,5.0,false
1693,NS40,NovaSpace UK Ltd.,2024,4,T01,Sub-ledger cut-off — Accounts Payable,1,1,2024-04-30,2024-05-02,2024-05-02,0.0,,false
1694,NS40,NovaSpace UK Ltd.,2024,4,T02,Sub-ledger cut-off — Accounts Receivable,2,1,2024-04-30,2024-05-02,2024-05-02,0.0,,false
1695,NS40,NovaSpace UK Ltd.,2024,4,T03,GR/IR clearing,3,2,2024-04-30,2024-05-03,2024-05-02,-1.0,,false
1696,NS40,NovaSpace UK Ltd.,2024,4,T04,Payroll posting,4,2,2024-04-30,2024-05-03,2024-05-03,0.0,,false
1697,NS40,NovaSpace UK Ltd.,2024,4,T05,Depreciation run,5,2,2024-04-30,2024-05-03,2024-05-03,0.0,,false
1698,NS40,NovaSpace UK Ltd.,2024,4,T06,Accruals posting,6,3,2024-04-30,2024-05-06,2024-05-07,1.0,,false
1699,NS40,NovaSpace UK Ltd.,2024,4,T07,Overhead allocation cycle,7,3,2024-04-30,2024-05-06,2024-05-06,0.0,,false
1700,NS40,NovaSpace UK Ltd.,2024,4,T08,Intercompany reconciliation,8,3,2024-04-30,2024-05-06,2024-05-07,1.0,,false
1701,NS40,NovaSpace UK Ltd.,2024,4,T09,FX revaluation,9,4,2024-04-30,2024-05-07,2024-05-07,0.0,,false
1702,NS40,NovaSpace UK Ltd.,2024,4,T10,Soft close / reporting cut-off,10,4,2024-04-30,2024-05-07,2024-05-07,0.0,,false
1703,NS40,NovaSpace UK Ltd.,2024,4,T11,Management reporting pack,11,5,2024-04-30,2024-05-08,2024-05-08,0.0,,false
1704,NS40,NovaSpace UK Ltd.,2024,4,T12,Hard close / period lock,12,5,2024-04-30,2024-05-08,2024-05-08,0.0,5.0,false
1705,NS40,NovaSpace UK Ltd.,2024,5,T01,Sub-ledger cut-off — Accounts Payable,1,1,2024-05-31,2024-06-03,2024-06-04,1.0,,false
1706,NS40,NovaSpace UK Ltd.,2024,5,T02,Sub-ledger cut-off — Accounts Receivable,2,1,2024-05-31,2024-06-03,2024-06-03,0.0,,false
1707,NS40,NovaSpace UK Ltd.,2024,5,T03,GR/IR clearing,3,2,2024-05-31,2024-06-04,2024-06-03,-1.0,,false
1708,NS40,NovaSpace UK Ltd.,2024,5,T04,Payroll posting,4,2,2024-05-31,2024-06-04,2024-06-05,1.0,,false
1709,NS40,NovaSpace UK Ltd.,2024,5,T05,Depreciation run,5,2,2024-05-31,2024-06-04,2024-06-03,-1.0,,false
1710,NS40,NovaSpace UK Ltd.,2024,5,T06,Accruals posting,6,3,2024-05-31,2024-06-05,2024-06-05,0.0,,false
1711,NS40,NovaSpace UK Ltd.,2024,5,T07,Overhead allocation cycle,7,3,2024-05-31,2024-06-05,2024-06-07,2.0,,false
1712,NS40,NovaSpace UK Ltd.,2024,5,T08,Intercompany reconciliation,8,3,2024-05-31,2024-06-05,2024-06-05,0.0,,false
1713,NS40,NovaSpace UK Ltd.,2024,5,T09,FX revaluation,9,4,2024-05-31,2024-06-06,2024-06-05,-1.0,,false
1714,NS40,NovaSpace UK Ltd.,2024,5,T10,Soft close / reporting cut-off,10,4,2024-05-31,2024-06-06,2024-06-06,0.0,,false
1715,NS40,NovaSpace UK Ltd.,2024,5,T11,Management reporting pack,11,5,2024-05-31,2024-06-07,2024-06-07,0.0,,false
1716,NS40,NovaSpace UK Ltd.,2024,5,T12,Hard close / period lock,12,5,2024-05-31,2024-06-07,2024-06-10,1.0,6.0,false
1717,NS40,NovaSpace UK Ltd.,2024,6,T01,Sub-ledger cut-off — Accounts Payable,1,1,2024-06-30,2024-07-01,2024-07-01,0.0,,false
1718,NS40,NovaSpace UK Ltd.,2024,6,T02,Sub-ledger cut-off — Accounts Receivable,2,1,2024-06-30,2024-07-01,2024-07-01,0.0,,false
1719,NS40,NovaSpace UK Ltd.,2024,6,T03,GR/IR clearing,3,2,2024-06-30,2024-07-02,2024-07-03,1.0,,false
1720,NS40,NovaSpace UK Ltd.,2024,6,T04,Payroll posting,4,2,2024-06-30,2024-07-02,2024-07-02,0.0,,false
1721,NS40,NovaSpace UK Ltd.,2024,6,T05,Depreciation run,5,2,2024-06-30,2024-07-02,2024-07-04,2.0,,false
1722,NS40,NovaSpace UK Ltd.,2024,6,T06,Accruals posting,6,3,2024-06-30,2024-07-03,2024-07-02,-1.0,,false
1723,NS40,NovaSpace UK Ltd.,2024,6,T07,Overhead allocation cycle,7,3,2024-06-30,2024-07-03,2024-07-03,0.0,,false
1724,NS40,NovaSpace UK Ltd.,2024,6,T08,Intercompany reconciliation,8,3,2024-06-30,2024-07-03,2024-07-05,2.0,,false
1725,NS40,NovaSpace UK Ltd.,2024,6,T09,FX revaluation,9,4,2024-06-30,2024-07-04,2024-07-05,1.0,,false
1726,NS40,NovaSpace UK Ltd.,2024,6,T10,Soft close / reporting cut-off,10,4,2024-06-30,2024-07-04,2024-07-04,0.0,,false
1727,NS40,NovaSpace UK Ltd.,2024,6,T11,Management reporting pack,11,5,2024-06-30,2024-07-05,2024-07-05,0.0,,false
1728,NS40,NovaSpace UK Ltd.,2024,6,T12,Hard close / period lock,12,5,2024-06-30,2024-07-05,2024-07-08,1.0,6.0,false
1729,NS40,NovaSpace UK Ltd.,2024,7,T01,Sub-ledger cut-off — Accounts Payable,1,1,2024-07-31,2024-08-01,2024-08-05,2.0,,false
1730,NS40,NovaSpace UK Ltd.,2024,7,T02,Sub-ledger cut-off — Accounts Receivable,2,1,2024-07-31,2024-08-01,2024-08-05,2.0,,false
1731,NS40,NovaSpace UK Ltd.,2024,7,T03,GR/IR clearing,3,2,2024-07-31,2024-08-02,2024-08-02,0.0,,false
1732,NS40,NovaSpace UK Ltd.,2024,7,T04,Payroll posting,4,2,2024-07-31,2024-08-02,2024-08-05,1.0,,false
1733,NS40,NovaSpace UK Ltd.,2024,7,T05,Depreciation run,5,2,2024-07-31,2024-08-02,2024-08-05,1.0,,false
1734,NS40,NovaSpace UK Ltd.,2024,7,T06,Accruals posting,6,3,2024-07-31,2024-08-05,2024-08-06,1.0,,false
1735,NS40,NovaSpace UK Ltd.,2024,7,T07,Overhead allocation cycle,7,3,2024-07-31,2024-08-05,2024-08-05,0.0,,false
1736,NS40,NovaSpace UK Ltd.,2024,7,T08,Intercompany reconciliation,8,3,2024-07-31,2024-08-05,2024-08-05,0.0,,false
1737,NS40,NovaSpace UK Ltd.,2024,7,T09,FX revaluation,9,4,2024-07-31,2024-08-06,2024-08-07,1.0,,false
1738,NS40,NovaSpace UK Ltd.,2024,7,T10,Soft close / reporting cut-off,10,4,2024-07-31,2024-08-06,2024-08-06,0.0,,false
1739,NS40,NovaSpace UK Ltd.,2024,7,T11,Management reporting pack,11,5,2024-07-31,2024-08-07,2024-08-08,1.0,,false
1740,NS40,NovaSpace UK Ltd.,2024,7,T12,Hard close / period lock,12,5,2024-07-31,2024-08-07,2024-08-07,0.0,5.0,false
1741,NS40,NovaSpace UK Ltd.,2024,8,T01,Sub-ledger cut-off — Accounts Payable,1,1,2024-08-31,2024-09-02,2024-09-02,0.0,,false
1742,NS40,NovaSpace UK Ltd.,2024,8,T02,Sub-ledger cut-off — Accounts Receivable,2,1,2024-08-31,2024-09-02,2024-09-03,1.0,,false
1743,NS40,NovaSpace UK Ltd.,2024,8,T03,GR/IR clearing,3,2,2024-08-31,2024-09-03,2024-09-03,0.0,,false
1744,NS40,NovaSpace UK Ltd.,2024,8,T04,Payroll posting,4,2,2024-08-31,2024-09-03,2024-09-03,0.0,,false
1745,NS40,NovaSpace UK Ltd.,2024,8,T05,Depreciation run,5,2,2024-08-31,2024-09-03,2024-09-04,1.0,,false
1746,NS40,NovaSpace UK Ltd.,2024,8,T06,Accruals posting,6,3,2024-08-31,2024-09-04,2024-09-04,0.0,,false
1747,NS40,NovaSpace UK Ltd.,2024,8,T07,Overhead allocation cycle,7,3,2024-08-31,2024-09-04,2024-09-05,1.0,,false
1748,NS40,NovaSpace UK Ltd.,2024,8,T08,Intercompany reconciliation,8,3,2024-08-31,2024-09-04,2024-09-04,0.0,,false
1749,NS40,NovaSpace UK Ltd.,2024,8,T09,FX revaluation,9,4,2024-08-31,2024-09-05,2024-09-05,0.0,,false
1750,NS40,NovaSpace UK Ltd.,2024,8,T10,Soft close / reporting cut-off,10,4,2024-08-31,2024-09-05,2024-09-05,0.0,,false
1751,NS40,NovaSpace UK Ltd.,2024,8,T11,Management reporting pack,11,5,2024-08-31,2024-09-06,2024-09-06,0.0,,false
1752,NS40,NovaSpace UK Ltd.,2024,8,T12,Hard close / period lock,12,5,2024-08-31,2024-09-06,2024-09-05,-1.0,4.0,false
1753,NS40,NovaSpace UK Ltd.,2024,9,T01,Sub-ledger cut-off — Accounts Payable,1,1,2024-09-30,2024-10-01,2024-10-01,0.0,,false
1754,NS40,NovaSpace UK Ltd.,2024,9,T02,Sub-ledger cut-off — Accounts Receivable,2,1,2024-09-30,2024-10-01,2024-10-01,0.0,,false
1755,NS40,NovaSpace UK Ltd.,2024,9,T03,GR/IR clearing,3,2,2024-09-30,2024-10-02,2024-10-03,1.0,,false
1756,NS40,NovaSpace UK Ltd.,2024,9,T04,Payroll posting,4,2,2024-09-30,2024-10-02,2024-10-02,0.0,,false
1757,NS40,NovaSpace UK Ltd.,2024,9,T05,Depreciation run,5,2,2024-09-30,2024-10-02,2024-10-02,0.0,,false
1758,NS40,NovaSpace UK Ltd.,2024,9,T06,Accruals posting,6,3,2024-09-30,2024-10-03,2024-10-02,-1.0,,false
1759,NS40,NovaSpace UK Ltd.,2024,9,T07,Overhead allocation cycle,7,3,2024-09-30,2024-10-03,2024-10-04,1.0,,false
1760,NS40,NovaSpace UK Ltd.,2024,9,T08,Intercompany reconciliation,8,3,2024-09-30,2024-10-03,2024-10-03,0.0,,false
1761,NS40,NovaSpace UK Ltd.,2024,9,T09,FX revaluation,9,4,2024-09-30,2024-10-04,2024-10-03,-1.0,,false
1762,NS40,NovaSpace UK Ltd.,2024,9,T10,Soft close / reporting cut-off,10,4,2024-09-30,2024-10-04,2024-10-04,0.0,,false
1763,NS40,NovaSpace UK Ltd.,2024,9,T11,Management reporting pack,11,5,2024-09-30,2024-10-07,2024-10-04,-1.0,,false
1764,NS40,NovaSpace UK Ltd.,2024,9,T12,Hard close / period lock,12,5,2024-09-30,2024-10-07,2024-10-07,0.0,5.0,false
1765,NS40,NovaSpace UK Ltd.,2024,10,T01,Sub-ledger cut-off — Accounts Payable,1,1,2024-10-31,2024-11-01,2024-11-01,0.0,,false
1766,NS40,NovaSpace UK Ltd.,2024,10,T02,Sub-ledger cut-off — Accounts Receivable,2,1,2024-10-31,2024-11-01,2024-11-01,0.0,,false
1767,NS40,NovaSpace UK Ltd.,2024,10,T03,GR/IR clearing,3,2,2024-10-31,2024-11-04,2024-11-05,1.0,,false
1768,NS40,NovaSpace UK Ltd.,2024,10,T04,Payroll posting,4,2,2024-10-31,2024-11-04,2024-11-01,-1.0,,false
1769,NS40,NovaSpace UK Ltd.,2024,10,T05,Depreciation run,5,2,2024-10-31,2024-11-04,2024-11-04,0.0,,false
1770,NS40,NovaSpace UK Ltd.,2024,10,T06,Accruals posting,6,3,2024-10-31,2024-11-05,2024-11-05,0.0,,false
1771,NS40,NovaSpace UK Ltd.,2024,10,T07,Overhead allocation cycle,7,3,2024-10-31,2024-11-05,2024-11-05,0.0,,false
1772,NS40,NovaSpace UK Ltd.,2024,10,T08,Intercompany reconciliation,8,3,2024-10-31,2024-11-05,2024-11-05,0.0,,false
1773,NS40,NovaSpace UK Ltd.,2024,10,T09,FX revaluation,9,4,2024-10-31,2024-11-06,2024-11-06,0.0,,false
1774,NS40,NovaSpace UK Ltd.,2024,10,T10,Soft close / reporting cut-off,10,4,2024-10-31,2024-11-06,2024-11-06,0.0,,false
1775,NS40,NovaSpace UK Ltd.,2024,10,T11,Management reporting pack,11,5,2024-10-31,2024-11-07,2024-11-08,1.0,,false
1776,NS40,NovaSpace UK Ltd.,2024,10,T12,Hard close / period lock,12,5,2024-10-31,2024-11-07,2024-11-07,0.0,5.0,false
1777,NS40,NovaSpace UK Ltd.,2024,11,T01,Sub-ledger cut-off — Accounts Payable,1,1,2024-11-30,2024-12-02,2024-12-04,2.0,,false
1778,NS40,NovaSpace UK Ltd.,2024,11,T02,Sub-ledger cut-off — Accounts Receivable,2,1,2024-11-30,2024-12-02,2024-12-02,0.0,,false
1779,NS40,NovaSpace UK Ltd.,2024,11,T03,GR/IR clearing,3,2,2024-11-30,2024-12-03,2024-12-03,0.0,,false
1780,NS40,NovaSpace UK Ltd.,2024,11,T04,Payroll posting,4,2,2024-11-30,2024-12-03,2024-12-03,0.0,,false
1781,NS40,NovaSpace UK Ltd.,2024,11,T05,Depreciation run,5,2,2024-11-30,2024-12-03,2024-12-04,1.0,,false
1782,NS40,NovaSpace UK Ltd.,2024,11,T06,Accruals posting,6,3,2024-11-30,2024-12-04,2024-12-05,1.0,,false
1783,NS40,NovaSpace UK Ltd.,2024,11,T07,Overhead allocation cycle,7,3,2024-11-30,2024-12-04,2024-12-04,0.0,,false
1784,NS40,NovaSpace UK Ltd.,2024,11,T08,Intercompany reconciliation,8,3,2024-11-30,2024-12-04,2024-12-04,0.0,,false
1785,NS40,NovaSpace UK Ltd.,2024,11,T09,FX revaluation,9,4,2024-11-30,2024-12-05,2024-12-05,0.0,,false
1786,NS40,NovaSpace UK Ltd.,2024,11,T10,Soft close / reporting cut-off,10,4,2024-11-30,2024-12-05,2024-12-05,0.0,,false
1787,NS40,NovaSpace UK Ltd.,2024,11,T11,Management reporting pack,11,5,2024-11-30,2024-12-06,2024-12-06,0.0,,false
1788,NS40,NovaSpace UK Ltd.,2024,11,T12,Hard close / period lock,12,5,2024-11-30,2024-12-06,2024-12-06,0.0,5.0,false
1789,NS40,NovaSpace UK Ltd.,2024,12,T01,Sub-ledger cut-off — Accounts Payable,1,1,2024-12-31,2025-01-02,2025-01-02,0.0,,false
1790,NS40,NovaSpace UK Ltd.,2024,12,T02,Sub-ledger cut-off — Accounts Receivable,2,1,2024-12-31,2025-01-02,2025-01-02,0.0,,false
1791,NS40,NovaSpace UK Ltd.,2024,12,T03,GR/IR clearing,3,2,2024-12-31,2025-01-03,2025-01-03,0.0,,false
1792,NS40,NovaSpace UK Ltd.,2024,12,T04,Payroll posting,4,2,2024-12-31,2025-01-03,2025-01-03,0.0,,false
1793,NS40,NovaSpace UK Ltd.,2024,12,T05,Depreciation run,5,2,2024-12-31,2025-01-03,2025-01-03,0.0,,false
1794,NS40,NovaSpace UK Ltd.,2024,12,T06,Accruals posting,6,3,2024-12-31,2025-01-06,2025-01-06,0.0,,false
1795,NS40,NovaSpace UK Ltd.,2024,12,T07,Overhead allocation cycle,7,3,2024-12-31,2025-01-06,2025-01-06,0.0,,false
1796,NS40,NovaSpace UK Ltd.,2024,12,T08,Intercompany reconciliation,8,3,2024-12-31,2025-01-06,2025-01-07,1.0,,false
1797,NS40,NovaSpace UK Ltd.,2024,12,T09,FX revaluation,9,4,2024-12-31,2025-01-07,2025-01-07,0.0,,false
1798,NS40,NovaSpace UK Ltd.,2024,12,T10,Soft close / reporting cut-off,10,4,2024-12-31,2025-01-07,2025-01-09,2.0,,false
1799,NS40,NovaSpace UK Ltd.,2024,12,T11,Management reporting pack,11,5,2024-12-31,2025-01-08,2025-01-08,0.0,,false
1800,NS40,NovaSpace UK Ltd.,2024,12,T12,Hard close / period lock,12,5,2024-12-31,2025-01-08,2025-01-08,0.0,5.0,false
1801,NS40,NovaSpace UK Ltd.,2025,1,T01,Sub-ledger cut-off — Accounts Payable,1,1,2025-01-31,2025-02-03,2025-02-03,0.0,,false
1802,NS40,NovaSpace UK Ltd.,2025,1,T02,Sub-ledger cut-off — Accounts Receivable,2,1,2025-01-31,2025-02-03,2025-02-04,1.0,,false
1803,NS40,NovaSpace UK Ltd.,2025,1,T03,GR/IR clearing,3,2,2025-01-31,2025-02-04,2025-02-03,-1.0,,false
1804,NS40,NovaSpace UK Ltd.,2025,1,T04,Payroll posting,4,2,2025-01-31,2025-02-04,2025-02-05,1.0,,false
1805,NS40,NovaSpace UK Ltd.,2025,1,T05,Depreciation run,5,2,2025-01-31,2025-02-04,2025-02-06,2.0,,false
1806,NS40,NovaSpace UK Ltd.,2025,1,T06,Accruals posting,6,3,2025-01-31,2025-02-05,2025-02-05,0.0,,false
1807,NS40,NovaSpace UK Ltd.,2025,1,T07,Overhead allocation cycle,7,3,2025-01-31,2025-02-05,2025-02-05,0.0,,false
1808,NS40,NovaSpace UK Ltd.,2025,1,T08,Intercompany reconciliation,8,3,2025-01-31,2025-02-05,2025-02-05,0.0,,false
1809,NS40,NovaSpace UK Ltd.,2025,1,T09,FX revaluation,9,4,2025-01-31,2025-02-06,2025-02-06,0.0,,false
1810,NS40,NovaSpace UK Ltd.,2025,1,T10,Soft close / reporting cut-off,10,4,2025-01-31,2025-02-06,2025-02-06,0.0,,false
1811,NS40,NovaSpace UK Ltd.,2025,1,T11,Management reporting pack,11,5,2025-01-31,2025-02-07,2025-02-07,0.0,,false
1812,NS40,NovaSpace UK Ltd.,2025,1,T12,Hard close / period lock,12,5,2025-01-31,2025-02-07,2025-02-06,-1.0,4.0,false
1813,NS40,NovaSpace UK Ltd.,2025,2,T01,Sub-ledger cut-off — Accounts Payable,1,1,2025-02-28,2025-03-03,2025-03-05,2.0,,false
1814,NS40,NovaSpace UK Ltd.,2025,2,T02,Sub-ledger cut-off — Accounts Receivable,2,1,2025-02-28,2025-03-03,2025-03-03,0.0,,false
1815,NS40,NovaSpace UK Ltd.,2025,2,T03,GR/IR clearing,3,2,2025-02-28,2025-03-04,2025-03-04,0.0,,false
1816,NS40,NovaSpace UK Ltd.,2025,2,T04,Payroll posting,4,2,2025-02-28,2025-03-04,2025-03-04,0.0,,false
1817,NS40,NovaSpace UK Ltd.,2025,2,T05,Depreciation run,5,2,2025-02-28,2025-03-04,2025-03-04,0.0,,false
1818,NS40,NovaSpace UK Ltd.,2025,2,T06,Accruals posting,6,3,2025-02-28,2025-03-05,2025-03-05,0.0,,false
1819,NS40,NovaSpace UK Ltd.,2025,2,T07,Overhead allocation cycle,7,3,2025-02-28,2025-03-05,2025-03-05,0.0,,false
1820,NS40,NovaSpace UK Ltd.,2025,2,T08,Intercompany reconciliation,8,3,2025-02-28,2025-03-05,2025-03-05,0.0,,false
1821,NS40,NovaSpace UK Ltd.,2025,2,T09,FX revaluation,9,4,2025-02-28,2025-03-06,2025-03-07,1.0,,false
1822,NS40,NovaSpace UK Ltd.,2025,2,T10,Soft close / reporting cut-off,10,4,2025-02-28,2025-03-06,2025-03-06,0.0,,false
1823,NS40,NovaSpace UK Ltd.,2025,2,T11,Management reporting pack,11,5,2025-02-28,2025-03-07,2025-03-10,1.0,,false
1824,NS40,NovaSpace UK Ltd.,2025,2,T12,Hard close / period lock,12,5,2025-02-28,2025-03-07,2025-03-07,0.0,5.0,false
1825,NS40,NovaSpace UK Ltd.,2025,3,T01,Sub-ledger cut-off — Accounts Payable,1,1,2025-03-31,2025-04-01,2025-04-02,1.0,,false
1826,NS40,NovaSpace UK Ltd.,2025,3,T02,Sub-ledger cut-off — Accounts Receivable,2,1,2025-03-31,2025-04-01,2025-04-01,0.0,,false
1827,NS40,NovaSpace UK Ltd.,2025,3,T03,GR/IR clearing,3,2,2025-03-31,2025-04-02,2025-04-02,0.0,,false
1828,NS40,NovaSpace UK Ltd.,2025,3,T04,Payroll posting,4,2,2025-03-31,2025-04-02,2025-04-02,0.0,,false
1829,NS40,NovaSpace UK Ltd.,2025,3,T05,Depreciation run,5,2,2025-03-31,2025-04-02,2025-04-02,0.0,,false
1830,NS40,NovaSpace UK Ltd.,2025,3,T06,Accruals posting,6,3,2025-03-31,2025-04-03,2025-04-03,0.0,,false
1831,NS40,NovaSpace UK Ltd.,2025,3,T07,Overhead allocation cycle,7,3,2025-03-31,2025-04-03,2025-04-04,1.0,,false
1832,NS40,NovaSpace UK Ltd.,2025,3,T08,Intercompany reconciliation,8,3,2025-03-31,2025-04-03,2025-04-03,0.0,,false
1833,NS40,NovaSpace UK Ltd.,2025,3,T09,FX revaluation,9,4,2025-03-31,2025-04-04,2025-04-07,1.0,,false
1834,NS40,NovaSpace UK Ltd.,2025,3,T10,Soft close / reporting cut-off,10,4,2025-03-31,2025-04-04,2025-04-03,-1.0,,false
1835,NS40,NovaSpace UK Ltd.,2025,3,T11,Management reporting pack,11,5,2025-03-31,2025-04-07,2025-04-07,0.0,,false
1836,NS40,NovaSpace UK Ltd.,2025,3,T12,Hard close / period lock,12,5,2025-03-31,2025-04-07,2025-04-07,0.0,5.0,false
1837,NS40,NovaSpace UK Ltd.,2025,4,T01,Sub-ledger cut-off — Accounts Payable,1,1,2025-04-30,2025-05-02,2025-05-02,0.0,,false
1838,NS40,NovaSpace UK Ltd.,2025,4,T02,Sub-ledger cut-off — Accounts Receivable,2,1,2025-04-30,2025-05-02,2025-05-02,0.0,,false
1839,NS40,NovaSpace UK Ltd.,2025,4,T03,GR/IR clearing,3,2,2025-04-30,2025-05-05,2025-05-07,2.0,,false
1840,NS40,NovaSpace UK Ltd.,2025,4,T04,Payroll posting,4,2,2025-04-30,2025-05-05,2025-05-02,-1.0,,false
1841,NS40,NovaSpace UK Ltd.,2025,4,T05,Depreciation run,5,2,2025-04-30,2025-05-05,2025-05-06,1.0,,false
1842,NS40,NovaSpace UK Ltd.,2025,4,T06,Accruals posting,6,3,2025-04-30,2025-05-06,2025-05-06,0.0,,false
1843,NS40,NovaSpace UK Ltd.,2025,4,T07,Overhead allocation cycle,7,3,2025-04-30,2025-05-06,2025-05-07,1.0,,false
1844,NS40,NovaSpace UK Ltd.,2025,4,T08,Intercompany reconciliation,8,3,2025-04-30,2025-05-06,2025-05-06,0.0,,false
1845,NS40,NovaSpace UK Ltd.,2025,4,T09,FX revaluation,9,4,2025-04-30,2025-05-07,2025-05-07,0.0,,false
1846,NS40,NovaSpace UK Ltd.,2025,4,T10,Soft close / reporting cut-off,10,4,2025-04-30,2025-05-07,2025-05-07,0.0,,false
1847,NS40,NovaSpace UK Ltd.,2025,4,T11,Management reporting pack,11,5,2025-04-30,2025-05-08,2025-05-07,-1.0,,false
1848,NS40,NovaSpace UK Ltd.,2025,4,T12,Hard close / period lock,12,5,2025-04-30,2025-05-08,2025-05-08,0.0,5.0,false
1849,NS40,NovaSpace UK Ltd.,2025,5,T01,Sub-ledger cut-off — Accounts Payable,1,1,2025-05-31,2025-06-02,2025-06-02,0.0,,false
1850,NS40,NovaSpace UK Ltd.,2025,5,T02,Sub-ledger cut-off — Accounts Receivable,2,1,2025-05-31,2025-06-02,2025-06-02,0.0,,false
1851,NS40,NovaSpace UK Ltd.,2025,5,T03,GR/IR clearing,3,2,2025-05-31,2025-06-03,2025-06-03,0.0,,false
1852,NS40,NovaSpace UK Ltd.,2025,5,T04,Payroll posting,4,2,2025-05-31,2025-06-03,2025-06-04,1.0,,false
1853,NS40,NovaSpace UK Ltd.,2025,5,T05,Depreciation run,5,2,2025-05-31,2025-06-03,2025-06-03,0.0,,false
1854,NS40,NovaSpace UK Ltd.,2025,5,T06,Accruals posting,6,3,2025-05-31,2025-06-04,2025-06-04,0.0,,false
1855,NS40,NovaSpace UK Ltd.,2025,5,T07,Overhead allocation cycle,7,3,2025-05-31,2025-06-04,2025-06-03,-1.0,,false
1856,NS40,NovaSpace UK Ltd.,2025,5,T08,Intercompany reconciliation,8,3,2025-05-31,2025-06-04,2025-06-04,0.0,,false
1857,NS40,NovaSpace UK Ltd.,2025,5,T09,FX revaluation,9,4,2025-05-31,2025-06-05,2025-06-05,0.0,,false
1858,NS40,NovaSpace UK Ltd.,2025,5,T10,Soft close / reporting cut-off,10,4,2025-05-31,2025-06-05,2025-06-05,0.0,,false
1859,NS40,NovaSpace UK Ltd.,2025,5,T11,Management reporting pack,11,5,2025-05-31,2025-06-06,2025-06-05,-1.0,,false
1860,NS40,NovaSpace UK Ltd.,2025,5,T12,Hard close / period lock,12,5,2025-05-31,2025-06-06,2025-06-10,2.0,7.0,false
1861,NS40,NovaSpace UK Ltd.,2025,6,T01,Sub-ledger cut-off — Accounts Payable,1,1,2025-06-30,2025-07-01,2025-07-01,0.0,,false
1862,NS40,NovaSpace UK Ltd.,2025,6,T02,Sub-ledger cut-off — Accounts Receivable,2,1,2025-06-30,2025-07-01,2025-07-01,0.0,,false
1863,NS40,NovaSpace UK Ltd.,2025,6,T03,GR/IR clearing,3,2,2025-06-30,2025-07-02,2025-07-03,1.0,,false
1864,NS40,NovaSpace UK Ltd.,2025,6,T04,Payroll posting,4,2,2025-06-30,2025-07-02,2025-07-03,1.0,,false
1865,NS40,NovaSpace UK Ltd.,2025,6,T05,Depreciation run,5,2,2025-06-30,2025-07-02,2025-07-04,2.0,,false
1866,NS40,NovaSpace UK Ltd.,2025,6,T06,Accruals posting,6,3,2025-06-30,2025-07-03,2025-07-03,0.0,,false
1867,NS40,NovaSpace UK Ltd.,2025,6,T07,Overhead allocation cycle,7,3,2025-06-30,2025-07-03,2025-07-03,0.0,,false
1868,NS40,NovaSpace UK Ltd.,2025,6,T08,Intercompany reconciliation,8,3,2025-06-30,2025-07-03,2025-07-04,1.0,,false
1869,NS40,NovaSpace UK Ltd.,2025,6,T09,FX revaluation,9,4,2025-06-30,2025-07-04,2025-07-04,0.0,,false
1870,NS40,NovaSpace UK Ltd.,2025,6,T10,Soft close / reporting cut-off,10,4,2025-06-30,2025-07-04,2025-07-04,0.0,,false
1871,NS40,NovaSpace UK Ltd.,2025,6,T11,Management reporting pack,11,5,2025-06-30,2025-07-07,2025-07-09,2.0,,false
1872,NS40,NovaSpace UK Ltd.,2025,6,T12,Hard close / period lock,12,5,2025-06-30,2025-07-07,2025-07-08,1.0,6.0,false
1873,NS40,NovaSpace UK Ltd.,2025,7,T01,Sub-ledger cut-off — Accounts Payable,1,1,2025-07-31,2025-08-01,2025-08-01,0.0,,false
1874,NS40,NovaSpace UK Ltd.,2025,7,T02,Sub-ledger cut-off — Accounts Receivable,2,1,2025-07-31,2025-08-01,2025-08-01,0.0,,false
1875,NS40,NovaSpace UK Ltd.,2025,7,T03,GR/IR clearing,3,2,2025-07-31,2025-08-04,2025-08-04,0.0,,false
1876,NS40,NovaSpace UK Ltd.,2025,7,T04,Payroll posting,4,2,2025-07-31,2025-08-04,2025-08-01,-1.0,,false
1877,NS40,NovaSpace UK Ltd.,2025,7,T05,Depreciation run,5,2,2025-07-31,2025-08-04,2025-08-04,0.0,,false
1878,NS40,NovaSpace UK Ltd.,2025,7,T06,Accruals posting,6,3,2025-07-31,2025-08-05,2025-08-05,0.0,,false
1879,NS40,NovaSpace UK Ltd.,2025,7,T07,Overhead allocation cycle,7,3,2025-07-31,2025-08-05,2025-08-05,0.0,,false
1880,NS40,NovaSpace UK Ltd.,2025,7,T08,Intercompany reconciliation,8,3,2025-07-31,2025-08-05,2025-08-05,0.0,,false
1881,NS40,NovaSpace UK Ltd.,2025,7,T09,FX revaluation,9,4,2025-07-31,2025-08-06,2025-08-06,0.0,,false
1882,NS40,NovaSpace UK Ltd.,2025,7,T10,Soft close / reporting cut-off,10,4,2025-07-31,2025-08-06,2025-08-05,-1.0,,false
1883,NS40,NovaSpace UK Ltd.,2025,7,T11,Management reporting pack,11,5,2025-07-31,2025-08-07,2025-08-07,0.0,,false
1884,NS40,NovaSpace UK Ltd.,2025,7,T12,Hard close / period lock,12,5,2025-07-31,2025-08-07,2025-08-07,0.0,5.0,false
1885,NS40,NovaSpace UK Ltd.,2025,8,T01,Sub-ledger cut-off — Accounts Payable,1,1,2025-08-31,2025-09-01,2025-09-02,1.0,,false
1886,NS40,NovaSpace UK Ltd.,2025,8,T02,Sub-ledger cut-off — Accounts Receivable,2,1,2025-08-31,2025-09-01,2025-09-02,1.0,,false
1887,NS40,NovaSpace UK Ltd.,2025,8,T03,GR/IR clearing,3,2,2025-08-31,2025-09-02,2025-09-02,0.0,,false
1888,NS40,NovaSpace UK Ltd.,2025,8,T04,Payroll posting,4,2,2025-08-31,2025-09-02,2025-09-02,0.0,,false
1889,NS40,NovaSpace UK Ltd.,2025,8,T05,Depreciation run,5,2,2025-08-31,2025-09-02,2025-09-03,1.0,,false
1890,NS40,NovaSpace UK Ltd.,2025,8,T06,Accruals posting,6,3,2025-08-31,2025-09-03,2025-09-04,1.0,,false
1891,NS40,NovaSpace UK Ltd.,2025,8,T07,Overhead allocation cycle,7,3,2025-08-31,2025-09-03,2025-09-03,0.0,,false
1892,NS40,NovaSpace UK Ltd.,2025,8,T08,Intercompany reconciliation,8,3,2025-08-31,2025-09-03,2025-09-03,0.0,,false
1893,NS40,NovaSpace UK Ltd.,2025,8,T09,FX revaluation,9,4,2025-08-31,2025-09-04,2025-09-03,-1.0,,false
1894,NS40,NovaSpace UK Ltd.,2025,8,T10,Soft close / reporting cut-off,10,4,2025-08-31,2025-09-04,2025-09-04,0.0,,false
1895,NS40,NovaSpace UK Ltd.,2025,8,T11,Management reporting pack,11,5,2025-08-31,2025-09-05,2025-09-04,-1.0,,false
1896,NS40,NovaSpace UK Ltd.,2025,8,T12,Hard close / period lock,12,5,2025-08-31,2025-09-05,2025-09-05,0.0,5.0,false
1897,NS40,NovaSpace UK Ltd.,2025,9,T01,Sub-ledger cut-off — Accounts Payable,1,1,2025-09-30,2025-10-01,2025-10-01,0.0,,false
1898,NS40,NovaSpace UK Ltd.,2025,9,T02,Sub-ledger cut-off — Accounts Receivable,2,1,2025-09-30,2025-10-01,2025-10-01,0.0,,false
1899,NS40,NovaSpace UK Ltd.,2025,9,T03,GR/IR clearing,3,2,2025-09-30,2025-10-02,2025-10-03,1.0,,false
1900,NS40,NovaSpace UK Ltd.,2025,9,T04,Payroll posting,4,2,2025-09-30,2025-10-02,2025-10-06,2.0,,false
1901,NS40,NovaSpace UK Ltd.,2025,9,T05,Depreciation run,5,2,2025-09-30,2025-10-02,2025-10-01,-1.0,,false
1902,NS40,NovaSpace UK Ltd.,2025,9,T06,Accruals posting,6,3,2025-09-30,2025-10-03,2025-10-06,1.0,,false
1903,NS40,NovaSpace UK Ltd.,2025,9,T07,Overhead allocation cycle,7,3,2025-09-30,2025-10-03,2025-10-03,0.0,,false
1904,NS40,NovaSpace UK Ltd.,2025,9,T08,Intercompany reconciliation,8,3,2025-09-30,2025-10-03,2025-10-02,-1.0,,false
1905,NS40,NovaSpace UK Ltd.,2025,9,T09,FX revaluation,9,4,2025-09-30,2025-10-06,2025-10-06,0.0,,false
1906,NS40,NovaSpace UK Ltd.,2025,9,T10,Soft close / reporting cut-off,10,4,2025-09-30,2025-10-06,2025-10-06,0.0,,false
1907,NS40,NovaSpace UK Ltd.,2025,9,T11,Management reporting pack,11,5,2025-09-30,2025-10-07,2025-10-07,0.0,,false
1908,NS40,NovaSpace UK Ltd.,2025,9,T12,Hard close / period lock,12,5,2025-09-30,2025-10-07,2025-10-06,-1.0,4.0,false
1909,NS40,NovaSpace UK Ltd.,2025,10,T01,Sub-ledger cut-off — Accounts Payable,1,1,2025-10-31,2025-11-03,2025-11-04,1.0,,false
1910,NS40,NovaSpace UK Ltd.,2025,10,T02,Sub-ledger cut-off — Accounts Receivable,2,1,2025-10-31,2025-11-03,2025-11-03,0.0,,false
1911,NS40,NovaSpace UK Ltd.,2025,10,T03,GR/IR clearing,3,2,2025-10-31,2025-11-04,2025-11-04,0.0,,false
1912,NS40,NovaSpace UK Ltd.,2025,10,T04,Payroll posting,4,2,2025-10-31,2025-11-04,2025-11-05,1.0,,false
1913,NS40,NovaSpace UK Ltd.,2025,10,T05,Depreciation run,5,2,2025-10-31,2025-11-04,2025-11-03,-1.0,,false
1914,NS40,NovaSpace UK Ltd.,2025,10,T06,Accruals posting,6,3,2025-10-31,2025-11-05,2025-11-05,0.0,,false
1915,NS40,NovaSpace UK Ltd.,2025,10,T07,Overhead allocation cycle,7,3,2025-10-31,2025-11-05,2025-11-04,-1.0,,false
1916,NS40,NovaSpace UK Ltd.,2025,10,T08,Intercompany reconciliation,8,3,2025-10-31,2025-11-05,2025-11-05,0.0,,false
1917,NS40,NovaSpace UK Ltd.,2025,10,T09,FX revaluation,9,4,2025-10-31,2025-11-06,2025-11-06,0.0,,false
1918,NS40,NovaSpace UK Ltd.,2025,10,T10,Soft close / reporting cut-off,10,4,2025-10-31,2025-11-06,2025-11-07,1.0,,false
1919,NS40,NovaSpace UK Ltd.,2025,10,T11,Management reporting pack,11,5,2025-10-31,2025-11-07,2025-11-10,1.0,,false
1920,NS40,NovaSpace UK Ltd.,2025,10,T12,Hard close / period lock,12,5,2025-10-31,2025-11-07,2025-11-06,-1.0,4.0,false
1921,NS40,NovaSpace UK Ltd.,2025,11,T01,Sub-ledger cut-off — Accounts Payable,1,1,2025-11-30,2025-12-01,2025-12-03,2.0,,false
1922,NS40,NovaSpace UK Ltd.,2025,11,T02,Sub-ledger cut-off — Accounts Receivable,2,1,2025-11-30,2025-12-01,2025-12-01,0.0,,false
1923,NS40,NovaSpace UK Ltd.,2025,11,T03,GR/IR clearing,3,2,2025-11-30,2025-12-02,2025-12-02,0.0,,false
1924,NS40,NovaSpace UK Ltd.,2025,11,T04,Payroll posting,4,2,2025-11-30,2025-12-02,2025-12-04,2.0,,false
1925,NS40,NovaSpace UK Ltd.,2025,11,T05,Depreciation run,5,2,2025-11-30,2025-12-02,2025-12-02,0.0,,false
1926,NS40,NovaSpace UK Ltd.,2025,11,T06,Accruals posting,6,3,2025-11-30,2025-12-03,2025-12-03,0.0,,false
1927,NS40,NovaSpace UK Ltd.,2025,11,T07,Overhead allocation cycle,7,3,2025-11-30,2025-12-03,2025-12-03,0.0,,false
1928,NS40,NovaSpace UK Ltd.,2025,11,T08,Intercompany reconciliation,8,3,2025-11-30,2025-12-03,2025-12-03,0.0,,false
1929,NS40,NovaSpace UK Ltd.,2025,11,T09,FX revaluation,9,4,2025-11-30,2025-12-04,2025-12-04,0.0,,false
1930,NS40,NovaSpace UK Ltd.,2025,11,T10,Soft close / reporting cut-off,10,4,2025-11-30,2025-12-04,2025-12-05,1.0,,false
1931,NS40,NovaSpace UK Ltd.,2025,11,T11,Management reporting pack,11,5,2025-11-30,2025-12-05,2025-12-08,1.0,,false
1932,NS40,NovaSpace UK Ltd.,2025,11,T12,Hard close / period lock,12,5,2025-11-30,2025-12-05,2025-12-08,1.0,6.0,false
1933,NS40,NovaSpace UK Ltd.,2025,12,T01,Sub-ledger cut-off — Accounts Payable,1,1,2025-12-31,2026-01-02,2026-01-02,0.0,,false
1934,NS40,NovaSpace UK Ltd.,2025,12,T02,Sub-ledger cut-off — Accounts Receivable,2,1,2025-12-31,2026-01-02,2026-01-02,0.0,,false
1935,NS40,NovaSpace UK Ltd.,2025,12,T03,GR/IR clearing,3,2,2025-12-31,2026-01-05,2026-01-05,0.0,,false
1936,NS40,NovaSpace UK Ltd.,2025,12,T04,Payroll posting,4,2,2025-12-31,2026-01-05,2026-01-06,1.0,,false
1937,NS40,NovaSpace UK Ltd.,2025,12,T05,Depreciation run,5,2,2025-12-31,2026-01-05,2026-01-07,2.0,,false
1938,NS40,NovaSpace UK Ltd.,2025,12,T06,Accruals posting,6,3,2025-12-31,2026-01-06,2026-01-08,2.0,,false
1939,NS40,NovaSpace UK Ltd.,2025,12,T07,Overhead allocation cycle,7,3,2025-12-31,2026-01-06,2026-01-07,1.0,,false
1940,NS40,NovaSpace UK Ltd.,2025,12,T08,Intercompany reconciliation,8,3,2025-12-31,2026-01-06,2026-01-06,0.0,,false
1941,NS40,NovaSpace UK Ltd.,2025,12,T09,FX revaluation,9,4,2025-12-31,2026-01-07,2026-01-09,2.0,,false
1942,NS40,NovaSpace UK Ltd.,2025,12,T10,Soft close / reporting cut-off,10,4,2025-12-31,2026-01-07,2026-01-07,0.0,,false
1943,NS40,NovaSpace UK Ltd.,2025,12,T11,Management reporting pack,11,5,2025-12-31,2026-01-08,2026-01-08,0.0,,false
1944,NS40,NovaSpace UK Ltd.,2025,12,T12,Hard close / period lock,12,5,2025-12-31,2026-01-08,2026-01-08,0.0,5.0,false
1945,NS40,NovaSpace UK Ltd.,2026,1,T01,Sub-ledger cut-off — Accounts Payable,1,1,2026-01-31,2026-02-02,2026-02-02,0.0,,false
1946,NS40,NovaSpace UK Ltd.,2026,1,T02,Sub-ledger cut-off — Accounts Receivable,2,1,2026-01-31,2026-02-02,2026-02-03,1.0,,false
1947,NS40,NovaSpace UK Ltd.,2026,1,T03,GR/IR clearing,3,2,2026-01-31,2026-02-03,2026-02-04,1.0,,false
1948,NS40,NovaSpace UK Ltd.,2026,1,T04,Payroll posting,4,2,2026-01-31,2026-02-03,2026-02-02,-1.0,,false
1949,NS40,NovaSpace UK Ltd.,2026,1,T05,Depreciation run,5,2,2026-01-31,2026-02-03,2026-02-03,0.0,,false
1950,NS40,NovaSpace UK Ltd.,2026,1,T06,Accruals posting,6,3,2026-01-31,2026-02-04,2026-02-04,0.0,,false
1951,NS40,NovaSpace UK Ltd.,2026,1,T07,Overhead allocation cycle,7,3,2026-01-31,2026-02-04,2026-02-04,0.0,,false
1952,NS40,NovaSpace UK Ltd.,2026,1,T08,Intercompany reconciliation,8,3,2026-01-31,2026-02-04,2026-02-04,0.0,,false
1953,NS40,NovaSpace UK Ltd.,2026,1,T09,FX revaluation,9,4,2026-01-31,2026-02-05,2026-02-05,0.0,,false
1954,NS40,NovaSpace UK Ltd.,2026,1,T10,Soft close / reporting cut-off,10,4,2026-01-31,2026-02-05,2026-02-05,0.0,,false
1955,NS40,NovaSpace UK Ltd.,2026,1,T11,Management reporting pack,11,5,2026-01-31,2026-02-06,2026-02-09,1.0,,false
1956,NS40,NovaSpace UK Ltd.,2026,1,T12,Hard close / period lock,12,5,2026-01-31,2026-02-06,2026-02-09,1.0,6.0,false
1957,NS40,NovaSpace UK Ltd.,2026,2,T01,Sub-ledger cut-off — Accounts Payable,1,1,2026-02-28,2026-03-02,2026-03-02,0.0,,false
1958,NS40,NovaSpace UK Ltd.,2026,2,T02,Sub-ledger cut-off — Accounts Receivable,2,1,2026-02-28,2026-03-02,2026-03-02,0.0,,false
1959,NS40,NovaSpace UK Ltd.,2026,2,T03,GR/IR clearing,3,2,2026-02-28,2026-03-03,2026-03-04,1.0,,false
1960,NS40,NovaSpace UK Ltd.,2026,2,T04,Payroll posting,4,2,2026-02-28,2026-03-03,2026-03-03,0.0,,false
1961,NS40,NovaSpace UK Ltd.,2026,2,T05,Depreciation run,5,2,2026-02-28,2026-03-03,2026-03-03,0.0,,false
1962,NS40,NovaSpace UK Ltd.,2026,2,T06,Accruals posting,6,3,2026-02-28,2026-03-04,2026-03-03,-1.0,,false
1963,NS40,NovaSpace UK Ltd.,2026,2,T07,Overhead allocation cycle,7,3,2026-02-28,2026-03-04,2026-03-03,-1.0,,false
1964,NS40,NovaSpace UK Ltd.,2026,2,T08,Intercompany reconciliation,8,3,2026-02-28,2026-03-04,2026-03-04,0.0,,false
1965,NS40,NovaSpace UK Ltd.,2026,2,T09,FX revaluation,9,4,2026-02-28,2026-03-05,2026-03-05,0.0,,false
1966,NS40,NovaSpace UK Ltd.,2026,2,T10,Soft close / reporting cut-off,10,4,2026-02-28,2026-03-05,2026-03-05,0.0,,false
1967,NS40,NovaSpace UK Ltd.,2026,2,T11,Management reporting pack,11,5,2026-02-28,2026-03-06,2026-03-06,0.0,,false
1968,NS40,NovaSpace UK Ltd.,2026,2,T12,Hard close / period lock,12,5,2026-02-28,2026-03-06,2026-03-06,0.0,5.0,false
1969,NS40,NovaSpace UK Ltd.,2026,3,T01,Sub-ledger cut-off — Accounts Payable,1,1,2026-03-31,2026-04-01,2026-04-01,0.0,,false
1970,NS40,NovaSpace UK Ltd.,2026,3,T02,Sub-ledger cut-off — Accounts Receivable,2,1,2026-03-31,2026-04-01,2026-04-01,0.0,,false
1971,NS40,NovaSpace UK Ltd.,2026,3,T03,GR/IR clearing,3,2,2026-03-31,2026-04-02,2026-04-02,0.0,,false
1972,NS40,NovaSpace UK Ltd.,2026,3,T04,Payroll posting,4,2,2026-03-31,2026-04-02,2026-04-07,1.0,,false
1973,NS40,NovaSpace UK Ltd.,2026,3,T05,Depreciation run,5,2,2026-03-31,2026-04-02,2026-04-02,0.0,,false
1974,NS40,NovaSpace UK Ltd.,2026,3,T06,Accruals posting,6,3,2026-03-31,2026-04-07,2026-04-07,0.0,,false
1975,NS40,NovaSpace UK Ltd.,2026,3,T07,Overhead allocation cycle,7,3,2026-03-31,2026-04-07,2026-04-08,1.0,,false
1976,NS40,NovaSpace UK Ltd.,2026,3,T08,Intercompany reconciliation,8,3,2026-03-31,2026-04-07,2026-04-07,0.0,,false
1977,NS40,NovaSpace UK Ltd.,2026,3,T09,FX revaluation,9,4,2026-03-31,2026-04-08,2026-04-08,0.0,,false
1978,NS40,NovaSpace UK Ltd.,2026,3,T10,Soft close / reporting cut-off,10,4,2026-03-31,2026-04-08,2026-04-09,1.0,,false
1979,NS40,NovaSpace UK Ltd.,2026,3,T11,Management reporting pack,11,5,2026-03-31,2026-04-09,2026-04-09,0.0,,false
1980,NS40,NovaSpace UK Ltd.,2026,3,T12,Hard close / period lock,12,5,2026-03-31,2026-04-09,2026-04-09,0.0,5.0,false
1981,NS40,NovaSpace UK Ltd.,2026,4,T01,Sub-ledger cut-off — Accounts Payable,1,1,2026-04-30,2026-05-04,2026-05-04,0.0,,false
1982,NS40,NovaSpace UK Ltd.,2026,4,T02,Sub-ledger cut-off — Accounts Receivable,2,1,2026-04-30,2026-05-04,2026-05-04,0.0,,false
1983,NS40,NovaSpace UK Ltd.,2026,4,T03,GR/IR clearing,3,2,2026-04-30,2026-05-05,2026-05-06,1.0,,false
1984,NS40,NovaSpace UK Ltd.,2026,4,T04,Payroll posting,4,2,2026-04-30,2026-05-05,2026-05-05,0.0,,false
1985,NS40,NovaSpace UK Ltd.,2026,4,T05,Depreciation run,5,2,2026-04-30,2026-05-05,2026-05-05,0.0,,false
1986,NS40,NovaSpace UK Ltd.,2026,4,T06,Accruals posting,6,3,2026-04-30,2026-05-06,2026-05-08,2.0,,false
1987,NS40,NovaSpace UK Ltd.,2026,4,T07,Overhead allocation cycle,7,3,2026-04-30,2026-05-06,2026-05-06,0.0,,false
1988,NS40,NovaSpace UK Ltd.,2026,4,T08,Intercompany reconciliation,8,3,2026-04-30,2026-05-06,2026-05-06,0.0,,false
1989,NS40,NovaSpace UK Ltd.,2026,4,T09,FX revaluation,9,4,2026-04-30,2026-05-07,2026-05-07,0.0,,false
1990,NS40,NovaSpace UK Ltd.,2026,4,T10,Soft close / reporting cut-off,10,4,2026-04-30,2026-05-07,2026-05-07,0.0,,false
1991,NS40,NovaSpace UK Ltd.,2026,4,T11,Management reporting pack,11,5,2026-04-30,2026-05-08,2026-05-08,0.0,,false
1992,NS40,NovaSpace UK Ltd.,2026,4,T12,Hard close / period lock,12,5,2026-04-30,2026-05-08,2026-05-08,0.0,5.0,false
1993,NS40,NovaSpace UK Ltd.,2026,5,T01,Sub-ledger cut-off — Accounts Payable,1,1,2026-05-31,2026-06-01,2026-06-01,0.0,,false
1994,NS40,NovaSpace UK Ltd.,2026,5,T02,Sub-ledger cut-off — Accounts Receivable,2,1,2026-05-31,2026-06-01,2026-06-01,0.0,,false
1995,NS40,NovaSpace UK Ltd.,2026,5,T03,GR/IR clearing,3,2,2026-05-31,2026-06-02,2026-06-03,1.0,,false
1996,NS40,NovaSpace UK Ltd.,2026,5,T04,Payroll posting,4,2,2026-05-31,2026-06-02,2026-06-02,0.0,,false
1997,NS40,NovaSpace UK Ltd.,2026,5,T05,Depreciation run,5,2,2026-05-31,2026-06-02,2026-06-03,1.0,,false
1998,NS40,NovaSpace UK Ltd.,2026,5,T06,Accruals posting,6,3,2026-05-31,2026-06-03,2026-06-02,-1.0,,false
1999,NS40,NovaSpace UK Ltd.,2026,5,T07,Overhead allocation cycle,7,3,2026-05-31,2026-06-03,2026-06-05,2.0,,false
2000,NS40,NovaSpace UK Ltd.,2026,5,T08,Intercompany reconciliation,8,3,2026-05-31,2026-06-03,2026-06-03,0.0,,false
2001,NS40,NovaSpace UK Ltd.,2026,5,T09,FX revaluation,9,4,2026-05-31,2026-06-04,2026-06-05,1.0,,false
2002,NS40,NovaSpace UK Ltd.,2026,5,T10,Soft close / reporting cut-off,10,4,2026-05-31,2026-06-04,2026-06-05,1.0,,false
2003,NS40,NovaSpace UK Ltd.,2026,5,T11,Management reporting pack,11,5,2026-05-31,2026-06-05,2026-06-05,0.0,,false
2004,NS40,NovaSpace UK Ltd.,2026,5,T12,Hard close / period lock,12,5,2026-05-31,2026-06-05,2026-06-05,0.0,5.0,false
2005,NS40,NovaSpace UK Ltd.,2026,6,T01,Sub-ledger cut-off — Accounts Payable,1,1,2026-06-30,2026-07-01,2026-07-02,1.0,,false
2006,NS40,NovaSpace UK Ltd.,2026,6,T02,Sub-ledger cut-off — Accounts Receivable,2,1,2026-06-30,2026-07-01,2026-07-01,0.0,,false
2007,NS40,NovaSpace UK Ltd.,2026,6,T03,GR/IR clearing,3,2,2026-06-30,2026-07-02,2026-07-02,0.0,,false
2008,NS40,NovaSpace UK Ltd.,2026,6,T04,Payroll posting,4,2,2026-06-30,2026-07-02,2026-07-02,0.0,,false
2009,NS40,NovaSpace UK Ltd.,2026,6,T05,Depreciation run,5,2,2026-06-30,2026-07-02,2026-07-02,0.0,,false
2010,NS40,NovaSpace UK Ltd.,2026,6,T06,Accruals posting,6,3,2026-06-30,2026-07-03,2026-07-03,0.0,,false
2011,NS40,NovaSpace UK Ltd.,2026,6,T07,Overhead allocation cycle,7,3,2026-06-30,2026-07-03,2026-07-03,0.0,,false
2012,NS40,NovaSpace UK Ltd.,2026,6,T08,Intercompany reconciliation,8,3,2026-06-30,2026-07-03,2026-07-02,-1.0,,false
2013,NS40,NovaSpace UK Ltd.,2026,6,T09,FX revaluation,9,4,2026-06-30,2026-07-06,2026-07-07,1.0,,false
2014,NS40,NovaSpace UK Ltd.,2026,6,T10,Soft close / reporting cut-off,10,4,2026-06-30,2026-07-06,2026-07-07,1.0,,false
2015,NS40,NovaSpace UK Ltd.,2026,6,T11,Management reporting pack,11,5,2026-06-30,2026-07-07,2026-07-08,1.0,,false
2016,NS40,NovaSpace UK Ltd.,2026,6,T12,Hard close / period lock,12,5,2026-06-30,2026-07-07,2026-07-07,0.0,5.0,false
