company_code,company_name,fiscal_year,fiscal_period,pl_section,account_group,account_group_name,amount_group_currency,line_count,manual_line_count
NS10,NovaSpace España S.A.,2023,1,COST_OF_SALES,MAT,Material,5727722.04,1917,126
NS10,NovaSpace España S.A.,2023,1,COST_OF_SALES,PER,Personnel,674830.68,443,142
NS10,NovaSpace España S.A.,2023,1,COST_OF_SALES,SUB,Subcontracting,9124445.22,1236,138
NS10,NovaSpace España S.A.,2023,1,OPERATING_EXPENSES,DEP,Depreciation,565046.07,281,0
NS10,NovaSpace España S.A.,2023,1,OPERATING_EXPENSES,OVH,Overhead,777308.31,1055,144
NS10,NovaSpace España S.A.,2023,1,OTHER,OTH,Other operating,84018.89,139,139
NS10,NovaSpace España S.A.,2023,1,REVENUE,REV,Revenue,-17327620.18,716,0
NS10,NovaSpace España S.A.,2023,2,COST_OF_SALES,MAT,Material,5202746.98,1765,99
NS10,NovaSpace España S.A.,2023,2,COST_OF_SALES,PER,Personnel,660058.57,507,181
NS10,NovaSpace España S.A.,2023,2,COST_OF_SALES,SUB,Subcontracting,8959574.0,1243,162
NS10,NovaSpace España S.A.,2023,2,OPERATING_EXPENSES,DEP,Depreciation,606226.38,301,0
NS10,NovaSpace España S.A.,2023,2,OPERATING_EXPENSES,OVH,Overhead,741946.33,1050,180
NS10,NovaSpace España S.A.,2023,2,OTHER,OTH,Other operating,52837.54,161,161
NS10,NovaSpace España S.A.,2023,2,REVENUE,REV,Revenue,-15774049.32,681,0
NS10,NovaSpace España S.A.,2023,3,COST_OF_SALES,MAT,Material,6353752.22,2128,111
NS10,NovaSpace España S.A.,2023,3,COST_OF_SALES,PER,Personnel,760534.75,561,186
NS10,NovaSpace España S.A.,2023,3,COST_OF_SALES,SUB,Subcontracting,10648440.29,1532,213
NS10,NovaSpace España S.A.,2023,3,OPERATING_EXPENSES,DEP,Depreciation,546155.6,267,0
NS10,NovaSpace España S.A.,2023,3,OPERATING_EXPENSES,OVH,Overhead,967435.93,1285,215
NS10,NovaSpace España S.A.,2023,3,OTHER,OTH,Other operating,80595.49,209,209
NS10,NovaSpace España S.A.,2023,3,REVENUE,REV,Revenue,-20301410.35,753,0
NS10,NovaSpace España S.A.,2023,4,COST_OF_SALES,MAT,Material,5200380.77,1814,106
NS10,NovaSpace España S.A.,2023,4,COST_OF_SALES,PER,Personnel,602939.78,434,164
NS10,NovaSpace España S.A.,2023,4,COST_OF_SALES,SUB,Subcontracting,7996598.66,1208,187
NS10,NovaSpace España S.A.,2023,4,OPERATING_EXPENSES,DEP,Depreciation,508676.64,252,0
NS10,NovaSpace España S.A.,2023,4,OPERATING_EXPENSES,OVH,Overhead,776705.62,1085,152
NS10,NovaSpace España S.A.,2023,4,OTHER,OTH,Other operating,81995.42,171,171
NS10,NovaSpace España S.A.,2023,4,REVENUE,REV,Revenue,-17425330.39,735,0
NS10,NovaSpace España S.A.,2023,5,COST_OF_SALES,MAT,Material,5457666.48,1835,97
NS10,NovaSpace España S.A.,2023,5,COST_OF_SALES,PER,Personnel,666791.47,481,175
NS10,NovaSpace España S.A.,2023,5,COST_OF_SALES,SUB,Subcontracting,9126933.11,1264,156
NS10,NovaSpace España S.A.,2023,5,OPERATING_EXPENSES,DEP,Depreciation,549019.23,267,0
NS10,NovaSpace España S.A.,2023,5,OPERATING_EXPENSES,OVH,Overhead,784815.17,1074,165
NS10,NovaSpace España S.A.,2023,5,OTHER,OTH,Other operating,61049.86,186,186
NS10,NovaSpace España S.A.,2023,5,REVENUE,REV,Revenue,-19859817.33,770,0
NS10,NovaSpace España S.A.,2023,6,COST_OF_SALES,MAT,Material,5289681.01,1840,96
NS10,NovaSpace España S.A.,2023,6,COST_OF_SALES,PER,Personnel,629970.31,473,156
NS10,NovaSpace España S.A.,2023,6,COST_OF_SALES,SUB,Subcontracting,8834108.62,1284,147
NS10,NovaSpace España S.A.,2023,6,OPERATING_EXPENSES,DEP,Depreciation,560863.17,257,0
NS10,NovaSpace España S.A.,2023,6,OPERATING_EXPENSES,OVH,Overhead,824340.94,1122,162
NS10,NovaSpace España S.A.,2023,6,OTHER,OTH,Other operating,65849.67,170,170
NS10,NovaSpace España S.A.,2023,6,REVENUE,REV,Revenue,-18126116.4,743,0
NS10,NovaSpace España S.A.,2023,7,COST_OF_SALES,MAT,Material,6356952.72,2115,103
NS10,NovaSpace España S.A.,2023,7,COST_OF_SALES,PER,Personnel,755549.33,517,176
NS10,NovaSpace España S.A.,2023,7,COST_OF_SALES,SUB,Subcontracting,10557035.21,1438,195
NS10,NovaSpace España S.A.,2023,7,OPERATING_EXPENSES,DEP,Depreciation,685739.39,322,0
NS10,NovaSpace España S.A.,2023,7,OPERATING_EXPENSES,OVH,Overhead,939762.52,1259,196
NS10,NovaSpace España S.A.,2023,7,OTHER,OTH,Other operating,70454.46,228,228
NS10,NovaSpace España S.A.,2023,7,REVENUE,REV,Revenue,-19945962.79,766,0
NS10,NovaSpace España S.A.,2023,8,COST_OF_SALES,MAT,Material,5635136.65,1881,108
NS10,NovaSpace España S.A.,2023,8,COST_OF_SALES,PER,Personnel,751216.56,539,190
NS10,NovaSpace España S.A.,2023,8,COST_OF_SALES,SUB,Subcontracting,9969087.33,1399,187
NS10,NovaSpace España S.A.,2023,8,OPERATING_EXPENSES,DEP,Depreciation,607016.79,293,0
NS10,NovaSpace España S.A.,2023,8,OPERATING_EXPENSES,OVH,Overhead,850919.33,1159,183
NS10,NovaSpace España S.A.,2023,8,OTHER,OTH,Other operating,53821.03,187,187
NS10,NovaSpace España S.A.,2023,8,REVENUE,REV,Revenue,-18089353.05,705,0
NS10,NovaSpace España S.A.,2023,9,COST_OF_SALES,MAT,Material,5848781.5,1943,118
NS10,NovaSpace España S.A.,2023,9,COST_OF_SALES,PER,Personnel,833205.64,588,187
NS10,NovaSpace España S.A.,2023,9,COST_OF_SALES,SUB,Subcontracting,10022132.27,1450,184
NS10,NovaSpace España S.A.,2023,9,OPERATING_EXPENSES,DEP,Depreciation,690967.05,338,0
NS10,NovaSpace España S.A.,2023,9,OPERATING_EXPENSES,OVH,Overhead,952759.87,1283,180
NS10,NovaSpace España S.A.,2023,9,OTHER,OTH,Other operating,81555.12,205,205
NS10,NovaSpace España S.A.,2023,9,REVENUE,REV,Revenue,-20297418.05,808,0
NS10,NovaSpace España S.A.,2023,10,COST_OF_SALES,MAT,Material,5985762.17,2002,126
NS10,NovaSpace España S.A.,2023,10,COST_OF_SALES,PER,Personnel,770509.24,568,187
NS10,NovaSpace España S.A.,2023,10,COST_OF_SALES,SUB,Subcontracting,9752209.89,1365,186
NS10,NovaSpace España S.A.,2023,10,OPERATING_EXPENSES,DEP,Depreciation,559622.05,278,0
NS10,NovaSpace España S.A.,2023,10,OPERATING_EXPENSES,OVH,Overhead,911682.98,1202,185
NS10,NovaSpace España S.A.,2023,10,OTHER,OTH,Other operating,70935.26,195,195
NS10,NovaSpace España S.A.,2023,10,REVENUE,REV,Revenue,-19304100.17,776,0
NS10,NovaSpace España S.A.,2023,11,COST_OF_SALES,MAT,Material,4954558.96,1665,99
NS10,NovaSpace España S.A.,2023,11,COST_OF_SALES,PER,Personnel,604449.14,469,171
NS10,NovaSpace España S.A.,2023,11,COST_OF_SALES,SUB,Subcontracting,8516866.67,1192,175
NS10,NovaSpace España S.A.,2023,11,OPERATING_EXPENSES,DEP,Depreciation,439610.31,208,0
NS10,NovaSpace España S.A.,2023,11,OPERATING_EXPENSES,OVH,Overhead,798964.77,1050,156
NS10,NovaSpace España S.A.,2023,11,OTHER,OTH,Other operating,63058.83,173,173
NS10,NovaSpace España S.A.,2023,11,REVENUE,REV,Revenue,-16015302.94,660,0
NS10,NovaSpace España S.A.,2023,12,COST_OF_SALES,MAT,Material,5586606.72,1904,94
NS10,NovaSpace España S.A.,2023,12,COST_OF_SALES,PER,Personnel,785180.94,558,176
NS10,NovaSpace España S.A.,2023,12,COST_OF_SALES,SUB,Subcontracting,9699392.84,1388,177
NS10,NovaSpace España S.A.,2023,12,OPERATING_EXPENSES,DEP,Depreciation,541047.01,266,0
NS10,NovaSpace España S.A.,2023,12,OPERATING_EXPENSES,OVH,Overhead,812214.78,1142,152
NS10,NovaSpace España S.A.,2023,12,OTHER,OTH,Other operating,83115.5,181,181
NS10,NovaSpace España S.A.,2023,12,REVENUE,REV,Revenue,-18841018.5,784,0
NS10,NovaSpace España S.A.,2023,13,COST_OF_SALES,MAT,Material,149664.93,47,47
NS10,NovaSpace España S.A.,2023,13,COST_OF_SALES,PER,Personnel,181294.49,115,115
NS10,NovaSpace España S.A.,2023,13,COST_OF_SALES,SUB,Subcontracting,757356.79,108,108
NS10,NovaSpace España S.A.,2023,13,OPERATING_EXPENSES,OVH,Overhead,85747.08,107,107
NS10,NovaSpace España S.A.,2023,13,OTHER,OTH,Other operating,82983.03,111,111
NS10,NovaSpace España S.A.,2023,14,COST_OF_SALES,MAT,Material,129927.97,47,47
NS10,NovaSpace España S.A.,2023,14,COST_OF_SALES,PER,Personnel,140623.17,88,88
NS10,NovaSpace España S.A.,2023,14,COST_OF_SALES,SUB,Subcontracting,895943.41,115,115
NS10,NovaSpace España S.A.,2023,14,OPERATING_EXPENSES,OVH,Overhead,79095.49,109,109
NS10,NovaSpace España S.A.,2023,14,OTHER,OTH,Other operating,73788.43,112,112
NS10,NovaSpace España S.A.,2024,1,COST_OF_SALES,MAT,Material,5667082.01,1931,97
NS10,NovaSpace España S.A.,2024,1,COST_OF_SALES,PER,Personnel,650998.17,489,164
NS10,NovaSpace España S.A.,2024,1,COST_OF_SALES,SUB,Subcontracting,9237484.65,1350,185
NS10,NovaSpace España S.A.,2024,1,OPERATING_EXPENSES,DEP,Depreciation,549874.92,269,0
NS10,NovaSpace España S.A.,2024,1,OPERATING_EXPENSES,OVH,Overhead,854442.12,1178,185
NS10,NovaSpace España S.A.,2024,1,OTHER,OTH,Other operating,59051.95,173,173
NS10,NovaSpace España S.A.,2024,1,REVENUE,REV,Revenue,-19755185.13,741,0
NS10,NovaSpace España S.A.,2024,2,COST_OF_SALES,MAT,Material,5580002.5,1809,111
NS10,NovaSpace España S.A.,2024,2,COST_OF_SALES,PER,Personnel,574417.0,431,151
NS10,NovaSpace España S.A.,2024,2,COST_OF_SALES,SUB,Subcontracting,8787990.02,1276,159
NS10,NovaSpace España S.A.,2024,2,OPERATING_EXPENSES,DEP,Depreciation,520144.93,251,0
NS10,NovaSpace España S.A.,2024,2,OPERATING_EXPENSES,OVH,Overhead,811272.7,1108,170
NS10,NovaSpace España S.A.,2024,2,OTHER,OTH,Other operating,52717.64,176,176
NS10,NovaSpace España S.A.,2024,2,REVENUE,REV,Revenue,-18007255.66,722,0
NS10,NovaSpace España S.A.,2024,3,COST_OF_SALES,MAT,Material,5616831.25,1901,111
NS10,NovaSpace España S.A.,2024,3,COST_OF_SALES,PER,Personnel,644103.2,496,195
NS10,NovaSpace España S.A.,2024,3,COST_OF_SALES,SUB,Subcontracting,9005129.6,1268,182
NS10,NovaSpace España S.A.,2024,3,OPERATING_EXPENSES,DEP,Depreciation,549393.36,271,0
NS10,NovaSpace España S.A.,2024,3,OPERATING_EXPENSES,OVH,Overhead,914865.87,1220,202
NS10,NovaSpace España S.A.,2024,3,OTHER,OTH,Other operating,70834.32,170,170
NS10,NovaSpace España S.A.,2024,3,REVENUE,REV,Revenue,-17021579.06,672,0
NS10,NovaSpace España S.A.,2024,4,COST_OF_SALES,MAT,Material,5987104.09,2036,85
NS10,NovaSpace España S.A.,2024,4,COST_OF_SALES,PER,Personnel,786480.16,590,198
NS10,NovaSpace España S.A.,2024,4,COST_OF_SALES,SUB,Subcontracting,8979316.51,1352,198
NS10,NovaSpace España S.A.,2024,4,OPERATING_EXPENSES,DEP,Depreciation,713974.87,334,0
NS10,NovaSpace España S.A.,2024,4,OPERATING_EXPENSES,OVH,Overhead,896515.37,1250,166
NS10,NovaSpace España S.A.,2024,4,OTHER,OTH,Other operating,64142.77,151,151
NS10,NovaSpace España S.A.,2024,4,REVENUE,REV,Revenue,-20923540.79,835,0
NS10,NovaSpace España S.A.,2024,5,COST_OF_SALES,MAT,Material,6066103.32,2057,110
NS10,NovaSpace España S.A.,2024,5,COST_OF_SALES,PER,Personnel,811442.56,575,192
NS10,NovaSpace España S.A.,2024,5,COST_OF_SALES,SUB,Subcontracting,10203909.7,1451,210
NS10,NovaSpace España S.A.,2024,5,OPERATING_EXPENSES,DEP,Depreciation,702510.25,351,0
NS10,NovaSpace España S.A.,2024,5,OPERATING_EXPENSES,OVH,Overhead,857428.09,1216,201
NS10,NovaSpace España S.A.,2024,5,OTHER,OTH,Other operating,74905.28,188,188
NS10,NovaSpace España S.A.,2024,5,REVENUE,REV,Revenue,-20883633.51,816,0
NS10,NovaSpace España S.A.,2024,6,COST_OF_SALES,MAT,Material,5700316.66,1894,93
NS10,NovaSpace España S.A.,2024,6,COST_OF_SALES,PER,Personnel,640497.94,532,202
NS10,NovaSpace España S.A.,2024,6,COST_OF_SALES,SUB,Subcontracting,9301400.52,1354,186
NS10,NovaSpace España S.A.,2024,6,OPERATING_EXPENSES,DEP,Depreciation,497884.28,239,0
NS10,NovaSpace España S.A.,2024,6,OPERATING_EXPENSES,OVH,Overhead,783355.19,1099,179
NS10,NovaSpace España S.A.,2024,6,OTHER,OTH,Other operating,74229.09,190,190
NS10,NovaSpace España S.A.,2024,6,REVENUE,REV,Revenue,-17003100.98,719,0
NS10,NovaSpace España S.A.,2024,7,COST_OF_SALES,MAT,Material,5704301.79,1933,96
NS10,NovaSpace España S.A.,2024,7,COST_OF_SALES,PER,Personnel,688638.6,523,182
NS10,NovaSpace España S.A.,2024,7,COST_OF_SALES,SUB,Subcontracting,9485975.71,1335,188
NS10,NovaSpace España S.A.,2024,7,OPERATING_EXPENSES,DEP,Depreciation,608853.32,306,0
NS10,NovaSpace España S.A.,2024,7,OPERATING_EXPENSES,OVH,Overhead,877144.13,1193,174
NS10,NovaSpace España S.A.,2024,7,OTHER,OTH,Other operating,58732.52,158,158
NS10,NovaSpace España S.A.,2024,7,REVENUE,REV,Revenue,-19074718.35,760,0
NS10,NovaSpace España S.A.,2024,8,COST_OF_SALES,MAT,Material,6207942.08,2044,99
NS10,NovaSpace España S.A.,2024,8,COST_OF_SALES,PER,Personnel,707658.31,564,202
NS10,NovaSpace España S.A.,2024,8,COST_OF_SALES,SUB,Subcontracting,9785188.7,1405,171
NS10,NovaSpace España S.A.,2024,8,OPERATING_EXPENSES,DEP,Depreciation,478872.41,242,0
NS10,NovaSpace España S.A.,2024,8,OPERATING_EXPENSES,OVH,Overhead,913502.42,1232,190
NS10,NovaSpace España S.A.,2024,8,OTHER,OTH,Other operating,93141.94,187,187
NS10,NovaSpace España S.A.,2024,8,REVENUE,REV,Revenue,-21391223.28,804,0
NS10,NovaSpace España S.A.,2024,9,COST_OF_SALES,MAT,Material,5577049.09,1898,79
NS10,NovaSpace España S.A.,2024,9,COST_OF_SALES,PER,Personnel,688694.19,530,163
NS10,NovaSpace España S.A.,2024,9,COST_OF_SALES,SUB,Subcontracting,8759090.01,1277,172
NS10,NovaSpace España S.A.,2024,9,OPERATING_EXPENSES,DEP,Depreciation,700337.24,341,0
NS10,NovaSpace España S.A.,2024,9,OPERATING_EXPENSES,OVH,Overhead,735478.74,1054,161
NS10,NovaSpace España S.A.,2024,9,OTHER,OTH,Other operating,64093.63,202,202
NS10,NovaSpace España S.A.,2024,9,REVENUE,REV,Revenue,-16978849.7,646,0
NS10,NovaSpace España S.A.,2024,10,COST_OF_SALES,MAT,Material,5414072.75,1785,99
NS10,NovaSpace España S.A.,2024,10,COST_OF_SALES,PER,Personnel,738167.13,520,164
NS10,NovaSpace España S.A.,2024,10,COST_OF_SALES,SUB,Subcontracting,9511039.99,1364,187
NS10,NovaSpace España S.A.,2024,10,OPERATING_EXPENSES,DEP,Depreciation,614072.24,304,0
NS10,NovaSpace España S.A.,2024,10,OPERATING_EXPENSES,OVH,Overhead,870111.4,1154,171
NS10,NovaSpace España S.A.,2024,10,OTHER,OTH,Other operating,61803.51,178,178
NS10,NovaSpace España S.A.,2024,10,REVENUE,REV,Revenue,-17694756.68,727,0
NS10,NovaSpace España S.A.,2024,11,COST_OF_SALES,MAT,Material,6123705.97,2015,113
NS10,NovaSpace España S.A.,2024,11,COST_OF_SALES,PER,Personnel,747127.35,531,165
NS10,NovaSpace España S.A.,2024,11,COST_OF_SALES,SUB,Subcontracting,9742919.9,1357,179
NS10,NovaSpace España S.A.,2024,11,OPERATING_EXPENSES,DEP,Depreciation,629703.08,310,0
NS10,NovaSpace España S.A.,2024,11,OPERATING_EXPENSES,OVH,Overhead,812583.19,1131,159
NS10,NovaSpace España S.A.,2024,11,OTHER,OTH,Other operating,81007.11,184,184
NS10,NovaSpace España S.A.,2024,11,REVENUE,REV,Revenue,-20758456.01,831,0
NS10,NovaSpace España S.A.,2024,12,COST_OF_SALES,MAT,Material,5287068.45,1798,93
NS10,NovaSpace España S.A.,2024,12,COST_OF_SALES,PER,Personnel,684679.59,497,178
NS10,NovaSpace España S.A.,2024,12,COST_OF_SALES,SUB,Subcontracting,8986287.46,1263,168
NS10,NovaSpace España S.A.,2024,12,OPERATING_EXPENSES,DEP,Depreciation,506757.29,256,0
NS10,NovaSpace España S.A.,2024,12,OPERATING_EXPENSES,OVH,Overhead,820966.02,1127,183
NS10,NovaSpace España S.A.,2024,12,OTHER,OTH,Other operating,53114.18,156,156
NS10,NovaSpace España S.A.,2024,12,REVENUE,REV,Revenue,-18186384.79,775,0
NS10,NovaSpace España S.A.,2024,13,COST_OF_SALES,MAT,Material,143053.82,49,49
NS10,NovaSpace España S.A.,2024,13,COST_OF_SALES,PER,Personnel,168523.0,119,119
NS10,NovaSpace España S.A.,2024,13,COST_OF_SALES,SUB,Subcontracting,863239.62,128,128
NS10,NovaSpace España S.A.,2024,13,OPERATING_EXPENSES,OVH,Overhead,90939.38,112,112
NS10,NovaSpace España S.A.,2024,13,OTHER,OTH,Other operating,82377.13,124,124
NS10,NovaSpace España S.A.,2024,14,COST_OF_SALES,MAT,Material,133214.69,46,46
NS10,NovaSpace España S.A.,2024,14,COST_OF_SALES,PER,Personnel,165516.0,104,104
NS10,NovaSpace España S.A.,2024,14,COST_OF_SALES,SUB,Subcontracting,900676.46,119,119
NS10,NovaSpace España S.A.,2024,14,OPERATING_EXPENSES,OVH,Overhead,100576.02,135,135
NS10,NovaSpace España S.A.,2024,14,OTHER,OTH,Other operating,74389.1,113,113
NS10,NovaSpace España S.A.,2025,1,COST_OF_SALES,MAT,Material,6374824.49,2139,95
NS10,NovaSpace España S.A.,2025,1,COST_OF_SALES,PER,Personnel,777882.49,589,199
NS10,NovaSpace España S.A.,2025,1,COST_OF_SALES,SUB,Subcontracting,10712642.19,1480,186
NS10,NovaSpace España S.A.,2025,1,OPERATING_EXPENSES,DEP,Depreciation,699710.63,350,0
NS10,NovaSpace España S.A.,2025,1,OPERATING_EXPENSES,OVH,Overhead,988394.97,1325,203
NS10,NovaSpace España S.A.,2025,1,OTHER,OTH,Other operating,72341.65,188,188
NS10,NovaSpace España S.A.,2025,1,REVENUE,REV,Revenue,-19590562.59,780,0
NS10,NovaSpace España S.A.,2025,2,COST_OF_SALES,MAT,Material,6674979.72,2252,133
NS10,NovaSpace España S.A.,2025,2,COST_OF_SALES,PER,Personnel,802332.0,577,203
NS10,NovaSpace España S.A.,2025,2,COST_OF_SALES,SUB,Subcontracting,11205604.13,1567,216
NS10,NovaSpace España S.A.,2025,2,OPERATING_EXPENSES,DEP,Depreciation,621872.16,305,0
NS10,NovaSpace España S.A.,2025,2,OPERATING_EXPENSES,OVH,Overhead,988631.2,1311,218
NS10,NovaSpace España S.A.,2025,2,OTHER,OTH,Other operating,91121.43,215,215
NS10,NovaSpace España S.A.,2025,2,REVENUE,REV,Revenue,-21672266.16,849,0
NS10,NovaSpace España S.A.,2025,3,COST_OF_SALES,MAT,Material,6611207.92,2208,121
NS10,NovaSpace España S.A.,2025,3,COST_OF_SALES,PER,Personnel,750564.43,562,206
NS10,NovaSpace España S.A.,2025,3,COST_OF_SALES,SUB,Subcontracting,9732476.5,1490,210
NS10,NovaSpace España S.A.,2025,3,OPERATING_EXPENSES,DEP,Depreciation,616285.28,301,0
NS10,NovaSpace España S.A.,2025,3,OPERATING_EXPENSES,OVH,Overhead,926862.26,1326,193
NS10,NovaSpace España S.A.,2025,3,OTHER,OTH,Other operating,70182.1,184,184
NS10,NovaSpace España S.A.,2025,3,REVENUE,REV,Revenue,-20951779.83,818,0
NS10,NovaSpace España S.A.,2025,4,COST_OF_SALES,MAT,Material,6573247.12,2228,104
NS10,NovaSpace España S.A.,2025,4,COST_OF_SALES,PER,Personnel,792398.76,605,220
NS10,NovaSpace España S.A.,2025,4,COST_OF_SALES,SUB,Subcontracting,11029819.6,1520,191
NS10,NovaSpace España S.A.,2025,4,OPERATING_EXPENSES,DEP,Depreciation,734843.4,355,0
NS10,NovaSpace España S.A.,2025,4,OPERATING_EXPENSES,OVH,Overhead,985456.05,1310,200
NS10,NovaSpace España S.A.,2025,4,OTHER,OTH,Other operating,99654.63,232,232
NS10,NovaSpace España S.A.,2025,4,REVENUE,REV,Revenue,-21672016.07,829,0
NS10,NovaSpace España S.A.,2025,5,COST_OF_SALES,MAT,Material,5979124.58,2047,93
NS10,NovaSpace España S.A.,2025,5,COST_OF_SALES,PER,Personnel,656614.28,483,154
NS10,NovaSpace España S.A.,2025,5,COST_OF_SALES,SUB,Subcontracting,9871616.41,1378,189
NS10,NovaSpace España S.A.,2025,5,OPERATING_EXPENSES,DEP,Depreciation,624538.0,314,0
NS10,NovaSpace España S.A.,2025,5,OPERATING_EXPENSES,OVH,Overhead,923922.55,1240,160
NS10,NovaSpace España S.A.,2025,5,OTHER,OTH,Other operating,74478.85,220,220
NS10,NovaSpace España S.A.,2025,5,REVENUE,REV,Revenue,-19048945.06,754,0
NS10,NovaSpace España S.A.,2025,6,COST_OF_SALES,MAT,Material,6109516.09,2056,113
NS10,NovaSpace España S.A.,2025,6,COST_OF_SALES,PER,Personnel,768080.85,571,176
NS10,NovaSpace España S.A.,2025,6,COST_OF_SALES,SUB,Subcontracting,9378519.97,1391,187
NS10,NovaSpace España S.A.,2025,6,OPERATING_EXPENSES,DEP,Depreciation,623175.1,290,0
NS10,NovaSpace España S.A.,2025,6,OPERATING_EXPENSES,OVH,Overhead,800426.59,1122,156
NS10,NovaSpace España S.A.,2025,6,OTHER,OTH,Other operating,67016.48,182,182
NS10,NovaSpace España S.A.,2025,6,REVENUE,REV,Revenue,-17978032.3,764,0
NS10,NovaSpace España S.A.,2025,7,COST_OF_SALES,MAT,Material,5868429.76,2013,97
NS10,NovaSpace España S.A.,2025,7,COST_OF_SALES,PER,Personnel,785898.21,550,179
NS10,NovaSpace España S.A.,2025,7,COST_OF_SALES,SUB,Subcontracting,10784512.71,1497,182
NS10,NovaSpace España S.A.,2025,7,OPERATING_EXPENSES,DEP,Depreciation,677347.25,321,0
NS10,NovaSpace España S.A.,2025,7,OPERATING_EXPENSES,OVH,Overhead,888349.47,1174,183
NS10,NovaSpace España S.A.,2025,7,OTHER,OTH,Other operating,100604.23,219,219
NS10,NovaSpace España S.A.,2025,7,REVENUE,REV,Revenue,-16603076.43,682,0
NS10,NovaSpace España S.A.,2025,8,COST_OF_SALES,MAT,Material,6654288.32,2204,115
NS10,NovaSpace España S.A.,2025,8,COST_OF_SALES,PER,Personnel,890993.35,648,214
NS10,NovaSpace España S.A.,2025,8,COST_OF_SALES,SUB,Subcontracting,11541678.55,1663,217
NS10,NovaSpace España S.A.,2025,8,OPERATING_EXPENSES,DEP,Depreciation,633636.13,309,0
NS10,NovaSpace España S.A.,2025,8,OPERATING_EXPENSES,OVH,Overhead,1060991.9,1474,223
NS10,NovaSpace España S.A.,2025,8,OTHER,OTH,Other operating,77328.59,236,236
NS10,NovaSpace España S.A.,2025,8,REVENUE,REV,Revenue,-21558122.93,899,0
NS10,NovaSpace España S.A.,2025,9,COST_OF_SALES,MAT,Material,6330385.17,2115,99
NS10,NovaSpace España S.A.,2025,9,COST_OF_SALES,PER,Personnel,808832.31,621,222
NS10,NovaSpace España S.A.,2025,9,COST_OF_SALES,SUB,Subcontracting,9938083.39,1439,203
NS10,NovaSpace España S.A.,2025,9,OPERATING_EXPENSES,DEP,Depreciation,614463.47,298,0
NS10,NovaSpace España S.A.,2025,9,OPERATING_EXPENSES,OVH,Overhead,955895.9,1269,188
NS10,NovaSpace España S.A.,2025,9,OTHER,OTH,Other operating,62833.13,210,210
NS10,NovaSpace España S.A.,2025,9,REVENUE,REV,Revenue,-18834319.13,766,0
NS10,NovaSpace España S.A.,2025,10,COST_OF_SALES,MAT,Material,5834760.76,1887,105
NS10,NovaSpace España S.A.,2025,10,COST_OF_SALES,PER,Personnel,616356.15,486,183
NS10,NovaSpace España S.A.,2025,10,COST_OF_SALES,SUB,Subcontracting,9044251.95,1313,181
NS10,NovaSpace España S.A.,2025,10,OPERATING_EXPENSES,DEP,Depreciation,486964.21,240,0
NS10,NovaSpace España S.A.,2025,10,OPERATING_EXPENSES,OVH,Overhead,871001.17,1225,217
NS10,NovaSpace España S.A.,2025,10,OTHER,OTH,Other operating,47877.69,182,182
NS10,NovaSpace España S.A.,2025,10,REVENUE,REV,Revenue,-19686273.32,833,0
NS10,NovaSpace España S.A.,2025,11,COST_OF_SALES,MAT,Material,6076653.32,2003,87
NS10,NovaSpace España S.A.,2025,11,COST_OF_SALES,PER,Personnel,788469.07,576,174
NS10,NovaSpace España S.A.,2025,11,COST_OF_SALES,SUB,Subcontracting,10183843.71,1425,175
NS10,NovaSpace España S.A.,2025,11,OPERATING_EXPENSES,DEP,Depreciation,563652.08,269,0
NS10,NovaSpace España S.A.,2025,11,OPERATING_EXPENSES,OVH,Overhead,889570.81,1197,172
NS10,NovaSpace España S.A.,2025,11,OTHER,OTH,Other operating,93433.57,186,186
NS10,NovaSpace España S.A.,2025,11,REVENUE,REV,Revenue,-20844867.94,795,0
NS10,NovaSpace España S.A.,2025,12,COST_OF_SALES,MAT,Material,6436075.01,2103,137
NS10,NovaSpace España S.A.,2025,12,COST_OF_SALES,PER,Personnel,768713.19,570,210
NS10,NovaSpace España S.A.,2025,12,COST_OF_SALES,SUB,Subcontracting,10869940.36,1447,190
NS10,NovaSpace España S.A.,2025,12,OPERATING_EXPENSES,DEP,Depreciation,702670.76,347,0
NS10,NovaSpace España S.A.,2025,12,OPERATING_EXPENSES,OVH,Overhead,868024.8,1219,177
NS10,NovaSpace España S.A.,2025,12,OTHER,OTH,Other operating,74380.34,199,199
NS10,NovaSpace España S.A.,2025,12,REVENUE,REV,Revenue,-19777748.38,779,0
NS10,NovaSpace España S.A.,2025,13,COST_OF_SALES,MAT,Material,158770.85,61,61
NS10,NovaSpace España S.A.,2025,13,COST_OF_SALES,PER,Personnel,191616.36,130,130
NS10,NovaSpace España S.A.,2025,13,COST_OF_SALES,SUB,Subcontracting,810929.02,111,111
NS10,NovaSpace España S.A.,2025,13,OPERATING_EXPENSES,OVH,Overhead,99391.81,126,126
NS10,NovaSpace España S.A.,2025,13,OTHER,OTH,Other operating,80209.39,115,115
NS10,NovaSpace España S.A.,2025,14,COST_OF_SALES,MAT,Material,158165.61,58,58
NS10,NovaSpace España S.A.,2025,14,COST_OF_SALES,PER,Personnel,211816.77,129,129
NS10,NovaSpace España S.A.,2025,14,COST_OF_SALES,SUB,Subcontracting,1115906.49,134,134
NS10,NovaSpace España S.A.,2025,14,OPERATING_EXPENSES,OVH,Overhead,87291.19,112,112
NS10,NovaSpace España S.A.,2025,14,OTHER,OTH,Other operating,69205.27,101,101
NS10,NovaSpace España S.A.,2026,1,COST_OF_SALES,MAT,Material,6358695.58,2112,126
NS10,NovaSpace España S.A.,2026,1,COST_OF_SALES,PER,Personnel,664773.78,518,174
NS10,NovaSpace España S.A.,2026,1,COST_OF_SALES,SUB,Subcontracting,10909131.49,1508,191
NS10,NovaSpace España S.A.,2026,1,OPERATING_EXPENSES,DEP,Depreciation,658794.83,317,0
NS10,NovaSpace España S.A.,2026,1,OPERATING_EXPENSES,OVH,Overhead,927787.39,1241,172
NS10,NovaSpace España S.A.,2026,1,OTHER,OTH,Other operating,89317.96,201,201
NS10,NovaSpace España S.A.,2026,1,REVENUE,REV,Revenue,-18383071.39,785,0
NS10,NovaSpace España S.A.,2026,2,COST_OF_SALES,MAT,Material,5332558.56,1775,96
NS10,NovaSpace España S.A.,2026,2,COST_OF_SALES,PER,Personnel,801466.34,562,186
NS10,NovaSpace España S.A.,2026,2,COST_OF_SALES,SUB,Subcontracting,9506192.28,1315,184
NS10,NovaSpace España S.A.,2026,2,OPERATING_EXPENSES,DEP,Depreciation,627922.74,295,0
NS10,NovaSpace España S.A.,2026,2,OPERATING_EXPENSES,OVH,Overhead,878949.55,1165,175
NS10,NovaSpace España S.A.,2026,2,OTHER,OTH,Other operating,61743.3,165,165
NS10,NovaSpace España S.A.,2026,2,REVENUE,REV,Revenue,-18888996.05,795,0
NS10,NovaSpace España S.A.,2026,3,COST_OF_SALES,MAT,Material,6127135.21,1974,122
NS10,NovaSpace España S.A.,2026,3,COST_OF_SALES,PER,Personnel,788315.17,571,224
NS10,NovaSpace España S.A.,2026,3,COST_OF_SALES,SUB,Subcontracting,10461512.61,1352,177
NS10,NovaSpace España S.A.,2026,3,OPERATING_EXPENSES,DEP,Depreciation,592129.27,284,0
NS10,NovaSpace España S.A.,2026,3,OPERATING_EXPENSES,OVH,Overhead,995379.86,1283,175
NS10,NovaSpace España S.A.,2026,3,OTHER,OTH,Other operating,81366.44,179,179
NS10,NovaSpace España S.A.,2026,3,REVENUE,REV,Revenue,-20870836.29,842,0
NS10,NovaSpace España S.A.,2026,4,COST_OF_SALES,MAT,Material,7244931.83,2249,116
NS10,NovaSpace España S.A.,2026,4,COST_OF_SALES,PER,Personnel,884317.41,610,204
NS10,NovaSpace España S.A.,2026,4,COST_OF_SALES,SUB,Subcontracting,11736987.64,1571,214
NS10,NovaSpace España S.A.,2026,4,OPERATING_EXPENSES,DEP,Depreciation,683512.52,312,0
NS10,NovaSpace España S.A.,2026,4,OPERATING_EXPENSES,OVH,Overhead,1012572.34,1349,204
NS10,NovaSpace España S.A.,2026,4,OTHER,OTH,Other operating,92606.42,214,214
NS10,NovaSpace España S.A.,2026,4,REVENUE,REV,Revenue,-21753600.53,885,0
NS10,NovaSpace España S.A.,2026,5,COST_OF_SALES,MAT,Material,6702148.99,2106,110
NS10,NovaSpace España S.A.,2026,5,COST_OF_SALES,PER,Personnel,713808.71,538,202
NS10,NovaSpace España S.A.,2026,5,COST_OF_SALES,SUB,Subcontracting,10398219.08,1464,211
NS10,NovaSpace España S.A.,2026,5,OPERATING_EXPENSES,DEP,Depreciation,618319.47,299,0
NS10,NovaSpace España S.A.,2026,5,OPERATING_EXPENSES,OVH,Overhead,940753.08,1252,188
NS10,NovaSpace España S.A.,2026,5,OTHER,OTH,Other operating,70109.75,182,182
NS10,NovaSpace España S.A.,2026,5,REVENUE,REV,Revenue,-22630052.75,795,0
NS10,NovaSpace España S.A.,2026,6,COST_OF_SALES,MAT,Material,6010741.69,1974,96
NS10,NovaSpace España S.A.,2026,6,COST_OF_SALES,PER,Personnel,667959.85,498,165
NS10,NovaSpace España S.A.,2026,6,COST_OF_SALES,SUB,Subcontracting,9657932.74,1315,175
NS10,NovaSpace España S.A.,2026,6,OPERATING_EXPENSES,DEP,Depreciation,498361.76,233,0
NS10,NovaSpace España S.A.,2026,6,OPERATING_EXPENSES,OVH,Overhead,901423.81,1189,191
NS10,NovaSpace España S.A.,2026,6,OTHER,OTH,Other operating,62293.39,192,192
NS10,NovaSpace España S.A.,2026,6,REVENUE,REV,Revenue,-17436546.09,739,0
NS20,NovaSpace France S.A.S.,2023,1,COST_OF_SALES,MAT,Material,6999435.79,2361,121
NS20,NovaSpace France S.A.S.,2023,1,COST_OF_SALES,PER,Personnel,884400.84,592,175
NS20,NovaSpace France S.A.S.,2023,1,COST_OF_SALES,SUB,Subcontracting,11481031.71,1543,170
NS20,NovaSpace France S.A.S.,2023,1,OPERATING_EXPENSES,DEP,Depreciation,676831.53,343,0
NS20,NovaSpace France S.A.S.,2023,1,OPERATING_EXPENSES,OVH,Overhead,1054817.65,1377,174
NS20,NovaSpace France S.A.S.,2023,1,OTHER,OTH,Other operating,113756.78,178,178
NS20,NovaSpace France S.A.S.,2023,1,REVENUE,REV,Revenue,-23716085.1,864,0
NS20,NovaSpace France S.A.S.,2023,2,COST_OF_SALES,MAT,Material,7016397.73,2316,120
NS20,NovaSpace France S.A.S.,2023,2,COST_OF_SALES,PER,Personnel,943318.36,694,217
NS20,NovaSpace France S.A.S.,2023,2,COST_OF_SALES,SUB,Subcontracting,11051121.97,1617,196
NS20,NovaSpace France S.A.S.,2023,2,OPERATING_EXPENSES,DEP,Depreciation,805966.93,372,0
NS20,NovaSpace France S.A.S.,2023,2,OPERATING_EXPENSES,OVH,Overhead,1099478.82,1462,230
NS20,NovaSpace France S.A.S.,2023,2,OTHER,OTH,Other operating,90461.53,215,215
NS20,NovaSpace France S.A.S.,2023,2,REVENUE,REV,Revenue,-23574265.03,844,0
NS20,NovaSpace France S.A.S.,2023,3,COST_OF_SALES,MAT,Material,6511860.39,2191,114
NS20,NovaSpace France S.A.S.,2023,3,COST_OF_SALES,PER,Personnel,780937.15,594,229
NS20,NovaSpace France S.A.S.,2023,3,COST_OF_SALES,SUB,Subcontracting,10624727.63,1477,219
NS20,NovaSpace France S.A.S.,2023,3,OPERATING_EXPENSES,DEP,Depreciation,684301.75,315,0
NS20,NovaSpace France S.A.S.,2023,3,OPERATING_EXPENSES,OVH,Overhead,951525.83,1325,216
NS20,NovaSpace France S.A.S.,2023,3,OTHER,OTH,Other operating,64153.99,211,211
NS20,NovaSpace France S.A.S.,2023,3,REVENUE,REV,Revenue,-22643783.35,838,0
NS20,NovaSpace France S.A.S.,2023,4,COST_OF_SALES,MAT,Material,7155248.14,2441,114
NS20,NovaSpace France S.A.S.,2023,4,COST_OF_SALES,PER,Personnel,838037.47,617,237
NS20,NovaSpace France S.A.S.,2023,4,COST_OF_SALES,SUB,Subcontracting,12019443.97,1690,221
NS20,NovaSpace France S.A.S.,2023,4,OPERATING_EXPENSES,DEP,Depreciation,739257.57,366,0
NS20,NovaSpace France S.A.S.,2023,4,OPERATING_EXPENSES,OVH,Overhead,1047056.97,1459,239
NS20,NovaSpace France S.A.S.,2023,4,OTHER,OTH,Other operating,78762.73,224,224
NS20,NovaSpace France S.A.S.,2023,4,REVENUE,REV,Revenue,-25330960.53,872,0
NS20,NovaSpace France S.A.S.,2023,5,COST_OF_SALES,MAT,Material,7287452.29,2427,138
NS20,NovaSpace France S.A.S.,2023,5,COST_OF_SALES,PER,Personnel,864851.39,663,229
NS20,NovaSpace France S.A.S.,2023,5,COST_OF_SALES,SUB,Subcontracting,11594074.08,1721,229
NS20,NovaSpace France S.A.S.,2023,5,OPERATING_EXPENSES,DEP,Depreciation,711738.07,347,0
NS20,NovaSpace France S.A.S.,2023,5,OPERATING_EXPENSES,OVH,Overhead,1139568.68,1538,219
NS20,NovaSpace France S.A.S.,2023,5,OTHER,OTH,Other operating,89797.84,227,227
NS20,NovaSpace France S.A.S.,2023,5,REVENUE,REV,Revenue,-23528141.32,834,0
NS20,NovaSpace France S.A.S.,2023,6,COST_OF_SALES,MAT,Material,6950453.2,2334,125
NS20,NovaSpace France S.A.S.,2023,6,COST_OF_SALES,PER,Personnel,774339.92,577,206
NS20,NovaSpace France S.A.S.,2023,6,COST_OF_SALES,SUB,Subcontracting,11388430.26,1605,203
NS20,NovaSpace France S.A.S.,2023,6,OPERATING_EXPENSES,DEP,Depreciation,672098.84,327,0
NS20,NovaSpace France S.A.S.,2023,6,OPERATING_EXPENSES,OVH,Overhead,998023.05,1359,230
NS20,NovaSpace France S.A.S.,2023,6,OTHER,OTH,Other operating,80781.73,219,219
NS20,NovaSpace France S.A.S.,2023,6,REVENUE,REV,Revenue,-22321765.69,800,0
NS20,NovaSpace France S.A.S.,2023,7,COST_OF_SALES,MAT,Material,6076990.45,2044,97
NS20,NovaSpace France S.A.S.,2023,7,COST_OF_SALES,PER,Personnel,742445.46,566,201
NS20,NovaSpace France S.A.S.,2023,7,COST_OF_SALES,SUB,Subcontracting,10171599.44,1500,186
NS20,NovaSpace France S.A.S.,2023,7,OPERATING_EXPENSES,DEP,Depreciation,573580.04,287,0
NS20,NovaSpace France S.A.S.,2023,7,OPERATING_EXPENSES,OVH,Overhead,917241.23,1267,178
NS20,NovaSpace France S.A.S.,2023,7,OTHER,OTH,Other operating,59089.12,178,178
NS20,NovaSpace France S.A.S.,2023,7,REVENUE,REV,Revenue,-21017023.41,761,0
NS20,NovaSpace France S.A.S.,2023,8,COST_OF_SALES,MAT,Material,7033476.93,2329,125
NS20,NovaSpace France S.A.S.,2023,8,COST_OF_SALES,PER,Personnel,825520.03,622,224
NS20,NovaSpace France S.A.S.,2023,8,COST_OF_SALES,SUB,Subcontracting,11846509.23,1654,236
NS20,NovaSpace France S.A.S.,2023,8,OPERATING_EXPENSES,DEP,Depreciation,672328.19,336,0
NS20,NovaSpace France S.A.S.,2023,8,OPERATING_EXPENSES,OVH,Overhead,1129026.58,1501,205
NS20,NovaSpace France S.A.S.,2023,8,OTHER,OTH,Other operating,89226.12,204,204
NS20,NovaSpace France S.A.S.,2023,8,REVENUE,REV,Revenue,-25501516.71,874,0
NS20,NovaSpace France S.A.S.,2023,9,COST_OF_SALES,MAT,Material,7141464.11,2406,144
NS20,NovaSpace France S.A.S.,2023,9,COST_OF_SALES,PER,Personnel,969468.12,711,299
NS20,NovaSpace France S.A.S.,2023,9,COST_OF_SALES,SUB,Subcontracting,12164368.74,1772,294
NS20,NovaSpace France S.A.S.,2023,9,OPERATING_EXPENSES,DEP,Depreciation,753567.84,374,0
NS20,NovaSpace France S.A.S.,2023,9,OPERATING_EXPENSES,OVH,Overhead,1101612.7,1516,256
NS20,NovaSpace France S.A.S.,2023,9,OTHER,OTH,Other operating,101321.42,249,249
NS20,NovaSpace France S.A.S.,2023,9,REVENUE,REV,Revenue,-23642344.51,824,0
NS20,NovaSpace France S.A.S.,2023,10,COST_OF_SALES,MAT,Material,6200494.83,2108,132
NS20,NovaSpace France S.A.S.,2023,10,COST_OF_SALES,PER,Personnel,783356.1,628,231
NS20,NovaSpace France S.A.S.,2023,10,COST_OF_SALES,SUB,Subcontracting,10463016.08,1567,232
NS20,NovaSpace France S.A.S.,2023,10,OPERATING_EXPENSES,DEP,Depreciation,699148.32,343,0
NS20,NovaSpace France S.A.S.,2023,10,OPERATING_EXPENSES,OVH,Overhead,907159.43,1295,243
NS20,NovaSpace France S.A.S.,2023,10,OTHER,OTH,Other operating,80297.39,205,205
NS20,NovaSpace France S.A.S.,2023,10,REVENUE,REV,Revenue,-20944258.82,745,0
NS20,NovaSpace France S.A.S.,2023,11,COST_OF_SALES,MAT,Material,7030389.15,2358,145
NS20,NovaSpace France S.A.S.,2023,11,COST_OF_SALES,PER,Personnel,1035999.57,752,265
NS20,NovaSpace France S.A.S.,2023,11,COST_OF_SALES,SUB,Subcontracting,12271354.1,1762,253
NS20,NovaSpace France S.A.S.,2023,11,OPERATING_EXPENSES,DEP,Depreciation,774913.24,387,0
NS20,NovaSpace France S.A.S.,2023,11,OPERATING_EXPENSES,OVH,Overhead,1080784.48,1488,272
NS20,NovaSpace France S.A.S.,2023,11,OTHER,OTH,Other operating,86610.57,232,232
NS20,NovaSpace France S.A.S.,2023,11,REVENUE,REV,Revenue,-21159708.86,731,0
NS20,NovaSpace France S.A.S.,2023,12,COST_OF_SALES,MAT,Material,7136158.25,2404,133
NS20,NovaSpace France S.A.S.,2023,12,COST_OF_SALES,PER,Personnel,872434.43,682,262
NS20,NovaSpace France S.A.S.,2023,12,COST_OF_SALES,SUB,Subcontracting,11773899.84,1691,246
NS20,NovaSpace France S.A.S.,2023,12,OPERATING_EXPENSES,DEP,Depreciation,779477.76,383,0
NS20,NovaSpace France S.A.S.,2023,12,OPERATING_EXPENSES,OVH,Overhead,1061079.9,1466,243
NS20,NovaSpace France S.A.S.,2023,12,OTHER,OTH,Other operating,95478.88,248,248
NS20,NovaSpace France S.A.S.,2023,12,REVENUE,REV,Revenue,-21210287.38,864,0
NS20,NovaSpace France S.A.S.,2023,13,COST_OF_SALES,MAT,Material,155979.03,55,55
NS20,NovaSpace France S.A.S.,2023,13,COST_OF_SALES,PER,Personnel,202332.31,130,130
NS20,NovaSpace France S.A.S.,2023,13,COST_OF_SALES,SUB,Subcontracting,1226670.15,164,164
NS20,NovaSpace France S.A.S.,2023,13,OPERATING_EXPENSES,OVH,Overhead,89687.42,131,131
NS20,NovaSpace France S.A.S.,2023,13,OTHER,OTH,Other operating,92188.34,157,157
NS20,NovaSpace France S.A.S.,2023,14,COST_OF_SALES,MAT,Material,203679.5,71,71
NS20,NovaSpace France S.A.S.,2023,14,COST_OF_SALES,PER,Personnel,221459.73,143,143
NS20,NovaSpace France S.A.S.,2023,14,COST_OF_SALES,SUB,Subcontracting,979064.52,136,136
NS20,NovaSpace France S.A.S.,2023,14,OPERATING_EXPENSES,OVH,Overhead,118294.83,149,149
NS20,NovaSpace France S.A.S.,2023,14,OTHER,OTH,Other operating,96215.47,152,152
NS20,NovaSpace France S.A.S.,2024,1,COST_OF_SALES,MAT,Material,6890305.57,2320,145
NS20,NovaSpace France S.A.S.,2024,1,COST_OF_SALES,PER,Personnel,805009.04,645,239
NS20,NovaSpace France S.A.S.,2024,1,COST_OF_SALES,SUB,Subcontracting,11388813.38,1645,222
NS20,NovaSpace France S.A.S.,2024,1,OPERATING_EXPENSES,DEP,Depreciation,690190.55,339,0
NS20,NovaSpace France S.A.S.,2024,1,OPERATING_EXPENSES,OVH,Overhead,1068068.62,1443,220
NS20,NovaSpace France S.A.S.,2024,1,OTHER,OTH,Other operating,93762.43,249,249
NS20,NovaSpace France S.A.S.,2024,1,REVENUE,REV,Revenue,-21460122.05,834,0
NS20,NovaSpace France S.A.S.,2024,2,COST_OF_SALES,MAT,Material,7308910.2,2422,112
NS20,NovaSpace France S.A.S.,2024,2,COST_OF_SALES,PER,Personnel,892580.74,662,230
NS20,NovaSpace France S.A.S.,2024,2,COST_OF_SALES,SUB,Subcontracting,12369675.04,1772,239
NS20,NovaSpace France S.A.S.,2024,2,OPERATING_EXPENSES,DEP,Depreciation,744805.5,374,0
NS20,NovaSpace France S.A.S.,2024,2,OPERATING_EXPENSES,OVH,Overhead,969101.31,1334,227
NS20,NovaSpace France S.A.S.,2024,2,OTHER,OTH,Other operating,83686.0,239,239
NS20,NovaSpace France S.A.S.,2024,2,REVENUE,REV,Revenue,-22271140.42,791,0
NS20,NovaSpace France S.A.S.,2024,3,COST_OF_SALES,MAT,Material,6537932.48,2227,111
NS20,NovaSpace France S.A.S.,2024,3,COST_OF_SALES,PER,Personnel,847115.51,650,209
NS20,NovaSpace France S.A.S.,2024,3,COST_OF_SALES,SUB,Subcontracting,10835614.27,1562,224
NS20,NovaSpace France S.A.S.,2024,3,OPERATING_EXPENSES,DEP,Depreciation,694629.11,324,0
NS20,NovaSpace France S.A.S.,2024,3,OPERATING_EXPENSES,OVH,Overhead,995180.29,1337,190
NS20,NovaSpace France S.A.S.,2024,3,OTHER,OTH,Other operating,62680.53,204,204
NS20,NovaSpace France S.A.S.,2024,3,REVENUE,REV,Revenue,-21245536.81,708,0
NS20,NovaSpace France S.A.S.,2024,4,COST_OF_SALES,MAT,Material,7298822.21,2420,138
NS20,NovaSpace France S.A.S.,2024,4,COST_OF_SALES,PER,Personnel,957867.92,701,252
NS20,NovaSpace France S.A.S.,2024,4,COST_OF_SALES,SUB,Subcontracting,12195904.65,1747,250
NS20,NovaSpace France S.A.S.,2024,4,OPERATING_EXPENSES,DEP,Depreciation,810834.38,377,0
NS20,NovaSpace France S.A.S.,2024,4,OPERATING_EXPENSES,OVH,Overhead,1135216.78,1536,232
NS20,NovaSpace France S.A.S.,2024,4,OTHER,OTH,Other operating,80127.58,223,223
NS20,NovaSpace France S.A.S.,2024,4,REVENUE,REV,Revenue,-24385012.34,853,0
NS20,NovaSpace France S.A.S.,2024,5,COST_OF_SALES,MAT,Material,7267833.68,2437,136
NS20,NovaSpace France S.A.S.,2024,5,COST_OF_SALES,PER,Personnel,835068.9,648,221
NS20,NovaSpace France S.A.S.,2024,5,COST_OF_SALES,SUB,Subcontracting,11715956.26,1685,230
NS20,NovaSpace France S.A.S.,2024,5,OPERATING_EXPENSES,DEP,Depreciation,709284.49,343,0
NS20,NovaSpace France S.A.S.,2024,5,OPERATING_EXPENSES,OVH,Overhead,1062886.36,1479,218
NS20,NovaSpace France S.A.S.,2024,5,OTHER,OTH,Other operating,107065.47,247,247
NS20,NovaSpace France S.A.S.,2024,5,REVENUE,REV,Revenue,-23276437.99,917,0
NS20,NovaSpace France S.A.S.,2024,6,COST_OF_SALES,MAT,Material,7565262.68,2533,154
NS20,NovaSpace France S.A.S.,2024,6,COST_OF_SALES,PER,Personnel,925532.01,698,225
NS20,NovaSpace France S.A.S.,2024,6,COST_OF_SALES,SUB,Subcontracting,12169100.5,1773,270
NS20,NovaSpace France S.A.S.,2024,6,OPERATING_EXPENSES,DEP,Depreciation,825608.78,397,0
NS20,NovaSpace France S.A.S.,2024,6,OPERATING_EXPENSES,OVH,Overhead,1062334.71,1441,251
NS20,NovaSpace France S.A.S.,2024,6,OTHER,OTH,Other operating,90608.61,230,230
NS20,NovaSpace France S.A.S.,2024,6,REVENUE,REV,Revenue,-24701399.09,935,0
NS20,NovaSpace France S.A.S.,2024,7,COST_OF_SALES,MAT,Material,6228111.11,2140,120
NS20,NovaSpace France S.A.S.,2024,7,COST_OF_SALES,PER,Personnel,819299.77,617,203
NS20,NovaSpace France S.A.S.,2024,7,COST_OF_SALES,SUB,Subcontracting,11071095.99,1541,211
NS20,NovaSpace France S.A.S.,2024,7,OPERATING_EXPENSES,DEP,Depreciation,715430.86,327,0
NS20,NovaSpace France S.A.S.,2024,7,OPERATING_EXPENSES,OVH,Overhead,1006306.67,1379,201
NS20,NovaSpace France S.A.S.,2024,7,OTHER,OTH,Other operating,80558.98,199,199
NS20,NovaSpace France S.A.S.,2024,7,REVENUE,REV,Revenue,-20701239.39,800,0
NS20,NovaSpace France S.A.S.,2024,8,COST_OF_SALES,MAT,Material,7373897.4,2556,127
NS20,NovaSpace France S.A.S.,2024,8,COST_OF_SALES,PER,Personnel,965926.84,663,215
NS20,NovaSpace France S.A.S.,2024,8,COST_OF_SALES,SUB,Subcontracting,11723440.42,1669,195
NS20,NovaSpace France S.A.S.,2024,8,OPERATING_EXPENSES,DEP,Depreciation,790327.85,385,0
NS20,NovaSpace France S.A.S.,2024,8,OPERATING_EXPENSES,OVH,Overhead,1087105.65,1473,236
NS20,NovaSpace France S.A.S.,2024,8,OTHER,OTH,Other operating,91554.42,215,215
NS20,NovaSpace France S.A.S.,2024,8,REVENUE,REV,Revenue,-24252939.67,890,0
NS20,NovaSpace France S.A.S.,2024,9,COST_OF_SALES,MAT,Material,6419409.75,2163,116
NS20,NovaSpace France S.A.S.,2024,9,COST_OF_SALES,PER,Personnel,825655.53,651,222
NS20,NovaSpace France S.A.S.,2024,9,COST_OF_SALES,SUB,Subcontracting,9865332.6,1453,206
NS20,NovaSpace France S.A.S.,2024,9,OPERATING_EXPENSES,DEP,Depreciation,728665.65,346,0
NS20,NovaSpace France S.A.S.,2024,9,OPERATING_EXPENSES,OVH,Overhead,1008834.27,1400,243
NS20,NovaSpace France S.A.S.,2024,9,OTHER,OTH,Other operating,76428.86,209,209
NS20,NovaSpace France S.A.S.,2024,9,REVENUE,REV,Revenue,-22009916.56,787,0
NS20,NovaSpace France S.A.S.,2024,10,COST_OF_SALES,MAT,Material,7657159.08,2595,151
NS20,NovaSpace France S.A.S.,2024,10,COST_OF_SALES,PER,Personnel,1070256.4,736,226
NS20,NovaSpace France S.A.S.,2024,10,COST_OF_SALES,SUB,Subcontracting,12652222.95,1751,221
NS20,NovaSpace France S.A.S.,2024,10,OPERATING_EXPENSES,DEP,Depreciation,765478.68,368,0
NS20,NovaSpace France S.A.S.,2024,10,OPERATING_EXPENSES,OVH,Overhead,1231623.91,1625,238
NS20,NovaSpace France S.A.S.,2024,10,OTHER,OTH,Other operating,112815.37,254,254
NS20,NovaSpace France S.A.S.,2024,10,REVENUE,REV,Revenue,-21759830.31,872,0
NS20,NovaSpace France S.A.S.,2024,11,COST_OF_SALES,MAT,Material,7394248.25,2508,120
NS20,NovaSpace France S.A.S.,2024,11,COST_OF_SALES,PER,Personnel,806558.98,614,201
NS20,NovaSpace France S.A.S.,2024,11,COST_OF_SALES,SUB,Subcontracting,12655453.65,1778,239
NS20,NovaSpace France S.A.S.,2024,11,OPERATING_EXPENSES,DEP,Depreciation,685239.79,315,0
NS20,NovaSpace France S.A.S.,2024,11,OPERATING_EXPENSES,OVH,Overhead,1038484.62,1465,220
NS20,NovaSpace France S.A.S.,2024,11,OTHER,OTH,Other operating,61139.28,205,205
NS20,NovaSpace France S.A.S.,2024,11,REVENUE,REV,Revenue,-25998927.74,916,0
NS20,NovaSpace France S.A.S.,2024,12,COST_OF_SALES,MAT,Material,6857720.15,2403,120
NS20,NovaSpace France S.A.S.,2024,12,COST_OF_SALES,PER,Personnel,842632.61,628,249
NS20,NovaSpace France S.A.S.,2024,12,COST_OF_SALES,SUB,Subcontracting,12104233.21,1729,228
NS20,NovaSpace France S.A.S.,2024,12,OPERATING_EXPENSES,DEP,Depreciation,724282.15,352,0
NS20,NovaSpace France S.A.S.,2024,12,OPERATING_EXPENSES,OVH,Overhead,1101075.91,1520,217
NS20,NovaSpace France S.A.S.,2024,12,OTHER,OTH,Other operating,96663.35,178,178
NS20,NovaSpace France S.A.S.,2024,12,REVENUE,REV,Revenue,-23913528.27,852,0
NS20,NovaSpace France S.A.S.,2024,13,COST_OF_SALES,MAT,Material,208988.72,68,68
NS20,NovaSpace France S.A.S.,2024,13,COST_OF_SALES,PER,Personnel,246211.27,152,152
NS20,NovaSpace France S.A.S.,2024,13,COST_OF_SALES,SUB,Subcontracting,1187247.58,156,156
NS20,NovaSpace France S.A.S.,2024,13,OPERATING_EXPENSES,OVH,Overhead,108488.17,139,139
NS20,NovaSpace France S.A.S.,2024,13,OTHER,OTH,Other operating,104015.77,145,145
NS20,NovaSpace France S.A.S.,2024,14,COST_OF_SALES,MAT,Material,192644.15,63,63
NS20,NovaSpace France S.A.S.,2024,14,COST_OF_SALES,PER,Personnel,212532.29,134,134
NS20,NovaSpace France S.A.S.,2024,14,COST_OF_SALES,SUB,Subcontracting,1310189.78,160,160
NS20,NovaSpace France S.A.S.,2024,14,OPERATING_EXPENSES,OVH,Overhead,108954.19,142,142
NS20,NovaSpace France S.A.S.,2024,14,OTHER,OTH,Other operating,100118.25,148,148
NS20,NovaSpace France S.A.S.,2025,1,COST_OF_SALES,MAT,Material,7103821.47,2400,146
NS20,NovaSpace France S.A.S.,2025,1,COST_OF_SALES,PER,Personnel,816246.33,640,235
NS20,NovaSpace France S.A.S.,2025,1,COST_OF_SALES,SUB,Subcontracting,11484998.61,1635,223
NS20,NovaSpace France S.A.S.,2025,1,OPERATING_EXPENSES,DEP,Depreciation,654144.3,328,0
NS20,NovaSpace France S.A.S.,2025,1,OPERATING_EXPENSES,OVH,Overhead,1070396.13,1451,240
NS20,NovaSpace France S.A.S.,2025,1,OTHER,OTH,Other operating,93088.13,222,222
NS20,NovaSpace France S.A.S.,2025,1,REVENUE,REV,Revenue,-21965811.1,859,0
NS20,NovaSpace France S.A.S.,2025,2,COST_OF_SALES,MAT,Material,6838001.45,2318,121
NS20,NovaSpace France S.A.S.,2025,2,COST_OF_SALES,PER,Personnel,981881.41,723,249
NS20,NovaSpace France S.A.S.,2025,2,COST_OF_SALES,SUB,Subcontracting,11603692.25,1654,233
NS20,NovaSpace France S.A.S.,2025,2,OPERATING_EXPENSES,DEP,Depreciation,791386.64,378,0
NS20,NovaSpace France S.A.S.,2025,2,OPERATING_EXPENSES,OVH,Overhead,1072755.36,1469,224
NS20,NovaSpace France S.A.S.,2025,2,OTHER,OTH,Other operating,73164.46,231,231
NS20,NovaSpace France S.A.S.,2025,2,REVENUE,REV,Revenue,-26988872.91,947,0
NS20,NovaSpace France S.A.S.,2025,3,COST_OF_SALES,MAT,Material,7014955.96,2394,147
NS20,NovaSpace France S.A.S.,2025,3,COST_OF_SALES,PER,Personnel,884816.73,645,201
NS20,NovaSpace France S.A.S.,2025,3,COST_OF_SALES,SUB,Subcontracting,10750032.36,1592,254
NS20,NovaSpace France S.A.S.,2025,3,OPERATING_EXPENSES,DEP,Depreciation,693024.28,331,0
NS20,NovaSpace France S.A.S.,2025,3,OPERATING_EXPENSES,OVH,Overhead,1004972.23,1356,217
NS20,NovaSpace France S.A.S.,2025,3,OTHER,OTH,Other operating,65328.15,178,178
NS20,NovaSpace France S.A.S.,2025,3,REVENUE,REV,Revenue,-22015761.56,890,0
NS20,NovaSpace France S.A.S.,2025,4,COST_OF_SALES,MAT,Material,6980704.31,2375,125
NS20,NovaSpace France S.A.S.,2025,4,COST_OF_SALES,PER,Personnel,851679.78,648,236
NS20,NovaSpace France S.A.S.,2025,4,COST_OF_SALES,SUB,Subcontracting,11914590.95,1698,236
NS20,NovaSpace France S.A.S.,2025,4,OPERATING_EXPENSES,DEP,Depreciation,811959.73,397,0
NS20,NovaSpace France S.A.S.,2025,4,OPERATING_EXPENSES,OVH,Overhead,1110795.43,1530,214
NS20,NovaSpace France S.A.S.,2025,4,OTHER,OTH,Other operating,97863.11,211,211
NS20,NovaSpace France S.A.S.,2025,4,REVENUE,REV,Revenue,-22217461.19,858,0
NS20,NovaSpace France S.A.S.,2025,5,COST_OF_SALES,MAT,Material,7203999.67,2480,128
NS20,NovaSpace France S.A.S.,2025,5,COST_OF_SALES,PER,Personnel,883429.97,654,217
NS20,NovaSpace France S.A.S.,2025,5,COST_OF_SALES,SUB,Subcontracting,11310983.45,1687,245
NS20,NovaSpace France S.A.S.,2025,5,OPERATING_EXPENSES,DEP,Depreciation,733786.38,345,0
NS20,NovaSpace France S.A.S.,2025,5,OPERATING_EXPENSES,OVH,Overhead,1058729.04,1414,211
NS20,NovaSpace France S.A.S.,2025,5,OTHER,OTH,Other operating,82969.01,209,209
NS20,NovaSpace France S.A.S.,2025,5,REVENUE,REV,Revenue,-22743290.76,836,0
NS20,NovaSpace France S.A.S.,2025,6,COST_OF_SALES,MAT,Material,7507988.92,2531,119
NS20,NovaSpace France S.A.S.,2025,6,COST_OF_SALES,PER,Personnel,878518.71,659,243
NS20,NovaSpace France S.A.S.,2025,6,COST_OF_SALES,SUB,Subcontracting,12312545.05,1714,232
NS20,NovaSpace France S.A.S.,2025,6,OPERATING_EXPENSES,DEP,Depreciation,767954.2,375,0
NS20,NovaSpace France S.A.S.,2025,6,OPERATING_EXPENSES,OVH,Overhead,1088450.65,1489,219
NS20,NovaSpace France S.A.S.,2025,6,OTHER,OTH,Other operating,83045.47,233,233
NS20,NovaSpace France S.A.S.,2025,6,REVENUE,REV,Revenue,-24606240.75,867,0
NS20,NovaSpace France S.A.S.,2025,7,COST_OF_SALES,MAT,Material,7760590.93,2574,133
NS20,NovaSpace France S.A.S.,2025,7,COST_OF_SALES,PER,Personnel,933369.48,678,239
NS20,NovaSpace France S.A.S.,2025,7,COST_OF_SALES,SUB,Subcontracting,12550507.75,1740,247
NS20,NovaSpace France S.A.S.,2025,7,OPERATING_EXPENSES,DEP,Depreciation,687220.15,344,0
NS20,NovaSpace France S.A.S.,2025,7,OPERATING_EXPENSES,OVH,Overhead,1154509.67,1545,244
NS20,NovaSpace France S.A.S.,2025,7,OTHER,OTH,Other operating,113726.13,265,265
NS20,NovaSpace France S.A.S.,2025,7,REVENUE,REV,Revenue,-24116788.67,878,0
NS20,NovaSpace France S.A.S.,2025,8,COST_OF_SALES,MAT,Material,8088060.63,2675,146
NS20,NovaSpace France S.A.S.,2025,8,COST_OF_SALES,PER,Personnel,899547.33,702,238
NS20,NovaSpace France S.A.S.,2025,8,COST_OF_SALES,SUB,Subcontracting,13243018.12,1822,250
NS20,NovaSpace France S.A.S.,2025,8,OPERATING_EXPENSES,DEP,Depreciation,787155.54,368,0
NS20,NovaSpace France S.A.S.,2025,8,OPERATING_EXPENSES,OVH,Overhead,1151516.48,1532,234
NS20,NovaSpace France S.A.S.,2025,8,OTHER,OTH,Other operating,78206.74,240,240
NS20,NovaSpace France S.A.S.,2025,8,REVENUE,REV,Revenue,-25488435.91,952,0
NS20,NovaSpace France S.A.S.,2025,9,COST_OF_SALES,MAT,Material,8608783.21,2811,145
NS20,NovaSpace France S.A.S.,2025,9,COST_OF_SALES,PER,Personnel,1029132.16,708,235
NS20,NovaSpace France S.A.S.,2025,9,COST_OF_SALES,SUB,Subcontracting,14843158.96,2048,266
NS20,NovaSpace France S.A.S.,2025,9,OPERATING_EXPENSES,DEP,Depreciation,841522.28,387,0
NS20,NovaSpace France S.A.S.,2025,9,OPERATING_EXPENSES,OVH,Overhead,1400022.23,1802,277
NS20,NovaSpace France S.A.S.,2025,9,OTHER,OTH,Other operating,103638.51,268,268
NS20,NovaSpace France S.A.S.,2025,9,REVENUE,REV,Revenue,-28910166.93,969,0
NS20,NovaSpace France S.A.S.,2025,10,COST_OF_SALES,MAT,Material,7894194.78,2566,158
NS20,NovaSpace France S.A.S.,2025,10,COST_OF_SALES,PER,Personnel,948594.47,666,234
NS20,NovaSpace France S.A.S.,2025,10,COST_OF_SALES,SUB,Subcontracting,13165662.24,1747,219
NS20,NovaSpace France S.A.S.,2025,10,OPERATING_EXPENSES,DEP,Depreciation,844128.96,370,0
NS20,NovaSpace France S.A.S.,2025,10,OPERATING_EXPENSES,OVH,Overhead,1225442.11,1583,237
NS20,NovaSpace France S.A.S.,2025,10,OTHER,OTH,Other operating,103382.71,250,250
NS20,NovaSpace France S.A.S.,2025,10,REVENUE,REV,Revenue,-24185581.68,907,0
NS20,NovaSpace France S.A.S.,2025,11,COST_OF_SALES,MAT,Material,7392946.07,2349,144
NS20,NovaSpace France S.A.S.,2025,11,COST_OF_SALES,PER,Personnel,951690.49,643,196
NS20,NovaSpace France S.A.S.,2025,11,COST_OF_SALES,SUB,Subcontracting,12910475.38,1724,214
NS20,NovaSpace France S.A.S.,2025,11,OPERATING_EXPENSES,DEP,Depreciation,860397.08,372,0
NS20,NovaSpace France S.A.S.,2025,11,OPERATING_EXPENSES,OVH,Overhead,1135410.81,1480,261
NS20,NovaSpace France S.A.S.,2025,11,OTHER,OTH,Other operating,113633.36,229,229
NS20,NovaSpace France S.A.S.,2025,11,REVENUE,REV,Revenue,-23600200.68,894,0
NS20,NovaSpace France S.A.S.,2025,12,COST_OF_SALES,MAT,Material,8036525.29,2548,135
NS20,NovaSpace France S.A.S.,2025,12,COST_OF_SALES,PER,Personnel,1000133.76,676,224
NS20,NovaSpace France S.A.S.,2025,12,COST_OF_SALES,SUB,Subcontracting,14505940.91,1869,277
NS20,NovaSpace France S.A.S.,2025,12,OPERATING_EXPENSES,DEP,Depreciation,968237.21,424,0
NS20,NovaSpace France S.A.S.,2025,12,OPERATING_EXPENSES,OVH,Overhead,1173280.38,1534,275
NS20,NovaSpace France S.A.S.,2025,12,OTHER,OTH,Other operating,113986.12,279,279
NS20,NovaSpace France S.A.S.,2025,12,REVENUE,REV,Revenue,-23335386.17,897,0
NS20,NovaSpace France S.A.S.,2025,13,COST_OF_SALES,MAT,Material,190193.92,55,55
NS20,NovaSpace France S.A.S.,2025,13,COST_OF_SALES,PER,Personnel,267062.36,158,158
NS20,NovaSpace France S.A.S.,2025,13,COST_OF_SALES,SUB,Subcontracting,1088074.21,130,130
NS20,NovaSpace France S.A.S.,2025,13,OPERATING_EXPENSES,OVH,Overhead,155929.65,177,177
NS20,NovaSpace France S.A.S.,2025,13,OTHER,OTH,Other operating,121498.59,171,171
NS20,NovaSpace France S.A.S.,2025,14,COST_OF_SALES,MAT,Material,221690.4,82,82
NS20,NovaSpace France S.A.S.,2025,14,COST_OF_SALES,PER,Personnel,289198.47,168,168
NS20,NovaSpace France S.A.S.,2025,14,COST_OF_SALES,SUB,Subcontracting,946830.81,132,132
NS20,NovaSpace France S.A.S.,2025,14,OPERATING_EXPENSES,OVH,Overhead,118143.01,133,133
NS20,NovaSpace France S.A.S.,2025,14,OTHER,OTH,Other operating,108820.85,160,160
NS20,NovaSpace France S.A.S.,2026,1,COST_OF_SALES,MAT,Material,9120042.17,2691,134
NS20,NovaSpace France S.A.S.,2026,1,COST_OF_SALES,PER,Personnel,968186.82,662,230
NS20,NovaSpace France S.A.S.,2026,1,COST_OF_SALES,SUB,Subcontracting,14482924.2,1851,280
NS20,NovaSpace France S.A.S.,2026,1,OPERATING_EXPENSES,DEP,Depreciation,973243.3,431,0
NS20,NovaSpace France S.A.S.,2026,1,OPERATING_EXPENSES,OVH,Overhead,1270188.68,1565,262
NS20,NovaSpace France S.A.S.,2026,1,OTHER,OTH,Other operating,85043.84,249,249
NS20,NovaSpace France S.A.S.,2026,1,REVENUE,REV,Revenue,-25204392.61,916,0
NS20,NovaSpace France S.A.S.,2026,2,COST_OF_SALES,MAT,Material,9128700.36,2727,149
NS20,NovaSpace France S.A.S.,2026,2,COST_OF_SALES,PER,Personnel,1251234.63,800,270
NS20,NovaSpace France S.A.S.,2026,2,COST_OF_SALES,SUB,Subcontracting,15686739.14,1949,230
NS20,NovaSpace France S.A.S.,2026,2,OPERATING_EXPENSES,DEP,Depreciation,939699.38,390,0
NS20,NovaSpace France S.A.S.,2026,2,OPERATING_EXPENSES,OVH,Overhead,1293255.21,1605,261
NS20,NovaSpace France S.A.S.,2026,2,OTHER,OTH,Other operating,134413.55,259,259
NS20,NovaSpace France S.A.S.,2026,2,REVENUE,REV,Revenue,-26380432.67,874,0
NS20,NovaSpace France S.A.S.,2026,3,COST_OF_SALES,MAT,Material,8808837.84,2586,116
NS20,NovaSpace France S.A.S.,2026,3,COST_OF_SALES,PER,Personnel,1079982.48,716,240
NS20,NovaSpace France S.A.S.,2026,3,COST_OF_SALES,SUB,Subcontracting,14031766.56,1781,227
NS20,NovaSpace France S.A.S.,2026,3,OPERATING_EXPENSES,DEP,Depreciation,841934.65,350,0
NS20,NovaSpace France S.A.S.,2026,3,OPERATING_EXPENSES,OVH,Overhead,1244703.72,1508,246
NS20,NovaSpace France S.A.S.,2026,3,OTHER,OTH,Other operating,96470.02,225,225
NS20,NovaSpace France S.A.S.,2026,3,REVENUE,REV,Revenue,-23448208.53,818,0
NS20,NovaSpace France S.A.S.,2026,4,COST_OF_SALES,MAT,Material,9273546.7,2660,158
NS20,NovaSpace France S.A.S.,2026,4,COST_OF_SALES,PER,Personnel,1291419.07,809,298
NS20,NovaSpace France S.A.S.,2026,4,COST_OF_SALES,SUB,Subcontracting,15325272.2,1853,232
NS20,NovaSpace France S.A.S.,2026,4,OPERATING_EXPENSES,DEP,Depreciation,1096017.65,433,0
NS20,NovaSpace France S.A.S.,2026,4,OPERATING_EXPENSES,OVH,Overhead,1408454.96,1629,276
NS20,NovaSpace France S.A.S.,2026,4,OTHER,OTH,Other operating,141731.45,270,270
NS20,NovaSpace France S.A.S.,2026,4,REVENUE,REV,Revenue,-25093913.17,912,0
NS20,NovaSpace France S.A.S.,2026,5,COST_OF_SALES,MAT,Material,8347633.77,2405,149
NS20,NovaSpace France S.A.S.,2026,5,COST_OF_SALES,PER,Personnel,1100485.78,715,233
NS20,NovaSpace France S.A.S.,2026,5,COST_OF_SALES,SUB,Subcontracting,14430745.44,1734,218
NS20,NovaSpace France S.A.S.,2026,5,OPERATING_EXPENSES,DEP,Depreciation,1010254.97,407,0
NS20,NovaSpace France S.A.S.,2026,5,OPERATING_EXPENSES,OVH,Overhead,1222732.42,1493,220
NS20,NovaSpace France S.A.S.,2026,5,OTHER,OTH,Other operating,117526.23,234,234
NS20,NovaSpace France S.A.S.,2026,5,REVENUE,REV,Revenue,-25241617.05,923,0
NS20,NovaSpace France S.A.S.,2026,6,COST_OF_SALES,MAT,Material,8801375.25,2461,147
NS20,NovaSpace France S.A.S.,2026,6,COST_OF_SALES,PER,Personnel,1142308.89,681,254
NS20,NovaSpace France S.A.S.,2026,6,COST_OF_SALES,SUB,Subcontracting,13629202.3,1682,253
NS20,NovaSpace France S.A.S.,2026,6,OPERATING_EXPENSES,DEP,Depreciation,808700.57,334,0
NS20,NovaSpace France S.A.S.,2026,6,OPERATING_EXPENSES,OVH,Overhead,1247680.66,1466,225
NS20,NovaSpace France S.A.S.,2026,6,OTHER,OTH,Other operating,102130.91,239,239
NS20,NovaSpace France S.A.S.,2026,6,REVENUE,REV,Revenue,-24209667.73,938,0
NS30,NovaSpace Deutschland GmbH,2023,1,COST_OF_SALES,MAT,Material,5755402.72,1881,193
NS30,NovaSpace Deutschland GmbH,2023,1,COST_OF_SALES,PER,Personnel,971145.83,624,288
NS30,NovaSpace Deutschland GmbH,2023,1,COST_OF_SALES,SUB,Subcontracting,10660617.74,1405,290
NS30,NovaSpace Deutschland GmbH,2023,1,OPERATING_EXPENSES,DEP,Depreciation,573982.78,280,0
NS30,NovaSpace Deutschland GmbH,2023,1,OPERATING_EXPENSES,OVH,Overhead,888678.76,1139,271
NS30,NovaSpace Deutschland GmbH,2023,1,OTHER,OTH,Other operating,166324.52,279,279
NS30,NovaSpace Deutschland GmbH,2023,1,REVENUE,REV,Revenue,-19710822.74,743,0
NS30,NovaSpace Deutschland GmbH,2023,2,COST_OF_SALES,MAT,Material,5484533.17,1841,166
NS30,NovaSpace Deutschland GmbH,2023,2,COST_OF_SALES,PER,Personnel,790376.75,675,337
NS30,NovaSpace Deutschland GmbH,2023,2,COST_OF_SALES,SUB,Subcontracting,9872413.24,1452,347
NS30,NovaSpace Deutschland GmbH,2023,2,OPERATING_EXPENSES,DEP,Depreciation,470801.56,241,0
NS30,NovaSpace Deutschland GmbH,2023,2,OPERATING_EXPENSES,OVH,Overhead,833426.21,1255,333
NS30,NovaSpace Deutschland GmbH,2023,2,OTHER,OTH,Other operating,114447.36,330,330
NS30,NovaSpace Deutschland GmbH,2023,2,REVENUE,REV,Revenue,-15831767.29,649,0
NS30,NovaSpace Deutschland GmbH,2023,3,COST_OF_SALES,MAT,Material,5137455.91,1761,178
NS30,NovaSpace Deutschland GmbH,2023,3,COST_OF_SALES,PER,Personnel,773692.27,647,344
NS30,NovaSpace Deutschland GmbH,2023,3,COST_OF_SALES,SUB,Subcontracting,8516689.04,1301,278
NS30,NovaSpace Deutschland GmbH,2023,3,OPERATING_EXPENSES,DEP,Depreciation,635464.53,289,0
NS30,NovaSpace Deutschland GmbH,2023,3,OPERATING_EXPENSES,OVH,Overhead,793157.48,1154,309
NS30,NovaSpace Deutschland GmbH,2023,3,OTHER,OTH,Other operating,138644.6,305,305
NS30,NovaSpace Deutschland GmbH,2023,3,REVENUE,REV,Revenue,-16030518.32,671,0
NS30,NovaSpace Deutschland GmbH,2023,4,COST_OF_SALES,MAT,Material,6461687.18,2173,211
NS30,NovaSpace Deutschland GmbH,2023,4,COST_OF_SALES,PER,Personnel,885935.41,688,316
NS30,NovaSpace Deutschland GmbH,2023,4,COST_OF_SALES,SUB,Subcontracting,10125824.36,1487,332
NS30,NovaSpace Deutschland GmbH,2023,4,OPERATING_EXPENSES,DEP,Depreciation,552067.93,265,0
NS30,NovaSpace Deutschland GmbH,2023,4,OPERATING_EXPENSES,OVH,Overhead,984272.81,1303,346
NS30,NovaSpace Deutschland GmbH,2023,4,OTHER,OTH,Other operating,106473.19,323,323
NS30,NovaSpace Deutschland GmbH,2023,4,REVENUE,REV,Revenue,-19443335.86,779,0
NS30,NovaSpace Deutschland GmbH,2023,5,COST_OF_SALES,MAT,Material,6219813.36,2085,197
NS30,NovaSpace Deutschland GmbH,2023,5,COST_OF_SALES,PER,Personnel,773578.21,610,303
NS30,NovaSpace Deutschland GmbH,2023,5,COST_OF_SALES,SUB,Subcontracting,10243099.1,1525,341
NS30,NovaSpace Deutschland GmbH,2023,5,OPERATING_EXPENSES,DEP,Depreciation,675010.05,337,0
NS30,NovaSpace Deutschland GmbH,2023,5,OPERATING_EXPENSES,OVH,Overhead,956126.63,1360,340
NS30,NovaSpace Deutschland GmbH,2023,5,OTHER,OTH,Other operating,130987.15,349,349
NS30,NovaSpace Deutschland GmbH,2023,5,REVENUE,REV,Revenue,-19148093.51,719,0
NS30,NovaSpace Deutschland GmbH,2023,6,COST_OF_SALES,MAT,Material,5244856.07,1812,174
NS30,NovaSpace Deutschland GmbH,2023,6,COST_OF_SALES,PER,Personnel,661719.38,550,250
NS30,NovaSpace Deutschland GmbH,2023,6,COST_OF_SALES,SUB,Subcontracting,9211582.68,1350,298
NS30,NovaSpace Deutschland GmbH,2023,6,OPERATING_EXPENSES,DEP,Depreciation,499953.85,250,0
NS30,NovaSpace Deutschland GmbH,2023,6,OPERATING_EXPENSES,OVH,Overhead,808343.5,1174,296
NS30,NovaSpace Deutschland GmbH,2023,6,OTHER,OTH,Other operating,94505.92,292,292
NS30,NovaSpace Deutschland GmbH,2023,6,REVENUE,REV,Revenue,-16430328.81,675,0
NS30,NovaSpace Deutschland GmbH,2023,7,COST_OF_SALES,MAT,Material,4791087.35,1624,165
NS30,NovaSpace Deutschland GmbH,2023,7,COST_OF_SALES,PER,Personnel,766683.45,621,292
NS30,NovaSpace Deutschland GmbH,2023,7,COST_OF_SALES,SUB,Subcontracting,8135624.44,1242,321
NS30,NovaSpace Deutschland GmbH,2023,7,OPERATING_EXPENSES,DEP,Depreciation,487389.76,245,0
NS30,NovaSpace Deutschland GmbH,2023,7,OPERATING_EXPENSES,OVH,Overhead,765053.87,1093,295
NS30,NovaSpace Deutschland GmbH,2023,7,OTHER,OTH,Other operating,120264.33,303,303
NS30,NovaSpace Deutschland GmbH,2023,7,REVENUE,REV,Revenue,-15217738.73,610,0
NS30,NovaSpace Deutschland GmbH,2023,8,COST_OF_SALES,MAT,Material,6076269.91,2036,197
NS30,NovaSpace Deutschland GmbH,2023,8,COST_OF_SALES,PER,Personnel,768213.59,617,322
NS30,NovaSpace Deutschland GmbH,2023,8,COST_OF_SALES,SUB,Subcontracting,9492902.3,1450,350
NS30,NovaSpace Deutschland GmbH,2023,8,OPERATING_EXPENSES,DEP,Depreciation,508188.92,245,0
NS30,NovaSpace Deutschland GmbH,2023,8,OPERATING_EXPENSES,OVH,Overhead,952618.97,1300,299
NS30,NovaSpace Deutschland GmbH,2023,8,OTHER,OTH,Other operating,130989.99,313,313
NS30,NovaSpace Deutschland GmbH,2023,8,REVENUE,REV,Revenue,-16345778.49,663,0
NS30,NovaSpace Deutschland GmbH,2023,9,COST_OF_SALES,MAT,Material,6209538.26,2094,222
NS30,NovaSpace Deutschland GmbH,2023,9,COST_OF_SALES,PER,Personnel,909488.76,732,354
NS30,NovaSpace Deutschland GmbH,2023,9,COST_OF_SALES,SUB,Subcontracting,10412806.93,1534,299
NS30,NovaSpace Deutschland GmbH,2023,9,OPERATING_EXPENSES,DEP,Depreciation,560428.16,272,0
NS30,NovaSpace Deutschland GmbH,2023,9,OPERATING_EXPENSES,OVH,Overhead,996625.46,1367,342
NS30,NovaSpace Deutschland GmbH,2023,9,OTHER,OTH,Other operating,149961.71,347,347
NS30,NovaSpace Deutschland GmbH,2023,9,REVENUE,REV,Revenue,-20500268.22,810,0
NS30,NovaSpace Deutschland GmbH,2023,10,COST_OF_SALES,MAT,Material,5522768.38,1875,199
NS30,NovaSpace Deutschland GmbH,2023,10,COST_OF_SALES,PER,Personnel,814836.75,633,310
NS30,NovaSpace Deutschland GmbH,2023,10,COST_OF_SALES,SUB,Subcontracting,9534961.98,1446,356
NS30,NovaSpace Deutschland GmbH,2023,10,OPERATING_EXPENSES,DEP,Depreciation,590088.34,282,0
NS30,NovaSpace Deutschland GmbH,2023,10,OPERATING_EXPENSES,OVH,Overhead,828801.91,1200,360
NS30,NovaSpace Deutschland GmbH,2023,10,OTHER,OTH,Other operating,125980.45,337,337
NS30,NovaSpace Deutschland GmbH,2023,10,REVENUE,REV,Revenue,-18131797.83,717,0
NS30,NovaSpace Deutschland GmbH,2023,11,COST_OF_SALES,MAT,Material,5316646.22,1797,187
NS30,NovaSpace Deutschland GmbH,2023,11,COST_OF_SALES,PER,Personnel,740717.03,622,301
NS30,NovaSpace Deutschland GmbH,2023,11,COST_OF_SALES,SUB,Subcontracting,9137806.13,1394,338
NS30,NovaSpace Deutschland GmbH,2023,11,OPERATING_EXPENSES,DEP,Depreciation,611909.75,297,0
NS30,NovaSpace Deutschland GmbH,2023,11,OPERATING_EXPENSES,OVH,Overhead,825686.9,1217,323
NS30,NovaSpace Deutschland GmbH,2023,11,OTHER,OTH,Other operating,129771.92,328,328
NS30,NovaSpace Deutschland GmbH,2023,11,REVENUE,REV,Revenue,-16405128.76,684,0
NS30,NovaSpace Deutschland GmbH,2023,12,COST_OF_SALES,MAT,Material,6508586.22,2174,183
NS30,NovaSpace Deutschland GmbH,2023,12,COST_OF_SALES,PER,Personnel,908521.38,691,357
NS30,NovaSpace Deutschland GmbH,2023,12,COST_OF_SALES,SUB,Subcontracting,11009166.86,1618,380
NS30,NovaSpace Deutschland GmbH,2023,12,OPERATING_EXPENSES,DEP,Depreciation,653640.21,325,0
NS30,NovaSpace Deutschland GmbH,2023,12,OPERATING_EXPENSES,OVH,Overhead,1049945.25,1448,373
NS30,NovaSpace Deutschland GmbH,2023,12,OTHER,OTH,Other operating,163870.21,389,389
NS30,NovaSpace Deutschland GmbH,2023,12,REVENUE,REV,Revenue,-21061940.6,779,0
NS30,NovaSpace Deutschland GmbH,2023,13,COST_OF_SALES,MAT,Material,148372.07,53,53
NS30,NovaSpace Deutschland GmbH,2023,13,COST_OF_SALES,PER,Personnel,163882.29,108,108
NS30,NovaSpace Deutschland GmbH,2023,13,COST_OF_SALES,SUB,Subcontracting,937935.04,117,117
NS30,NovaSpace Deutschland GmbH,2023,13,OPERATING_EXPENSES,OVH,Overhead,81171.93,102,102
NS30,NovaSpace Deutschland GmbH,2023,13,OTHER,OTH,Other operating,88555.92,141,141
NS30,NovaSpace Deutschland GmbH,2023,14,COST_OF_SALES,MAT,Material,165009.56,59,59
NS30,NovaSpace Deutschland GmbH,2023,14,COST_OF_SALES,PER,Personnel,148009.52,99,99
NS30,NovaSpace Deutschland GmbH,2023,14,COST_OF_SALES,SUB,Subcontracting,990291.61,124,124
NS30,NovaSpace Deutschland GmbH,2023,14,OPERATING_EXPENSES,OVH,Overhead,94050.03,117,117
NS30,NovaSpace Deutschland GmbH,2023,14,OTHER,OTH,Other operating,61191.17,93,93
NS30,NovaSpace Deutschland GmbH,2024,1,COST_OF_SALES,MAT,Material,5894934.56,1988,208
NS30,NovaSpace Deutschland GmbH,2024,1,COST_OF_SALES,PER,Personnel,865086.36,666,328
NS30,NovaSpace Deutschland GmbH,2024,1,COST_OF_SALES,SUB,Subcontracting,9706062.66,1457,327
NS30,NovaSpace Deutschland GmbH,2024,1,OPERATING_EXPENSES,DEP,Depreciation,569505.53,272,0
NS30,NovaSpace Deutschland GmbH,2024,1,OPERATING_EXPENSES,OVH,Overhead,910885.66,1299,363
NS30,NovaSpace Deutschland GmbH,2024,1,OTHER,OTH,Other operating,92830.67,327,327
NS30,NovaSpace Deutschland GmbH,2024,1,REVENUE,REV,Revenue,-18172710.87,752,0
NS30,NovaSpace Deutschland GmbH,2024,2,COST_OF_SALES,MAT,Material,5541087.57,1911,179
NS30,NovaSpace Deutschland GmbH,2024,2,COST_OF_SALES,PER,Personnel,791449.96,615,311
NS30,NovaSpace Deutschland GmbH,2024,2,COST_OF_SALES,SUB,Subcontracting,9885522.47,1409,320
NS30,NovaSpace Deutschland GmbH,2024,2,OPERATING_EXPENSES,DEP,Depreciation,486421.83,233,0
NS30,NovaSpace Deutschland GmbH,2024,2,OPERATING_EXPENSES,OVH,Overhead,882236.88,1237,301
NS30,NovaSpace Deutschland GmbH,2024,2,OTHER,OTH,Other operating,114321.91,288,288
NS30,NovaSpace Deutschland GmbH,2024,2,REVENUE,REV,Revenue,-18346433.49,712,0
NS30,NovaSpace Deutschland GmbH,2024,3,COST_OF_SALES,MAT,Material,5301673.11,1782,168
NS30,NovaSpace Deutschland GmbH,2024,3,COST_OF_SALES,PER,Personnel,728215.42,579,285
NS30,NovaSpace Deutschland GmbH,2024,3,COST_OF_SALES,SUB,Subcontracting,8696473.83,1322,327
NS30,NovaSpace Deutschland GmbH,2024,3,OPERATING_EXPENSES,DEP,Depreciation,528482.53,262,0
NS30,NovaSpace Deutschland GmbH,2024,3,OPERATING_EXPENSES,OVH,Overhead,848010.18,1178,287
NS30,NovaSpace Deutschland GmbH,2024,3,OTHER,OTH,Other operating,124277.2,317,317
NS30,NovaSpace Deutschland GmbH,2024,3,REVENUE,REV,Revenue,-16527430.69,665,0
NS30,NovaSpace Deutschland GmbH,2024,4,COST_OF_SALES,MAT,Material,6109726.44,2031,184
NS30,NovaSpace Deutschland GmbH,2024,4,COST_OF_SALES,PER,Personnel,823098.34,635,317
NS30,NovaSpace Deutschland GmbH,2024,4,COST_OF_SALES,SUB,Subcontracting,10409778.61,1529,360
NS30,NovaSpace Deutschland GmbH,2024,4,OPERATING_EXPENSES,DEP,Depreciation,577020.26,288,0
NS30,NovaSpace Deutschland GmbH,2024,4,OPERATING_EXPENSES,OVH,Overhead,984358.19,1345,357
NS30,NovaSpace Deutschland GmbH,2024,4,OTHER,OTH,Other operating,101323.73,324,324
NS30,NovaSpace Deutschland GmbH,2024,4,REVENUE,REV,Revenue,-19003657.03,724,0
NS30,NovaSpace Deutschland GmbH,2024,5,COST_OF_SALES,MAT,Material,5851838.23,1989,198
NS30,NovaSpace Deutschland GmbH,2024,5,COST_OF_SALES,PER,Personnel,979618.34,772,374
NS30,NovaSpace Deutschland GmbH,2024,5,COST_OF_SALES,SUB,Subcontracting,9725763.86,1429,390
NS30,NovaSpace Deutschland GmbH,2024,5,OPERATING_EXPENSES,DEP,Depreciation,471147.71,244,0
NS30,NovaSpace Deutschland GmbH,2024,5,OPERATING_EXPENSES,OVH,Overhead,926513.6,1329,366
NS30,NovaSpace Deutschland GmbH,2024,5,OTHER,OTH,Other operating,137712.76,357,357
NS30,NovaSpace Deutschland GmbH,2024,5,REVENUE,REV,Revenue,-17817853.14,736,0
NS30,NovaSpace Deutschland GmbH,2024,6,COST_OF_SALES,MAT,Material,6011135.91,1972,175
NS30,NovaSpace Deutschland GmbH,2024,6,COST_OF_SALES,PER,Personnel,764252.92,684,383
NS30,NovaSpace Deutschland GmbH,2024,6,COST_OF_SALES,SUB,Subcontracting,10190490.94,1545,356
NS30,NovaSpace Deutschland GmbH,2024,6,OPERATING_EXPENSES,DEP,Depreciation,575690.86,272,0
NS30,NovaSpace Deutschland GmbH,2024,6,OPERATING_EXPENSES,OVH,Overhead,940418.54,1345,305
NS30,NovaSpace Deutschland GmbH,2024,6,OTHER,OTH,Other operating,85830.95,313,313
NS30,NovaSpace Deutschland GmbH,2024,6,REVENUE,REV,Revenue,-17027303.76,704,0
NS30,NovaSpace Deutschland GmbH,2024,7,COST_OF_SALES,MAT,Material,5192403.7,1750,181
NS30,NovaSpace Deutschland GmbH,2024,7,COST_OF_SALES,PER,Personnel,772037.99,632,297
NS30,NovaSpace Deutschland GmbH,2024,7,COST_OF_SALES,SUB,Subcontracting,9227921.75,1356,297
NS30,NovaSpace Deutschland GmbH,2024,7,OPERATING_EXPENSES,DEP,Depreciation,490371.95,235,0
NS30,NovaSpace Deutschland GmbH,2024,7,OPERATING_EXPENSES,OVH,Overhead,834989.0,1202,287
NS30,NovaSpace Deutschland GmbH,2024,7,OTHER,OTH,Other operating,91141.43,263,263
NS30,NovaSpace Deutschland GmbH,2024,7,REVENUE,REV,Revenue,-17147017.18,637,0
NS30,NovaSpace Deutschland GmbH,2024,8,COST_OF_SALES,MAT,Material,5880399.47,1982,170
NS30,NovaSpace Deutschland GmbH,2024,8,COST_OF_SALES,PER,Personnel,861598.41,649,326
NS30,NovaSpace Deutschland GmbH,2024,8,COST_OF_SALES,SUB,Subcontracting,10765771.31,1473,299
NS30,NovaSpace Deutschland GmbH,2024,8,OPERATING_EXPENSES,DEP,Depreciation,655852.2,327,0
NS30,NovaSpace Deutschland GmbH,2024,8,OPERATING_EXPENSES,OVH,Overhead,956400.29,1322,340
NS30,NovaSpace Deutschland GmbH,2024,8,OTHER,OTH,Other operating,134900.65,301,301
NS30,NovaSpace Deutschland GmbH,2024,8,REVENUE,REV,Revenue,-18083202.2,707,0
NS30,NovaSpace Deutschland GmbH,2024,9,COST_OF_SALES,MAT,Material,6111488.24,1991,201
NS30,NovaSpace Deutschland GmbH,2024,9,COST_OF_SALES,PER,Personnel,817052.85,651,352
NS30,NovaSpace Deutschland GmbH,2024,9,COST_OF_SALES,SUB,Subcontracting,9902642.47,1469,329
NS30,NovaSpace Deutschland GmbH,2024,9,OPERATING_EXPENSES,DEP,Depreciation,604594.6,294,0
NS30,NovaSpace Deutschland GmbH,2024,9,OPERATING_EXPENSES,OVH,Overhead,877758.05,1303,371
NS30,NovaSpace Deutschland GmbH,2024,9,OTHER,OTH,Other operating,131728.83,332,332
NS30,NovaSpace Deutschland GmbH,2024,9,REVENUE,REV,Revenue,-17261111.07,707,0
NS30,NovaSpace Deutschland GmbH,2024,10,COST_OF_SALES,MAT,Material,5537318.54,1872,160
NS30,NovaSpace Deutschland GmbH,2024,10,COST_OF_SALES,PER,Personnel,788690.22,647,306
NS30,NovaSpace Deutschland GmbH,2024,10,COST_OF_SALES,SUB,Subcontracting,10038510.48,1463,308
NS30,NovaSpace Deutschland GmbH,2024,10,OPERATING_EXPENSES,DEP,Depreciation,614077.88,296,0
NS30,NovaSpace Deutschland GmbH,2024,10,OPERATING_EXPENSES,OVH,Overhead,892740.16,1284,321
NS30,NovaSpace Deutschland GmbH,2024,10,OTHER,OTH,Other operating,122178.13,312,312
NS30,NovaSpace Deutschland GmbH,2024,10,REVENUE,REV,Revenue,-19267152.82,724,0
NS30,NovaSpace Deutschland GmbH,2024,11,COST_OF_SALES,MAT,Material,6137846.67,2043,197
NS30,NovaSpace Deutschland GmbH,2024,11,COST_OF_SALES,PER,Personnel,878672.67,712,361
NS30,NovaSpace Deutschland GmbH,2024,11,COST_OF_SALES,SUB,Subcontracting,10249431.34,1494,340
NS30,NovaSpace Deutschland GmbH,2024,11,OPERATING_EXPENSES,DEP,Depreciation,638729.24,317,0
NS30,NovaSpace Deutschland GmbH,2024,11,OPERATING_EXPENSES,OVH,Overhead,935565.58,1379,367
NS30,NovaSpace Deutschland GmbH,2024,11,OTHER,OTH,Other operating,133036.79,319,319
NS30,NovaSpace Deutschland GmbH,2024,11,REVENUE,REV,Revenue,-22435049.53,851,0
NS30,NovaSpace Deutschland GmbH,2024,12,COST_OF_SALES,MAT,Material,5695404.8,1977,215
NS30,NovaSpace Deutschland GmbH,2024,12,COST_OF_SALES,PER,Personnel,915561.28,724,370
NS30,NovaSpace Deutschland GmbH,2024,12,COST_OF_SALES,SUB,Subcontracting,10167269.59,1473,324
NS30,NovaSpace Deutschland GmbH,2024,12,OPERATING_EXPENSES,DEP,Depreciation,528832.5,249,0
NS30,NovaSpace Deutschland GmbH,2024,12,OPERATING_EXPENSES,OVH,Overhead,876253.76,1303,370
NS30,NovaSpace Deutschland GmbH,2024,12,OTHER,OTH,Other operating,108629.46,318,318
NS30,NovaSpace Deutschland GmbH,2024,12,REVENUE,REV,Revenue,-17644090.61,735,0
NS30,NovaSpace Deutschland GmbH,2024,13,COST_OF_SALES,MAT,Material,97451.97,39,39
NS30,NovaSpace Deutschland GmbH,2024,13,COST_OF_SALES,PER,Personnel,214973.55,140,140
NS30,NovaSpace Deutschland GmbH,2024,13,COST_OF_SALES,SUB,Subcontracting,1093035.15,125,125
NS30,NovaSpace Deutschland GmbH,2024,13,OPERATING_EXPENSES,OVH,Overhead,98189.23,129,129
NS30,NovaSpace Deutschland GmbH,2024,13,OTHER,OTH,Other operating,84108.11,118,118
NS30,NovaSpace Deutschland GmbH,2024,14,COST_OF_SALES,MAT,Material,157200.7,46,46
NS30,NovaSpace Deutschland GmbH,2024,14,COST_OF_SALES,PER,Personnel,206507.98,128,128
NS30,NovaSpace Deutschland GmbH,2024,14,COST_OF_SALES,SUB,Subcontracting,1062950.47,137,137
NS30,NovaSpace Deutschland GmbH,2024,14,OPERATING_EXPENSES,OVH,Overhead,97338.32,127,127
NS30,NovaSpace Deutschland GmbH,2024,14,OTHER,OTH,Other operating,77424.08,123,123
NS30,NovaSpace Deutschland GmbH,2025,1,COST_OF_SALES,MAT,Material,5853730.42,2011,179
NS30,NovaSpace Deutschland GmbH,2025,1,COST_OF_SALES,PER,Personnel,874562.31,667,324
NS30,NovaSpace Deutschland GmbH,2025,1,COST_OF_SALES,SUB,Subcontracting,9973980.44,1436,289
NS30,NovaSpace Deutschland GmbH,2025,1,OPERATING_EXPENSES,DEP,Depreciation,570521.5,287,0
NS30,NovaSpace Deutschland GmbH,2025,1,OPERATING_EXPENSES,OVH,Overhead,880204.57,1246,322
NS30,NovaSpace Deutschland GmbH,2025,1,OTHER,OTH,Other operating,129823.82,321,321
NS30,NovaSpace Deutschland GmbH,2025,1,REVENUE,REV,Revenue,-17000358.63,708,0
NS30,NovaSpace Deutschland GmbH,2025,2,COST_OF_SALES,MAT,Material,6665912.38,2266,213
NS30,NovaSpace Deutschland GmbH,2025,2,COST_OF_SALES,PER,Personnel,943680.6,747,384
NS30,NovaSpace Deutschland GmbH,2025,2,COST_OF_SALES,SUB,Subcontracting,11234290.79,1634,364
NS30,NovaSpace Deutschland GmbH,2025,2,OPERATING_EXPENSES,DEP,Depreciation,627249.21,304,0
NS30,NovaSpace Deutschland GmbH,2025,2,OPERATING_EXPENSES,OVH,Overhead,999109.97,1467,377
NS30,NovaSpace Deutschland GmbH,2025,2,OTHER,OTH,Other operating,130638.85,356,356
NS30,NovaSpace Deutschland GmbH,2025,2,REVENUE,REV,Revenue,-21769718.28,874,0
NS30,NovaSpace Deutschland GmbH,2025,3,COST_OF_SALES,MAT,Material,6119418.71,2040,172
NS30,NovaSpace Deutschland GmbH,2025,3,COST_OF_SALES,PER,Personnel,787299.57,674,345
NS30,NovaSpace Deutschland GmbH,2025,3,COST_OF_SALES,SUB,Subcontracting,10560051.3,1523,312
NS30,NovaSpace Deutschland GmbH,2025,3,OPERATING_EXPENSES,DEP,Depreciation,611957.19,305,0
NS30,NovaSpace Deutschland GmbH,2025,3,OPERATING_EXPENSES,OVH,Overhead,886966.6,1302,316
NS30,NovaSpace Deutschland GmbH,2025,3,OTHER,OTH,Other operating,105374.23,303,303
NS30,NovaSpace Deutschland GmbH,2025,3,REVENUE,REV,Revenue,-19685583.78,748,0
NS30,NovaSpace Deutschland GmbH,2025,4,COST_OF_SALES,MAT,Material,6583276.96,2257,201
NS30,NovaSpace Deutschland GmbH,2025,4,COST_OF_SALES,PER,Personnel,1099828.53,856,392
NS30,NovaSpace Deutschland GmbH,2025,4,COST_OF_SALES,SUB,Subcontracting,10483965.0,1559,325
NS30,NovaSpace Deutschland GmbH,2025,4,OPERATING_EXPENSES,DEP,Depreciation,654788.04,328,0
NS30,NovaSpace Deutschland GmbH,2025,4,OPERATING_EXPENSES,OVH,Overhead,978281.64,1405,367
NS30,NovaSpace Deutschland GmbH,2025,4,OTHER,OTH,Other operating,151567.27,352,352
NS30,NovaSpace Deutschland GmbH,2025,4,REVENUE,REV,Revenue,-21244321.59,863,0
NS30,NovaSpace Deutschland GmbH,2025,5,COST_OF_SALES,MAT,Material,5860823.35,1965,191
NS30,NovaSpace Deutschland GmbH,2025,5,COST_OF_SALES,PER,Personnel,853794.97,751,387
NS30,NovaSpace Deutschland GmbH,2025,5,COST_OF_SALES,SUB,Subcontracting,9744814.96,1437,356
NS30,NovaSpace Deutschland GmbH,2025,5,OPERATING_EXPENSES,DEP,Depreciation,560974.7,277,0
NS30,NovaSpace Deutschland GmbH,2025,5,OPERATING_EXPENSES,OVH,Overhead,918283.04,1344,363
NS30,NovaSpace Deutschland GmbH,2025,5,OTHER,OTH,Other operating,140456.17,350,350
NS30,NovaSpace Deutschland GmbH,2025,5,REVENUE,REV,Revenue,-18641573.79,719,0
NS30,NovaSpace Deutschland GmbH,2025,6,COST_OF_SALES,MAT,Material,5624072.82,1879,174
NS30,NovaSpace Deutschland GmbH,2025,6,COST_OF_SALES,PER,Personnel,709661.43,626,332
NS30,NovaSpace Deutschland GmbH,2025,6,COST_OF_SALES,SUB,Subcontracting,9085774.6,1430,331
NS30,NovaSpace Deutschland GmbH,2025,6,OPERATING_EXPENSES,DEP,Depreciation,610583.96,293,0
NS30,NovaSpace Deutschland GmbH,2025,6,OPERATING_EXPENSES,OVH,Overhead,913866.2,1323,321
NS30,NovaSpace Deutschland GmbH,2025,6,OTHER,OTH,Other operating,97466.74,361,361
NS30,NovaSpace Deutschland GmbH,2025,6,REVENUE,REV,Revenue,-20126835.63,771,0
NS30,NovaSpace Deutschland GmbH,2025,7,COST_OF_SALES,MAT,Material,6252712.1,2071,213
NS30,NovaSpace Deutschland GmbH,2025,7,COST_OF_SALES,PER,Personnel,921269.98,733,363
NS30,NovaSpace Deutschland GmbH,2025,7,COST_OF_SALES,SUB,Subcontracting,10277391.54,1568,331
NS30,NovaSpace Deutschland GmbH,2025,7,OPERATING_EXPENSES,DEP,Depreciation,640131.81,320,0
NS30,NovaSpace Deutschland GmbH,2025,7,OPERATING_EXPENSES,OVH,Overhead,990724.09,1370,348
NS30,NovaSpace Deutschland GmbH,2025,7,OTHER,OTH,Other operating,129393.21,330,330
NS30,NovaSpace Deutschland GmbH,2025,7,REVENUE,REV,Revenue,-20541155.0,773,0
NS30,NovaSpace Deutschland GmbH,2025,8,COST_OF_SALES,MAT,Material,5734299.69,1951,210
NS30,NovaSpace Deutschland GmbH,2025,8,COST_OF_SALES,PER,Personnel,983977.96,741,346
NS30,NovaSpace Deutschland GmbH,2025,8,COST_OF_SALES,SUB,Subcontracting,9842473.88,1516,337
NS30,NovaSpace Deutschland GmbH,2025,8,OPERATING_EXPENSES,DEP,Depreciation,585382.16,283,0
NS30,NovaSpace Deutschland GmbH,2025,8,OPERATING_EXPENSES,OVH,Overhead,888820.64,1306,389
NS30,NovaSpace Deutschland GmbH,2025,8,OTHER,OTH,Other operating,115521.38,319,319
NS30,NovaSpace Deutschland GmbH,2025,8,REVENUE,REV,Revenue,-21386277.42,809,0
NS30,NovaSpace Deutschland GmbH,2025,9,COST_OF_SALES,MAT,Material,7047503.93,2303,227
NS30,NovaSpace Deutschland GmbH,2025,9,COST_OF_SALES,PER,Personnel,948539.32,749,361
NS30,NovaSpace Deutschland GmbH,2025,9,COST_OF_SALES,SUB,Subcontracting,11197079.51,1647,377
NS30,NovaSpace Deutschland GmbH,2025,9,OPERATING_EXPENSES,DEP,Depreciation,709445.65,349,0
NS30,NovaSpace Deutschland GmbH,2025,9,OPERATING_EXPENSES,OVH,Overhead,1049762.24,1488,350
NS30,NovaSpace Deutschland GmbH,2025,9,OTHER,OTH,Other operating,120593.07,306,306
NS30,NovaSpace Deutschland GmbH,2025,9,REVENUE,REV,Revenue,-18979105.89,819,0
NS30,NovaSpace Deutschland GmbH,2025,10,COST_OF_SALES,MAT,Material,6856236.76,2256,208
NS30,NovaSpace Deutschland GmbH,2025,10,COST_OF_SALES,PER,Personnel,1079171.33,845,426
NS30,NovaSpace Deutschland GmbH,2025,10,COST_OF_SALES,SUB,Subcontracting,12525539.06,1772,385
NS30,NovaSpace Deutschland GmbH,2025,10,OPERATING_EXPENSES,DEP,Depreciation,563858.58,286,0
NS30,NovaSpace Deutschland GmbH,2025,10,OPERATING_EXPENSES,OVH,Overhead,1065300.9,1485,375
NS30,NovaSpace Deutschland GmbH,2025,10,OTHER,OTH,Other operating,183135.92,398,398
NS30,NovaSpace Deutschland GmbH,2025,10,REVENUE,REV,Revenue,-19518353.28,745,0
NS30,NovaSpace Deutschland GmbH,2025,11,COST_OF_SALES,MAT,Material,6520156.29,2157,215
NS30,NovaSpace Deutschland GmbH,2025,11,COST_OF_SALES,PER,Personnel,870400.79,768,378
NS30,NovaSpace Deutschland GmbH,2025,11,COST_OF_SALES,SUB,Subcontracting,10041157.38,1569,369
NS30,NovaSpace Deutschland GmbH,2025,11,OPERATING_EXPENSES,DEP,Depreciation,749122.8,350,0
NS30,NovaSpace Deutschland GmbH,2025,11,OPERATING_EXPENSES,OVH,Overhead,981771.96,1382,352
NS30,NovaSpace Deutschland GmbH,2025,11,OTHER,OTH,Other operating,121008.75,388,388
NS30,NovaSpace Deutschland GmbH,2025,11,REVENUE,REV,Revenue,-19281953.76,807,0
NS30,NovaSpace Deutschland GmbH,2025,12,COST_OF_SALES,MAT,Material,5974199.63,1951,190
NS30,NovaSpace Deutschland GmbH,2025,12,COST_OF_SALES,PER,Personnel,776014.44,653,335
NS30,NovaSpace Deutschland GmbH,2025,12,COST_OF_SALES,SUB,Subcontracting,9915071.82,1444,324
NS30,NovaSpace Deutschland GmbH,2025,12,OPERATING_EXPENSES,DEP,Depreciation,606696.57,282,0
NS30,NovaSpace Deutschland GmbH,2025,12,OPERATING_EXPENSES,OVH,Overhead,935156.58,1240,319
NS30,NovaSpace Deutschland GmbH,2025,12,OTHER,OTH,Other operating,104587.26,334,334
NS30,NovaSpace Deutschland GmbH,2025,12,REVENUE,REV,Revenue,-20212931.32,798,0
NS30,NovaSpace Deutschland GmbH,2025,13,COST_OF_SALES,MAT,Material,226355.07,72,72
NS30,NovaSpace Deutschland GmbH,2025,13,COST_OF_SALES,PER,Personnel,217831.32,127,127
NS30,NovaSpace Deutschland GmbH,2025,13,COST_OF_SALES,SUB,Subcontracting,867788.52,115,115
NS30,NovaSpace Deutschland GmbH,2025,13,OPERATING_EXPENSES,OVH,Overhead,112948.92,137,137
NS30,NovaSpace Deutschland GmbH,2025,13,OTHER,OTH,Other operating,81626.55,121,121
NS30,NovaSpace Deutschland GmbH,2025,14,COST_OF_SALES,MAT,Material,133776.98,50,50
NS30,NovaSpace Deutschland GmbH,2025,14,COST_OF_SALES,PER,Personnel,237888.38,141,141
NS30,NovaSpace Deutschland GmbH,2025,14,COST_OF_SALES,SUB,Subcontracting,847657.75,115,115
NS30,NovaSpace Deutschland GmbH,2025,14,OPERATING_EXPENSES,OVH,Overhead,118754.61,155,155
NS30,NovaSpace Deutschland GmbH,2025,14,OTHER,OTH,Other operating,89014.61,121,121
NS30,NovaSpace Deutschland GmbH,2026,1,COST_OF_SALES,MAT,Material,6321028.13,2108,184
NS30,NovaSpace Deutschland GmbH,2026,1,COST_OF_SALES,PER,Personnel,1038211.24,779,350
NS30,NovaSpace Deutschland GmbH,2026,1,COST_OF_SALES,SUB,Subcontracting,10952935.09,1533,306
NS30,NovaSpace Deutschland GmbH,2026,1,OPERATING_EXPENSES,DEP,Depreciation,587573.05,284,0
NS30,NovaSpace Deutschland GmbH,2026,1,OPERATING_EXPENSES,OVH,Overhead,1029466.14,1409,343
NS30,NovaSpace Deutschland GmbH,2026,1,OTHER,OTH,Other operating,145110.35,332,332
NS30,NovaSpace Deutschland GmbH,2026,1,REVENUE,REV,Revenue,-19767545.75,822,0
NS30,NovaSpace Deutschland GmbH,2026,2,COST_OF_SALES,MAT,Material,6089157.64,1940,203
NS30,NovaSpace Deutschland GmbH,2026,2,COST_OF_SALES,PER,Personnel,825488.3,668,306
NS30,NovaSpace Deutschland GmbH,2026,2,COST_OF_SALES,SUB,Subcontracting,9615359.93,1423,325
NS30,NovaSpace Deutschland GmbH,2026,2,OPERATING_EXPENSES,DEP,Depreciation,599458.58,288,0
NS30,NovaSpace Deutschland GmbH,2026,2,OPERATING_EXPENSES,OVH,Overhead,903503.02,1304,342
NS30,NovaSpace Deutschland GmbH,2026,2,OTHER,OTH,Other operating,120801.62,350,350
NS30,NovaSpace Deutschland GmbH,2026,2,REVENUE,REV,Revenue,-15755872.56,711,0
NS30,NovaSpace Deutschland GmbH,2026,3,COST_OF_SALES,MAT,Material,6840399.75,2279,233
NS30,NovaSpace Deutschland GmbH,2026,3,COST_OF_SALES,PER,Personnel,1044448.48,742,345
NS30,NovaSpace Deutschland GmbH,2026,3,COST_OF_SALES,SUB,Subcontracting,11651006.01,1673,345
NS30,NovaSpace Deutschland GmbH,2026,3,OPERATING_EXPENSES,DEP,Depreciation,702000.25,328,0
NS30,NovaSpace Deutschland GmbH,2026,3,OPERATING_EXPENSES,OVH,Overhead,1108621.89,1473,355
NS30,NovaSpace Deutschland GmbH,2026,3,OTHER,OTH,Other operating,154395.88,328,328
NS30,NovaSpace Deutschland GmbH,2026,3,REVENUE,REV,Revenue,-20470512.6,806,0
NS30,NovaSpace Deutschland GmbH,2026,4,COST_OF_SALES,MAT,Material,6626070.6,2134,200
NS30,NovaSpace Deutschland GmbH,2026,4,COST_OF_SALES,PER,Personnel,946537.42,754,341
NS30,NovaSpace Deutschland GmbH,2026,4,COST_OF_SALES,SUB,Subcontracting,11674087.9,1572,332
NS30,NovaSpace Deutschland GmbH,2026,4,OPERATING_EXPENSES,DEP,Depreciation,690422.55,310,0
NS30,NovaSpace Deutschland GmbH,2026,4,OPERATING_EXPENSES,OVH,Overhead,996075.13,1359,357
NS30,NovaSpace Deutschland GmbH,2026,4,OTHER,OTH,Other operating,164488.09,382,382
NS30,NovaSpace Deutschland GmbH,2026,4,REVENUE,REV,Revenue,-19712251.96,757,0
NS30,NovaSpace Deutschland GmbH,2026,5,COST_OF_SALES,MAT,Material,6407805.71,2006,174
NS30,NovaSpace Deutschland GmbH,2026,5,COST_OF_SALES,PER,Personnel,937066.28,676,335
NS30,NovaSpace Deutschland GmbH,2026,5,COST_OF_SALES,SUB,Subcontracting,9926372.18,1494,349
NS30,NovaSpace Deutschland GmbH,2026,5,OPERATING_EXPENSES,DEP,Depreciation,750269.73,343,0
NS30,NovaSpace Deutschland GmbH,2026,5,OPERATING_EXPENSES,OVH,Overhead,1055130.34,1424,361
NS30,NovaSpace Deutschland GmbH,2026,5,OTHER,OTH,Other operating,163365.15,369,369
NS30,NovaSpace Deutschland GmbH,2026,5,REVENUE,REV,Revenue,-20690467.88,817,0
NS30,NovaSpace Deutschland GmbH,2026,6,COST_OF_SALES,MAT,Material,7078998.21,2316,215
NS30,NovaSpace Deutschland GmbH,2026,6,COST_OF_SALES,PER,Personnel,1023604.4,757,398
NS30,NovaSpace Deutschland GmbH,2026,6,COST_OF_SALES,SUB,Subcontracting,11725515.77,1707,372
NS30,NovaSpace Deutschland GmbH,2026,6,OPERATING_EXPENSES,DEP,Depreciation,819462.18,383,0
NS30,NovaSpace Deutschland GmbH,2026,6,OPERATING_EXPENSES,OVH,Overhead,1114766.45,1491,385
NS30,NovaSpace Deutschland GmbH,2026,6,OTHER,OTH,Other operating,173771.31,382,382
NS30,NovaSpace Deutschland GmbH,2026,6,REVENUE,REV,Revenue,-20672942.78,849,0
NS40,NovaSpace UK Ltd.,2023,1,COST_OF_SALES,MAT,Material,4653176.76,1547,80
NS40,NovaSpace UK Ltd.,2023,1,COST_OF_SALES,PER,Personnel,598918.98,393,113
NS40,NovaSpace UK Ltd.,2023,1,COST_OF_SALES,SUB,Subcontracting,8055892.91,1098,111
NS40,NovaSpace UK Ltd.,2023,1,OPERATING_EXPENSES,DEP,Depreciation,450611.28,203,0
NS40,NovaSpace UK Ltd.,2023,1,OPERATING_EXPENSES,OVH,Overhead,721726.36,903,134
NS40,NovaSpace UK Ltd.,2023,1,OTHER,OTH,Other operating,76297.47,113,113
NS40,NovaSpace UK Ltd.,2023,1,REVENUE,REV,Revenue,-18612254.21,723,0
NS40,NovaSpace UK Ltd.,2023,2,COST_OF_SALES,MAT,Material,4887467.76,1708,98
NS40,NovaSpace UK Ltd.,2023,2,COST_OF_SALES,PER,Personnel,621204.9,450,170
NS40,NovaSpace UK Ltd.,2023,2,COST_OF_SALES,SUB,Subcontracting,7850494.44,1138,159
NS40,NovaSpace UK Ltd.,2023,2,OPERATING_EXPENSES,DEP,Depreciation,454435.78,231,0
NS40,NovaSpace UK Ltd.,2023,2,OPERATING_EXPENSES,OVH,Overhead,678076.07,978,146
NS40,NovaSpace UK Ltd.,2023,2,OTHER,OTH,Other operating,78766.01,177,177
NS40,NovaSpace UK Ltd.,2023,2,REVENUE,REV,Revenue,-17493868.84,662,0
NS40,NovaSpace UK Ltd.,2023,3,COST_OF_SALES,MAT,Material,4616690.78,1575,86
NS40,NovaSpace UK Ltd.,2023,3,COST_OF_SALES,PER,Personnel,555002.07,451,163
NS40,NovaSpace UK Ltd.,2023,3,COST_OF_SALES,SUB,Subcontracting,7091222.36,1029,140
NS40,NovaSpace UK Ltd.,2023,3,OPERATING_EXPENSES,DEP,Depreciation,553882.63,266,0
NS40,NovaSpace UK Ltd.,2023,3,OPERATING_EXPENSES,OVH,Overhead,686000.99,938,144
NS40,NovaSpace UK Ltd.,2023,3,OTHER,OTH,Other operating,69141.29,187,187
NS40,NovaSpace UK Ltd.,2023,3,REVENUE,REV,Revenue,-15480715.0,661,0
NS40,NovaSpace UK Ltd.,2023,4,COST_OF_SALES,MAT,Material,4216924.32,1425,72
NS40,NovaSpace UK Ltd.,2023,4,COST_OF_SALES,PER,Personnel,547792.88,408,136
NS40,NovaSpace UK Ltd.,2023,4,COST_OF_SALES,SUB,Subcontracting,7099272.64,1030,141
NS40,NovaSpace UK Ltd.,2023,4,OPERATING_EXPENSES,DEP,Depreciation,528366.67,260,0
NS40,NovaSpace UK Ltd.,2023,4,OPERATING_EXPENSES,OVH,Overhead,589401.4,833,125
NS40,NovaSpace UK Ltd.,2023,4,OTHER,OTH,Other operating,48664.55,142,142
NS40,NovaSpace UK Ltd.,2023,4,REVENUE,REV,Revenue,-13728865.0,618,0
NS40,NovaSpace UK Ltd.,2023,5,COST_OF_SALES,MAT,Material,4700999.7,1630,84
NS40,NovaSpace UK Ltd.,2023,5,COST_OF_SALES,PER,Personnel,656024.77,487,190
NS40,NovaSpace UK Ltd.,2023,5,COST_OF_SALES,SUB,Subcontracting,7582058.81,1035,159
NS40,NovaSpace UK Ltd.,2023,5,OPERATING_EXPENSES,DEP,Depreciation,506171.98,243,0
NS40,NovaSpace UK Ltd.,2023,5,OPERATING_EXPENSES,OVH,Overhead,646594.11,892,143
NS40,NovaSpace UK Ltd.,2023,5,OTHER,OTH,Other operating,58371.47,142,142
NS40,NovaSpace UK Ltd.,2023,5,REVENUE,REV,Revenue,-16849148.98,741,0
NS40,NovaSpace UK Ltd.,2023,6,COST_OF_SALES,MAT,Material,4989903.24,1728,94
NS40,NovaSpace UK Ltd.,2023,6,COST_OF_SALES,PER,Personnel,539425.19,429,144
NS40,NovaSpace UK Ltd.,2023,6,COST_OF_SALES,SUB,Subcontracting,9084173.66,1263,178
NS40,NovaSpace UK Ltd.,2023,6,OPERATING_EXPENSES,DEP,Depreciation,565444.36,275,0
NS40,NovaSpace UK Ltd.,2023,6,OPERATING_EXPENSES,OVH,Overhead,765645.91,1029,144
NS40,NovaSpace UK Ltd.,2023,6,OTHER,OTH,Other operating,47160.07,138,138
NS40,NovaSpace UK Ltd.,2023,6,REVENUE,REV,Revenue,-16474777.41,718,0
NS40,NovaSpace UK Ltd.,2023,7,COST_OF_SALES,MAT,Material,4852196.68,1633,85
NS40,NovaSpace UK Ltd.,2023,7,COST_OF_SALES,PER,Personnel,629572.7,444,138
NS40,NovaSpace UK Ltd.,2023,7,COST_OF_SALES,SUB,Subcontracting,7996678.16,1155,154
NS40,NovaSpace UK Ltd.,2023,7,OPERATING_EXPENSES,DEP,Depreciation,424077.54,210,0
NS40,NovaSpace UK Ltd.,2023,7,OPERATING_EXPENSES,OVH,Overhead,726158.47,992,169
NS40,NovaSpace UK Ltd.,2023,7,OTHER,OTH,Other operating,48820.38,139,139
NS40,NovaSpace UK Ltd.,2023,7,REVENUE,REV,Revenue,-16378444.57,671,0
NS40,NovaSpace UK Ltd.,2023,8,COST_OF_SALES,MAT,Material,4537368.27,1492,78
NS40,NovaSpace UK Ltd.,2023,8,COST_OF_SALES,PER,Personnel,591128.6,457,152
NS40,NovaSpace UK Ltd.,2023,8,COST_OF_SALES,SUB,Subcontracting,7266496.07,1018,136
NS40,NovaSpace UK Ltd.,2023,8,OPERATING_EXPENSES,DEP,Depreciation,391038.57,201,0
NS40,NovaSpace UK Ltd.,2023,8,OPERATING_EXPENSES,OVH,Overhead,613118.63,848,164
NS40,NovaSpace UK Ltd.,2023,8,OTHER,OTH,Other operating,57850.97,128,128
NS40,NovaSpace UK Ltd.,2023,8,REVENUE,REV,Revenue,-15694706.17,737,0
NS40,NovaSpace UK Ltd.,2023,9,COST_OF_SALES,MAT,Material,4737540.41,1611,97
NS40,NovaSpace UK Ltd.,2023,9,COST_OF_SALES,PER,Personnel,630183.52,465,159
NS40,NovaSpace UK Ltd.,2023,9,COST_OF_SALES,SUB,Subcontracting,8176490.13,1111,156
NS40,NovaSpace UK Ltd.,2023,9,OPERATING_EXPENSES,DEP,Depreciation,429875.58,214,0
NS40,NovaSpace UK Ltd.,2023,9,OPERATING_EXPENSES,OVH,Overhead,716197.21,1009,170
NS40,NovaSpace UK Ltd.,2023,9,OTHER,OTH,Other operating,79631.3,174,174
NS40,NovaSpace UK Ltd.,2023,9,REVENUE,REV,Revenue,-14311601.48,653,0
NS40,NovaSpace UK Ltd.,2023,10,COST_OF_SALES,MAT,Material,4568251.73,1525,81
NS40,NovaSpace UK Ltd.,2023,10,COST_OF_SALES,PER,Personnel,498968.63,375,128
NS40,NovaSpace UK Ltd.,2023,10,COST_OF_SALES,SUB,Subcontracting,7751785.34,1120,155
NS40,NovaSpace UK Ltd.,2023,10,OPERATING_EXPENSES,DEP,Depreciation,502048.31,243,0
NS40,NovaSpace UK Ltd.,2023,10,OPERATING_EXPENSES,OVH,Overhead,708512.52,967,121
NS40,NovaSpace UK Ltd.,2023,10,OTHER,OTH,Other operating,29757.09,133,133
NS40,NovaSpace UK Ltd.,2023,10,REVENUE,REV,Revenue,-13948279.89,601,0
NS40,NovaSpace UK Ltd.,2023,11,COST_OF_SALES,MAT,Material,4867133.83,1616,72
NS40,NovaSpace UK Ltd.,2023,11,COST_OF_SALES,PER,Personnel,592600.95,433,154
NS40,NovaSpace UK Ltd.,2023,11,COST_OF_SALES,SUB,Subcontracting,7492392.1,1068,131
NS40,NovaSpace UK Ltd.,2023,11,OPERATING_EXPENSES,DEP,Depreciation,458109.11,230,0
NS40,NovaSpace UK Ltd.,2023,11,OPERATING_EXPENSES,OVH,Overhead,645555.2,871,126
NS40,NovaSpace UK Ltd.,2023,11,OTHER,OTH,Other operating,59699.62,122,122
NS40,NovaSpace UK Ltd.,2023,11,REVENUE,REV,Revenue,-15052104.43,651,0
NS40,NovaSpace UK Ltd.,2023,12,COST_OF_SALES,MAT,Material,4856175.61,1633,91
NS40,NovaSpace UK Ltd.,2023,12,COST_OF_SALES,PER,Personnel,610393.11,452,169
NS40,NovaSpace UK Ltd.,2023,12,COST_OF_SALES,SUB,Subcontracting,7618417.86,1078,129
NS40,NovaSpace UK Ltd.,2023,12,OPERATING_EXPENSES,DEP,Depreciation,451776.69,223,0
NS40,NovaSpace UK Ltd.,2023,12,OPERATING_EXPENSES,OVH,Overhead,757389.41,1034,139
NS40,NovaSpace UK Ltd.,2023,12,OTHER,OTH,Other operating,57559.41,133,133
NS40,NovaSpace UK Ltd.,2023,12,REVENUE,REV,Revenue,-17856120.89,792,0
NS40,NovaSpace UK Ltd.,2023,13,COST_OF_SALES,MAT,Material,95417.63,32,32
NS40,NovaSpace UK Ltd.,2023,13,COST_OF_SALES,PER,Personnel,154882.24,100,100
NS40,NovaSpace UK Ltd.,2023,13,COST_OF_SALES,SUB,Subcontracting,743786.4,94,94
NS40,NovaSpace UK Ltd.,2023,13,OPERATING_EXPENSES,OVH,Overhead,66196.3,87,87
NS40,NovaSpace UK Ltd.,2023,13,OTHER,OTH,Other operating,59806.76,92,92
NS40,NovaSpace UK Ltd.,2023,14,COST_OF_SALES,MAT,Material,106227.7,42,42
NS40,NovaSpace UK Ltd.,2023,14,COST_OF_SALES,PER,Personnel,150333.12,98,98
NS40,NovaSpace UK Ltd.,2023,14,COST_OF_SALES,SUB,Subcontracting,809433.4,103,103
NS40,NovaSpace UK Ltd.,2023,14,OPERATING_EXPENSES,OVH,Overhead,74080.91,91,91
NS40,NovaSpace UK Ltd.,2023,14,OTHER,OTH,Other operating,61258.17,102,102
NS40,NovaSpace UK Ltd.,2024,1,COST_OF_SALES,MAT,Material,4126676.64,1407,65
NS40,NovaSpace UK Ltd.,2024,1,COST_OF_SALES,PER,Personnel,547195.8,421,153
NS40,NovaSpace UK Ltd.,2024,1,COST_OF_SALES,SUB,Subcontracting,6887084.97,1024,132
NS40,NovaSpace UK Ltd.,2024,1,OPERATING_EXPENSES,DEP,Depreciation,440329.75,217,0
NS40,NovaSpace UK Ltd.,2024,1,OPERATING_EXPENSES,OVH,Overhead,665389.71,917,144
NS40,NovaSpace UK Ltd.,2024,1,OTHER,OTH,Other operating,59312.72,127,127
NS40,NovaSpace UK Ltd.,2024,1,REVENUE,REV,Revenue,-16668217.11,714,0
NS40,NovaSpace UK Ltd.,2024,2,COST_OF_SALES,MAT,Material,5056848.05,1690,93
NS40,NovaSpace UK Ltd.,2024,2,COST_OF_SALES,PER,Personnel,592686.75,443,160
NS40,NovaSpace UK Ltd.,2024,2,COST_OF_SALES,SUB,Subcontracting,8894088.28,1211,173
NS40,NovaSpace UK Ltd.,2024,2,OPERATING_EXPENSES,DEP,Depreciation,548196.15,271,0
NS40,NovaSpace UK Ltd.,2024,2,OPERATING_EXPENSES,OVH,Overhead,783666.99,1065,156
NS40,NovaSpace UK Ltd.,2024,2,OTHER,OTH,Other operating,71724.33,154,154
NS40,NovaSpace UK Ltd.,2024,2,REVENUE,REV,Revenue,-16266549.17,740,0
NS40,NovaSpace UK Ltd.,2024,3,COST_OF_SALES,MAT,Material,4573732.42,1526,69
NS40,NovaSpace UK Ltd.,2024,3,COST_OF_SALES,PER,Personnel,650468.84,497,156
NS40,NovaSpace UK Ltd.,2024,3,COST_OF_SALES,SUB,Subcontracting,8109901.68,1178,174
NS40,NovaSpace UK Ltd.,2024,3,OPERATING_EXPENSES,DEP,Depreciation,471153.44,229,0
NS40,NovaSpace UK Ltd.,2024,3,OPERATING_EXPENSES,OVH,Overhead,768336.87,1014,154
NS40,NovaSpace UK Ltd.,2024,3,OTHER,OTH,Other operating,71583.7,185,185
NS40,NovaSpace UK Ltd.,2024,3,REVENUE,REV,Revenue,-19306537.69,780,0
NS40,NovaSpace UK Ltd.,2024,4,COST_OF_SALES,MAT,Material,4907619.27,1649,77
NS40,NovaSpace UK Ltd.,2024,4,COST_OF_SALES,PER,Personnel,619076.81,474,140
NS40,NovaSpace UK Ltd.,2024,4,COST_OF_SALES,SUB,Subcontracting,7653631.53,1100,157
NS40,NovaSpace UK Ltd.,2024,4,OPERATING_EXPENSES,DEP,Depreciation,537474.69,265,0
NS40,NovaSpace UK Ltd.,2024,4,OPERATING_EXPENSES,OVH,Overhead,753432.82,1024,156
NS40,NovaSpace UK Ltd.,2024,4,OTHER,OTH,Other operating,72327.44,178,178
NS40,NovaSpace UK Ltd.,2024,4,REVENUE,REV,Revenue,-15784718.75,689,0
NS40,NovaSpace UK Ltd.,2024,5,COST_OF_SALES,MAT,Material,5206833.85,1771,96
NS40,NovaSpace UK Ltd.,2024,5,COST_OF_SALES,PER,Personnel,757589.35,539,172
NS40,NovaSpace UK Ltd.,2024,5,COST_OF_SALES,SUB,Subcontracting,8833373.39,1321,186
NS40,NovaSpace UK Ltd.,2024,5,OPERATING_EXPENSES,DEP,Depreciation,657974.89,310,0
NS40,NovaSpace UK Ltd.,2024,5,OPERATING_EXPENSES,OVH,Overhead,841321.28,1160,175
NS40,NovaSpace UK Ltd.,2024,5,OTHER,OTH,Other operating,37672.47,146,146
NS40,NovaSpace UK Ltd.,2024,5,REVENUE,REV,Revenue,-19968327.99,816,0
NS40,NovaSpace UK Ltd.,2024,6,COST_OF_SALES,MAT,Material,5789232.17,1918,109
NS40,NovaSpace UK Ltd.,2024,6,COST_OF_SALES,PER,Personnel,650165.1,474,176
NS40,NovaSpace UK Ltd.,2024,6,COST_OF_SALES,SUB,Subcontracting,9180097.45,1310,187
NS40,NovaSpace UK Ltd.,2024,6,OPERATING_EXPENSES,DEP,Depreciation,586470.4,272,0
NS40,NovaSpace UK Ltd.,2024,6,OPERATING_EXPENSES,OVH,Overhead,805101.67,1103,177
NS40,NovaSpace UK Ltd.,2024,6,OTHER,OTH,Other operating,78941.94,153,153
NS40,NovaSpace UK Ltd.,2024,6,REVENUE,REV,Revenue,-18510394.76,815,0
NS40,NovaSpace UK Ltd.,2024,7,COST_OF_SALES,MAT,Material,4230428.79,1438,75
NS40,NovaSpace UK Ltd.,2024,7,COST_OF_SALES,PER,Personnel,569327.41,424,133
NS40,NovaSpace UK Ltd.,2024,7,COST_OF_SALES,SUB,Subcontracting,6788481.01,967,133
NS40,NovaSpace UK Ltd.,2024,7,OPERATING_EXPENSES,DEP,Depreciation,462440.58,229,0
NS40,NovaSpace UK Ltd.,2024,7,OPERATING_EXPENSES,OVH,Overhead,713699.95,966,157
NS40,NovaSpace UK Ltd.,2024,7,OTHER,OTH,Other operating,57283.97,155,155
NS40,NovaSpace UK Ltd.,2024,7,REVENUE,REV,Revenue,-13386923.52,651,0
NS40,NovaSpace UK Ltd.,2024,8,COST_OF_SALES,MAT,Material,5376371.03,1831,102
NS40,NovaSpace UK Ltd.,2024,8,COST_OF_SALES,PER,Personnel,604355.44,459,163
NS40,NovaSpace UK Ltd.,2024,8,COST_OF_SALES,SUB,Subcontracting,8962969.11,1267,168
NS40,NovaSpace UK Ltd.,2024,8,OPERATING_EXPENSES,DEP,Depreciation,518977.32,255,0
NS40,NovaSpace UK Ltd.,2024,8,OPERATING_EXPENSES,OVH,Overhead,778075.24,1035,144
NS40,NovaSpace UK Ltd.,2024,8,OTHER,OTH,Other operating,75875.36,180,180
NS40,NovaSpace UK Ltd.,2024,8,REVENUE,REV,Revenue,-17136456.72,736,0
NS40,NovaSpace UK Ltd.,2024,9,COST_OF_SALES,MAT,Material,4365678.02,1460,55
NS40,NovaSpace UK Ltd.,2024,9,COST_OF_SALES,PER,Personnel,552318.09,415,132
NS40,NovaSpace UK Ltd.,2024,9,COST_OF_SALES,SUB,Subcontracting,7035369.22,1062,164
NS40,NovaSpace UK Ltd.,2024,9,OPERATING_EXPENSES,DEP,Depreciation,586845.32,287,0
NS40,NovaSpace UK Ltd.,2024,9,OPERATING_EXPENSES,OVH,Overhead,655527.93,912,150
NS40,NovaSpace UK Ltd.,2024,9,OTHER,OTH,Other operating,53306.22,149,149
NS40,NovaSpace UK Ltd.,2024,9,REVENUE,REV,Revenue,-14897341.29,638,0
NS40,NovaSpace UK Ltd.,2024,10,COST_OF_SALES,MAT,Material,4888091.95,1625,109
NS40,NovaSpace UK Ltd.,2024,10,COST_OF_SALES,PER,Personnel,658727.86,469,150
NS40,NovaSpace UK Ltd.,2024,10,COST_OF_SALES,SUB,Subcontracting,7988029.71,1156,161
NS40,NovaSpace UK Ltd.,2024,10,OPERATING_EXPENSES,DEP,Depreciation,499356.47,254,0
NS40,NovaSpace UK Ltd.,2024,10,OPERATING_EXPENSES,OVH,Overhead,702026.0,961,153
NS40,NovaSpace UK Ltd.,2024,10,OTHER,OTH,Other operating,51492.14,152,152
NS40,NovaSpace UK Ltd.,2024,10,REVENUE,REV,Revenue,-18813819.63,781,0
NS40,NovaSpace UK Ltd.,2024,11,COST_OF_SALES,MAT,Material,5222989.61,1756,93
NS40,NovaSpace UK Ltd.,2024,11,COST_OF_SALES,PER,Personnel,626390.32,464,172
NS40,NovaSpace UK Ltd.,2024,11,COST_OF_SALES,SUB,Subcontracting,8669985.24,1205,173
NS40,NovaSpace UK Ltd.,2024,11,OPERATING_EXPENSES,DEP,Depreciation,485044.27,238,0
NS40,NovaSpace UK Ltd.,2024,11,OPERATING_EXPENSES,OVH,Overhead,789296.75,1074,177
NS40,NovaSpace UK Ltd.,2024,11,OTHER,OTH,Other operating,74119.09,173,173
NS40,NovaSpace UK Ltd.,2024,11,REVENUE,REV,Revenue,-17250287.86,747,0
NS40,NovaSpace UK Ltd.,2024,12,COST_OF_SALES,MAT,Material,5155454.39,1730,82
NS40,NovaSpace UK Ltd.,2024,12,COST_OF_SALES,PER,Personnel,571632.33,437,174
NS40,NovaSpace UK Ltd.,2024,12,COST_OF_SALES,SUB,Subcontracting,7765291.73,1132,177
NS40,NovaSpace UK Ltd.,2024,12,OPERATING_EXPENSES,DEP,Depreciation,380942.68,186,0
NS40,NovaSpace UK Ltd.,2024,12,OPERATING_EXPENSES,OVH,Overhead,679756.54,958,155
NS40,NovaSpace UK Ltd.,2024,12,OTHER,OTH,Other operating,64620.35,155,155
NS40,NovaSpace UK Ltd.,2024,12,REVENUE,REV,Revenue,-16802793.74,699,0
NS40,NovaSpace UK Ltd.,2024,13,COST_OF_SALES,MAT,Material,109231.03,35,35
NS40,NovaSpace UK Ltd.,2024,13,COST_OF_SALES,PER,Personnel,156139.52,102,102
NS40,NovaSpace UK Ltd.,2024,13,COST_OF_SALES,SUB,Subcontracting,722753.79,94,94
NS40,NovaSpace UK Ltd.,2024,13,OPERATING_EXPENSES,OVH,Overhead,67469.94,89,89
NS40,NovaSpace UK Ltd.,2024,13,OTHER,OTH,Other operating,52810.01,102,102
NS40,NovaSpace UK Ltd.,2024,14,COST_OF_SALES,MAT,Material,130050.95,46,46
NS40,NovaSpace UK Ltd.,2024,14,COST_OF_SALES,PER,Personnel,141454.53,98,98
NS40,NovaSpace UK Ltd.,2024,14,COST_OF_SALES,SUB,Subcontracting,777113.75,103,103
NS40,NovaSpace UK Ltd.,2024,14,OPERATING_EXPENSES,OVH,Overhead,78343.19,99,99
NS40,NovaSpace UK Ltd.,2024,14,OTHER,OTH,Other operating,54632.46,96,96
NS40,NovaSpace UK Ltd.,2025,1,COST_OF_SALES,MAT,Material,5090399.07,1692,82
NS40,NovaSpace UK Ltd.,2025,1,COST_OF_SALES,PER,Personnel,765487.94,537,159
NS40,NovaSpace UK Ltd.,2025,1,COST_OF_SALES,SUB,Subcontracting,8471256.71,1261,187
NS40,NovaSpace UK Ltd.,2025,1,OPERATING_EXPENSES,DEP,Depreciation,516379.58,246,0
NS40,NovaSpace UK Ltd.,2025,1,OPERATING_EXPENSES,OVH,Overhead,870888.21,1156,141
NS40,NovaSpace UK Ltd.,2025,1,OTHER,OTH,Other operating,67954.59,171,171
NS40,NovaSpace UK Ltd.,2025,1,REVENUE,REV,Revenue,-16575230.88,704,0
NS40,NovaSpace UK Ltd.,2025,2,COST_OF_SALES,MAT,Material,5225256.04,1768,86
NS40,NovaSpace UK Ltd.,2025,2,COST_OF_SALES,PER,Personnel,605684.73,452,155
NS40,NovaSpace UK Ltd.,2025,2,COST_OF_SALES,SUB,Subcontracting,8573855.81,1268,186
NS40,NovaSpace UK Ltd.,2025,2,OPERATING_EXPENSES,DEP,Depreciation,492479.31,244,0
NS40,NovaSpace UK Ltd.,2025,2,OPERATING_EXPENSES,OVH,Overhead,799573.43,1105,180
NS40,NovaSpace UK Ltd.,2025,2,OTHER,OTH,Other operating,65402.0,176,176
NS40,NovaSpace UK Ltd.,2025,2,REVENUE,REV,Revenue,-16929453.75,745,0
NS40,NovaSpace UK Ltd.,2025,3,COST_OF_SALES,MAT,Material,6015566.69,1963,114
NS40,NovaSpace UK Ltd.,2025,3,COST_OF_SALES,PER,Personnel,728219.71,535,166
NS40,NovaSpace UK Ltd.,2025,3,COST_OF_SALES,SUB,Subcontracting,9410207.76,1333,209
NS40,NovaSpace UK Ltd.,2025,3,OPERATING_EXPENSES,DEP,Depreciation,608979.17,288,0
NS40,NovaSpace UK Ltd.,2025,3,OPERATING_EXPENSES,OVH,Overhead,835233.78,1160,196
NS40,NovaSpace UK Ltd.,2025,3,OTHER,OTH,Other operating,72150.39,187,187
NS40,NovaSpace UK Ltd.,2025,3,REVENUE,REV,Revenue,-17770945.83,794,0
NS40,NovaSpace UK Ltd.,2025,4,COST_OF_SALES,MAT,Material,5912480.63,2004,111
NS40,NovaSpace UK Ltd.,2025,4,COST_OF_SALES,PER,Personnel,728432.19,535,178
NS40,NovaSpace UK Ltd.,2025,4,COST_OF_SALES,SUB,Subcontracting,9453325.55,1399,184
NS40,NovaSpace UK Ltd.,2025,4,OPERATING_EXPENSES,DEP,Depreciation,596610.62,292,0
NS40,NovaSpace UK Ltd.,2025,4,OPERATING_EXPENSES,OVH,Overhead,838433.57,1158,187
NS40,NovaSpace UK Ltd.,2025,4,OTHER,OTH,Other operating,82382.52,198,198
NS40,NovaSpace UK Ltd.,2025,4,REVENUE,REV,Revenue,-17001979.83,752,0
NS40,NovaSpace UK Ltd.,2025,5,COST_OF_SALES,MAT,Material,4725432.22,1547,88
NS40,NovaSpace UK Ltd.,2025,5,COST_OF_SALES,PER,Personnel,533695.41,424,141
NS40,NovaSpace UK Ltd.,2025,5,COST_OF_SALES,SUB,Subcontracting,7560879.9,1102,155
NS40,NovaSpace UK Ltd.,2025,5,OPERATING_EXPENSES,DEP,Depreciation,468700.98,227,0
NS40,NovaSpace UK Ltd.,2025,5,OPERATING_EXPENSES,OVH,Overhead,708338.89,965,165
NS40,NovaSpace UK Ltd.,2025,5,OTHER,OTH,Other operating,43274.04,152,152
NS40,NovaSpace UK Ltd.,2025,5,REVENUE,REV,Revenue,-16487703.21,745,0
NS40,NovaSpace UK Ltd.,2025,6,COST_OF_SALES,MAT,Material,5142755.4,1711,87
NS40,NovaSpace UK Ltd.,2025,6,COST_OF_SALES,PER,Personnel,704134.41,500,172
NS40,NovaSpace UK Ltd.,2025,6,COST_OF_SALES,SUB,Subcontracting,8396908.91,1142,139
NS40,NovaSpace UK Ltd.,2025,6,OPERATING_EXPENSES,DEP,Depreciation,508804.86,242,0
NS40,NovaSpace UK Ltd.,2025,6,OPERATING_EXPENSES,OVH,Overhead,706650.53,998,163
NS40,NovaSpace UK Ltd.,2025,6,OTHER,OTH,Other operating,77836.68,164,164
NS40,NovaSpace UK Ltd.,2025,6,REVENUE,REV,Revenue,-15302340.8,690,0
NS40,NovaSpace UK Ltd.,2025,7,COST_OF_SALES,MAT,Material,4701323.86,1609,96
NS40,NovaSpace UK Ltd.,2025,7,COST_OF_SALES,PER,Personnel,559173.63,449,142
NS40,NovaSpace UK Ltd.,2025,7,COST_OF_SALES,SUB,Subcontracting,7834291.0,1100,155
NS40,NovaSpace UK Ltd.,2025,7,OPERATING_EXPENSES,DEP,Depreciation,557708.61,263,0
NS40,NovaSpace UK Ltd.,2025,7,OPERATING_EXPENSES,OVH,Overhead,745507.57,1030,167
NS40,NovaSpace UK Ltd.,2025,7,OTHER,OTH,Other operating,70810.21,175,175
NS40,NovaSpace UK Ltd.,2025,7,REVENUE,REV,Revenue,-14644220.45,693,0
NS40,NovaSpace UK Ltd.,2025,8,COST_OF_SALES,MAT,Material,5803823.91,1907,97
NS40,NovaSpace UK Ltd.,2025,8,COST_OF_SALES,PER,Personnel,681624.58,469,130
NS40,NovaSpace UK Ltd.,2025,8,COST_OF_SALES,SUB,Subcontracting,8708532.15,1221,145
NS40,NovaSpace UK Ltd.,2025,8,OPERATING_EXPENSES,DEP,Depreciation,500787.43,240,0
NS40,NovaSpace UK Ltd.,2025,8,OPERATING_EXPENSES,OVH,Overhead,738954.12,1020,155
NS40,NovaSpace UK Ltd.,2025,8,OTHER,OTH,Other operating,48299.28,145,145
NS40,NovaSpace UK Ltd.,2025,8,REVENUE,REV,Revenue,-17605212.02,760,0
NS40,NovaSpace UK Ltd.,2025,9,COST_OF_SALES,MAT,Material,4559309.71,1498,77
NS40,NovaSpace UK Ltd.,2025,9,COST_OF_SALES,PER,Personnel,568805.77,433,128
NS40,NovaSpace UK Ltd.,2025,9,COST_OF_SALES,SUB,Subcontracting,7254437.65,1039,131
NS40,NovaSpace UK Ltd.,2025,9,OPERATING_EXPENSES,DEP,Depreciation,528145.08,255,0
NS40,NovaSpace UK Ltd.,2025,9,OPERATING_EXPENSES,OVH,Overhead,690267.22,924,136
NS40,NovaSpace UK Ltd.,2025,9,OTHER,OTH,Other operating,55722.89,156,156
NS40,NovaSpace UK Ltd.,2025,9,REVENUE,REV,Revenue,-13598616.39,655,0
NS40,NovaSpace UK Ltd.,2025,10,COST_OF_SALES,MAT,Material,5532358.92,1802,100
NS40,NovaSpace UK Ltd.,2025,10,COST_OF_SALES,PER,Personnel,644579.69,467,160
NS40,NovaSpace UK Ltd.,2025,10,COST_OF_SALES,SUB,Subcontracting,9270336.65,1254,185
NS40,NovaSpace UK Ltd.,2025,10,OPERATING_EXPENSES,DEP,Depreciation,504337.56,237,0
NS40,NovaSpace UK Ltd.,2025,10,OPERATING_EXPENSES,OVH,Overhead,822566.33,1122,178
NS40,NovaSpace UK Ltd.,2025,10,OTHER,OTH,Other operating,89803.29,188,188
NS40,NovaSpace UK Ltd.,2025,10,REVENUE,REV,Revenue,-19121996.88,753,0
NS40,NovaSpace UK Ltd.,2025,11,COST_OF_SALES,MAT,Material,5113931.04,1708,83
NS40,NovaSpace UK Ltd.,2025,11,COST_OF_SALES,PER,Personnel,600630.88,449,142
NS40,NovaSpace UK Ltd.,2025,11,COST_OF_SALES,SUB,Subcontracting,8218237.51,1140,147
NS40,NovaSpace UK Ltd.,2025,11,OPERATING_EXPENSES,DEP,Depreciation,481269.98,232,0
NS40,NovaSpace UK Ltd.,2025,11,OPERATING_EXPENSES,OVH,Overhead,794167.82,1024,169
NS40,NovaSpace UK Ltd.,2025,11,OTHER,OTH,Other operating,52460.01,157,157
NS40,NovaSpace UK Ltd.,2025,11,REVENUE,REV,Revenue,-17010567.23,713,0
NS40,NovaSpace UK Ltd.,2025,12,COST_OF_SALES,MAT,Material,6244113.34,2009,108
NS40,NovaSpace UK Ltd.,2025,12,COST_OF_SALES,PER,Personnel,818323.9,548,188
NS40,NovaSpace UK Ltd.,2025,12,COST_OF_SALES,SUB,Subcontracting,9376265.44,1374,183
NS40,NovaSpace UK Ltd.,2025,12,OPERATING_EXPENSES,DEP,Depreciation,647245.93,300,0
NS40,NovaSpace UK Ltd.,2025,12,OPERATING_EXPENSES,OVH,Overhead,884806.41,1192,179
NS40,NovaSpace UK Ltd.,2025,12,OTHER,OTH,Other operating,89422.6,202,202
NS40,NovaSpace UK Ltd.,2025,12,REVENUE,REV,Revenue,-20920748.35,823,0
NS40,NovaSpace UK Ltd.,2025,13,COST_OF_SALES,MAT,Material,171911.6,57,57
NS40,NovaSpace UK Ltd.,2025,13,COST_OF_SALES,PER,Personnel,194250.32,112,112
NS40,NovaSpace UK Ltd.,2025,13,COST_OF_SALES,SUB,Subcontracting,630979.46,88,88
NS40,NovaSpace UK Ltd.,2025,13,OPERATING_EXPENSES,OVH,Overhead,70519.82,102,102
NS40,NovaSpace UK Ltd.,2025,13,OTHER,OTH,Other operating,92063.75,129,129
NS40,NovaSpace UK Ltd.,2025,14,COST_OF_SALES,MAT,Material,121040.66,46,46
NS40,NovaSpace UK Ltd.,2025,14,COST_OF_SALES,PER,Personnel,160936.34,100,100
NS40,NovaSpace UK Ltd.,2025,14,COST_OF_SALES,SUB,Subcontracting,957587.02,118,118
NS40,NovaSpace UK Ltd.,2025,14,OPERATING_EXPENSES,OVH,Overhead,78262.33,104,104
NS40,NovaSpace UK Ltd.,2025,14,OTHER,OTH,Other operating,50506.62,84,84
NS40,NovaSpace UK Ltd.,2026,1,COST_OF_SALES,MAT,Material,6189070.04,1953,107
NS40,NovaSpace UK Ltd.,2026,1,COST_OF_SALES,PER,Personnel,620657.2,483,179
NS40,NovaSpace UK Ltd.,2026,1,COST_OF_SALES,SUB,Subcontracting,9868102.1,1366,190
NS40,NovaSpace UK Ltd.,2026,1,OPERATING_EXPENSES,DEP,Depreciation,545394.72,259,0
NS40,NovaSpace UK Ltd.,2026,1,OPERATING_EXPENSES,OVH,Overhead,875574.58,1130,207
NS40,NovaSpace UK Ltd.,2026,1,OTHER,OTH,Other operating,53276.18,211,211
NS40,NovaSpace UK Ltd.,2026,1,REVENUE,REV,Revenue,-18325935.74,744,0
NS40,NovaSpace UK Ltd.,2026,2,COST_OF_SALES,MAT,Material,5525232.98,1717,80
NS40,NovaSpace UK Ltd.,2026,2,COST_OF_SALES,PER,Personnel,663625.32,435,158
NS40,NovaSpace UK Ltd.,2026,2,COST_OF_SALES,SUB,Subcontracting,8105789.11,1127,154
NS40,NovaSpace UK Ltd.,2026,2,OPERATING_EXPENSES,DEP,Depreciation,601139.59,278,0
NS40,NovaSpace UK Ltd.,2026,2,OPERATING_EXPENSES,OVH,Overhead,740285.96,965,170
NS40,NovaSpace UK Ltd.,2026,2,OTHER,OTH,Other operating,81153.93,188,188
NS40,NovaSpace UK Ltd.,2026,2,REVENUE,REV,Revenue,-16491951.26,750,0
NS40,NovaSpace UK Ltd.,2026,3,COST_OF_SALES,MAT,Material,5682103.4,1790,112
NS40,NovaSpace UK Ltd.,2026,3,COST_OF_SALES,PER,Personnel,669471.19,502,182
NS40,NovaSpace UK Ltd.,2026,3,COST_OF_SALES,SUB,Subcontracting,8905806.2,1194,188
NS40,NovaSpace UK Ltd.,2026,3,OPERATING_EXPENSES,DEP,Depreciation,508279.01,232,0
NS40,NovaSpace UK Ltd.,2026,3,OPERATING_EXPENSES,OVH,Overhead,800091.26,1010,153
NS40,NovaSpace UK Ltd.,2026,3,OTHER,OTH,Other operating,54434.66,170,170
NS40,NovaSpace UK Ltd.,2026,3,REVENUE,REV,Revenue,-17193478.17,822,0
NS40,NovaSpace UK Ltd.,2026,4,COST_OF_SALES,MAT,Material,5682088.83,1776,100
NS40,NovaSpace UK Ltd.,2026,4,COST_OF_SALES,PER,Personnel,658435.86,466,158
NS40,NovaSpace UK Ltd.,2026,4,COST_OF_SALES,SUB,Subcontracting,8780408.98,1199,170
NS40,NovaSpace UK Ltd.,2026,4,OPERATING_EXPENSES,DEP,Depreciation,615739.47,269,0
NS40,NovaSpace UK Ltd.,2026,4,OPERATING_EXPENSES,OVH,Overhead,842271.51,1015,162
NS40,NovaSpace UK Ltd.,2026,4,OTHER,OTH,Other operating,74901.16,165,165
NS40,NovaSpace UK Ltd.,2026,4,REVENUE,REV,Revenue,-18908183.75,803,0
NS40,NovaSpace UK Ltd.,2026,5,COST_OF_SALES,MAT,Material,5503185.44,1780,90
NS40,NovaSpace UK Ltd.,2026,5,COST_OF_SALES,PER,Personnel,740472.57,514,159
NS40,NovaSpace UK Ltd.,2026,5,COST_OF_SALES,SUB,Subcontracting,9096755.37,1185,168
NS40,NovaSpace UK Ltd.,2026,5,OPERATING_EXPENSES,DEP,Depreciation,569261.68,265,0
NS40,NovaSpace UK Ltd.,2026,5,OPERATING_EXPENSES,OVH,Overhead,823160.04,1060,159
NS40,NovaSpace UK Ltd.,2026,5,OTHER,OTH,Other operating,64819.01,173,173
NS40,NovaSpace UK Ltd.,2026,5,REVENUE,REV,Revenue,-18857167.63,795,0
NS40,NovaSpace UK Ltd.,2026,6,COST_OF_SALES,MAT,Material,5797664.15,1774,83
NS40,NovaSpace UK Ltd.,2026,6,COST_OF_SALES,PER,Personnel,679509.93,461,164
NS40,NovaSpace UK Ltd.,2026,6,COST_OF_SALES,SUB,Subcontracting,9059544.09,1255,183
NS40,NovaSpace UK Ltd.,2026,6,OPERATING_EXPENSES,DEP,Depreciation,551468.15,248,0
NS40,NovaSpace UK Ltd.,2026,6,OPERATING_EXPENSES,OVH,Overhead,839483.22,1040,170
NS40,NovaSpace UK Ltd.,2026,6,OTHER,OTH,Other operating,74514.19,171,171
NS40,NovaSpace UK Ltd.,2026,6,REVENUE,REV,Revenue,-19903219.91,800,0
