programme_id,programme_name,programme_type,company_code,fiscal_year,fiscal_period,period_date,fiscal_period_label,account_group,amount_group_currency,total_budget_eur
PRG-AURORA,Aurora Deep-Space Relay,SATELLITE,NS10,2023,4,2023-04-01,2023-04,DEP,30758.81,406709949.22
PRG-AURORA,Aurora Deep-Space Relay,SATELLITE,NS10,2023,4,2023-04-01,2023-04,MAT,301789.75,406709949.22
PRG-AURORA,Aurora Deep-Space Relay,SATELLITE,NS10,2023,4,2023-04-01,2023-04,OTH,4518.37,406709949.22
PRG-AURORA,Aurora Deep-Space Relay,SATELLITE,NS10,2023,4,2023-04-01,2023-04,OVH,65991.03,406709949.22
PRG-AURORA,Aurora Deep-Space Relay,SATELLITE,NS10,2023,4,2023-04-01,2023-04,PER,45846.04,406709949.22
PRG-AURORA,Aurora Deep-Space Relay,SATELLITE,NS10,2023,4,2023-04-01,2023-04,SUB,437473.09,406709949.22
PRG-AURORA,Aurora Deep-Space Relay,SATELLITE,NS10,2023,5,2023-05-01,2023-05,DEP,33452.68,406709949.22
PRG-AURORA,Aurora Deep-Space Relay,SATELLITE,NS10,2023,5,2023-05-01,2023-05,MAT,354750.22,406709949.22
PRG-AURORA,Aurora Deep-Space Relay,SATELLITE,NS10,2023,5,2023-05-01,2023-05,OTH,1801.05,406709949.22
PRG-AURORA,Aurora Deep-Space Relay,SATELLITE,NS10,2023,5,2023-05-01,2023-05,OVH,48546.46,406709949.22
PRG-AURORA,Aurora Deep-Space Relay,SATELLITE,NS10,2023,5,2023-05-01,2023-05,PER,48832.39,406709949.22
PRG-AURORA,Aurora Deep-Space Relay,SATELLITE,NS10,2023,5,2023-05-01,2023-05,SUB,577835.34,406709949.22
PRG-AURORA,Aurora Deep-Space Relay,SATELLITE,NS10,2023,6,2023-06-01,2023-06,DEP,41877.47,406709949.22
PRG-AURORA,Aurora Deep-Space Relay,SATELLITE,NS10,2023,6,2023-06-01,2023-06,MAT,370467.08,406709949.22
PRG-AURORA,Aurora Deep-Space Relay,SATELLITE,NS10,2023,6,2023-06-01,2023-06,OTH,3988.48,406709949.22
PRG-AURORA,Aurora Deep-Space Relay,SATELLITE,NS10,2023,6,2023-06-01,2023-06,OVH,58981.81,406709949.22
PRG-AURORA,Aurora Deep-Space Relay,SATELLITE,NS10,2023,6,2023-06-01,2023-06,PER,40539.42,406709949.22
PRG-AURORA,Aurora Deep-Space Relay,SATELLITE,NS10,2023,6,2023-06-01,2023-06,SUB,626203.06,406709949.22
PRG-AURORA,Aurora Deep-Space Relay,SATELLITE,NS10,2023,7,2023-07-01,2023-07,DEP,37137.73,406709949.22
PRG-AURORA,Aurora Deep-Space Relay,SATELLITE,NS10,2023,7,2023-07-01,2023-07,MAT,441454.86,406709949.22
PRG-AURORA,Aurora Deep-Space Relay,SATELLITE,NS10,2023,7,2023-07-01,2023-07,OTH,7659.92,406709949.22
PRG-AURORA,Aurora Deep-Space Relay,SATELLITE,NS10,2023,7,2023-07-01,2023-07,OVH,75265.22,406709949.22
PRG-AURORA,Aurora Deep-Space Relay,SATELLITE,NS10,2023,7,2023-07-01,2023-07,PER,35575.96,406709949.22
PRG-AURORA,Aurora Deep-Space Relay,SATELLITE,NS10,2023,7,2023-07-01,2023-07,SUB,609269.14,406709949.22
PRG-AURORA,Aurora Deep-Space Relay,SATELLITE,NS10,2023,8,2023-08-01,2023-08,DEP,36124.84,406709949.22
PRG-AURORA,Aurora Deep-Space Relay,SATELLITE,NS10,2023,8,2023-08-01,2023-08,MAT,363575.95,406709949.22
PRG-AURORA,Aurora Deep-Space Relay,SATELLITE,NS10,2023,8,2023-08-01,2023-08,OTH,4100.3,406709949.22
PRG-AURORA,Aurora Deep-Space Relay,SATELLITE,NS10,2023,8,2023-08-01,2023-08,OVH,54305.54,406709949.22
PRG-AURORA,Aurora Deep-Space Relay,SATELLITE,NS10,2023,8,2023-08-01,2023-08,PER,60775.55,406709949.22
PRG-AURORA,Aurora Deep-Space Relay,SATELLITE,NS10,2023,8,2023-08-01,2023-08,SUB,634674.92,406709949.22
PRG-AURORA,Aurora Deep-Space Relay,SATELLITE,NS10,2023,9,2023-09-01,2023-09,DEP,46695.08,406709949.22
PRG-AURORA,Aurora Deep-Space Relay,SATELLITE,NS10,2023,9,2023-09-01,2023-09,MAT,357929.08,406709949.22
PRG-AURORA,Aurora Deep-Space Relay,SATELLITE,NS10,2023,9,2023-09-01,2023-09,OTH,4793.97,406709949.22
PRG-AURORA,Aurora Deep-Space Relay,SATELLITE,NS10,2023,9,2023-09-01,2023-09,OVH,77485.16,406709949.22
PRG-AURORA,Aurora Deep-Space Relay,SATELLITE,NS10,2023,9,2023-09-01,2023-09,PER,71494.48,406709949.22
PRG-AURORA,Aurora Deep-Space Relay,SATELLITE,NS10,2023,9,2023-09-01,2023-09,SUB,743690.05,406709949.22
PRG-AURORA,Aurora Deep-Space Relay,SATELLITE,NS10,2023,10,2023-10-01,2023-10,DEP,33898.29,406709949.22
PRG-AURORA,Aurora Deep-Space Relay,SATELLITE,NS10,2023,10,2023-10-01,2023-10,MAT,491618.88,406709949.22
PRG-AURORA,Aurora Deep-Space Relay,SATELLITE,NS10,2023,10,2023-10-01,2023-10,OTH,4816.87,406709949.22
PRG-AURORA,Aurora Deep-Space Relay,SATELLITE,NS10,2023,10,2023-10-01,2023-10,OVH,60891.19,406709949.22
PRG-AURORA,Aurora Deep-Space Relay,SATELLITE,NS10,2023,10,2023-10-01,2023-10,PER,47173.19,406709949.22
PRG-AURORA,Aurora Deep-Space Relay,SATELLITE,NS10,2023,10,2023-10-01,2023-10,SUB,521630.07,406709949.22
PRG-AURORA,Aurora Deep-Space Relay,SATELLITE,NS10,2023,11,2023-11-01,2023-11,DEP,11160.45,406709949.22
PRG-AURORA,Aurora Deep-Space Relay,SATELLITE,NS10,2023,11,2023-11-01,2023-11,MAT,364306.56,406709949.22
PRG-AURORA,Aurora Deep-Space Relay,SATELLITE,NS10,2023,11,2023-11-01,2023-11,OTH,1185.76,406709949.22
PRG-AURORA,Aurora Deep-Space Relay,SATELLITE,NS10,2023,11,2023-11-01,2023-11,OVH,48226.92,406709949.22
PRG-AURORA,Aurora Deep-Space Relay,SATELLITE,NS10,2023,11,2023-11-01,2023-11,PER,36325.07,406709949.22
PRG-AURORA,Aurora Deep-Space Relay,SATELLITE,NS10,2023,11,2023-11-01,2023-11,SUB,532604.6,406709949.22
PRG-AURORA,Aurora Deep-Space Relay,SATELLITE,NS10,2023,12,2023-12-01,2023-12,DEP,42044.32,406709949.22
PRG-AURORA,Aurora Deep-Space Relay,SATELLITE,NS10,2023,12,2023-12-01,2023-12,MAT,274168.57,406709949.22
PRG-AURORA,Aurora Deep-Space Relay,SATELLITE,NS10,2023,12,2023-12-01,2023-12,OTH,2182.76,406709949.22
PRG-AURORA,Aurora Deep-Space Relay,SATELLITE,NS10,2023,12,2023-12-01,2023-12,OVH,53828.75,406709949.22
PRG-AURORA,Aurora Deep-Space Relay,SATELLITE,NS10,2023,12,2023-12-01,2023-12,PER,57861.95,406709949.22
PRG-AURORA,Aurora Deep-Space Relay,SATELLITE,NS10,2023,12,2023-12-01,2023-12,SUB,535040.52,406709949.22
PRG-AURORA,Aurora Deep-Space Relay,SATELLITE,NS10,2023,13,2023-12-01,2023-12,MAT,3912.42,406709949.22
PRG-AURORA,Aurora Deep-Space Relay,SATELLITE,NS10,2023,13,2023-12-01,2023-12,OTH,4732.74,406709949.22
PRG-AURORA,Aurora Deep-Space Relay,SATELLITE,NS10,2023,13,2023-12-01,2023-12,OVH,12372.68,406709949.22
PRG-AURORA,Aurora Deep-Space Relay,SATELLITE,NS10,2023,13,2023-12-01,2023-12,PER,11821.62,406709949.22
PRG-AURORA,Aurora Deep-Space Relay,SATELLITE,NS10,2023,13,2023-12-01,2023-12,SUB,22506.19,406709949.22
PRG-AURORA,Aurora Deep-Space Relay,SATELLITE,NS10,2023,14,2023-12-01,2023-12,MAT,7501.62,406709949.22
PRG-AURORA,Aurora Deep-Space Relay,SATELLITE,NS10,2023,14,2023-12-01,2023-12,OTH,1885.83,406709949.22
PRG-AURORA,Aurora Deep-Space Relay,SATELLITE,NS10,2023,14,2023-12-01,2023-12,OVH,5769.92,406709949.22
PRG-AURORA,Aurora Deep-Space Relay,SATELLITE,NS10,2023,14,2023-12-01,2023-12,PER,8640.9,406709949.22
PRG-AURORA,Aurora Deep-Space Relay,SATELLITE,NS10,2023,14,2023-12-01,2023-12,SUB,53501.76,406709949.22
PRG-AURORA,Aurora Deep-Space Relay,SATELLITE,NS10,2024,1,2024-01-01,2024-01,DEP,37980.36,406709949.22
PRG-AURORA,Aurora Deep-Space Relay,SATELLITE,NS10,2024,1,2024-01-01,2024-01,MAT,336366.87,406709949.22
PRG-AURORA,Aurora Deep-Space Relay,SATELLITE,NS10,2024,1,2024-01-01,2024-01,OTH,5379.19,406709949.22
PRG-AURORA,Aurora Deep-Space Relay,SATELLITE,NS10,2024,1,2024-01-01,2024-01,OVH,70669.56,406709949.22
PRG-AURORA,Aurora Deep-Space Relay,SATELLITE,NS10,2024,1,2024-01-01,2024-01,PER,34048.79,406709949.22
PRG-AURORA,Aurora Deep-Space Relay,SATELLITE,NS10,2024,1,2024-01-01,2024-01,SUB,679753.38,406709949.22
PRG-AURORA,Aurora Deep-Space Relay,SATELLITE,NS10,2024,2,2024-02-01,2024-02,DEP,40231.46,406709949.22
PRG-AURORA,Aurora Deep-Space Relay,SATELLITE,NS10,2024,2,2024-02-01,2024-02,MAT,298161.06,406709949.22
PRG-AURORA,Aurora Deep-Space Relay,SATELLITE,NS10,2024,2,2024-02-01,2024-02,OTH,4326.4,406709949.22
PRG-AURORA,Aurora Deep-Space Relay,SATELLITE,NS10,2024,2,2024-02-01,2024-02,OVH,71920.43,406709949.22
PRG-AURORA,Aurora Deep-Space Relay,SATELLITE,NS10,2024,2,2024-02-01,2024-02,PER,30074.56,406709949.22
PRG-AURORA,Aurora Deep-Space Relay,SATELLITE,NS10,2024,2,2024-02-01,2024-02,SUB,454333.2,406709949.22
PRG-AURORA,Aurora Deep-Space Relay,SATELLITE,NS10,2024,3,2024-03-01,2024-03,DEP,51516.26,406709949.22
PRG-AURORA,Aurora Deep-Space Relay,SATELLITE,NS10,2024,3,2024-03-01,2024-03,MAT,373768.14,406709949.22
PRG-AURORA,Aurora Deep-Space Relay,SATELLITE,NS10,2024,3,2024-03-01,2024-03,OTH,3734.47,406709949.22
PRG-AURORA,Aurora Deep-Space Relay,SATELLITE,NS10,2024,3,2024-03-01,2024-03,OVH,54465.89,406709949.22
PRG-AURORA,Aurora Deep-Space Relay,SATELLITE,NS10,2024,3,2024-03-01,2024-03,PER,40731.32,406709949.22
PRG-AURORA,Aurora Deep-Space Relay,SATELLITE,NS10,2024,3,2024-03-01,2024-03,SUB,640585.55,406709949.22
PRG-AURORA,Aurora Deep-Space Relay,SATELLITE,NS10,2024,4,2024-04-01,2024-04,DEP,37975.27,406709949.22
PRG-AURORA,Aurora Deep-Space Relay,SATELLITE,NS10,2024,4,2024-04-01,2024-04,MAT,369759.29,406709949.22
PRG-AURORA,Aurora Deep-Space Relay,SATELLITE,NS10,2024,4,2024-04-01,2024-04,OTH,2911.79,406709949.22
PRG-AURORA,Aurora Deep-Space Relay,SATELLITE,NS10,2024,4,2024-04-01,2024-04,OVH,57910.82,406709949.22
PRG-AURORA,Aurora Deep-Space Relay,SATELLITE,NS10,2024,4,2024-04-01,2024-04,PER,47274.03,406709949.22
PRG-AURORA,Aurora Deep-Space Relay,SATELLITE,NS10,2024,4,2024-04-01,2024-04,SUB,528108.91,406709949.22
PRG-AURORA,Aurora Deep-Space Relay,SATELLITE,NS10,2024,5,2024-05-01,2024-05,DEP,36060.16,406709949.22
PRG-AURORA,Aurora Deep-Space Relay,SATELLITE,NS10,2024,5,2024-05-01,2024-05,MAT,301965.18,406709949.22
PRG-AURORA,Aurora Deep-Space Relay,SATELLITE,NS10,2024,5,2024-05-01,2024-05,OTH,466.93,406709949.22
PRG-AURORA,Aurora Deep-Space Relay,SATELLITE,NS10,2024,5,2024-05-01,2024-05,OVH,63261.45,406709949.22
PRG-AURORA,Aurora Deep-Space Relay,SATELLITE,NS10,2024,5,2024-05-01,2024-05,PER,58819.09,406709949.22
PRG-AURORA,Aurora Deep-Space Relay,SATELLITE,NS10,2024,5,2024-05-01,2024-05,SUB,532222.94,406709949.22
PRG-AURORA,Aurora Deep-Space Relay,SATELLITE,NS10,2024,6,2024-06-01,2024-06,DEP,19678.14,406709949.22
PRG-AURORA,Aurora Deep-Space Relay,SATELLITE,NS10,2024,6,2024-06-01,2024-06,MAT,409106.09,406709949.22
PRG-AURORA,Aurora Deep-Space Relay,SATELLITE,NS10,2024,6,2024-06-01,2024-06,OTH,2259.9,406709949.22
PRG-AURORA,Aurora Deep-Space Relay,SATELLITE,NS10,2024,6,2024-06-01,2024-06,OVH,61212.12,406709949.22
PRG-AURORA,Aurora Deep-Space Relay,SATELLITE,NS10,2024,6,2024-06-01,2024-06,PER,30665.49,406709949.22
PRG-AURORA,Aurora Deep-Space Relay,SATELLITE,NS10,2024,6,2024-06-01,2024-06,SUB,572853.82,406709949.22
PRG-AURORA,Aurora Deep-Space Relay,SATELLITE,NS10,2024,7,2024-07-01,2024-07,DEP,45407.14,406709949.22
PRG-AURORA,Aurora Deep-Space Relay,SATELLITE,NS10,2024,7,2024-07-01,2024-07,MAT,285568.37,406709949.22
PRG-AURORA,Aurora Deep-Space Relay,SATELLITE,NS10,2024,7,2024-07-01,2024-07,OTH,4716.38,406709949.22
PRG-AURORA,Aurora Deep-Space Relay,SATELLITE,NS10,2024,7,2024-07-01,2024-07,OVH,67965.87,406709949.22
PRG-AURORA,Aurora Deep-Space Relay,SATELLITE,NS10,2024,7,2024-07-01,2024-07,PER,51029.28,406709949.22
PRG-AURORA,Aurora Deep-Space Relay,SATELLITE,NS10,2024,7,2024-07-01,2024-07,SUB,565923.46,406709949.22
PRG-AURORA,Aurora Deep-Space Relay,SATELLITE,NS10,2024,8,2024-08-01,2024-08,DEP,31340.88,406709949.22
PRG-AURORA,Aurora Deep-Space Relay,SATELLITE,NS10,2024,8,2024-08-01,2024-08,MAT,305372.66,406709949.22
PRG-AURORA,Aurora Deep-Space Relay,SATELLITE,NS10,2024,8,2024-08-01,2024-08,OTH,4765.89,406709949.22
PRG-AURORA,Aurora Deep-Space Relay,SATELLITE,NS10,2024,8,2024-08-01,2024-08,OVH,65341.76,406709949.22
PRG-AURORA,Aurora Deep-Space Relay,SATELLITE,NS10,2024,8,2024-08-01,2024-08,PER,41901.44,406709949.22
PRG-AURORA,Aurora Deep-Space Relay,SATELLITE,NS10,2024,8,2024-08-01,2024-08,SUB,565784.25,406709949.22
PRG-AURORA,Aurora Deep-Space Relay,SATELLITE,NS10,2024,9,2024-09-01,2024-09,DEP,38395.57,406709949.22
PRG-AURORA,Aurora Deep-Space Relay,SATELLITE,NS10,2024,9,2024-09-01,2024-09,MAT,349677.78,406709949.22
PRG-AURORA,Aurora Deep-Space Relay,SATELLITE,NS10,2024,9,2024-09-01,2024-09,OTH,3681.39,406709949.22
PRG-AURORA,Aurora Deep-Space Relay,SATELLITE,NS10,2024,9,2024-09-01,2024-09,OVH,55744.06,406709949.22
PRG-AURORA,Aurora Deep-Space Relay,SATELLITE,NS10,2024,9,2024-09-01,2024-09,PER,53724.78,406709949.22
PRG-AURORA,Aurora Deep-Space Relay,SATELLITE,NS10,2024,9,2024-09-01,2024-09,SUB,599234.52,406709949.22
PRG-AURORA,Aurora Deep-Space Relay,SATELLITE,NS10,2024,10,2024-10-01,2024-10,DEP,42140.34,406709949.22
PRG-AURORA,Aurora Deep-Space Relay,SATELLITE,NS10,2024,10,2024-10-01,2024-10,MAT,275512.92,406709949.22
PRG-AURORA,Aurora Deep-Space Relay,SATELLITE,NS10,2024,10,2024-10-01,2024-10,OTH,2282.79,406709949.22
PRG-AURORA,Aurora Deep-Space Relay,SATELLITE,NS10,2024,10,2024-10-01,2024-10,OVH,64286.26,406709949.22
PRG-AURORA,Aurora Deep-Space Relay,SATELLITE,NS10,2024,10,2024-10-01,2024-10,PER,35194.68,406709949.22
PRG-AURORA,Aurora Deep-Space Relay,SATELLITE,NS10,2024,10,2024-10-01,2024-10,SUB,526883.64,406709949.22
PRG-AURORA,Aurora Deep-Space Relay,SATELLITE,NS10,2024,11,2024-11-01,2024-11,DEP,52881.26,406709949.22
PRG-AURORA,Aurora Deep-Space Relay,SATELLITE,NS10,2024,11,2024-11-01,2024-11,MAT,363371.36,406709949.22
PRG-AURORA,Aurora Deep-Space Relay,SATELLITE,NS10,2024,11,2024-11-01,2024-11,OTH,7920.1,406709949.22
PRG-AURORA,Aurora Deep-Space Relay,SATELLITE,NS10,2024,11,2024-11-01,2024-11,OVH,54315.54,406709949.22
PRG-AURORA,Aurora Deep-Space Relay,SATELLITE,NS10,2024,11,2024-11-01,2024-11,PER,54968.18,406709949.22
PRG-AURORA,Aurora Deep-Space Relay,SATELLITE,NS10,2024,11,2024-11-01,2024-11,SUB,609521.19,406709949.22
PRG-AURORA,Aurora Deep-Space Relay,SATELLITE,NS10,2024,12,2024-12-01,2024-12,DEP,27462.82,406709949.22
PRG-AURORA,Aurora Deep-Space Relay,SATELLITE,NS10,2024,12,2024-12-01,2024-12,MAT,328568.86,406709949.22
PRG-AURORA,Aurora Deep-Space Relay,SATELLITE,NS10,2024,12,2024-12-01,2024-12,OTH,8257.18,406709949.22
PRG-AURORA,Aurora Deep-Space Relay,SATELLITE,NS10,2024,12,2024-12-01,2024-12,OVH,48630.46,406709949.22
PRG-AURORA,Aurora Deep-Space Relay,SATELLITE,NS10,2024,12,2024-12-01,2024-12,PER,27812.8,406709949.22
PRG-AURORA,Aurora Deep-Space Relay,SATELLITE,NS10,2024,12,2024-12-01,2024-12,SUB,748225.45,406709949.22
PRG-AURORA,Aurora Deep-Space Relay,SATELLITE,NS10,2024,13,2024-12-01,2024-12,MAT,12928.01,406709949.22
PRG-AURORA,Aurora Deep-Space Relay,SATELLITE,NS10,2024,13,2024-12-01,2024-12,OTH,7263.21,406709949.22
PRG-AURORA,Aurora Deep-Space Relay,SATELLITE,NS10,2024,13,2024-12-01,2024-12,OVH,4053.72,406709949.22
PRG-AURORA,Aurora Deep-Space Relay,SATELLITE,NS10,2024,13,2024-12-01,2024-12,PER,7807.39,406709949.22
PRG-AURORA,Aurora Deep-Space Relay,SATELLITE,NS10,2024,13,2024-12-01,2024-12,SUB,65473.18,406709949.22
PRG-AURORA,Aurora Deep-Space Relay,SATELLITE,NS10,2024,14,2024-12-01,2024-12,MAT,6835.4,406709949.22
PRG-AURORA,Aurora Deep-Space Relay,SATELLITE,NS10,2024,14,2024-12-01,2024-12,OTH,4406.16,406709949.22
PRG-AURORA,Aurora Deep-Space Relay,SATELLITE,NS10,2024,14,2024-12-01,2024-12,OVH,8818.83,406709949.22
PRG-AURORA,Aurora Deep-Space Relay,SATELLITE,NS10,2024,14,2024-12-01,2024-12,PER,7250.23,406709949.22
PRG-AURORA,Aurora Deep-Space Relay,SATELLITE,NS10,2024,14,2024-12-01,2024-12,SUB,81006.46,406709949.22
PRG-AURORA,Aurora Deep-Space Relay,SATELLITE,NS10,2025,1,2025-01-01,2025-01,DEP,56596.72,406709949.22
PRG-AURORA,Aurora Deep-Space Relay,SATELLITE,NS10,2025,1,2025-01-01,2025-01,MAT,416577.5,406709949.22
PRG-AURORA,Aurora Deep-Space Relay,SATELLITE,NS10,2025,1,2025-01-01,2025-01,OTH,3327.19,406709949.22
PRG-AURORA,Aurora Deep-Space Relay,SATELLITE,NS10,2025,1,2025-01-01,2025-01,OVH,77397.13,406709949.22
PRG-AURORA,Aurora Deep-Space Relay,SATELLITE,NS10,2025,1,2025-01-01,2025-01,PER,54191.74,406709949.22
PRG-AURORA,Aurora Deep-Space Relay,SATELLITE,NS10,2025,1,2025-01-01,2025-01,SUB,544502.93,406709949.22
PRG-AURORA,Aurora Deep-Space Relay,SATELLITE,NS10,2025,2,2025-02-01,2025-02,DEP,25195.02,406709949.22
PRG-AURORA,Aurora Deep-Space Relay,SATELLITE,NS10,2025,2,2025-02-01,2025-02,MAT,410064.56,406709949.22
PRG-AURORA,Aurora Deep-Space Relay,SATELLITE,NS10,2025,2,2025-02-01,2025-02,OTH,4963.28,406709949.22
PRG-AURORA,Aurora Deep-Space Relay,SATELLITE,NS10,2025,2,2025-02-01,2025-02,OVH,58873.4,406709949.22
PRG-AURORA,Aurora Deep-Space Relay,SATELLITE,NS10,2025,2,2025-02-01,2025-02,PER,43450.67,406709949.22
PRG-AURORA,Aurora Deep-Space Relay,SATELLITE,NS10,2025,2,2025-02-01,2025-02,SUB,746549.15,406709949.22
PRG-AURORA,Aurora Deep-Space Relay,SATELLITE,NS10,2025,3,2025-03-01,2025-03,DEP,47828.72,406709949.22
PRG-AURORA,Aurora Deep-Space Relay,SATELLITE,NS10,2025,3,2025-03-01,2025-03,MAT,370010.69,406709949.22
PRG-AURORA,Aurora Deep-Space Relay,SATELLITE,NS10,2025,3,2025-03-01,2025-03,OTH,5305.27,406709949.22
PRG-AURORA,Aurora Deep-Space Relay,SATELLITE,NS10,2025,3,2025-03-01,2025-03,OVH,82633.23,406709949.22
PRG-AURORA,Aurora Deep-Space Relay,SATELLITE,NS10,2025,3,2025-03-01,2025-03,PER,29937.88,406709949.22
PRG-AURORA,Aurora Deep-Space Relay,SATELLITE,NS10,2025,3,2025-03-01,2025-03,SUB,609036.44,406709949.22
PRG-AURORA,Aurora Deep-Space Relay,SATELLITE,NS10,2025,4,2025-04-01,2025-04,DEP,55188.0,406709949.22
PRG-AURORA,Aurora Deep-Space Relay,SATELLITE,NS10,2025,4,2025-04-01,2025-04,MAT,470090.55,406709949.22
PRG-AURORA,Aurora Deep-Space Relay,SATELLITE,NS10,2025,4,2025-04-01,2025-04,OTH,2113.13,406709949.22
PRG-AURORA,Aurora Deep-Space Relay,SATELLITE,NS10,2025,4,2025-04-01,2025-04,OVH,63311.13,406709949.22
PRG-AURORA,Aurora Deep-Space Relay,SATELLITE,NS10,2025,4,2025-04-01,2025-04,PER,58662.38,406709949.22
PRG-AURORA,Aurora Deep-Space Relay,SATELLITE,NS10,2025,4,2025-04-01,2025-04,SUB,724302.99,406709949.22
PRG-AURORA,Aurora Deep-Space Relay,SATELLITE,NS10,2025,5,2025-05-01,2025-05,DEP,20552.44,406709949.22
PRG-AURORA,Aurora Deep-Space Relay,SATELLITE,NS10,2025,5,2025-05-01,2025-05,MAT,313650.37,406709949.22
PRG-AURORA,Aurora Deep-Space Relay,SATELLITE,NS10,2025,5,2025-05-01,2025-05,OTH,2061.84,406709949.22
PRG-AURORA,Aurora Deep-Space Relay,SATELLITE,NS10,2025,5,2025-05-01,2025-05,OVH,67290.49,406709949.22
PRG-AURORA,Aurora Deep-Space Relay,SATELLITE,NS10,2025,5,2025-05-01,2025-05,PER,50307.24,406709949.22
PRG-AURORA,Aurora Deep-Space Relay,SATELLITE,NS10,2025,5,2025-05-01,2025-05,SUB,498820.52,406709949.22
PRG-AURORA,Aurora Deep-Space Relay,SATELLITE,NS10,2025,6,2025-06-01,2025-06,DEP,14897.55,406709949.22
PRG-AURORA,Aurora Deep-Space Relay,SATELLITE,NS10,2025,6,2025-06-01,2025-06,MAT,406133.97,406709949.22
PRG-AURORA,Aurora Deep-Space Relay,SATELLITE,NS10,2025,6,2025-06-01,2025-06,OTH,3193.76,406709949.22
PRG-AURORA,Aurora Deep-Space Relay,SATELLITE,NS10,2025,6,2025-06-01,2025-06,OVH,78617.96,406709949.22
PRG-AURORA,Aurora Deep-Space Relay,SATELLITE,NS10,2025,6,2025-06-01,2025-06,PER,51854.48,406709949.22
PRG-AURORA,Aurora Deep-Space Relay,SATELLITE,NS10,2025,6,2025-06-01,2025-06,SUB,539323.58,406709949.22
PRG-AURORA,Aurora Deep-Space Relay,SATELLITE,NS10,2025,7,2025-07-01,2025-07,DEP,44974.05,406709949.22
PRG-AURORA,Aurora Deep-Space Relay,SATELLITE,NS10,2025,7,2025-07-01,2025-07,MAT,481180.23,406709949.22
PRG-AURORA,Aurora Deep-Space Relay,SATELLITE,NS10,2025,7,2025-07-01,2025-07,OTH,5353.64,406709949.22
PRG-AURORA,Aurora Deep-Space Relay,SATELLITE,NS10,2025,7,2025-07-01,2025-07,OVH,70880.22,406709949.22
PRG-AURORA,Aurora Deep-Space Relay,SATELLITE,NS10,2025,7,2025-07-01,2025-07,PER,58302.23,406709949.22
PRG-AURORA,Aurora Deep-Space Relay,SATELLITE,NS10,2025,7,2025-07-01,2025-07,SUB,868409.01,406709949.22
PRG-AURORA,Aurora Deep-Space Relay,SATELLITE,NS10,2025,8,2025-08-01,2025-08,DEP,28988.04,406709949.22
PRG-AURORA,Aurora Deep-Space Relay,SATELLITE,NS10,2025,8,2025-08-01,2025-08,MAT,438993.8,406709949.22
PRG-AURORA,Aurora Deep-Space Relay,SATELLITE,NS10,2025,8,2025-08-01,2025-08,OTH,4952.36,406709949.22
PRG-AURORA,Aurora Deep-Space Relay,SATELLITE,NS10,2025,8,2025-08-01,2025-08,OVH,97118.18,406709949.22
PRG-AURORA,Aurora Deep-Space Relay,SATELLITE,NS10,2025,8,2025-08-01,2025-08,PER,64973.45,406709949.22
PRG-AURORA,Aurora Deep-Space Relay,SATELLITE,NS10,2025,8,2025-08-01,2025-08,SUB,849840.85,406709949.22
PRG-AURORA,Aurora Deep-Space Relay,SATELLITE,NS10,2025,9,2025-09-01,2025-09,DEP,42858.97,406709949.22
PRG-AURORA,Aurora Deep-Space Relay,SATELLITE,NS10,2025,9,2025-09-01,2025-09,MAT,363798.17,406709949.22
PRG-AURORA,Aurora Deep-Space Relay,SATELLITE,NS10,2025,9,2025-09-01,2025-09,OTH,7348.41,406709949.22
PRG-AURORA,Aurora Deep-Space Relay,SATELLITE,NS10,2025,9,2025-09-01,2025-09,OVH,75326.78,406709949.22
PRG-AURORA,Aurora Deep-Space Relay,SATELLITE,NS10,2025,9,2025-09-01,2025-09,PER,31123.32,406709949.22
PRG-AURORA,Aurora Deep-Space Relay,SATELLITE,NS10,2025,9,2025-09-01,2025-09,SUB,494758.07,406709949.22
PRG-AURORA,Aurora Deep-Space Relay,SATELLITE,NS10,2025,10,2025-10-01,2025-10,DEP,13767.84,406709949.22
PRG-AURORA,Aurora Deep-Space Relay,SATELLITE,NS10,2025,10,2025-10-01,2025-10,MAT,390519.55,406709949.22
PRG-AURORA,Aurora Deep-Space Relay,SATELLITE,NS10,2025,10,2025-10-01,2025-10,OTH,2115.7,406709949.22
PRG-AURORA,Aurora Deep-Space Relay,SATELLITE,NS10,2025,10,2025-10-01,2025-10,OVH,58646.63,406709949.22
PRG-AURORA,Aurora Deep-Space Relay,SATELLITE,NS10,2025,10,2025-10-01,2025-10,PER,53011.73,406709949.22
PRG-AURORA,Aurora Deep-Space Relay,SATELLITE,NS10,2025,10,2025-10-01,2025-10,SUB,586255.39,406709949.22
PRG-AURORA,Aurora Deep-Space Relay,SATELLITE,NS10,2025,11,2025-11-01,2025-11,DEP,33536.24,406709949.22
PRG-AURORA,Aurora Deep-Space Relay,SATELLITE,NS10,2025,11,2025-11-01,2025-11,MAT,309976.31,406709949.22
PRG-AURORA,Aurora Deep-Space Relay,SATELLITE,NS10,2025,11,2025-11-01,2025-11,OTH,7313.45,406709949.22
PRG-AURORA,Aurora Deep-Space Relay,SATELLITE,NS10,2025,11,2025-11-01,2025-11,OVH,58472.02,406709949.22
PRG-AURORA,Aurora Deep-Space Relay,SATELLITE,NS10,2025,11,2025-11-01,2025-11,PER,42145.72,406709949.22
PRG-AURORA,Aurora Deep-Space Relay,SATELLITE,NS10,2025,11,2025-11-01,2025-11,SUB,621767.96,406709949.22
PRG-AURORA,Aurora Deep-Space Relay,SATELLITE,NS10,2025,12,2025-12-01,2025-12,DEP,39434.07,406709949.22
PRG-AURORA,Aurora Deep-Space Relay,SATELLITE,NS10,2025,12,2025-12-01,2025-12,MAT,405564.43,406709949.22
PRG-AURORA,Aurora Deep-Space Relay,SATELLITE,NS10,2025,12,2025-12-01,2025-12,OTH,4271.07,406709949.22
PRG-AURORA,Aurora Deep-Space Relay,SATELLITE,NS10,2025,12,2025-12-01,2025-12,OVH,64739.95,406709949.22
PRG-AURORA,Aurora Deep-Space Relay,SATELLITE,NS10,2025,12,2025-12-01,2025-12,PER,43469.19,406709949.22
PRG-AURORA,Aurora Deep-Space Relay,SATELLITE,NS10,2025,12,2025-12-01,2025-12,SUB,774202.36,406709949.22
PRG-AURORA,Aurora Deep-Space Relay,SATELLITE,NS10,2025,13,2025-12-01,2025-12,MAT,6777.16,406709949.22
PRG-AURORA,Aurora Deep-Space Relay,SATELLITE,NS10,2025,13,2025-12-01,2025-12,OTH,2840.75,406709949.22
PRG-AURORA,Aurora Deep-Space Relay,SATELLITE,NS10,2025,13,2025-12-01,2025-12,OVH,4460.09,406709949.22
PRG-AURORA,Aurora Deep-Space Relay,SATELLITE,NS10,2025,13,2025-12-01,2025-12,PER,7081.49,406709949.22
PRG-AURORA,Aurora Deep-Space Relay,SATELLITE,NS10,2025,13,2025-12-01,2025-12,SUB,68817.91,406709949.22
PRG-AURORA,Aurora Deep-Space Relay,SATELLITE,NS10,2025,14,2025-12-01,2025-12,MAT,7498.76,406709949.22
PRG-AURORA,Aurora Deep-Space Relay,SATELLITE,NS10,2025,14,2025-12-01,2025-12,OTH,2174.12,406709949.22
PRG-AURORA,Aurora Deep-Space Relay,SATELLITE,NS10,2025,14,2025-12-01,2025-12,OVH,5555.32,406709949.22
PRG-AURORA,Aurora Deep-Space Relay,SATELLITE,NS10,2025,14,2025-12-01,2025-12,PER,8829.84,406709949.22
PRG-AURORA,Aurora Deep-Space Relay,SATELLITE,NS10,2025,14,2025-12-01,2025-12,SUB,95862.26,406709949.22
PRG-AURORA,Aurora Deep-Space Relay,SATELLITE,NS10,2026,1,2026-01-01,2026-01,DEP,35797.63,406709949.22
PRG-AURORA,Aurora Deep-Space Relay,SATELLITE,NS10,2026,1,2026-01-01,2026-01,MAT,477542.8,406709949.22
PRG-AURORA,Aurora Deep-Space Relay,SATELLITE,NS10,2026,1,2026-01-01,2026-01,OTH,2745.17,406709949.22
PRG-AURORA,Aurora Deep-Space Relay,SATELLITE,NS10,2026,1,2026-01-01,2026-01,OVH,60003.71,406709949.22
PRG-AURORA,Aurora Deep-Space Relay,SATELLITE,NS10,2026,1,2026-01-01,2026-01,PER,31135.49,406709949.22
PRG-AURORA,Aurora Deep-Space Relay,SATELLITE,NS10,2026,1,2026-01-01,2026-01,SUB,647843.69,406709949.22
PRG-AURORA,Aurora Deep-Space Relay,SATELLITE,NS10,2026,2,2026-02-01,2026-02,DEP,28250.6,406709949.22
PRG-AURORA,Aurora Deep-Space Relay,SATELLITE,NS10,2026,2,2026-02-01,2026-02,MAT,284830.37,406709949.22
PRG-AURORA,Aurora Deep-Space Relay,SATELLITE,NS10,2026,2,2026-02-01,2026-02,OTH,3079.08,406709949.22
PRG-AURORA,Aurora Deep-Space Relay,SATELLITE,NS10,2026,2,2026-02-01,2026-02,OVH,66667.69,406709949.22
PRG-AURORA,Aurora Deep-Space Relay,SATELLITE,NS10,2026,2,2026-02-01,2026-02,PER,48757.01,406709949.22
PRG-AURORA,Aurora Deep-Space Relay,SATELLITE,NS10,2026,2,2026-02-01,2026-02,SUB,719766.26,406709949.22
PRG-AURORA,Aurora Deep-Space Relay,SATELLITE,NS10,2026,3,2026-03-01,2026-03,DEP,43915.19,406709949.22
PRG-AURORA,Aurora Deep-Space Relay,SATELLITE,NS10,2026,3,2026-03-01,2026-03,MAT,355527.16,406709949.22
PRG-AURORA,Aurora Deep-Space Relay,SATELLITE,NS10,2026,3,2026-03-01,2026-03,OTH,10439.09,406709949.22
PRG-AURORA,Aurora Deep-Space Relay,SATELLITE,NS10,2026,3,2026-03-01,2026-03,OVH,66720.35,406709949.22
PRG-AURORA,Aurora Deep-Space Relay,SATELLITE,NS10,2026,3,2026-03-01,2026-03,PER,50080.82,406709949.22
PRG-AURORA,Aurora Deep-Space Relay,SATELLITE,NS10,2026,3,2026-03-01,2026-03,SUB,696161.46,406709949.22
PRG-AURORA,Aurora Deep-Space Relay,SATELLITE,NS10,2026,4,2026-04-01,2026-04,DEP,45950.34,406709949.22
PRG-AURORA,Aurora Deep-Space Relay,SATELLITE,NS10,2026,4,2026-04-01,2026-04,MAT,386180.57,406709949.22
PRG-AURORA,Aurora Deep-Space Relay,SATELLITE,NS10,2026,4,2026-04-01,2026-04,OTH,6154.31,406709949.22
PRG-AURORA,Aurora Deep-Space Relay,SATELLITE,NS10,2026,4,2026-04-01,2026-04,OVH,80765.67,406709949.22
PRG-AURORA,Aurora Deep-Space Relay,SATELLITE,NS10,2026,4,2026-04-01,2026-04,PER,67651.2,406709949.22
PRG-AURORA,Aurora Deep-Space Relay,SATELLITE,NS10,2026,4,2026-04-01,2026-04,SUB,752917.72,406709949.22
PRG-AURORA,Aurora Deep-Space Relay,SATELLITE,NS10,2026,5,2026-05-01,2026-05,DEP,48604.55,406709949.22
PRG-AURORA,Aurora Deep-Space Relay,SATELLITE,NS10,2026,5,2026-05-01,2026-05,MAT,365508.75,406709949.22
PRG-AURORA,Aurora Deep-Space Relay,SATELLITE,NS10,2026,5,2026-05-01,2026-05,OTH,4485.04,406709949.22
PRG-AURORA,Aurora Deep-Space Relay,SATELLITE,NS10,2026,5,2026-05-01,2026-05,OVH,59682.48,406709949.22
PRG-AURORA,Aurora Deep-Space Relay,SATELLITE,NS10,2026,5,2026-05-01,2026-05,PER,23756.96,406709949.22
PRG-AURORA,Aurora Deep-Space Relay,SATELLITE,NS10,2026,5,2026-05-01,2026-05,SUB,600056.54,406709949.22
PRG-AURORA,Aurora Deep-Space Relay,SATELLITE,NS10,2026,6,2026-06-01,2026-06,DEP,35673.82,406709949.22
PRG-AURORA,Aurora Deep-Space Relay,SATELLITE,NS10,2026,6,2026-06-01,2026-06,MAT,403597.94,406709949.22
PRG-AURORA,Aurora Deep-Space Relay,SATELLITE,NS10,2026,6,2026-06-01,2026-06,OTH,1565.21,406709949.22
PRG-AURORA,Aurora Deep-Space Relay,SATELLITE,NS10,2026,6,2026-06-01,2026-06,OVH,50117.05,406709949.22
PRG-AURORA,Aurora Deep-Space Relay,SATELLITE,NS10,2026,6,2026-06-01,2026-06,PER,54284.78,406709949.22
PRG-AURORA,Aurora Deep-Space Relay,SATELLITE,NS10,2026,6,2026-06-01,2026-06,SUB,434566.61,406709949.22
PRG-AURORA,Aurora Deep-Space Relay,SATELLITE,NS20,2023,4,2023-04-01,2023-04,DEP,39538.47,406709949.22
PRG-AURORA,Aurora Deep-Space Relay,SATELLITE,NS20,2023,4,2023-04-01,2023-04,MAT,353302.53,406709949.22
PRG-AURORA,Aurora Deep-Space Relay,SATELLITE,NS20,2023,4,2023-04-01,2023-04,OTH,4629.11,406709949.22
PRG-AURORA,Aurora Deep-Space Relay,SATELLITE,NS20,2023,4,2023-04-01,2023-04,OVH,26494.85,406709949.22
PRG-AURORA,Aurora Deep-Space Relay,SATELLITE,NS20,2023,4,2023-04-01,2023-04,PER,46695.21,406709949.22
PRG-AURORA,Aurora Deep-Space Relay,SATELLITE,NS20,2023,4,2023-04-01,2023-04,SUB,726540.73,406709949.22
PRG-AURORA,Aurora Deep-Space Relay,SATELLITE,NS20,2023,5,2023-05-01,2023-05,DEP,21502.47,406709949.22
PRG-AURORA,Aurora Deep-Space Relay,SATELLITE,NS20,2023,5,2023-05-01,2023-05,MAT,294623.24,406709949.22
PRG-AURORA,Aurora Deep-Space Relay,SATELLITE,NS20,2023,5,2023-05-01,2023-05,OTH,6183.28,406709949.22
PRG-AURORA,Aurora Deep-Space Relay,SATELLITE,NS20,2023,5,2023-05-01,2023-05,OVH,30113.26,406709949.22
PRG-AURORA,Aurora Deep-Space Relay,SATELLITE,NS20,2023,5,2023-05-01,2023-05,PER,52105.74,406709949.22
PRG-AURORA,Aurora Deep-Space Relay,SATELLITE,NS20,2023,5,2023-05-01,2023-05,SUB,432444.53,406709949.22
PRG-AURORA,Aurora Deep-Space Relay,SATELLITE,NS20,2023,6,2023-06-01,2023-06,DEP,20384.43,406709949.22
PRG-AURORA,Aurora Deep-Space Relay,SATELLITE,NS20,2023,6,2023-06-01,2023-06,MAT,288725.39,406709949.22
PRG-AURORA,Aurora Deep-Space Relay,SATELLITE,NS20,2023,6,2023-06-01,2023-06,OTH,2299.98,406709949.22
PRG-AURORA,Aurora Deep-Space Relay,SATELLITE,NS20,2023,6,2023-06-01,2023-06,OVH,25880.01,406709949.22
PRG-AURORA,Aurora Deep-Space Relay,SATELLITE,NS20,2023,6,2023-06-01,2023-06,PER,26880.06,406709949.22
PRG-AURORA,Aurora Deep-Space Relay,SATELLITE,NS20,2023,6,2023-06-01,2023-06,SUB,552298.74,406709949.22
PRG-AURORA,Aurora Deep-Space Relay,SATELLITE,NS20,2023,7,2023-07-01,2023-07,DEP,25882.88,406709949.22
PRG-AURORA,Aurora Deep-Space Relay,SATELLITE,NS20,2023,7,2023-07-01,2023-07,MAT,295141.37,406709949.22
PRG-AURORA,Aurora Deep-Space Relay,SATELLITE,NS20,2023,7,2023-07-01,2023-07,OTH,2980.73,406709949.22
PRG-AURORA,Aurora Deep-Space Relay,SATELLITE,NS20,2023,7,2023-07-01,2023-07,OVH,21870.34,406709949.22
PRG-AURORA,Aurora Deep-Space Relay,SATELLITE,NS20,2023,7,2023-07-01,2023-07,PER,38211.54,406709949.22
PRG-AURORA,Aurora Deep-Space Relay,SATELLITE,NS20,2023,7,2023-07-01,2023-07,SUB,433654.32,406709949.22
PRG-AURORA,Aurora Deep-Space Relay,SATELLITE,NS20,2023,8,2023-08-01,2023-08,DEP,15168.97,406709949.22
PRG-AURORA,Aurora Deep-Space Relay,SATELLITE,NS20,2023,8,2023-08-01,2023-08,MAT,332753.08,406709949.22
PRG-AURORA,Aurora Deep-Space Relay,SATELLITE,NS20,2023,8,2023-08-01,2023-08,OTH,2150.72,406709949.22
PRG-AURORA,Aurora Deep-Space Relay,SATELLITE,NS20,2023,8,2023-08-01,2023-08,OVH,25341.07,406709949.22
PRG-AURORA,Aurora Deep-Space Relay,SATELLITE,NS20,2023,8,2023-08-01,2023-08,PER,55928.79,406709949.22
PRG-AURORA,Aurora Deep-Space Relay,SATELLITE,NS20,2023,8,2023-08-01,2023-08,SUB,567885.17,406709949.22
PRG-AURORA,Aurora Deep-Space Relay,SATELLITE,NS20,2023,9,2023-09-01,2023-09,DEP,45557.75,406709949.22
PRG-AURORA,Aurora Deep-Space Relay,SATELLITE,NS20,2023,9,2023-09-01,2023-09,MAT,274888.18,406709949.22
PRG-AURORA,Aurora Deep-Space Relay,SATELLITE,NS20,2023,9,2023-09-01,2023-09,OTH,2331.19,406709949.22
PRG-AURORA,Aurora Deep-Space Relay,SATELLITE,NS20,2023,9,2023-09-01,2023-09,OVH,28895.62,406709949.22
PRG-AURORA,Aurora Deep-Space Relay,SATELLITE,NS20,2023,9,2023-09-01,2023-09,PER,34773.66,406709949.22
PRG-AURORA,Aurora Deep-Space Relay,SATELLITE,NS20,2023,9,2023-09-01,2023-09,SUB,596315.79,406709949.22
PRG-AURORA,Aurora Deep-Space Relay,SATELLITE,NS20,2023,10,2023-10-01,2023-10,DEP,22340.25,406709949.22
PRG-AURORA,Aurora Deep-Space Relay,SATELLITE,NS20,2023,10,2023-10-01,2023-10,MAT,310138.75,406709949.22
PRG-AURORA,Aurora Deep-Space Relay,SATELLITE,NS20,2023,10,2023-10-01,2023-10,OTH,1077.51,406709949.22
PRG-AURORA,Aurora Deep-Space Relay,SATELLITE,NS20,2023,10,2023-10-01,2023-10,OVH,28449.32,406709949.22
PRG-AURORA,Aurora Deep-Space Relay,SATELLITE,NS20,2023,10,2023-10-01,2023-10,PER,26018.08,406709949.22
PRG-AURORA,Aurora Deep-Space Relay,SATELLITE,NS20,2023,10,2023-10-01,2023-10,SUB,359597.55,406709949.22
PRG-AURORA,Aurora Deep-Space Relay,SATELLITE,NS20,2023,11,2023-11-01,2023-11,DEP,39527.6,406709949.22
PRG-AURORA,Aurora Deep-Space Relay,SATELLITE,NS20,2023,11,2023-11-01,2023-11,MAT,301831.67,406709949.22
PRG-AURORA,Aurora Deep-Space Relay,SATELLITE,NS20,2023,11,2023-11-01,2023-11,OTH,4428.0,406709949.22
PRG-AURORA,Aurora Deep-Space Relay,SATELLITE,NS20,2023,11,2023-11-01,2023-11,OVH,32717.6,406709949.22
PRG-AURORA,Aurora Deep-Space Relay,SATELLITE,NS20,2023,11,2023-11-01,2023-11,PER,55817.95,406709949.22
PRG-AURORA,Aurora Deep-Space Relay,SATELLITE,NS20,2023,11,2023-11-01,2023-11,SUB,538733.62,406709949.22
PRG-AURORA,Aurora Deep-Space Relay,SATELLITE,NS20,2023,12,2023-12-01,2023-12,DEP,34685.53,406709949.22
PRG-AURORA,Aurora Deep-Space Relay,SATELLITE,NS20,2023,12,2023-12-01,2023-12,MAT,286601.34,406709949.22
PRG-AURORA,Aurora Deep-Space Relay,SATELLITE,NS20,2023,12,2023-12-01,2023-12,OTH,6690.69,406709949.22
PRG-AURORA,Aurora Deep-Space Relay,SATELLITE,NS20,2023,12,2023-12-01,2023-12,OVH,36853.5,406709949.22
PRG-AURORA,Aurora Deep-Space Relay,SATELLITE,NS20,2023,12,2023-12-01,2023-12,PER,34997.31,406709949.22
PRG-AURORA,Aurora Deep-Space Relay,SATELLITE,NS20,2023,12,2023-12-01,2023-12,SUB,552786.72,406709949.22
PRG-AURORA,Aurora Deep-Space Relay,SATELLITE,NS20,2023,13,2023-12-01,2023-12,MAT,5357.93,406709949.22
PRG-AURORA,Aurora Deep-Space Relay,SATELLITE,NS20,2023,13,2023-12-01,2023-12,OTH,4156.03,406709949.22
PRG-AURORA,Aurora Deep-Space Relay,SATELLITE,NS20,2023,13,2023-12-01,2023-12,OVH,5831.98,406709949.22
PRG-AURORA,Aurora Deep-Space Relay,SATELLITE,NS20,2023,13,2023-12-01,2023-12,PER,6399.86,406709949.22
PRG-AURORA,Aurora Deep-Space Relay,SATELLITE,NS20,2023,13,2023-12-01,2023-12,SUB,118577.18,406709949.22
PRG-AURORA,Aurora Deep-Space Relay,SATELLITE,NS20,2023,14,2023-12-01,2023-12,MAT,15222.47,406709949.22
PRG-AURORA,Aurora Deep-Space Relay,SATELLITE,NS20,2023,14,2023-12-01,2023-12,OTH,3685.14,406709949.22
PRG-AURORA,Aurora Deep-Space Relay,SATELLITE,NS20,2023,14,2023-12-01,2023-12,OVH,3028.48,406709949.22
PRG-AURORA,Aurora Deep-Space Relay,SATELLITE,NS20,2023,14,2023-12-01,2023-12,PER,10610.45,406709949.22
PRG-AURORA,Aurora Deep-Space Relay,SATELLITE,NS20,2023,14,2023-12-01,2023-12,SUB,5167.79,406709949.22
PRG-AURORA,Aurora Deep-Space Relay,SATELLITE,NS20,2024,1,2024-01-01,2024-01,DEP,14690.73,406709949.22
PRG-AURORA,Aurora Deep-Space Relay,SATELLITE,NS20,2024,1,2024-01-01,2024-01,MAT,307559.62,406709949.22
PRG-AURORA,Aurora Deep-Space Relay,SATELLITE,NS20,2024,1,2024-01-01,2024-01,OTH,1580.76,406709949.22
PRG-AURORA,Aurora Deep-Space Relay,SATELLITE,NS20,2024,1,2024-01-01,2024-01,OVH,27955.72,406709949.22
PRG-AURORA,Aurora Deep-Space Relay,SATELLITE,NS20,2024,1,2024-01-01,2024-01,PER,47267.59,406709949.22
PRG-AURORA,Aurora Deep-Space Relay,SATELLITE,NS20,2024,1,2024-01-01,2024-01,SUB,504231.7,406709949.22
PRG-AURORA,Aurora Deep-Space Relay,SATELLITE,NS20,2024,2,2024-02-01,2024-02,DEP,37687.97,406709949.22
PRG-AURORA,Aurora Deep-Space Relay,SATELLITE,NS20,2024,2,2024-02-01,2024-02,MAT,288298.46,406709949.22
PRG-AURORA,Aurora Deep-Space Relay,SATELLITE,NS20,2024,2,2024-02-01,2024-02,OTH,5717.61,406709949.22
PRG-AURORA,Aurora Deep-Space Relay,SATELLITE,NS20,2024,2,2024-02-01,2024-02,OVH,31301.47,406709949.22
PRG-AURORA,Aurora Deep-Space Relay,SATELLITE,NS20,2024,2,2024-02-01,2024-02,PER,33646.06,406709949.22
PRG-AURORA,Aurora Deep-Space Relay,SATELLITE,NS20,2024,2,2024-02-01,2024-02,SUB,594556.26,406709949.22
PRG-AURORA,Aurora Deep-Space Relay,SATELLITE,NS20,2024,3,2024-03-01,2024-03,DEP,45373.33,406709949.22
PRG-AURORA,Aurora Deep-Space Relay,SATELLITE,NS20,2024,3,2024-03-01,2024-03,MAT,299467.22,406709949.22
PRG-AURORA,Aurora Deep-Space Relay,SATELLITE,NS20,2024,3,2024-03-01,2024-03,OTH,-425.31,406709949.22
PRG-AURORA,Aurora Deep-Space Relay,SATELLITE,NS20,2024,3,2024-03-01,2024-03,OVH,32164.05,406709949.22
PRG-AURORA,Aurora Deep-Space Relay,SATELLITE,NS20,2024,3,2024-03-01,2024-03,PER,32988.4,406709949.22
PRG-AURORA,Aurora Deep-Space Relay,SATELLITE,NS20,2024,3,2024-03-01,2024-03,SUB,368998.81,406709949.22
PRG-AURORA,Aurora Deep-Space Relay,SATELLITE,NS20,2024,4,2024-04-01,2024-04,DEP,27803.64,406709949.22
PRG-AURORA,Aurora Deep-Space Relay,SATELLITE,NS20,2024,4,2024-04-01,2024-04,MAT,287821.9,406709949.22
PRG-AURORA,Aurora Deep-Space Relay,SATELLITE,NS20,2024,4,2024-04-01,2024-04,OTH,2129.73,406709949.22
PRG-AURORA,Aurora Deep-Space Relay,SATELLITE,NS20,2024,4,2024-04-01,2024-04,OVH,42340.86,406709949.22
PRG-AURORA,Aurora Deep-Space Relay,SATELLITE,NS20,2024,4,2024-04-01,2024-04,PER,49696.48,406709949.22
PRG-AURORA,Aurora Deep-Space Relay,SATELLITE,NS20,2024,4,2024-04-01,2024-04,SUB,549796.43,406709949.22
PRG-AURORA,Aurora Deep-Space Relay,SATELLITE,NS20,2024,5,2024-05-01,2024-05,DEP,25781.55,406709949.22
PRG-AURORA,Aurora Deep-Space Relay,SATELLITE,NS20,2024,5,2024-05-01,2024-05,MAT,273225.06,406709949.22
PRG-AURORA,Aurora Deep-Space Relay,SATELLITE,NS20,2024,5,2024-05-01,2024-05,OTH,8206.53,406709949.22
PRG-AURORA,Aurora Deep-Space Relay,SATELLITE,NS20,2024,5,2024-05-01,2024-05,OVH,26934.13,406709949.22
PRG-AURORA,Aurora Deep-Space Relay,SATELLITE,NS20,2024,5,2024-05-01,2024-05,PER,32067.89,406709949.22
PRG-AURORA,Aurora Deep-Space Relay,SATELLITE,NS20,2024,5,2024-05-01,2024-05,SUB,466870.01,406709949.22
PRG-AURORA,Aurora Deep-Space Relay,SATELLITE,NS20,2024,6,2024-06-01,2024-06,DEP,36992.35,406709949.22
PRG-AURORA,Aurora Deep-Space Relay,SATELLITE,NS20,2024,6,2024-06-01,2024-06,MAT,340367.33,406709949.22
PRG-AURORA,Aurora Deep-Space Relay,SATELLITE,NS20,2024,6,2024-06-01,2024-06,OTH,3358.18,406709949.22
PRG-AURORA,Aurora Deep-Space Relay,SATELLITE,NS20,2024,6,2024-06-01,2024-06,OVH,34146.13,406709949.22
PRG-AURORA,Aurora Deep-Space Relay,SATELLITE,NS20,2024,6,2024-06-01,2024-06,PER,40432.17,406709949.22
PRG-AURORA,Aurora Deep-Space Relay,SATELLITE,NS20,2024,6,2024-06-01,2024-06,SUB,617824.48,406709949.22
PRG-AURORA,Aurora Deep-Space Relay,SATELLITE,NS20,2024,7,2024-07-01,2024-07,DEP,26689.19,406709949.22
PRG-AURORA,Aurora Deep-Space Relay,SATELLITE,NS20,2024,7,2024-07-01,2024-07,MAT,289541.84,406709949.22
PRG-AURORA,Aurora Deep-Space Relay,SATELLITE,NS20,2024,7,2024-07-01,2024-07,OTH,3864.94,406709949.22
PRG-AURORA,Aurora Deep-Space Relay,SATELLITE,NS20,2024,7,2024-07-01,2024-07,OVH,32422.23,406709949.22
PRG-AURORA,Aurora Deep-Space Relay,SATELLITE,NS20,2024,7,2024-07-01,2024-07,PER,36811.15,406709949.22
PRG-AURORA,Aurora Deep-Space Relay,SATELLITE,NS20,2024,7,2024-07-01,2024-07,SUB,382096.95,406709949.22
PRG-AURORA,Aurora Deep-Space Relay,SATELLITE,NS20,2024,8,2024-08-01,2024-08,DEP,37709.83,406709949.22
PRG-AURORA,Aurora Deep-Space Relay,SATELLITE,NS20,2024,8,2024-08-01,2024-08,MAT,357038.64,406709949.22
PRG-AURORA,Aurora Deep-Space Relay,SATELLITE,NS20,2024,8,2024-08-01,2024-08,OTH,6774.75,406709949.22
PRG-AURORA,Aurora Deep-Space Relay,SATELLITE,NS20,2024,8,2024-08-01,2024-08,OVH,33361.05,406709949.22
PRG-AURORA,Aurora Deep-Space Relay,SATELLITE,NS20,2024,8,2024-08-01,2024-08,PER,48173.43,406709949.22
PRG-AURORA,Aurora Deep-Space Relay,SATELLITE,NS20,2024,8,2024-08-01,2024-08,SUB,618160.96,406709949.22
PRG-AURORA,Aurora Deep-Space Relay,SATELLITE,NS20,2024,9,2024-09-01,2024-09,DEP,30267.12,406709949.22
PRG-AURORA,Aurora Deep-Space Relay,SATELLITE,NS20,2024,9,2024-09-01,2024-09,MAT,269668.12,406709949.22
PRG-AURORA,Aurora Deep-Space Relay,SATELLITE,NS20,2024,9,2024-09-01,2024-09,OTH,849.2,406709949.22
PRG-AURORA,Aurora Deep-Space Relay,SATELLITE,NS20,2024,9,2024-09-01,2024-09,OVH,32948.22,406709949.22
PRG-AURORA,Aurora Deep-Space Relay,SATELLITE,NS20,2024,9,2024-09-01,2024-09,PER,35700.22,406709949.22
PRG-AURORA,Aurora Deep-Space Relay,SATELLITE,NS20,2024,9,2024-09-01,2024-09,SUB,437313.73,406709949.22
PRG-AURORA,Aurora Deep-Space Relay,SATELLITE,NS20,2024,10,2024-10-01,2024-10,DEP,40441.69,406709949.22
PRG-AURORA,Aurora Deep-Space Relay,SATELLITE,NS20,2024,10,2024-10-01,2024-10,MAT,302569.45,406709949.22
PRG-AURORA,Aurora Deep-Space Relay,SATELLITE,NS20,2024,10,2024-10-01,2024-10,OTH,1837.68,406709949.22
PRG-AURORA,Aurora Deep-Space Relay,SATELLITE,NS20,2024,10,2024-10-01,2024-10,OVH,40375.57,406709949.22
PRG-AURORA,Aurora Deep-Space Relay,SATELLITE,NS20,2024,10,2024-10-01,2024-10,PER,52707.3,406709949.22
PRG-AURORA,Aurora Deep-Space Relay,SATELLITE,NS20,2024,10,2024-10-01,2024-10,SUB,734326.61,406709949.22
PRG-AURORA,Aurora Deep-Space Relay,SATELLITE,NS20,2024,11,2024-11-01,2024-11,DEP,29490.57,406709949.22
PRG-AURORA,Aurora Deep-Space Relay,SATELLITE,NS20,2024,11,2024-11-01,2024-11,MAT,304454.09,406709949.22
PRG-AURORA,Aurora Deep-Space Relay,SATELLITE,NS20,2024,11,2024-11-01,2024-11,OTH,4959.79,406709949.22
PRG-AURORA,Aurora Deep-Space Relay,SATELLITE,NS20,2024,11,2024-11-01,2024-11,OVH,40290.56,406709949.22
PRG-AURORA,Aurora Deep-Space Relay,SATELLITE,NS20,2024,11,2024-11-01,2024-11,PER,34249.89,406709949.22
PRG-AURORA,Aurora Deep-Space Relay,SATELLITE,NS20,2024,11,2024-11-01,2024-11,SUB,478327.07,406709949.22
PRG-AURORA,Aurora Deep-Space Relay,SATELLITE,NS20,2024,12,2024-12-01,2024-12,DEP,18780.4,406709949.22
PRG-AURORA,Aurora Deep-Space Relay,SATELLITE,NS20,2024,12,2024-12-01,2024-12,MAT,263294.1,406709949.22
PRG-AURORA,Aurora Deep-Space Relay,SATELLITE,NS20,2024,12,2024-12-01,2024-12,OTH,11960.16,406709949.22
PRG-AURORA,Aurora Deep-Space Relay,SATELLITE,NS20,2024,12,2024-12-01,2024-12,OVH,25861.0,406709949.22
PRG-AURORA,Aurora Deep-Space Relay,SATELLITE,NS20,2024,12,2024-12-01,2024-12,PER,23979.79,406709949.22
PRG-AURORA,Aurora Deep-Space Relay,SATELLITE,NS20,2024,12,2024-12-01,2024-12,SUB,428699.64,406709949.22
PRG-AURORA,Aurora Deep-Space Relay,SATELLITE,NS20,2024,13,2024-12-01,2024-12,MAT,15210.29,406709949.22
PRG-AURORA,Aurora Deep-Space Relay,SATELLITE,NS20,2024,13,2024-12-01,2024-12,OTH,3345.39,406709949.22
PRG-AURORA,Aurora Deep-Space Relay,SATELLITE,NS20,2024,13,2024-12-01,2024-12,OVH,2134.41,406709949.22
PRG-AURORA,Aurora Deep-Space Relay,SATELLITE,NS20,2024,13,2024-12-01,2024-12,PER,14521.74,406709949.22
PRG-AURORA,Aurora Deep-Space Relay,SATELLITE,NS20,2024,13,2024-12-01,2024-12,SUB,42062.8,406709949.22
PRG-AURORA,Aurora Deep-Space Relay,SATELLITE,NS20,2024,14,2024-12-01,2024-12,MAT,7477.98,406709949.22
PRG-AURORA,Aurora Deep-Space Relay,SATELLITE,NS20,2024,14,2024-12-01,2024-12,OTH,6611.06,406709949.22
PRG-AURORA,Aurora Deep-Space Relay,SATELLITE,NS20,2024,14,2024-12-01,2024-12,OVH,1719.81,406709949.22
PRG-AURORA,Aurora Deep-Space Relay,SATELLITE,NS20,2024,14,2024-12-01,2024-12,PER,13983.59,406709949.22
PRG-AURORA,Aurora Deep-Space Relay,SATELLITE,NS20,2024,14,2024-12-01,2024-12,SUB,84557.31,406709949.22
PRG-AURORA,Aurora Deep-Space Relay,SATELLITE,NS20,2025,1,2025-01-01,2025-01,DEP,27372.15,406709949.22
PRG-AURORA,Aurora Deep-Space Relay,SATELLITE,NS20,2025,1,2025-01-01,2025-01,MAT,252077.9,406709949.22
PRG-AURORA,Aurora Deep-Space Relay,SATELLITE,NS20,2025,1,2025-01-01,2025-01,OTH,2420.58,406709949.22
PRG-AURORA,Aurora Deep-Space Relay,SATELLITE,NS20,2025,1,2025-01-01,2025-01,OVH,35847.41,406709949.22
PRG-AURORA,Aurora Deep-Space Relay,SATELLITE,NS20,2025,1,2025-01-01,2025-01,PER,53702.93,406709949.22
PRG-AURORA,Aurora Deep-Space Relay,SATELLITE,NS20,2025,1,2025-01-01,2025-01,SUB,557884.68,406709949.22
PRG-AURORA,Aurora Deep-Space Relay,SATELLITE,NS20,2025,2,2025-02-01,2025-02,DEP,34436.21,406709949.22
PRG-AURORA,Aurora Deep-Space Relay,SATELLITE,NS20,2025,2,2025-02-01,2025-02,MAT,309953.45,406709949.22
PRG-AURORA,Aurora Deep-Space Relay,SATELLITE,NS20,2025,2,2025-02-01,2025-02,OTH,3328.81,406709949.22
PRG-AURORA,Aurora Deep-Space Relay,SATELLITE,NS20,2025,2,2025-02-01,2025-02,OVH,37328.67,406709949.22
PRG-AURORA,Aurora Deep-Space Relay,SATELLITE,NS20,2025,2,2025-02-01,2025-02,PER,45404.43,406709949.22
PRG-AURORA,Aurora Deep-Space Relay,SATELLITE,NS20,2025,2,2025-02-01,2025-02,SUB,522008.71,406709949.22
PRG-AURORA,Aurora Deep-Space Relay,SATELLITE,NS20,2025,3,2025-03-01,2025-03,DEP,38301.8,406709949.22
PRG-AURORA,Aurora Deep-Space Relay,SATELLITE,NS20,2025,3,2025-03-01,2025-03,MAT,335672.28,406709949.22
PRG-AURORA,Aurora Deep-Space Relay,SATELLITE,NS20,2025,3,2025-03-01,2025-03,OTH,1698.38,406709949.22
PRG-AURORA,Aurora Deep-Space Relay,SATELLITE,NS20,2025,3,2025-03-01,2025-03,OVH,26388.97,406709949.22
PRG-AURORA,Aurora Deep-Space Relay,SATELLITE,NS20,2025,3,2025-03-01,2025-03,PER,37005.33,406709949.22
PRG-AURORA,Aurora Deep-Space Relay,SATELLITE,NS20,2025,3,2025-03-01,2025-03,SUB,446573.47,406709949.22
PRG-AURORA,Aurora Deep-Space Relay,SATELLITE,NS20,2025,4,2025-04-01,2025-04,DEP,48029.59,406709949.22
PRG-AURORA,Aurora Deep-Space Relay,SATELLITE,NS20,2025,4,2025-04-01,2025-04,MAT,255901.58,406709949.22
PRG-AURORA,Aurora Deep-Space Relay,SATELLITE,NS20,2025,4,2025-04-01,2025-04,OTH,5451.03,406709949.22
PRG-AURORA,Aurora Deep-Space Relay,SATELLITE,NS20,2025,4,2025-04-01,2025-04,OVH,24425.9,406709949.22
PRG-AURORA,Aurora Deep-Space Relay,SATELLITE,NS20,2025,4,2025-04-01,2025-04,PER,31677.58,406709949.22
PRG-AURORA,Aurora Deep-Space Relay,SATELLITE,NS20,2025,4,2025-04-01,2025-04,SUB,565345.52,406709949.22
PRG-AURORA,Aurora Deep-Space Relay,SATELLITE,NS20,2025,5,2025-05-01,2025-05,DEP,25812.49,406709949.22
PRG-AURORA,Aurora Deep-Space Relay,SATELLITE,NS20,2025,5,2025-05-01,2025-05,MAT,319912.66,406709949.22
PRG-AURORA,Aurora Deep-Space Relay,SATELLITE,NS20,2025,5,2025-05-01,2025-05,OTH,7277.82,406709949.22
PRG-AURORA,Aurora Deep-Space Relay,SATELLITE,NS20,2025,5,2025-05-01,2025-05,OVH,30750.93,406709949.22
PRG-AURORA,Aurora Deep-Space Relay,SATELLITE,NS20,2025,5,2025-05-01,2025-05,PER,35224.33,406709949.22
PRG-AURORA,Aurora Deep-Space Relay,SATELLITE,NS20,2025,5,2025-05-01,2025-05,SUB,435904.89,406709949.22
PRG-AURORA,Aurora Deep-Space Relay,SATELLITE,NS20,2025,6,2025-06-01,2025-06,DEP,26744.76,406709949.22
PRG-AURORA,Aurora Deep-Space Relay,SATELLITE,NS20,2025,6,2025-06-01,2025-06,MAT,343705.5,406709949.22
PRG-AURORA,Aurora Deep-Space Relay,SATELLITE,NS20,2025,6,2025-06-01,2025-06,OTH,859.79,406709949.22
PRG-AURORA,Aurora Deep-Space Relay,SATELLITE,NS20,2025,6,2025-06-01,2025-06,OVH,32292.27,406709949.22
PRG-AURORA,Aurora Deep-Space Relay,SATELLITE,NS20,2025,6,2025-06-01,2025-06,PER,65767.17,406709949.22
PRG-AURORA,Aurora Deep-Space Relay,SATELLITE,NS20,2025,6,2025-06-01,2025-06,SUB,674628.69,406709949.22
PRG-AURORA,Aurora Deep-Space Relay,SATELLITE,NS20,2025,7,2025-07-01,2025-07,DEP,16662.23,406709949.22
PRG-AURORA,Aurora Deep-Space Relay,SATELLITE,NS20,2025,7,2025-07-01,2025-07,MAT,345437.58,406709949.22
PRG-AURORA,Aurora Deep-Space Relay,SATELLITE,NS20,2025,7,2025-07-01,2025-07,OTH,4449.71,406709949.22
PRG-AURORA,Aurora Deep-Space Relay,SATELLITE,NS20,2025,7,2025-07-01,2025-07,OVH,25942.72,406709949.22
PRG-AURORA,Aurora Deep-Space Relay,SATELLITE,NS20,2025,7,2025-07-01,2025-07,PER,30685.82,406709949.22
PRG-AURORA,Aurora Deep-Space Relay,SATELLITE,NS20,2025,7,2025-07-01,2025-07,SUB,655798.1,406709949.22
PRG-AURORA,Aurora Deep-Space Relay,SATELLITE,NS20,2025,8,2025-08-01,2025-08,DEP,52001.53,406709949.22
PRG-AURORA,Aurora Deep-Space Relay,SATELLITE,NS20,2025,8,2025-08-01,2025-08,MAT,356190.13,406709949.22
PRG-AURORA,Aurora Deep-Space Relay,SATELLITE,NS20,2025,8,2025-08-01,2025-08,OTH,2848.73,406709949.22
PRG-AURORA,Aurora Deep-Space Relay,SATELLITE,NS20,2025,8,2025-08-01,2025-08,OVH,44081.78,406709949.22
PRG-AURORA,Aurora Deep-Space Relay,SATELLITE,NS20,2025,8,2025-08-01,2025-08,PER,34244.02,406709949.22
PRG-AURORA,Aurora Deep-Space Relay,SATELLITE,NS20,2025,8,2025-08-01,2025-08,SUB,516301.1,406709949.22
PRG-AURORA,Aurora Deep-Space Relay,SATELLITE,NS20,2025,9,2025-09-01,2025-09,DEP,34869.8,406709949.22
PRG-AURORA,Aurora Deep-Space Relay,SATELLITE,NS20,2025,9,2025-09-01,2025-09,MAT,306871.22,406709949.22
PRG-AURORA,Aurora Deep-Space Relay,SATELLITE,NS20,2025,9,2025-09-01,2025-09,OTH,9728.17,406709949.22
PRG-AURORA,Aurora Deep-Space Relay,SATELLITE,NS20,2025,9,2025-09-01,2025-09,OVH,44959.92,406709949.22
PRG-AURORA,Aurora Deep-Space Relay,SATELLITE,NS20,2025,9,2025-09-01,2025-09,PER,59036.21,406709949.22
PRG-AURORA,Aurora Deep-Space Relay,SATELLITE,NS20,2025,9,2025-09-01,2025-09,SUB,468761.89,406709949.22
PRG-AURORA,Aurora Deep-Space Relay,SATELLITE,NS20,2025,10,2025-10-01,2025-10,DEP,18861.49,406709949.22
PRG-AURORA,Aurora Deep-Space Relay,SATELLITE,NS20,2025,10,2025-10-01,2025-10,MAT,340703.89,406709949.22
PRG-AURORA,Aurora Deep-Space Relay,SATELLITE,NS20,2025,10,2025-10-01,2025-10,OTH,1582.49,406709949.22
PRG-AURORA,Aurora Deep-Space Relay,SATELLITE,NS20,2025,10,2025-10-01,2025-10,OVH,35148.27,406709949.22
PRG-AURORA,Aurora Deep-Space Relay,SATELLITE,NS20,2025,10,2025-10-01,2025-10,PER,30197.93,406709949.22
PRG-AURORA,Aurora Deep-Space Relay,SATELLITE,NS20,2025,10,2025-10-01,2025-10,SUB,506398.08,406709949.22
PRG-AURORA,Aurora Deep-Space Relay,SATELLITE,NS20,2025,11,2025-11-01,2025-11,DEP,44816.58,406709949.22
PRG-AURORA,Aurora Deep-Space Relay,SATELLITE,NS20,2025,11,2025-11-01,2025-11,MAT,297538.6,406709949.22
PRG-AURORA,Aurora Deep-Space Relay,SATELLITE,NS20,2025,11,2025-11-01,2025-11,OTH,8100.89,406709949.22
PRG-AURORA,Aurora Deep-Space Relay,SATELLITE,NS20,2025,11,2025-11-01,2025-11,OVH,36741.25,406709949.22
PRG-AURORA,Aurora Deep-Space Relay,SATELLITE,NS20,2025,11,2025-11-01,2025-11,PER,32370.83,406709949.22
PRG-AURORA,Aurora Deep-Space Relay,SATELLITE,NS20,2025,11,2025-11-01,2025-11,SUB,685911.02,406709949.22
PRG-AURORA,Aurora Deep-Space Relay,SATELLITE,NS20,2025,12,2025-12-01,2025-12,DEP,29514.07,406709949.22
PRG-AURORA,Aurora Deep-Space Relay,SATELLITE,NS20,2025,12,2025-12-01,2025-12,MAT,269330.64,406709949.22
PRG-AURORA,Aurora Deep-Space Relay,SATELLITE,NS20,2025,12,2025-12-01,2025-12,OTH,1106.36,406709949.22
PRG-AURORA,Aurora Deep-Space Relay,SATELLITE,NS20,2025,12,2025-12-01,2025-12,OVH,36786.91,406709949.22
PRG-AURORA,Aurora Deep-Space Relay,SATELLITE,NS20,2025,12,2025-12-01,2025-12,PER,32686.9,406709949.22
PRG-AURORA,Aurora Deep-Space Relay,SATELLITE,NS20,2025,12,2025-12-01,2025-12,SUB,551682.68,406709949.22
PRG-AURORA,Aurora Deep-Space Relay,SATELLITE,NS20,2025,13,2025-12-01,2025-12,MAT,5286.51,406709949.22
PRG-AURORA,Aurora Deep-Space Relay,SATELLITE,NS20,2025,13,2025-12-01,2025-12,OTH,6151.26,406709949.22
PRG-AURORA,Aurora Deep-Space Relay,SATELLITE,NS20,2025,13,2025-12-01,2025-12,OVH,5575.75,406709949.22
PRG-AURORA,Aurora Deep-Space Relay,SATELLITE,NS20,2025,13,2025-12-01,2025-12,PER,11152.79,406709949.22
PRG-AURORA,Aurora Deep-Space Relay,SATELLITE,NS20,2025,13,2025-12-01,2025-12,SUB,69794.38,406709949.22
PRG-AURORA,Aurora Deep-Space Relay,SATELLITE,NS20,2025,14,2025-12-01,2025-12,MAT,12410.56,406709949.22
PRG-AURORA,Aurora Deep-Space Relay,SATELLITE,NS20,2025,14,2025-12-01,2025-12,OTH,4974.19,406709949.22
PRG-AURORA,Aurora Deep-Space Relay,SATELLITE,NS20,2025,14,2025-12-01,2025-12,OVH,5656.93,406709949.22
PRG-AURORA,Aurora Deep-Space Relay,SATELLITE,NS20,2025,14,2025-12-01,2025-12,PER,8104.97,406709949.22
PRG-AURORA,Aurora Deep-Space Relay,SATELLITE,NS20,2025,14,2025-12-01,2025-12,SUB,64095.07,406709949.22
PRG-AURORA,Aurora Deep-Space Relay,SATELLITE,NS20,2026,1,2026-01-01,2026-01,DEP,31298.85,406709949.22
PRG-AURORA,Aurora Deep-Space Relay,SATELLITE,NS20,2026,1,2026-01-01,2026-01,MAT,367298.8,406709949.22
PRG-AURORA,Aurora Deep-Space Relay,SATELLITE,NS20,2026,1,2026-01-01,2026-01,OTH,3786.32,406709949.22
PRG-AURORA,Aurora Deep-Space Relay,SATELLITE,NS20,2026,1,2026-01-01,2026-01,OVH,38004.51,406709949.22
PRG-AURORA,Aurora Deep-Space Relay,SATELLITE,NS20,2026,1,2026-01-01,2026-01,PER,39937.86,406709949.22
PRG-AURORA,Aurora Deep-Space Relay,SATELLITE,NS20,2026,1,2026-01-01,2026-01,SUB,551628.97,406709949.22
PRG-AURORA,Aurora Deep-Space Relay,SATELLITE,NS20,2026,2,2026-02-01,2026-02,DEP,47377.45,406709949.22
PRG-AURORA,Aurora Deep-Space Relay,SATELLITE,NS20,2026,2,2026-02-01,2026-02,MAT,315212.47,406709949.22
PRG-AURORA,Aurora Deep-Space Relay,SATELLITE,NS20,2026,2,2026-02-01,2026-02,OTH,8622.72,406709949.22
PRG-AURORA,Aurora Deep-Space Relay,SATELLITE,NS20,2026,2,2026-02-01,2026-02,OVH,36398.61,406709949.22
PRG-AURORA,Aurora Deep-Space Relay,SATELLITE,NS20,2026,2,2026-02-01,2026-02,PER,49503.67,406709949.22
PRG-AURORA,Aurora Deep-Space Relay,SATELLITE,NS20,2026,2,2026-02-01,2026-02,SUB,616191.76,406709949.22
PRG-AURORA,Aurora Deep-Space Relay,SATELLITE,NS20,2026,3,2026-03-01,2026-03,DEP,27567.19,406709949.22
PRG-AURORA,Aurora Deep-Space Relay,SATELLITE,NS20,2026,3,2026-03-01,2026-03,MAT,254549.36,406709949.22
PRG-AURORA,Aurora Deep-Space Relay,SATELLITE,NS20,2026,3,2026-03-01,2026-03,OTH,5443.61,406709949.22
PRG-AURORA,Aurora Deep-Space Relay,SATELLITE,NS20,2026,3,2026-03-01,2026-03,OVH,36957.27,406709949.22
PRG-AURORA,Aurora Deep-Space Relay,SATELLITE,NS20,2026,3,2026-03-01,2026-03,PER,39127.65,406709949.22
PRG-AURORA,Aurora Deep-Space Relay,SATELLITE,NS20,2026,3,2026-03-01,2026-03,SUB,577863.85,406709949.22
PRG-AURORA,Aurora Deep-Space Relay,SATELLITE,NS20,2026,4,2026-04-01,2026-04,DEP,46768.36,406709949.22
PRG-AURORA,Aurora Deep-Space Relay,SATELLITE,NS20,2026,4,2026-04-01,2026-04,MAT,414153.81,406709949.22
PRG-AURORA,Aurora Deep-Space Relay,SATELLITE,NS20,2026,4,2026-04-01,2026-04,OTH,467.42,406709949.22
PRG-AURORA,Aurora Deep-Space Relay,SATELLITE,NS20,2026,4,2026-04-01,2026-04,OVH,39071.86,406709949.22
PRG-AURORA,Aurora Deep-Space Relay,SATELLITE,NS20,2026,4,2026-04-01,2026-04,PER,43023.7,406709949.22
PRG-AURORA,Aurora Deep-Space Relay,SATELLITE,NS20,2026,4,2026-04-01,2026-04,SUB,574962.9,406709949.22
PRG-AURORA,Aurora Deep-Space Relay,SATELLITE,NS20,2026,5,2026-05-01,2026-05,DEP,32974.89,406709949.22
PRG-AURORA,Aurora Deep-Space Relay,SATELLITE,NS20,2026,5,2026-05-01,2026-05,MAT,315530.22,406709949.22
PRG-AURORA,Aurora Deep-Space Relay,SATELLITE,NS20,2026,5,2026-05-01,2026-05,OTH,2966.21,406709949.22
PRG-AURORA,Aurora Deep-Space Relay,SATELLITE,NS20,2026,5,2026-05-01,2026-05,OVH,30837.08,406709949.22
PRG-AURORA,Aurora Deep-Space Relay,SATELLITE,NS20,2026,5,2026-05-01,2026-05,PER,39583.75,406709949.22
PRG-AURORA,Aurora Deep-Space Relay,SATELLITE,NS20,2026,5,2026-05-01,2026-05,SUB,465000.32,406709949.22
PRG-AURORA,Aurora Deep-Space Relay,SATELLITE,NS20,2026,6,2026-06-01,2026-06,DEP,26272.18,406709949.22
PRG-AURORA,Aurora Deep-Space Relay,SATELLITE,NS20,2026,6,2026-06-01,2026-06,MAT,283803.79,406709949.22
PRG-AURORA,Aurora Deep-Space Relay,SATELLITE,NS20,2026,6,2026-06-01,2026-06,OTH,3012.21,406709949.22
PRG-AURORA,Aurora Deep-Space Relay,SATELLITE,NS20,2026,6,2026-06-01,2026-06,OVH,26571.3,406709949.22
PRG-AURORA,Aurora Deep-Space Relay,SATELLITE,NS20,2026,6,2026-06-01,2026-06,PER,38697.12,406709949.22
PRG-AURORA,Aurora Deep-Space Relay,SATELLITE,NS20,2026,6,2026-06-01,2026-06,SUB,478978.49,406709949.22
PRG-AURORA,Aurora Deep-Space Relay,SATELLITE,NS30,2023,4,2023-04-01,2023-04,DEP,96461.91,406709949.22
PRG-AURORA,Aurora Deep-Space Relay,SATELLITE,NS30,2023,4,2023-04-01,2023-04,MAT,1245883.73,406709949.22
PRG-AURORA,Aurora Deep-Space Relay,SATELLITE,NS30,2023,4,2023-04-01,2023-04,OTH,26769.53,406709949.22
PRG-AURORA,Aurora Deep-Space Relay,SATELLITE,NS30,2023,4,2023-04-01,2023-04,OVH,196318.36,406709949.22
PRG-AURORA,Aurora Deep-Space Relay,SATELLITE,NS30,2023,4,2023-04-01,2023-04,PER,191286.98,406709949.22
PRG-AURORA,Aurora Deep-Space Relay,SATELLITE,NS30,2023,4,2023-04-01,2023-04,SUB,1842529.05,406709949.22
PRG-AURORA,Aurora Deep-Space Relay,SATELLITE,NS30,2023,5,2023-05-01,2023-05,DEP,135991.41,406709949.22
PRG-AURORA,Aurora Deep-Space Relay,SATELLITE,NS30,2023,5,2023-05-01,2023-05,MAT,1013327.97,406709949.22
PRG-AURORA,Aurora Deep-Space Relay,SATELLITE,NS30,2023,5,2023-05-01,2023-05,OTH,25425.45,406709949.22
PRG-AURORA,Aurora Deep-Space Relay,SATELLITE,NS30,2023,5,2023-05-01,2023-05,OVH,181324.7,406709949.22
PRG-AURORA,Aurora Deep-Space Relay,SATELLITE,NS30,2023,5,2023-05-01,2023-05,PER,143500.19,406709949.22
PRG-AURORA,Aurora Deep-Space Relay,SATELLITE,NS30,2023,5,2023-05-01,2023-05,SUB,1758271.72,406709949.22
PRG-AURORA,Aurora Deep-Space Relay,SATELLITE,NS30,2023,6,2023-06-01,2023-06,DEP,107028.62,406709949.22
PRG-AURORA,Aurora Deep-Space Relay,SATELLITE,NS30,2023,6,2023-06-01,2023-06,MAT,828165.6,406709949.22
PRG-AURORA,Aurora Deep-Space Relay,SATELLITE,NS30,2023,6,2023-06-01,2023-06,OTH,9410.89,406709949.22
PRG-AURORA,Aurora Deep-Space Relay,SATELLITE,NS30,2023,6,2023-06-01,2023-06,OVH,158278.57,406709949.22
PRG-AURORA,Aurora Deep-Space Relay,SATELLITE,NS30,2023,6,2023-06-01,2023-06,PER,109875.3,406709949.22
PRG-AURORA,Aurora Deep-Space Relay,SATELLITE,NS30,2023,6,2023-06-01,2023-06,SUB,1877874.81,406709949.22
PRG-AURORA,Aurora Deep-Space Relay,SATELLITE,NS30,2023,7,2023-07-01,2023-07,DEP,100675.69,406709949.22
PRG-AURORA,Aurora Deep-Space Relay,SATELLITE,NS30,2023,7,2023-07-01,2023-07,MAT,895160.23,406709949.22
PRG-AURORA,Aurora Deep-Space Relay,SATELLITE,NS30,2023,7,2023-07-01,2023-07,OTH,19244.65,406709949.22
PRG-AURORA,Aurora Deep-Space Relay,SATELLITE,NS30,2023,7,2023-07-01,2023-07,OVH,159941.8,406709949.22
PRG-AURORA,Aurora Deep-Space Relay,SATELLITE,NS30,2023,7,2023-07-01,2023-07,PER,144609.36,406709949.22
PRG-AURORA,Aurora Deep-Space Relay,SATELLITE,NS30,2023,7,2023-07-01,2023-07,SUB,1408400.13,406709949.22
PRG-AURORA,Aurora Deep-Space Relay,SATELLITE,NS30,2023,8,2023-08-01,2023-08,DEP,94185.3,406709949.22
PRG-AURORA,Aurora Deep-Space Relay,SATELLITE,NS30,2023,8,2023-08-01,2023-08,MAT,1073011.47,406709949.22
PRG-AURORA,Aurora Deep-Space Relay,SATELLITE,NS30,2023,8,2023-08-01,2023-08,OTH,33572.54,406709949.22
PRG-AURORA,Aurora Deep-Space Relay,SATELLITE,NS30,2023,8,2023-08-01,2023-08,OVH,172780.75,406709949.22
PRG-AURORA,Aurora Deep-Space Relay,SATELLITE,NS30,2023,8,2023-08-01,2023-08,PER,127086.2,406709949.22
PRG-AURORA,Aurora Deep-Space Relay,SATELLITE,NS30,2023,8,2023-08-01,2023-08,SUB,1539691.48,406709949.22
PRG-AURORA,Aurora Deep-Space Relay,SATELLITE,NS30,2023,9,2023-09-01,2023-09,DEP,112768.83,406709949.22
PRG-AURORA,Aurora Deep-Space Relay,SATELLITE,NS30,2023,9,2023-09-01,2023-09,MAT,1144841.1,406709949.22
PRG-AURORA,Aurora Deep-Space Relay,SATELLITE,NS30,2023,9,2023-09-01,2023-09,OTH,27352.37,406709949.22
PRG-AURORA,Aurora Deep-Space Relay,SATELLITE,NS30,2023,9,2023-09-01,2023-09,OVH,221056.73,406709949.22
PRG-AURORA,Aurora Deep-Space Relay,SATELLITE,NS30,2023,9,2023-09-01,2023-09,PER,151720.11,406709949.22
PRG-AURORA,Aurora Deep-Space Relay,SATELLITE,NS30,2023,9,2023-09-01,2023-09,SUB,1870620.13,406709949.22
PRG-AURORA,Aurora Deep-Space Relay,SATELLITE,NS30,2023,10,2023-10-01,2023-10,DEP,138148.38,406709949.22
PRG-AURORA,Aurora Deep-Space Relay,SATELLITE,NS30,2023,10,2023-10-01,2023-10,MAT,962763.16,406709949.22
PRG-AURORA,Aurora Deep-Space Relay,SATELLITE,NS30,2023,10,2023-10-01,2023-10,OTH,28491.6,406709949.22
PRG-AURORA,Aurora Deep-Space Relay,SATELLITE,NS30,2023,10,2023-10-01,2023-10,OVH,171534.99,406709949.22
PRG-AURORA,Aurora Deep-Space Relay,SATELLITE,NS30,2023,10,2023-10-01,2023-10,PER,165416.46,406709949.22
PRG-AURORA,Aurora Deep-Space Relay,SATELLITE,NS30,2023,10,2023-10-01,2023-10,SUB,1689284.69,406709949.22
PRG-AURORA,Aurora Deep-Space Relay,SATELLITE,NS30,2023,11,2023-11-01,2023-11,DEP,99644.15,406709949.22
PRG-AURORA,Aurora Deep-Space Relay,SATELLITE,NS30,2023,11,2023-11-01,2023-11,MAT,911584.78,406709949.22
PRG-AURORA,Aurora Deep-Space Relay,SATELLITE,NS30,2023,11,2023-11-01,2023-11,OTH,13348.01,406709949.22
PRG-AURORA,Aurora Deep-Space Relay,SATELLITE,NS30,2023,11,2023-11-01,2023-11,OVH,193507.34,406709949.22
PRG-AURORA,Aurora Deep-Space Relay,SATELLITE,NS30,2023,11,2023-11-01,2023-11,PER,90627.37,406709949.22
PRG-AURORA,Aurora Deep-Space Relay,SATELLITE,NS30,2023,11,2023-11-01,2023-11,SUB,1786187.18,406709949.22
PRG-AURORA,Aurora Deep-Space Relay,SATELLITE,NS30,2023,12,2023-12-01,2023-12,DEP,108390.51,406709949.22
PRG-AURORA,Aurora Deep-Space Relay,SATELLITE,NS30,2023,12,2023-12-01,2023-12,MAT,1110376.81,406709949.22
PRG-AURORA,Aurora Deep-Space Relay,SATELLITE,NS30,2023,12,2023-12-01,2023-12,OTH,39724.95,406709949.22
PRG-AURORA,Aurora Deep-Space Relay,SATELLITE,NS30,2023,12,2023-12-01,2023-12,OVH,215414.97,406709949.22
PRG-AURORA,Aurora Deep-Space Relay,SATELLITE,NS30,2023,12,2023-12-01,2023-12,PER,151118.5,406709949.22
PRG-AURORA,Aurora Deep-Space Relay,SATELLITE,NS30,2023,12,2023-12-01,2023-12,SUB,1737977.17,406709949.22
PRG-AURORA,Aurora Deep-Space Relay,SATELLITE,NS30,2023,13,2023-12-01,2023-12,MAT,19186.76,406709949.22
PRG-AURORA,Aurora Deep-Space Relay,SATELLITE,NS30,2023,13,2023-12-01,2023-12,OTH,9890.04,406709949.22
PRG-AURORA,Aurora Deep-Space Relay,SATELLITE,NS30,2023,13,2023-12-01,2023-12,OVH,12745.32,406709949.22
PRG-AURORA,Aurora Deep-Space Relay,SATELLITE,NS30,2023,13,2023-12-01,2023-12,PER,26366.37,406709949.22
PRG-AURORA,Aurora Deep-Space Relay,SATELLITE,NS30,2023,13,2023-12-01,2023-12,SUB,173933.06,406709949.22
PRG-AURORA,Aurora Deep-Space Relay,SATELLITE,NS30,2023,14,2023-12-01,2023-12,MAT,34770.12,406709949.22
PRG-AURORA,Aurora Deep-Space Relay,SATELLITE,NS30,2023,14,2023-12-01,2023-12,OTH,7722.26,406709949.22
PRG-AURORA,Aurora Deep-Space Relay,SATELLITE,NS30,2023,14,2023-12-01,2023-12,OVH,22186.93,406709949.22
PRG-AURORA,Aurora Deep-Space Relay,SATELLITE,NS30,2023,14,2023-12-01,2023-12,PER,20073.3,406709949.22
PRG-AURORA,Aurora Deep-Space Relay,SATELLITE,NS30,2023,14,2023-12-01,2023-12,SUB,190920.5,406709949.22
PRG-AURORA,Aurora Deep-Space Relay,SATELLITE,NS30,2024,1,2024-01-01,2024-01,DEP,87725.39,406709949.22
PRG-AURORA,Aurora Deep-Space Relay,SATELLITE,NS30,2024,1,2024-01-01,2024-01,MAT,987771.72,406709949.22
PRG-AURORA,Aurora Deep-Space Relay,SATELLITE,NS30,2024,1,2024-01-01,2024-01,OTH,18373.81,406709949.22
PRG-AURORA,Aurora Deep-Space Relay,SATELLITE,NS30,2024,1,2024-01-01,2024-01,OVH,180636.61,406709949.22
PRG-AURORA,Aurora Deep-Space Relay,SATELLITE,NS30,2024,1,2024-01-01,2024-01,PER,149647.44,406709949.22
PRG-AURORA,Aurora Deep-Space Relay,SATELLITE,NS30,2024,1,2024-01-01,2024-01,SUB,1733839.64,406709949.22
PRG-AURORA,Aurora Deep-Space Relay,SATELLITE,NS30,2024,2,2024-02-01,2024-02,DEP,75742.01,406709949.22
PRG-AURORA,Aurora Deep-Space Relay,SATELLITE,NS30,2024,2,2024-02-01,2024-02,MAT,848350.4,406709949.22
PRG-AURORA,Aurora Deep-Space Relay,SATELLITE,NS30,2024,2,2024-02-01,2024-02,OTH,15096.78,406709949.22
PRG-AURORA,Aurora Deep-Space Relay,SATELLITE,NS30,2024,2,2024-02-01,2024-02,OVH,170811.29,406709949.22
PRG-AURORA,Aurora Deep-Space Relay,SATELLITE,NS30,2024,2,2024-02-01,2024-02,PER,131384.08,406709949.22
PRG-AURORA,Aurora Deep-Space Relay,SATELLITE,NS30,2024,2,2024-02-01,2024-02,SUB,1958535.51,406709949.22
PRG-AURORA,Aurora Deep-Space Relay,SATELLITE,NS30,2024,3,2024-03-01,2024-03,DEP,105384.6,406709949.22
PRG-AURORA,Aurora Deep-Space Relay,SATELLITE,NS30,2024,3,2024-03-01,2024-03,MAT,887383.43,406709949.22
PRG-AURORA,Aurora Deep-Space Relay,SATELLITE,NS30,2024,3,2024-03-01,2024-03,OTH,27856.87,406709949.22
PRG-AURORA,Aurora Deep-Space Relay,SATELLITE,NS30,2024,3,2024-03-01,2024-03,OVH,179494.89,406709949.22
PRG-AURORA,Aurora Deep-Space Relay,SATELLITE,NS30,2024,3,2024-03-01,2024-03,PER,125249.65,406709949.22
PRG-AURORA,Aurora Deep-Space Relay,SATELLITE,NS30,2024,3,2024-03-01,2024-03,SUB,1692901.72,406709949.22
PRG-AURORA,Aurora Deep-Space Relay,SATELLITE,NS30,2024,4,2024-04-01,2024-04,DEP,117340.54,406709949.22
PRG-AURORA,Aurora Deep-Space Relay,SATELLITE,NS30,2024,4,2024-04-01,2024-04,MAT,1042774.94,406709949.22
PRG-AURORA,Aurora Deep-Space Relay,SATELLITE,NS30,2024,4,2024-04-01,2024-04,OTH,16908.77,406709949.22
PRG-AURORA,Aurora Deep-Space Relay,SATELLITE,NS30,2024,4,2024-04-01,2024-04,OVH,232875.3,406709949.22
PRG-AURORA,Aurora Deep-Space Relay,SATELLITE,NS30,2024,4,2024-04-01,2024-04,PER,115799.33,406709949.22
PRG-AURORA,Aurora Deep-Space Relay,SATELLITE,NS30,2024,4,2024-04-01,2024-04,SUB,1778877.34,406709949.22
PRG-AURORA,Aurora Deep-Space Relay,SATELLITE,NS30,2024,5,2024-05-01,2024-05,DEP,88312.24,406709949.22
PRG-AURORA,Aurora Deep-Space Relay,SATELLITE,NS30,2024,5,2024-05-01,2024-05,MAT,999480.95,406709949.22
PRG-AURORA,Aurora Deep-Space Relay,SATELLITE,NS30,2024,5,2024-05-01,2024-05,OTH,22725.55,406709949.22
PRG-AURORA,Aurora Deep-Space Relay,SATELLITE,NS30,2024,5,2024-05-01,2024-05,OVH,184506.15,406709949.22
PRG-AURORA,Aurora Deep-Space Relay,SATELLITE,NS30,2024,5,2024-05-01,2024-05,PER,166162.4,406709949.22
PRG-AURORA,Aurora Deep-Space Relay,SATELLITE,NS30,2024,5,2024-05-01,2024-05,SUB,1735909.14,406709949.22
PRG-AURORA,Aurora Deep-Space Relay,SATELLITE,NS30,2024,6,2024-06-01,2024-06,DEP,89859.42,406709949.22
PRG-AURORA,Aurora Deep-Space Relay,SATELLITE,NS30,2024,6,2024-06-01,2024-06,MAT,1032457.11,406709949.22
PRG-AURORA,Aurora Deep-Space Relay,SATELLITE,NS30,2024,6,2024-06-01,2024-06,OTH,17790.25,406709949.22
PRG-AURORA,Aurora Deep-Space Relay,SATELLITE,NS30,2024,6,2024-06-01,2024-06,OVH,152350.99,406709949.22
PRG-AURORA,Aurora Deep-Space Relay,SATELLITE,NS30,2024,6,2024-06-01,2024-06,PER,152364.48,406709949.22
PRG-AURORA,Aurora Deep-Space Relay,SATELLITE,NS30,2024,6,2024-06-01,2024-06,SUB,1909934.99,406709949.22
PRG-AURORA,Aurora Deep-Space Relay,SATELLITE,NS30,2024,7,2024-07-01,2024-07,DEP,96948.86,406709949.22
PRG-AURORA,Aurora Deep-Space Relay,SATELLITE,NS30,2024,7,2024-07-01,2024-07,MAT,931851.02,406709949.22
PRG-AURORA,Aurora Deep-Space Relay,SATELLITE,NS30,2024,7,2024-07-01,2024-07,OTH,20361.97,406709949.22
PRG-AURORA,Aurora Deep-Space Relay,SATELLITE,NS30,2024,7,2024-07-01,2024-07,OVH,159668.11,406709949.22
PRG-AURORA,Aurora Deep-Space Relay,SATELLITE,NS30,2024,7,2024-07-01,2024-07,PER,136025.07,406709949.22
PRG-AURORA,Aurora Deep-Space Relay,SATELLITE,NS30,2024,7,2024-07-01,2024-07,SUB,1595141.25,406709949.22
PRG-AURORA,Aurora Deep-Space Relay,SATELLITE,NS30,2024,8,2024-08-01,2024-08,DEP,99639.37,406709949.22
PRG-AURORA,Aurora Deep-Space Relay,SATELLITE,NS30,2024,8,2024-08-01,2024-08,MAT,1062603.36,406709949.22
PRG-AURORA,Aurora Deep-Space Relay,SATELLITE,NS30,2024,8,2024-08-01,2024-08,OTH,29426.03,406709949.22
PRG-AURORA,Aurora Deep-Space Relay,SATELLITE,NS30,2024,8,2024-08-01,2024-08,OVH,187305.75,406709949.22
PRG-AURORA,Aurora Deep-Space Relay,SATELLITE,NS30,2024,8,2024-08-01,2024-08,PER,137156.36,406709949.22
PRG-AURORA,Aurora Deep-Space Relay,SATELLITE,NS30,2024,8,2024-08-01,2024-08,SUB,1605914.97,406709949.22
PRG-AURORA,Aurora Deep-Space Relay,SATELLITE,NS30,2024,9,2024-09-01,2024-09,DEP,84544.42,406709949.22
PRG-AURORA,Aurora Deep-Space Relay,SATELLITE,NS30,2024,9,2024-09-01,2024-09,MAT,1129239.32,406709949.22
PRG-AURORA,Aurora Deep-Space Relay,SATELLITE,NS30,2024,9,2024-09-01,2024-09,OTH,19476.94,406709949.22
PRG-AURORA,Aurora Deep-Space Relay,SATELLITE,NS30,2024,9,2024-09-01,2024-09,OVH,156292.07,406709949.22
PRG-AURORA,Aurora Deep-Space Relay,SATELLITE,NS30,2024,9,2024-09-01,2024-09,PER,100790.12,406709949.22
PRG-AURORA,Aurora Deep-Space Relay,SATELLITE,NS30,2024,9,2024-09-01,2024-09,SUB,1892654.15,406709949.22
PRG-AURORA,Aurora Deep-Space Relay,SATELLITE,NS30,2024,10,2024-10-01,2024-10,DEP,134181.87,406709949.22
PRG-AURORA,Aurora Deep-Space Relay,SATELLITE,NS30,2024,10,2024-10-01,2024-10,MAT,951010.94,406709949.22
PRG-AURORA,Aurora Deep-Space Relay,SATELLITE,NS30,2024,10,2024-10-01,2024-10,OTH,16653.57,406709949.22
PRG-AURORA,Aurora Deep-Space Relay,SATELLITE,NS30,2024,10,2024-10-01,2024-10,OVH,168404.2,406709949.22
PRG-AURORA,Aurora Deep-Space Relay,SATELLITE,NS30,2024,10,2024-10-01,2024-10,PER,138506.81,406709949.22
PRG-AURORA,Aurora Deep-Space Relay,SATELLITE,NS30,2024,10,2024-10-01,2024-10,SUB,1753958.06,406709949.22
PRG-AURORA,Aurora Deep-Space Relay,SATELLITE,NS30,2024,11,2024-11-01,2024-11,DEP,110969.71,406709949.22
PRG-AURORA,Aurora Deep-Space Relay,SATELLITE,NS30,2024,11,2024-11-01,2024-11,MAT,1107491.17,406709949.22
PRG-AURORA,Aurora Deep-Space Relay,SATELLITE,NS30,2024,11,2024-11-01,2024-11,OTH,25379.53,406709949.22
PRG-AURORA,Aurora Deep-Space Relay,SATELLITE,NS30,2024,11,2024-11-01,2024-11,OVH,170343.06,406709949.22
PRG-AURORA,Aurora Deep-Space Relay,SATELLITE,NS30,2024,11,2024-11-01,2024-11,PER,165038.08,406709949.22
PRG-AURORA,Aurora Deep-Space Relay,SATELLITE,NS30,2024,11,2024-11-01,2024-11,SUB,1809216.81,406709949.22
PRG-AURORA,Aurora Deep-Space Relay,SATELLITE,NS30,2024,12,2024-12-01,2024-12,DEP,89909.96,406709949.22
PRG-AURORA,Aurora Deep-Space Relay,SATELLITE,NS30,2024,12,2024-12-01,2024-12,MAT,1019925.79,406709949.22
PRG-AURORA,Aurora Deep-Space Relay,SATELLITE,NS30,2024,12,2024-12-01,2024-12,OTH,22713.52,406709949.22
PRG-AURORA,Aurora Deep-Space Relay,SATELLITE,NS30,2024,12,2024-12-01,2024-12,OVH,147882.76,406709949.22
PRG-AURORA,Aurora Deep-Space Relay,SATELLITE,NS30,2024,12,2024-12-01,2024-12,PER,145050.93,406709949.22
PRG-AURORA,Aurora Deep-Space Relay,SATELLITE,NS30,2024,12,2024-12-01,2024-12,SUB,1555838.54,406709949.22
PRG-AURORA,Aurora Deep-Space Relay,SATELLITE,NS30,2024,13,2024-12-01,2024-12,MAT,13592.55,406709949.22
PRG-AURORA,Aurora Deep-Space Relay,SATELLITE,NS30,2024,13,2024-12-01,2024-12,OTH,17177.38,406709949.22
PRG-AURORA,Aurora Deep-Space Relay,SATELLITE,NS30,2024,13,2024-12-01,2024-12,OVH,18622.22,406709949.22
PRG-AURORA,Aurora Deep-Space Relay,SATELLITE,NS30,2024,13,2024-12-01,2024-12,PER,34282.8,406709949.22
PRG-AURORA,Aurora Deep-Space Relay,SATELLITE,NS30,2024,13,2024-12-01,2024-12,SUB,133177.98,406709949.22
PRG-AURORA,Aurora Deep-Space Relay,SATELLITE,NS30,2024,14,2024-12-01,2024-12,MAT,37784.47,406709949.22
PRG-AURORA,Aurora Deep-Space Relay,SATELLITE,NS30,2024,14,2024-12-01,2024-12,OTH,11453.96,406709949.22
PRG-AURORA,Aurora Deep-Space Relay,SATELLITE,NS30,2024,14,2024-12-01,2024-12,OVH,26016.3,406709949.22
PRG-AURORA,Aurora Deep-Space Relay,SATELLITE,NS30,2024,14,2024-12-01,2024-12,PER,34385.32,406709949.22
PRG-AURORA,Aurora Deep-Space Relay,SATELLITE,NS30,2024,14,2024-12-01,2024-12,SUB,254125.99,406709949.22
PRG-AURORA,Aurora Deep-Space Relay,SATELLITE,NS30,2025,1,2025-01-01,2025-01,DEP,92261.2,406709949.22
PRG-AURORA,Aurora Deep-Space Relay,SATELLITE,NS30,2025,1,2025-01-01,2025-01,MAT,1012522.92,406709949.22
PRG-AURORA,Aurora Deep-Space Relay,SATELLITE,NS30,2025,1,2025-01-01,2025-01,OTH,11779.61,406709949.22
PRG-AURORA,Aurora Deep-Space Relay,SATELLITE,NS30,2025,1,2025-01-01,2025-01,OVH,177217.57,406709949.22
PRG-AURORA,Aurora Deep-Space Relay,SATELLITE,NS30,2025,1,2025-01-01,2025-01,PER,129214.57,406709949.22
PRG-AURORA,Aurora Deep-Space Relay,SATELLITE,NS30,2025,1,2025-01-01,2025-01,SUB,1955011.09,406709949.22
PRG-AURORA,Aurora Deep-Space Relay,SATELLITE,NS30,2025,2,2025-02-01,2025-02,DEP,107946.41,406709949.22
PRG-AURORA,Aurora Deep-Space Relay,SATELLITE,NS30,2025,2,2025-02-01,2025-02,MAT,1230381.41,406709949.22
PRG-AURORA,Aurora Deep-Space Relay,SATELLITE,NS30,2025,2,2025-02-01,2025-02,OTH,32488.49,406709949.22
PRG-AURORA,Aurora Deep-Space Relay,SATELLITE,NS30,2025,2,2025-02-01,2025-02,OVH,203447.75,406709949.22
PRG-AURORA,Aurora Deep-Space Relay,SATELLITE,NS30,2025,2,2025-02-01,2025-02,PER,166187.3,406709949.22
PRG-AURORA,Aurora Deep-Space Relay,SATELLITE,NS30,2025,2,2025-02-01,2025-02,SUB,1801688.53,406709949.22
PRG-AURORA,Aurora Deep-Space Relay,SATELLITE,NS30,2025,3,2025-03-01,2025-03,DEP,93485.5,406709949.22
PRG-AURORA,Aurora Deep-Space Relay,SATELLITE,NS30,2025,3,2025-03-01,2025-03,MAT,1019699.86,406709949.22
PRG-AURORA,Aurora Deep-Space Relay,SATELLITE,NS30,2025,3,2025-03-01,2025-03,OTH,25514.81,406709949.22
PRG-AURORA,Aurora Deep-Space Relay,SATELLITE,NS30,2025,3,2025-03-01,2025-03,OVH,166645.66,406709949.22
PRG-AURORA,Aurora Deep-Space Relay,SATELLITE,NS30,2025,3,2025-03-01,2025-03,PER,115568.25,406709949.22
PRG-AURORA,Aurora Deep-Space Relay,SATELLITE,NS30,2025,3,2025-03-01,2025-03,SUB,1628680.42,406709949.22
PRG-AURORA,Aurora Deep-Space Relay,SATELLITE,NS30,2025,4,2025-04-01,2025-04,DEP,104101.43,406709949.22
PRG-AURORA,Aurora Deep-Space Relay,SATELLITE,NS30,2025,4,2025-04-01,2025-04,MAT,1097244.68,406709949.22
PRG-AURORA,Aurora Deep-Space Relay,SATELLITE,NS30,2025,4,2025-04-01,2025-04,OTH,23126.13,406709949.22
PRG-AURORA,Aurora Deep-Space Relay,SATELLITE,NS30,2025,4,2025-04-01,2025-04,OVH,199298.12,406709949.22
PRG-AURORA,Aurora Deep-Space Relay,SATELLITE,NS30,2025,4,2025-04-01,2025-04,PER,223041.21,406709949.22
PRG-AURORA,Aurora Deep-Space Relay,SATELLITE,NS30,2025,4,2025-04-01,2025-04,SUB,1891106.7,406709949.22
PRG-AURORA,Aurora Deep-Space Relay,SATELLITE,NS30,2025,5,2025-05-01,2025-05,DEP,122476.31,406709949.22
PRG-AURORA,Aurora Deep-Space Relay,SATELLITE,NS30,2025,5,2025-05-01,2025-05,MAT,977154.22,406709949.22
PRG-AURORA,Aurora Deep-Space Relay,SATELLITE,NS30,2025,5,2025-05-01,2025-05,OTH,27017.61,406709949.22
PRG-AURORA,Aurora Deep-Space Relay,SATELLITE,NS30,2025,5,2025-05-01,2025-05,OVH,198547.06,406709949.22
PRG-AURORA,Aurora Deep-Space Relay,SATELLITE,NS30,2025,5,2025-05-01,2025-05,PER,119146.86,406709949.22
PRG-AURORA,Aurora Deep-Space Relay,SATELLITE,NS30,2025,5,2025-05-01,2025-05,SUB,1667922.29,406709949.22
PRG-AURORA,Aurora Deep-Space Relay,SATELLITE,NS30,2025,6,2025-06-01,2025-06,DEP,98876.48,406709949.22
PRG-AURORA,Aurora Deep-Space Relay,SATELLITE,NS30,2025,6,2025-06-01,2025-06,MAT,968338.8,406709949.22
PRG-AURORA,Aurora Deep-Space Relay,SATELLITE,NS30,2025,6,2025-06-01,2025-06,OTH,17889.19,406709949.22
PRG-AURORA,Aurora Deep-Space Relay,SATELLITE,NS30,2025,6,2025-06-01,2025-06,OVH,206603.58,406709949.22
PRG-AURORA,Aurora Deep-Space Relay,SATELLITE,NS30,2025,6,2025-06-01,2025-06,PER,139392.94,406709949.22
PRG-AURORA,Aurora Deep-Space Relay,SATELLITE,NS30,2025,6,2025-06-01,2025-06,SUB,1636136.68,406709949.22
PRG-AURORA,Aurora Deep-Space Relay,SATELLITE,NS30,2025,7,2025-07-01,2025-07,DEP,122721.83,406709949.22
PRG-AURORA,Aurora Deep-Space Relay,SATELLITE,NS30,2025,7,2025-07-01,2025-07,MAT,1224593.77,406709949.22
PRG-AURORA,Aurora Deep-Space Relay,SATELLITE,NS30,2025,7,2025-07-01,2025-07,OTH,20601.49,406709949.22
PRG-AURORA,Aurora Deep-Space Relay,SATELLITE,NS30,2025,7,2025-07-01,2025-07,OVH,209307.09,406709949.22
PRG-AURORA,Aurora Deep-Space Relay,SATELLITE,NS30,2025,7,2025-07-01,2025-07,PER,162207.39,406709949.22
PRG-AURORA,Aurora Deep-Space Relay,SATELLITE,NS30,2025,7,2025-07-01,2025-07,SUB,1571959.98,406709949.22
PRG-AURORA,Aurora Deep-Space Relay,SATELLITE,NS30,2025,8,2025-08-01,2025-08,DEP,76710.42,406709949.22
PRG-AURORA,Aurora Deep-Space Relay,SATELLITE,NS30,2025,8,2025-08-01,2025-08,MAT,1058093.27,406709949.22
PRG-AURORA,Aurora Deep-Space Relay,SATELLITE,NS30,2025,8,2025-08-01,2025-08,OTH,26170.98,406709949.22
PRG-AURORA,Aurora Deep-Space Relay,SATELLITE,NS30,2025,8,2025-08-01,2025-08,OVH,177760.4,406709949.22
PRG-AURORA,Aurora Deep-Space Relay,SATELLITE,NS30,2025,8,2025-08-01,2025-08,PER,166942.59,406709949.22
PRG-AURORA,Aurora Deep-Space Relay,SATELLITE,NS30,2025,8,2025-08-01,2025-08,SUB,2182624.92,406709949.22
PRG-AURORA,Aurora Deep-Space Relay,SATELLITE,NS30,2025,9,2025-09-01,2025-09,DEP,150137.31,406709949.22
PRG-AURORA,Aurora Deep-Space Relay,SATELLITE,NS30,2025,9,2025-09-01,2025-09,MAT,1240418.17,406709949.22
PRG-AURORA,Aurora Deep-Space Relay,SATELLITE,NS30,2025,9,2025-09-01,2025-09,OTH,20606.56,406709949.22
PRG-AURORA,Aurora Deep-Space Relay,SATELLITE,NS30,2025,9,2025-09-01,2025-09,OVH,190963.13,406709949.22
PRG-AURORA,Aurora Deep-Space Relay,SATELLITE,NS30,2025,9,2025-09-01,2025-09,PER,149632.29,406709949.22
PRG-AURORA,Aurora Deep-Space Relay,SATELLITE,NS30,2025,9,2025-09-01,2025-09,SUB,1989277.74,406709949.22
PRG-AURORA,Aurora Deep-Space Relay,SATELLITE,NS30,2025,10,2025-10-01,2025-10,DEP,108807.4,406709949.22
PRG-AURORA,Aurora Deep-Space Relay,SATELLITE,NS30,2025,10,2025-10-01,2025-10,MAT,1121266.51,406709949.22
PRG-AURORA,Aurora Deep-Space Relay,SATELLITE,NS30,2025,10,2025-10-01,2025-10,OTH,34496.48,406709949.22
PRG-AURORA,Aurora Deep-Space Relay,SATELLITE,NS30,2025,10,2025-10-01,2025-10,OVH,224848.15,406709949.22
PRG-AURORA,Aurora Deep-Space Relay,SATELLITE,NS30,2025,10,2025-10-01,2025-10,PER,182908.78,406709949.22
PRG-AURORA,Aurora Deep-Space Relay,SATELLITE,NS30,2025,10,2025-10-01,2025-10,SUB,1921306.89,406709949.22
PRG-AURORA,Aurora Deep-Space Relay,SATELLITE,NS30,2025,11,2025-11-01,2025-11,DEP,112771.21,406709949.22
PRG-AURORA,Aurora Deep-Space Relay,SATELLITE,NS30,2025,11,2025-11-01,2025-11,MAT,1150442.36,406709949.22
PRG-AURORA,Aurora Deep-Space Relay,SATELLITE,NS30,2025,11,2025-11-01,2025-11,OTH,31226.59,406709949.22
PRG-AURORA,Aurora Deep-Space Relay,SATELLITE,NS30,2025,11,2025-11-01,2025-11,OVH,185663.79,406709949.22
PRG-AURORA,Aurora Deep-Space Relay,SATELLITE,NS30,2025,11,2025-11-01,2025-11,PER,130295.5,406709949.22
PRG-AURORA,Aurora Deep-Space Relay,SATELLITE,NS30,2025,11,2025-11-01,2025-11,SUB,1688141.31,406709949.22
PRG-AURORA,Aurora Deep-Space Relay,SATELLITE,NS30,2025,12,2025-12-01,2025-12,DEP,99223.32,406709949.22
PRG-AURORA,Aurora Deep-Space Relay,SATELLITE,NS30,2025,12,2025-12-01,2025-12,MAT,1039183.68,406709949.22
PRG-AURORA,Aurora Deep-Space Relay,SATELLITE,NS30,2025,12,2025-12-01,2025-12,OTH,15167.39,406709949.22
PRG-AURORA,Aurora Deep-Space Relay,SATELLITE,NS30,2025,12,2025-12-01,2025-12,OVH,229239.45,406709949.22
PRG-AURORA,Aurora Deep-Space Relay,SATELLITE,NS30,2025,12,2025-12-01,2025-12,PER,145661.56,406709949.22
PRG-AURORA,Aurora Deep-Space Relay,SATELLITE,NS30,2025,12,2025-12-01,2025-12,SUB,1721639.86,406709949.22
PRG-AURORA,Aurora Deep-Space Relay,SATELLITE,NS30,2025,13,2025-12-01,2025-12,MAT,38131.17,406709949.22
PRG-AURORA,Aurora Deep-Space Relay,SATELLITE,NS30,2025,13,2025-12-01,2025-12,OTH,9341.04,406709949.22
PRG-AURORA,Aurora Deep-Space Relay,SATELLITE,NS30,2025,13,2025-12-01,2025-12,OVH,25904.48,406709949.22
PRG-AURORA,Aurora Deep-Space Relay,SATELLITE,NS30,2025,13,2025-12-01,2025-12,PER,39257.51,406709949.22
PRG-AURORA,Aurora Deep-Space Relay,SATELLITE,NS30,2025,13,2025-12-01,2025-12,SUB,181140.12,406709949.22
PRG-AURORA,Aurora Deep-Space Relay,SATELLITE,NS30,2025,14,2025-12-01,2025-12,MAT,23312.57,406709949.22
PRG-AURORA,Aurora Deep-Space Relay,SATELLITE,NS30,2025,14,2025-12-01,2025-12,OTH,14910.53,406709949.22
PRG-AURORA,Aurora Deep-Space Relay,SATELLITE,NS30,2025,14,2025-12-01,2025-12,OVH,19997.03,406709949.22
PRG-AURORA,Aurora Deep-Space Relay,SATELLITE,NS30,2025,14,2025-12-01,2025-12,PER,46128.76,406709949.22
PRG-AURORA,Aurora Deep-Space Relay,SATELLITE,NS30,2025,14,2025-12-01,2025-12,SUB,115068.83,406709949.22
PRG-AURORA,Aurora Deep-Space Relay,SATELLITE,NS30,2026,1,2026-01-01,2026-01,DEP,77604.37,406709949.22
PRG-AURORA,Aurora Deep-Space Relay,SATELLITE,NS30,2026,1,2026-01-01,2026-01,MAT,1081515.77,406709949.22
PRG-AURORA,Aurora Deep-Space Relay,SATELLITE,NS30,2026,1,2026-01-01,2026-01,OTH,17875.43,406709949.22
PRG-AURORA,Aurora Deep-Space Relay,SATELLITE,NS30,2026,1,2026-01-01,2026-01,OVH,186080.28,406709949.22
PRG-AURORA,Aurora Deep-Space Relay,SATELLITE,NS30,2026,1,2026-01-01,2026-01,PER,173606.03,406709949.22
PRG-AURORA,Aurora Deep-Space Relay,SATELLITE,NS30,2026,1,2026-01-01,2026-01,SUB,2009704.02,406709949.22
PRG-AURORA,Aurora Deep-Space Relay,SATELLITE,NS30,2026,2,2026-02-01,2026-02,DEP,109408.92,406709949.22
PRG-AURORA,Aurora Deep-Space Relay,SATELLITE,NS30,2026,2,2026-02-01,2026-02,MAT,1021217.92,406709949.22
PRG-AURORA,Aurora Deep-Space Relay,SATELLITE,NS30,2026,2,2026-02-01,2026-02,OTH,22225.43,406709949.22
PRG-AURORA,Aurora Deep-Space Relay,SATELLITE,NS30,2026,2,2026-02-01,2026-02,OVH,179722.18,406709949.22
PRG-AURORA,Aurora Deep-Space Relay,SATELLITE,NS30,2026,2,2026-02-01,2026-02,PER,132681.03,406709949.22
PRG-AURORA,Aurora Deep-Space Relay,SATELLITE,NS30,2026,2,2026-02-01,2026-02,SUB,1498972.79,406709949.22
PRG-AURORA,Aurora Deep-Space Relay,SATELLITE,NS30,2026,3,2026-03-01,2026-03,DEP,139170.08,406709949.22
PRG-AURORA,Aurora Deep-Space Relay,SATELLITE,NS30,2026,3,2026-03-01,2026-03,MAT,1106347.0,406709949.22
PRG-AURORA,Aurora Deep-Space Relay,SATELLITE,NS30,2026,3,2026-03-01,2026-03,OTH,24379.1,406709949.22
PRG-AURORA,Aurora Deep-Space Relay,SATELLITE,NS30,2026,3,2026-03-01,2026-03,OVH,207913.88,406709949.22
PRG-AURORA,Aurora Deep-Space Relay,SATELLITE,NS30,2026,3,2026-03-01,2026-03,PER,163056.17,406709949.22
PRG-AURORA,Aurora Deep-Space Relay,SATELLITE,NS30,2026,3,2026-03-01,2026-03,SUB,2341299.79,406709949.22
PRG-AURORA,Aurora Deep-Space Relay,SATELLITE,NS30,2026,4,2026-04-01,2026-04,DEP,118362.04,406709949.22
PRG-AURORA,Aurora Deep-Space Relay,SATELLITE,NS30,2026,4,2026-04-01,2026-04,MAT,1051300.34,406709949.22
PRG-AURORA,Aurora Deep-Space Relay,SATELLITE,NS30,2026,4,2026-04-01,2026-04,OTH,29988.55,406709949.22
PRG-AURORA,Aurora Deep-Space Relay,SATELLITE,NS30,2026,4,2026-04-01,2026-04,OVH,194276.24,406709949.22
PRG-AURORA,Aurora Deep-Space Relay,SATELLITE,NS30,2026,4,2026-04-01,2026-04,PER,144310.55,406709949.22
PRG-AURORA,Aurora Deep-Space Relay,SATELLITE,NS30,2026,4,2026-04-01,2026-04,SUB,1957173.48,406709949.22
PRG-AURORA,Aurora Deep-Space Relay,SATELLITE,NS30,2026,5,2026-05-01,2026-05,DEP,115014.47,406709949.22
PRG-AURORA,Aurora Deep-Space Relay,SATELLITE,NS30,2026,5,2026-05-01,2026-05,MAT,1079661.46,406709949.22
PRG-AURORA,Aurora Deep-Space Relay,SATELLITE,NS30,2026,5,2026-05-01,2026-05,OTH,25492.93,406709949.22
PRG-AURORA,Aurora Deep-Space Relay,SATELLITE,NS30,2026,5,2026-05-01,2026-05,OVH,172889.34,406709949.22
PRG-AURORA,Aurora Deep-Space Relay,SATELLITE,NS30,2026,5,2026-05-01,2026-05,PER,170829.87,406709949.22
PRG-AURORA,Aurora Deep-Space Relay,SATELLITE,NS30,2026,5,2026-05-01,2026-05,SUB,1581437.19,406709949.22
PRG-AURORA,Aurora Deep-Space Relay,SATELLITE,NS30,2026,6,2026-06-01,2026-06,DEP,151052.18,406709949.22
PRG-AURORA,Aurora Deep-Space Relay,SATELLITE,NS30,2026,6,2026-06-01,2026-06,MAT,1184883.15,406709949.22
PRG-AURORA,Aurora Deep-Space Relay,SATELLITE,NS30,2026,6,2026-06-01,2026-06,OTH,35034.41,406709949.22
PRG-AURORA,Aurora Deep-Space Relay,SATELLITE,NS30,2026,6,2026-06-01,2026-06,OVH,210209.12,406709949.22
PRG-AURORA,Aurora Deep-Space Relay,SATELLITE,NS30,2026,6,2026-06-01,2026-06,PER,144716.24,406709949.22
PRG-AURORA,Aurora Deep-Space Relay,SATELLITE,NS30,2026,6,2026-06-01,2026-06,SUB,2209386.3,406709949.22
PRG-AURORA,Aurora Deep-Space Relay,SATELLITE,NS40,2023,4,2023-04-01,2023-04,DEP,26469.19,406709949.22
PRG-AURORA,Aurora Deep-Space Relay,SATELLITE,NS40,2023,4,2023-04-01,2023-04,MAT,188218.24,406709949.22
PRG-AURORA,Aurora Deep-Space Relay,SATELLITE,NS40,2023,4,2023-04-01,2023-04,OTH,4429.96,406709949.22
PRG-AURORA,Aurora Deep-Space Relay,SATELLITE,NS40,2023,4,2023-04-01,2023-04,OVH,45602.89,406709949.22
PRG-AURORA,Aurora Deep-Space Relay,SATELLITE,NS40,2023,4,2023-04-01,2023-04,PER,22925.97,406709949.22
PRG-AURORA,Aurora Deep-Space Relay,SATELLITE,NS40,2023,4,2023-04-01,2023-04,SUB,378838.1,406709949.22
PRG-AURORA,Aurora Deep-Space Relay,SATELLITE,NS40,2023,5,2023-05-01,2023-05,DEP,15641.09,406709949.22
PRG-AURORA,Aurora Deep-Space Relay,SATELLITE,NS40,2023,5,2023-05-01,2023-05,MAT,214913.21,406709949.22
PRG-AURORA,Aurora Deep-Space Relay,SATELLITE,NS40,2023,5,2023-05-01,2023-05,OTH,1816.05,406709949.22
PRG-AURORA,Aurora Deep-Space Relay,SATELLITE,NS40,2023,5,2023-05-01,2023-05,OVH,48218.03,406709949.22
PRG-AURORA,Aurora Deep-Space Relay,SATELLITE,NS40,2023,5,2023-05-01,2023-05,PER,25491.39,406709949.22
PRG-AURORA,Aurora Deep-Space Relay,SATELLITE,NS40,2023,5,2023-05-01,2023-05,SUB,480803.63,406709949.22
PRG-AURORA,Aurora Deep-Space Relay,SATELLITE,NS40,2023,6,2023-06-01,2023-06,DEP,37972.57,406709949.22
PRG-AURORA,Aurora Deep-Space Relay,SATELLITE,NS40,2023,6,2023-06-01,2023-06,MAT,198214.81,406709949.22
PRG-AURORA,Aurora Deep-Space Relay,SATELLITE,NS40,2023,6,2023-06-01,2023-06,OTH,5072.94,406709949.22
PRG-AURORA,Aurora Deep-Space Relay,SATELLITE,NS40,2023,6,2023-06-01,2023-06,OVH,69194.49,406709949.22
PRG-AURORA,Aurora Deep-Space Relay,SATELLITE,NS40,2023,6,2023-06-01,2023-06,PER,25051.07,406709949.22
PRG-AURORA,Aurora Deep-Space Relay,SATELLITE,NS40,2023,6,2023-06-01,2023-06,SUB,505409.34,406709949.22
PRG-AURORA,Aurora Deep-Space Relay,SATELLITE,NS40,2023,7,2023-07-01,2023-07,DEP,19316.46,406709949.22
PRG-AURORA,Aurora Deep-Space Relay,SATELLITE,NS40,2023,7,2023-07-01,2023-07,MAT,207363.96,406709949.22
PRG-AURORA,Aurora Deep-Space Relay,SATELLITE,NS40,2023,7,2023-07-01,2023-07,OTH,4638.42,406709949.22
PRG-AURORA,Aurora Deep-Space Relay,SATELLITE,NS40,2023,7,2023-07-01,2023-07,OVH,67419.11,406709949.22
PRG-AURORA,Aurora Deep-Space Relay,SATELLITE,NS40,2023,7,2023-07-01,2023-07,PER,22736.92,406709949.22
PRG-AURORA,Aurora Deep-Space Relay,SATELLITE,NS40,2023,7,2023-07-01,2023-07,SUB,422828.45,406709949.22
PRG-AURORA,Aurora Deep-Space Relay,SATELLITE,NS40,2023,8,2023-08-01,2023-08,DEP,19035.49,406709949.22
PRG-AURORA,Aurora Deep-Space Relay,SATELLITE,NS40,2023,8,2023-08-01,2023-08,MAT,261387.52,406709949.22
PRG-AURORA,Aurora Deep-Space Relay,SATELLITE,NS40,2023,8,2023-08-01,2023-08,OTH,1378.01,406709949.22
PRG-AURORA,Aurora Deep-Space Relay,SATELLITE,NS40,2023,8,2023-08-01,2023-08,OVH,48406.33,406709949.22
PRG-AURORA,Aurora Deep-Space Relay,SATELLITE,NS40,2023,8,2023-08-01,2023-08,PER,40932.03,406709949.22
PRG-AURORA,Aurora Deep-Space Relay,SATELLITE,NS40,2023,8,2023-08-01,2023-08,SUB,375286.56,406709949.22
PRG-AURORA,Aurora Deep-Space Relay,SATELLITE,NS40,2023,9,2023-09-01,2023-09,DEP,14112.24,406709949.22
PRG-AURORA,Aurora Deep-Space Relay,SATELLITE,NS40,2023,9,2023-09-01,2023-09,MAT,245701.76,406709949.22
PRG-AURORA,Aurora Deep-Space Relay,SATELLITE,NS40,2023,9,2023-09-01,2023-09,OTH,2189.32,406709949.22
PRG-AURORA,Aurora Deep-Space Relay,SATELLITE,NS40,2023,9,2023-09-01,2023-09,OVH,53045.85,406709949.22
PRG-AURORA,Aurora Deep-Space Relay,SATELLITE,NS40,2023,9,2023-09-01,2023-09,PER,24298.88,406709949.22
PRG-AURORA,Aurora Deep-Space Relay,SATELLITE,NS40,2023,9,2023-09-01,2023-09,SUB,427460.21,406709949.22
PRG-AURORA,Aurora Deep-Space Relay,SATELLITE,NS40,2023,10,2023-10-01,2023-10,DEP,31215.53,406709949.22
PRG-AURORA,Aurora Deep-Space Relay,SATELLITE,NS40,2023,10,2023-10-01,2023-10,MAT,165963.04,406709949.22
PRG-AURORA,Aurora Deep-Space Relay,SATELLITE,NS40,2023,10,2023-10-01,2023-10,OTH,3585.69,406709949.22
PRG-AURORA,Aurora Deep-Space Relay,SATELLITE,NS40,2023,10,2023-10-01,2023-10,OVH,53751.66,406709949.22
PRG-AURORA,Aurora Deep-Space Relay,SATELLITE,NS40,2023,10,2023-10-01,2023-10,PER,27449.61,406709949.22
PRG-AURORA,Aurora Deep-Space Relay,SATELLITE,NS40,2023,10,2023-10-01,2023-10,SUB,546388.99,406709949.22
PRG-AURORA,Aurora Deep-Space Relay,SATELLITE,NS40,2023,11,2023-11-01,2023-11,DEP,20364.83,406709949.22
PRG-AURORA,Aurora Deep-Space Relay,SATELLITE,NS40,2023,11,2023-11-01,2023-11,MAT,231173.33,406709949.22
PRG-AURORA,Aurora Deep-Space Relay,SATELLITE,NS40,2023,11,2023-11-01,2023-11,OTH,1736.78,406709949.22
PRG-AURORA,Aurora Deep-Space Relay,SATELLITE,NS40,2023,11,2023-11-01,2023-11,OVH,56278.08,406709949.22
PRG-AURORA,Aurora Deep-Space Relay,SATELLITE,NS40,2023,11,2023-11-01,2023-11,PER,33424.84,406709949.22
PRG-AURORA,Aurora Deep-Space Relay,SATELLITE,NS40,2023,11,2023-11-01,2023-11,SUB,268781.9,406709949.22
PRG-AURORA,Aurora Deep-Space Relay,SATELLITE,NS40,2023,12,2023-12-01,2023-12,DEP,29506.3,406709949.22
PRG-AURORA,Aurora Deep-Space Relay,SATELLITE,NS40,2023,12,2023-12-01,2023-12,MAT,200565.23,406709949.22
PRG-AURORA,Aurora Deep-Space Relay,SATELLITE,NS40,2023,12,2023-12-01,2023-12,OTH,-868.15,406709949.22
PRG-AURORA,Aurora Deep-Space Relay,SATELLITE,NS40,2023,12,2023-12-01,2023-12,OVH,69767.77,406709949.22
PRG-AURORA,Aurora Deep-Space Relay,SATELLITE,NS40,2023,12,2023-12-01,2023-12,PER,17726.97,406709949.22
PRG-AURORA,Aurora Deep-Space Relay,SATELLITE,NS40,2023,12,2023-12-01,2023-12,SUB,337934.77,406709949.22
PRG-AURORA,Aurora Deep-Space Relay,SATELLITE,NS40,2023,13,2023-12-01,2023-12,MAT,11188.19,406709949.22
PRG-AURORA,Aurora Deep-Space Relay,SATELLITE,NS40,2023,13,2023-12-01,2023-12,OTH,4377.31,406709949.22
PRG-AURORA,Aurora Deep-Space Relay,SATELLITE,NS40,2023,13,2023-12-01,2023-12,OVH,3117.48,406709949.22
PRG-AURORA,Aurora Deep-Space Relay,SATELLITE,NS40,2023,13,2023-12-01,2023-12,PER,1872.29,406709949.22
PRG-AURORA,Aurora Deep-Space Relay,SATELLITE,NS40,2023,13,2023-12-01,2023-12,SUB,34003.71,406709949.22
PRG-AURORA,Aurora Deep-Space Relay,SATELLITE,NS40,2023,14,2023-12-01,2023-12,OTH,2065.09,406709949.22
PRG-AURORA,Aurora Deep-Space Relay,SATELLITE,NS40,2023,14,2023-12-01,2023-12,OVH,9651.62,406709949.22
PRG-AURORA,Aurora Deep-Space Relay,SATELLITE,NS40,2023,14,2023-12-01,2023-12,PER,7193.61,406709949.22
PRG-AURORA,Aurora Deep-Space Relay,SATELLITE,NS40,2023,14,2023-12-01,2023-12,SUB,97148.76,406709949.22
PRG-AURORA,Aurora Deep-Space Relay,SATELLITE,NS40,2024,1,2024-01-01,2024-01,DEP,23237.09,406709949.22
PRG-AURORA,Aurora Deep-Space Relay,SATELLITE,NS40,2024,1,2024-01-01,2024-01,MAT,199769.07,406709949.22
PRG-AURORA,Aurora Deep-Space Relay,SATELLITE,NS40,2024,1,2024-01-01,2024-01,OTH,3196.71,406709949.22
PRG-AURORA,Aurora Deep-Space Relay,SATELLITE,NS40,2024,1,2024-01-01,2024-01,OVH,56950.62,406709949.22
PRG-AURORA,Aurora Deep-Space Relay,SATELLITE,NS40,2024,1,2024-01-01,2024-01,PER,36356.16,406709949.22
PRG-AURORA,Aurora Deep-Space Relay,SATELLITE,NS40,2024,1,2024-01-01,2024-01,SUB,312595.02,406709949.22
PRG-AURORA,Aurora Deep-Space Relay,SATELLITE,NS40,2024,2,2024-02-01,2024-02,DEP,26540.49,406709949.22
PRG-AURORA,Aurora Deep-Space Relay,SATELLITE,NS40,2024,2,2024-02-01,2024-02,MAT,246617.21,406709949.22
PRG-AURORA,Aurora Deep-Space Relay,SATELLITE,NS40,2024,2,2024-02-01,2024-02,OTH,2316.23,406709949.22
PRG-AURORA,Aurora Deep-Space Relay,SATELLITE,NS40,2024,2,2024-02-01,2024-02,OVH,66378.66,406709949.22
PRG-AURORA,Aurora Deep-Space Relay,SATELLITE,NS40,2024,2,2024-02-01,2024-02,PER,30035.11,406709949.22
PRG-AURORA,Aurora Deep-Space Relay,SATELLITE,NS40,2024,2,2024-02-01,2024-02,SUB,409231.43,406709949.22
PRG-AURORA,Aurora Deep-Space Relay,SATELLITE,NS40,2024,3,2024-03-01,2024-03,DEP,17898.41,406709949.22
PRG-AURORA,Aurora Deep-Space Relay,SATELLITE,NS40,2024,3,2024-03-01,2024-03,MAT,235484.34,406709949.22
PRG-AURORA,Aurora Deep-Space Relay,SATELLITE,NS40,2024,3,2024-03-01,2024-03,OTH,2969.79,406709949.22
PRG-AURORA,Aurora Deep-Space Relay,SATELLITE,NS40,2024,3,2024-03-01,2024-03,OVH,62584.1,406709949.22
PRG-AURORA,Aurora Deep-Space Relay,SATELLITE,NS40,2024,3,2024-03-01,2024-03,PER,27368.01,406709949.22
PRG-AURORA,Aurora Deep-Space Relay,SATELLITE,NS40,2024,3,2024-03-01,2024-03,SUB,275903.04,406709949.22
PRG-AURORA,Aurora Deep-Space Relay,SATELLITE,NS40,2024,4,2024-04-01,2024-04,DEP,32037.46,406709949.22
PRG-AURORA,Aurora Deep-Space Relay,SATELLITE,NS40,2024,4,2024-04-01,2024-04,MAT,243102.13,406709949.22
PRG-AURORA,Aurora Deep-Space Relay,SATELLITE,NS40,2024,4,2024-04-01,2024-04,OTH,4372.59,406709949.22
PRG-AURORA,Aurora Deep-Space Relay,SATELLITE,NS40,2024,4,2024-04-01,2024-04,OVH,69301.42,406709949.22
PRG-AURORA,Aurora Deep-Space Relay,SATELLITE,NS40,2024,4,2024-04-01,2024-04,PER,47229.48,406709949.22
PRG-AURORA,Aurora Deep-Space Relay,SATELLITE,NS40,2024,4,2024-04-01,2024-04,SUB,357258.78,406709949.22
PRG-AURORA,Aurora Deep-Space Relay,SATELLITE,NS40,2024,5,2024-05-01,2024-05,DEP,27725.2,406709949.22
PRG-AURORA,Aurora Deep-Space Relay,SATELLITE,NS40,2024,5,2024-05-01,2024-05,MAT,266444.24,406709949.22
PRG-AURORA,Aurora Deep-Space Relay,SATELLITE,NS40,2024,5,2024-05-01,2024-05,OTH,2886.57,406709949.22
PRG-AURORA,Aurora Deep-Space Relay,SATELLITE,NS40,2024,5,2024-05-01,2024-05,OVH,52036.57,406709949.22
PRG-AURORA,Aurora Deep-Space Relay,SATELLITE,NS40,2024,5,2024-05-01,2024-05,PER,16860.77,406709949.22
PRG-AURORA,Aurora Deep-Space Relay,SATELLITE,NS40,2024,5,2024-05-01,2024-05,SUB,488163.36,406709949.22
PRG-AURORA,Aurora Deep-Space Relay,SATELLITE,NS40,2024,6,2024-06-01,2024-06,DEP,14580.21,406709949.22
PRG-AURORA,Aurora Deep-Space Relay,SATELLITE,NS40,2024,6,2024-06-01,2024-06,MAT,269611.6,406709949.22
PRG-AURORA,Aurora Deep-Space Relay,SATELLITE,NS40,2024,6,2024-06-01,2024-06,OTH,816.47,406709949.22
PRG-AURORA,Aurora Deep-Space Relay,SATELLITE,NS40,2024,6,2024-06-01,2024-06,OVH,67256.45,406709949.22
PRG-AURORA,Aurora Deep-Space Relay,SATELLITE,NS40,2024,6,2024-06-01,2024-06,PER,28172.71,406709949.22
PRG-AURORA,Aurora Deep-Space Relay,SATELLITE,NS40,2024,6,2024-06-01,2024-06,SUB,437553.85,406709949.22
PRG-AURORA,Aurora Deep-Space Relay,SATELLITE,NS40,2024,7,2024-07-01,2024-07,DEP,22679.7,406709949.22
PRG-AURORA,Aurora Deep-Space Relay,SATELLITE,NS40,2024,7,2024-07-01,2024-07,MAT,195696.65,406709949.22
PRG-AURORA,Aurora Deep-Space Relay,SATELLITE,NS40,2024,7,2024-07-01,2024-07,OTH,3799.36,406709949.22
PRG-AURORA,Aurora Deep-Space Relay,SATELLITE,NS40,2024,7,2024-07-01,2024-07,OVH,41482.17,406709949.22
PRG-AURORA,Aurora Deep-Space Relay,SATELLITE,NS40,2024,7,2024-07-01,2024-07,PER,14222.54,406709949.22
PRG-AURORA,Aurora Deep-Space Relay,SATELLITE,NS40,2024,7,2024-07-01,2024-07,SUB,364276.96,406709949.22
PRG-AURORA,Aurora Deep-Space Relay,SATELLITE,NS40,2024,8,2024-08-01,2024-08,DEP,30174.94,406709949.22
PRG-AURORA,Aurora Deep-Space Relay,SATELLITE,NS40,2024,8,2024-08-01,2024-08,MAT,272720.33,406709949.22
PRG-AURORA,Aurora Deep-Space Relay,SATELLITE,NS40,2024,8,2024-08-01,2024-08,OTH,1428.52,406709949.22
PRG-AURORA,Aurora Deep-Space Relay,SATELLITE,NS40,2024,8,2024-08-01,2024-08,OVH,67712.19,406709949.22
PRG-AURORA,Aurora Deep-Space Relay,SATELLITE,NS40,2024,8,2024-08-01,2024-08,PER,28096.49,406709949.22
PRG-AURORA,Aurora Deep-Space Relay,SATELLITE,NS40,2024,8,2024-08-01,2024-08,SUB,387512.14,406709949.22
PRG-AURORA,Aurora Deep-Space Relay,SATELLITE,NS40,2024,9,2024-09-01,2024-09,DEP,51485.59,406709949.22
PRG-AURORA,Aurora Deep-Space Relay,SATELLITE,NS40,2024,9,2024-09-01,2024-09,MAT,207237.75,406709949.22
PRG-AURORA,Aurora Deep-Space Relay,SATELLITE,NS40,2024,9,2024-09-01,2024-09,OTH,7573.9,406709949.22
PRG-AURORA,Aurora Deep-Space Relay,SATELLITE,NS40,2024,9,2024-09-01,2024-09,OVH,61122.22,406709949.22
PRG-AURORA,Aurora Deep-Space Relay,SATELLITE,NS40,2024,9,2024-09-01,2024-09,PER,32527.54,406709949.22
PRG-AURORA,Aurora Deep-Space Relay,SATELLITE,NS40,2024,9,2024-09-01,2024-09,SUB,259497.39,406709949.22
PRG-AURORA,Aurora Deep-Space Relay,SATELLITE,NS40,2024,10,2024-10-01,2024-10,DEP,27491.43,406709949.22
PRG-AURORA,Aurora Deep-Space Relay,SATELLITE,NS40,2024,10,2024-10-01,2024-10,MAT,195699.04,406709949.22
PRG-AURORA,Aurora Deep-Space Relay,SATELLITE,NS40,2024,10,2024-10-01,2024-10,OTH,-2558.94,406709949.22
PRG-AURORA,Aurora Deep-Space Relay,SATELLITE,NS40,2024,10,2024-10-01,2024-10,OVH,53226.88,406709949.22
PRG-AURORA,Aurora Deep-Space Relay,SATELLITE,NS40,2024,10,2024-10-01,2024-10,PER,30439.67,406709949.22
PRG-AURORA,Aurora Deep-Space Relay,SATELLITE,NS40,2024,10,2024-10-01,2024-10,SUB,409823.26,406709949.22
PRG-AURORA,Aurora Deep-Space Relay,SATELLITE,NS40,2024,11,2024-11-01,2024-11,DEP,21505.13,406709949.22
PRG-AURORA,Aurora Deep-Space Relay,SATELLITE,NS40,2024,11,2024-11-01,2024-11,MAT,179234.4,406709949.22
PRG-AURORA,Aurora Deep-Space Relay,SATELLITE,NS40,2024,11,2024-11-01,2024-11,OTH,5120.38,406709949.22
PRG-AURORA,Aurora Deep-Space Relay,SATELLITE,NS40,2024,11,2024-11-01,2024-11,OVH,78477.76,406709949.22
PRG-AURORA,Aurora Deep-Space Relay,SATELLITE,NS40,2024,11,2024-11-01,2024-11,PER,30687.34,406709949.22
PRG-AURORA,Aurora Deep-Space Relay,SATELLITE,NS40,2024,11,2024-11-01,2024-11,SUB,491928.93,406709949.22
PRG-AURORA,Aurora Deep-Space Relay,SATELLITE,NS40,2024,12,2024-12-01,2024-12,DEP,28716.05,406709949.22
PRG-AURORA,Aurora Deep-Space Relay,SATELLITE,NS40,2024,12,2024-12-01,2024-12,MAT,265295.25,406709949.22
PRG-AURORA,Aurora Deep-Space Relay,SATELLITE,NS40,2024,12,2024-12-01,2024-12,OTH,1592.59,406709949.22
PRG-AURORA,Aurora Deep-Space Relay,SATELLITE,NS40,2024,12,2024-12-01,2024-12,OVH,53478.41,406709949.22
PRG-AURORA,Aurora Deep-Space Relay,SATELLITE,NS40,2024,12,2024-12-01,2024-12,PER,35713.7,406709949.22
PRG-AURORA,Aurora Deep-Space Relay,SATELLITE,NS40,2024,12,2024-12-01,2024-12,SUB,385271.64,406709949.22
PRG-AURORA,Aurora Deep-Space Relay,SATELLITE,NS40,2024,13,2024-12-01,2024-12,MAT,1533.81,406709949.22
PRG-AURORA,Aurora Deep-Space Relay,SATELLITE,NS40,2024,13,2024-12-01,2024-12,OTH,1935.9,406709949.22
PRG-AURORA,Aurora Deep-Space Relay,SATELLITE,NS40,2024,13,2024-12-01,2024-12,OVH,5143.85,406709949.22
PRG-AURORA,Aurora Deep-Space Relay,SATELLITE,NS40,2024,13,2024-12-01,2024-12,PER,9861.38,406709949.22
PRG-AURORA,Aurora Deep-Space Relay,SATELLITE,NS40,2024,13,2024-12-01,2024-12,SUB,16453.12,406709949.22
PRG-AURORA,Aurora Deep-Space Relay,SATELLITE,NS40,2024,14,2024-12-01,2024-12,MAT,718.45,406709949.22
PRG-AURORA,Aurora Deep-Space Relay,SATELLITE,NS40,2024,14,2024-12-01,2024-12,OTH,1809.48,406709949.22
PRG-AURORA,Aurora Deep-Space Relay,SATELLITE,NS40,2024,14,2024-12-01,2024-12,OVH,10643.04,406709949.22
PRG-AURORA,Aurora Deep-Space Relay,SATELLITE,NS40,2024,14,2024-12-01,2024-12,PER,8293.76,406709949.22
PRG-AURORA,Aurora Deep-Space Relay,SATELLITE,NS40,2024,14,2024-12-01,2024-12,SUB,33466.79,406709949.22
PRG-AURORA,Aurora Deep-Space Relay,SATELLITE,NS40,2025,1,2025-01-01,2025-01,DEP,17351.74,406709949.22
PRG-AURORA,Aurora Deep-Space Relay,SATELLITE,NS40,2025,1,2025-01-01,2025-01,MAT,228796.98,406709949.22
PRG-AURORA,Aurora Deep-Space Relay,SATELLITE,NS40,2025,1,2025-01-01,2025-01,OTH,2183.61,406709949.22
PRG-AURORA,Aurora Deep-Space Relay,SATELLITE,NS40,2025,1,2025-01-01,2025-01,OVH,76234.83,406709949.22
PRG-AURORA,Aurora Deep-Space Relay,SATELLITE,NS40,2025,1,2025-01-01,2025-01,PER,42610.85,406709949.22
PRG-AURORA,Aurora Deep-Space Relay,SATELLITE,NS40,2025,1,2025-01-01,2025-01,SUB,472570.98,406709949.22
PRG-AURORA,Aurora Deep-Space Relay,SATELLITE,NS40,2025,2,2025-02-01,2025-02,DEP,23303.92,406709949.22
PRG-AURORA,Aurora Deep-Space Relay,SATELLITE,NS40,2025,2,2025-02-01,2025-02,MAT,266085.08,406709949.22
PRG-AURORA,Aurora Deep-Space Relay,SATELLITE,NS40,2025,2,2025-02-01,2025-02,OTH,6410.78,406709949.22
PRG-AURORA,Aurora Deep-Space Relay,SATELLITE,NS40,2025,2,2025-02-01,2025-02,OVH,57046.91,406709949.22
PRG-AURORA,Aurora Deep-Space Relay,SATELLITE,NS40,2025,2,2025-02-01,2025-02,PER,25705.58,406709949.22
PRG-AURORA,Aurora Deep-Space Relay,SATELLITE,NS40,2025,2,2025-02-01,2025-02,SUB,340470.62,406709949.22
PRG-AURORA,Aurora Deep-Space Relay,SATELLITE,NS40,2025,3,2025-03-01,2025-03,DEP,32833.52,406709949.22
PRG-AURORA,Aurora Deep-Space Relay,SATELLITE,NS40,2025,3,2025-03-01,2025-03,MAT,278245.82,406709949.22
PRG-AURORA,Aurora Deep-Space Relay,SATELLITE,NS40,2025,3,2025-03-01,2025-03,OTH,7470.88,406709949.22
PRG-AURORA,Aurora Deep-Space Relay,SATELLITE,NS40,2025,3,2025-03-01,2025-03,OVH,73126.51,406709949.22
PRG-AURORA,Aurora Deep-Space Relay,SATELLITE,NS40,2025,3,2025-03-01,2025-03,PER,40370.88,406709949.22
PRG-AURORA,Aurora Deep-Space Relay,SATELLITE,NS40,2025,3,2025-03-01,2025-03,SUB,413997.84,406709949.22
PRG-AURORA,Aurora Deep-Space Relay,SATELLITE,NS40,2025,4,2025-04-01,2025-04,DEP,30593.35,406709949.22
PRG-AURORA,Aurora Deep-Space Relay,SATELLITE,NS40,2025,4,2025-04-01,2025-04,MAT,360096.94,406709949.22
PRG-AURORA,Aurora Deep-Space Relay,SATELLITE,NS40,2025,4,2025-04-01,2025-04,OTH,2285.59,406709949.22
PRG-AURORA,Aurora Deep-Space Relay,SATELLITE,NS40,2025,4,2025-04-01,2025-04,OVH,56914.81,406709949.22
PRG-AURORA,Aurora Deep-Space Relay,SATELLITE,NS40,2025,4,2025-04-01,2025-04,PER,25060.44,406709949.22
PRG-AURORA,Aurora Deep-Space Relay,SATELLITE,NS40,2025,4,2025-04-01,2025-04,SUB,439055.1,406709949.22
PRG-AURORA,Aurora Deep-Space Relay,SATELLITE,NS40,2025,5,2025-05-01,2025-05,DEP,22905.75,406709949.22
PRG-AURORA,Aurora Deep-Space Relay,SATELLITE,NS40,2025,5,2025-05-01,2025-05,MAT,220481.95,406709949.22
PRG-AURORA,Aurora Deep-Space Relay,SATELLITE,NS40,2025,5,2025-05-01,2025-05,OTH,6189.37,406709949.22
PRG-AURORA,Aurora Deep-Space Relay,SATELLITE,NS40,2025,5,2025-05-01,2025-05,OVH,57132.06,406709949.22
PRG-AURORA,Aurora Deep-Space Relay,SATELLITE,NS40,2025,5,2025-05-01,2025-05,PER,33317.98,406709949.22
PRG-AURORA,Aurora Deep-Space Relay,SATELLITE,NS40,2025,5,2025-05-01,2025-05,SUB,245718.68,406709949.22
PRG-AURORA,Aurora Deep-Space Relay,SATELLITE,NS40,2025,6,2025-06-01,2025-06,DEP,20036.47,406709949.22
PRG-AURORA,Aurora Deep-Space Relay,SATELLITE,NS40,2025,6,2025-06-01,2025-06,MAT,217839.07,406709949.22
PRG-AURORA,Aurora Deep-Space Relay,SATELLITE,NS40,2025,6,2025-06-01,2025-06,OTH,1027.43,406709949.22
PRG-AURORA,Aurora Deep-Space Relay,SATELLITE,NS40,2025,6,2025-06-01,2025-06,OVH,47122.58,406709949.22
PRG-AURORA,Aurora Deep-Space Relay,SATELLITE,NS40,2025,6,2025-06-01,2025-06,PER,33336.32,406709949.22
PRG-AURORA,Aurora Deep-Space Relay,SATELLITE,NS40,2025,6,2025-06-01,2025-06,SUB,340136.45,406709949.22
PRG-AURORA,Aurora Deep-Space Relay,SATELLITE,NS40,2025,7,2025-07-01,2025-07,DEP,29097.32,406709949.22
PRG-AURORA,Aurora Deep-Space Relay,SATELLITE,NS40,2025,7,2025-07-01,2025-07,MAT,233941.09,406709949.22
PRG-AURORA,Aurora Deep-Space Relay,SATELLITE,NS40,2025,7,2025-07-01,2025-07,OTH,4909.98,406709949.22
PRG-AURORA,Aurora Deep-Space Relay,SATELLITE,NS40,2025,7,2025-07-01,2025-07,OVH,58379.18,406709949.22
PRG-AURORA,Aurora Deep-Space Relay,SATELLITE,NS40,2025,7,2025-07-01,2025-07,PER,27961.92,406709949.22
PRG-AURORA,Aurora Deep-Space Relay,SATELLITE,NS40,2025,7,2025-07-01,2025-07,SUB,359535.07,406709949.22
PRG-AURORA,Aurora Deep-Space Relay,SATELLITE,NS40,2025,8,2025-08-01,2025-08,DEP,29734.65,406709949.22
PRG-AURORA,Aurora Deep-Space Relay,SATELLITE,NS40,2025,8,2025-08-01,2025-08,MAT,230707.18,406709949.22
PRG-AURORA,Aurora Deep-Space Relay,SATELLITE,NS40,2025,8,2025-08-01,2025-08,OTH,3537.53,406709949.22
PRG-AURORA,Aurora Deep-Space Relay,SATELLITE,NS40,2025,8,2025-08-01,2025-08,OVH,55139.15,406709949.22
PRG-AURORA,Aurora Deep-Space Relay,SATELLITE,NS40,2025,8,2025-08-01,2025-08,PER,34100.88,406709949.22
PRG-AURORA,Aurora Deep-Space Relay,SATELLITE,NS40,2025,8,2025-08-01,2025-08,SUB,404569.97,406709949.22
PRG-AURORA,Aurora Deep-Space Relay,SATELLITE,NS40,2025,9,2025-09-01,2025-09,DEP,28829.92,406709949.22
PRG-AURORA,Aurora Deep-Space Relay,SATELLITE,NS40,2025,9,2025-09-01,2025-09,MAT,189909.61,406709949.22
PRG-AURORA,Aurora Deep-Space Relay,SATELLITE,NS40,2025,9,2025-09-01,2025-09,OTH,5145.73,406709949.22
PRG-AURORA,Aurora Deep-Space Relay,SATELLITE,NS40,2025,9,2025-09-01,2025-09,OVH,58777.76,406709949.22
PRG-AURORA,Aurora Deep-Space Relay,SATELLITE,NS40,2025,9,2025-09-01,2025-09,PER,26104.84,406709949.22
PRG-AURORA,Aurora Deep-Space Relay,SATELLITE,NS40,2025,9,2025-09-01,2025-09,SUB,382853.92,406709949.22
PRG-AURORA,Aurora Deep-Space Relay,SATELLITE,NS40,2025,10,2025-10-01,2025-10,DEP,21264.56,406709949.22
PRG-AURORA,Aurora Deep-Space Relay,SATELLITE,NS40,2025,10,2025-10-01,2025-10,MAT,245001.3,406709949.22
PRG-AURORA,Aurora Deep-Space Relay,SATELLITE,NS40,2025,10,2025-10-01,2025-10,OTH,1791.66,406709949.22
PRG-AURORA,Aurora Deep-Space Relay,SATELLITE,NS40,2025,10,2025-10-01,2025-10,OVH,60144.35,406709949.22
PRG-AURORA,Aurora Deep-Space Relay,SATELLITE,NS40,2025,10,2025-10-01,2025-10,PER,24077.84,406709949.22
PRG-AURORA,Aurora Deep-Space Relay,SATELLITE,NS40,2025,10,2025-10-01,2025-10,SUB,308280.71,406709949.22
PRG-AURORA,Aurora Deep-Space Relay,SATELLITE,NS40,2025,11,2025-11-01,2025-11,DEP,24617.66,406709949.22
PRG-AURORA,Aurora Deep-Space Relay,SATELLITE,NS40,2025,11,2025-11-01,2025-11,MAT,276178.25,406709949.22
PRG-AURORA,Aurora Deep-Space Relay,SATELLITE,NS40,2025,11,2025-11-01,2025-11,OTH,4890.03,406709949.22
PRG-AURORA,Aurora Deep-Space Relay,SATELLITE,NS40,2025,11,2025-11-01,2025-11,OVH,63605.27,406709949.22
PRG-AURORA,Aurora Deep-Space Relay,SATELLITE,NS40,2025,11,2025-11-01,2025-11,PER,23566.37,406709949.22
PRG-AURORA,Aurora Deep-Space Relay,SATELLITE,NS40,2025,11,2025-11-01,2025-11,SUB,473467.6,406709949.22
PRG-AURORA,Aurora Deep-Space Relay,SATELLITE,NS40,2025,12,2025-12-01,2025-12,DEP,36531.17,406709949.22
PRG-AURORA,Aurora Deep-Space Relay,SATELLITE,NS40,2025,12,2025-12-01,2025-12,MAT,297794.23,406709949.22
PRG-AURORA,Aurora Deep-Space Relay,SATELLITE,NS40,2025,12,2025-12-01,2025-12,OTH,13338.0,406709949.22
PRG-AURORA,Aurora Deep-Space Relay,SATELLITE,NS40,2025,12,2025-12-01,2025-12,OVH,69347.68,406709949.22
PRG-AURORA,Aurora Deep-Space Relay,SATELLITE,NS40,2025,12,2025-12-01,2025-12,PER,13872.43,406709949.22
PRG-AURORA,Aurora Deep-Space Relay,SATELLITE,NS40,2025,12,2025-12-01,2025-12,SUB,506704.63,406709949.22
PRG-AURORA,Aurora Deep-Space Relay,SATELLITE,NS40,2025,13,2025-12-01,2025-12,MAT,3953.12,406709949.22
PRG-AURORA,Aurora Deep-Space Relay,SATELLITE,NS40,2025,13,2025-12-01,2025-12,OTH,2373.67,406709949.22
PRG-AURORA,Aurora Deep-Space Relay,SATELLITE,NS40,2025,13,2025-12-01,2025-12,OVH,3976.72,406709949.22
PRG-AURORA,Aurora Deep-Space Relay,SATELLITE,NS40,2025,13,2025-12-01,2025-12,PER,16005.86,406709949.22
PRG-AURORA,Aurora Deep-Space Relay,SATELLITE,NS40,2025,13,2025-12-01,2025-12,SUB,31934.18,406709949.22
PRG-AURORA,Aurora Deep-Space Relay,SATELLITE,NS40,2025,14,2025-12-01,2025-12,OTH,2238.88,406709949.22
PRG-AURORA,Aurora Deep-Space Relay,SATELLITE,NS40,2025,14,2025-12-01,2025-12,OVH,4415.95,406709949.22
PRG-AURORA,Aurora Deep-Space Relay,SATELLITE,NS40,2025,14,2025-12-01,2025-12,PER,6566.36,406709949.22
PRG-AURORA,Aurora Deep-Space Relay,SATELLITE,NS40,2025,14,2025-12-01,2025-12,SUB,34842.74,406709949.22
PRG-AURORA,Aurora Deep-Space Relay,SATELLITE,NS40,2026,1,2026-01-01,2026-01,DEP,46176.66,406709949.22
PRG-AURORA,Aurora Deep-Space Relay,SATELLITE,NS40,2026,1,2026-01-01,2026-01,MAT,322714.58,406709949.22
PRG-AURORA,Aurora Deep-Space Relay,SATELLITE,NS40,2026,1,2026-01-01,2026-01,OTH,-1617.04,406709949.22
PRG-AURORA,Aurora Deep-Space Relay,SATELLITE,NS40,2026,1,2026-01-01,2026-01,OVH,80296.03,406709949.22
PRG-AURORA,Aurora Deep-Space Relay,SATELLITE,NS40,2026,1,2026-01-01,2026-01,PER,31468.98,406709949.22
PRG-AURORA,Aurora Deep-Space Relay,SATELLITE,NS40,2026,1,2026-01-01,2026-01,SUB,407001.47,406709949.22
PRG-AURORA,Aurora Deep-Space Relay,SATELLITE,NS40,2026,2,2026-02-01,2026-02,DEP,47657.62,406709949.22
PRG-AURORA,Aurora Deep-Space Relay,SATELLITE,NS40,2026,2,2026-02-01,2026-02,MAT,327208.14,406709949.22
PRG-AURORA,Aurora Deep-Space Relay,SATELLITE,NS40,2026,2,2026-02-01,2026-02,OTH,3633.51,406709949.22
PRG-AURORA,Aurora Deep-Space Relay,SATELLITE,NS40,2026,2,2026-02-01,2026-02,OVH,55852.38,406709949.22
PRG-AURORA,Aurora Deep-Space Relay,SATELLITE,NS40,2026,2,2026-02-01,2026-02,PER,35764.64,406709949.22
PRG-AURORA,Aurora Deep-Space Relay,SATELLITE,NS40,2026,2,2026-02-01,2026-02,SUB,459158.86,406709949.22
PRG-AURORA,Aurora Deep-Space Relay,SATELLITE,NS40,2026,3,2026-03-01,2026-03,DEP,17404.08,406709949.22
PRG-AURORA,Aurora Deep-Space Relay,SATELLITE,NS40,2026,3,2026-03-01,2026-03,MAT,214737.96,406709949.22
PRG-AURORA,Aurora Deep-Space Relay,SATELLITE,NS40,2026,3,2026-03-01,2026-03,OTH,5340.7,406709949.22
PRG-AURORA,Aurora Deep-Space Relay,SATELLITE,NS40,2026,3,2026-03-01,2026-03,OVH,60336.18,406709949.22
PRG-AURORA,Aurora Deep-Space Relay,SATELLITE,NS40,2026,3,2026-03-01,2026-03,PER,27643.04,406709949.22
PRG-AURORA,Aurora Deep-Space Relay,SATELLITE,NS40,2026,3,2026-03-01,2026-03,SUB,565673.39,406709949.22
PRG-AURORA,Aurora Deep-Space Relay,SATELLITE,NS40,2026,4,2026-04-01,2026-04,DEP,35606.82,406709949.22
PRG-AURORA,Aurora Deep-Space Relay,SATELLITE,NS40,2026,4,2026-04-01,2026-04,MAT,261702.29,406709949.22
PRG-AURORA,Aurora Deep-Space Relay,SATELLITE,NS40,2026,4,2026-04-01,2026-04,OTH,1973.71,406709949.22
PRG-AURORA,Aurora Deep-Space Relay,SATELLITE,NS40,2026,4,2026-04-01,2026-04,OVH,67647.29,406709949.22
PRG-AURORA,Aurora Deep-Space Relay,SATELLITE,NS40,2026,4,2026-04-01,2026-04,PER,26650.2,406709949.22
PRG-AURORA,Aurora Deep-Space Relay,SATELLITE,NS40,2026,4,2026-04-01,2026-04,SUB,433483.13,406709949.22
PRG-AURORA,Aurora Deep-Space Relay,SATELLITE,NS40,2026,5,2026-05-01,2026-05,DEP,32150.12,406709949.22
PRG-AURORA,Aurora Deep-Space Relay,SATELLITE,NS40,2026,5,2026-05-01,2026-05,MAT,273063.89,406709949.22
PRG-AURORA,Aurora Deep-Space Relay,SATELLITE,NS40,2026,5,2026-05-01,2026-05,OTH,4283.64,406709949.22
PRG-AURORA,Aurora Deep-Space Relay,SATELLITE,NS40,2026,5,2026-05-01,2026-05,OVH,74963.55,406709949.22
PRG-AURORA,Aurora Deep-Space Relay,SATELLITE,NS40,2026,5,2026-05-01,2026-05,PER,47899.43,406709949.22
PRG-AURORA,Aurora Deep-Space Relay,SATELLITE,NS40,2026,5,2026-05-01,2026-05,SUB,419362.86,406709949.22
PRG-AURORA,Aurora Deep-Space Relay,SATELLITE,NS40,2026,6,2026-06-01,2026-06,DEP,18984.57,406709949.22
PRG-AURORA,Aurora Deep-Space Relay,SATELLITE,NS40,2026,6,2026-06-01,2026-06,MAT,242021.76,406709949.22
PRG-AURORA,Aurora Deep-Space Relay,SATELLITE,NS40,2026,6,2026-06-01,2026-06,OTH,6454.62,406709949.22
PRG-AURORA,Aurora Deep-Space Relay,SATELLITE,NS40,2026,6,2026-06-01,2026-06,OVH,69501.3,406709949.22
PRG-AURORA,Aurora Deep-Space Relay,SATELLITE,NS40,2026,6,2026-06-01,2026-06,PER,26948.96,406709949.22
PRG-AURORA,Aurora Deep-Space Relay,SATELLITE,NS40,2026,6,2026-06-01,2026-06,SUB,389410.49,406709949.22
PRG-BOREAS,Boreas Polar Weather Satellite,SATELLITE,NS10,2025,1,2025-01-01,2025-01,DEP,45680.5,467463035.27
PRG-BOREAS,Boreas Polar Weather Satellite,SATELLITE,NS10,2025,1,2025-01-01,2025-01,MAT,681446.7,467463035.27
PRG-BOREAS,Boreas Polar Weather Satellite,SATELLITE,NS10,2025,1,2025-01-01,2025-01,OTH,6360.11,467463035.27
PRG-BOREAS,Boreas Polar Weather Satellite,SATELLITE,NS10,2025,1,2025-01-01,2025-01,OVH,88919.07,467463035.27
PRG-BOREAS,Boreas Polar Weather Satellite,SATELLITE,NS10,2025,1,2025-01-01,2025-01,PER,76915.81,467463035.27
PRG-BOREAS,Boreas Polar Weather Satellite,SATELLITE,NS10,2025,1,2025-01-01,2025-01,SUB,990173.36,467463035.27
PRG-BOREAS,Boreas Polar Weather Satellite,SATELLITE,NS10,2025,2,2025-02-01,2025-02,DEP,50303.23,467463035.27
PRG-BOREAS,Boreas Polar Weather Satellite,SATELLITE,NS10,2025,2,2025-02-01,2025-02,MAT,579729.83,467463035.27
PRG-BOREAS,Boreas Polar Weather Satellite,SATELLITE,NS10,2025,2,2025-02-01,2025-02,OTH,2552.86,467463035.27
PRG-BOREAS,Boreas Polar Weather Satellite,SATELLITE,NS10,2025,2,2025-02-01,2025-02,OVH,56256.52,467463035.27
PRG-BOREAS,Boreas Polar Weather Satellite,SATELLITE,NS10,2025,2,2025-02-01,2025-02,PER,69093.58,467463035.27
PRG-BOREAS,Boreas Polar Weather Satellite,SATELLITE,NS10,2025,2,2025-02-01,2025-02,SUB,849441.69,467463035.27
PRG-BOREAS,Boreas Polar Weather Satellite,SATELLITE,NS10,2025,3,2025-03-01,2025-03,DEP,54767.61,467463035.27
PRG-BOREAS,Boreas Polar Weather Satellite,SATELLITE,NS10,2025,3,2025-03-01,2025-03,MAT,569048.98,467463035.27
PRG-BOREAS,Boreas Polar Weather Satellite,SATELLITE,NS10,2025,3,2025-03-01,2025-03,OTH,2038.39,467463035.27
PRG-BOREAS,Boreas Polar Weather Satellite,SATELLITE,NS10,2025,3,2025-03-01,2025-03,OVH,76950.15,467463035.27
PRG-BOREAS,Boreas Polar Weather Satellite,SATELLITE,NS10,2025,3,2025-03-01,2025-03,PER,41519.48,467463035.27
PRG-BOREAS,Boreas Polar Weather Satellite,SATELLITE,NS10,2025,3,2025-03-01,2025-03,SUB,925170.81,467463035.27
PRG-BOREAS,Boreas Polar Weather Satellite,SATELLITE,NS10,2025,4,2025-04-01,2025-04,DEP,66315.9,467463035.27
PRG-BOREAS,Boreas Polar Weather Satellite,SATELLITE,NS10,2025,4,2025-04-01,2025-04,MAT,548826.42,467463035.27
PRG-BOREAS,Boreas Polar Weather Satellite,SATELLITE,NS10,2025,4,2025-04-01,2025-04,OTH,11490.2,467463035.27
PRG-BOREAS,Boreas Polar Weather Satellite,SATELLITE,NS10,2025,4,2025-04-01,2025-04,OVH,72409.94,467463035.27
PRG-BOREAS,Boreas Polar Weather Satellite,SATELLITE,NS10,2025,4,2025-04-01,2025-04,PER,63834.43,467463035.27
PRG-BOREAS,Boreas Polar Weather Satellite,SATELLITE,NS10,2025,4,2025-04-01,2025-04,SUB,789036.25,467463035.27
PRG-BOREAS,Boreas Polar Weather Satellite,SATELLITE,NS10,2025,5,2025-05-01,2025-05,DEP,55817.08,467463035.27
PRG-BOREAS,Boreas Polar Weather Satellite,SATELLITE,NS10,2025,5,2025-05-01,2025-05,MAT,520557.59,467463035.27
PRG-BOREAS,Boreas Polar Weather Satellite,SATELLITE,NS10,2025,5,2025-05-01,2025-05,OTH,9659.05,467463035.27
PRG-BOREAS,Boreas Polar Weather Satellite,SATELLITE,NS10,2025,5,2025-05-01,2025-05,OVH,65120.31,467463035.27
PRG-BOREAS,Boreas Polar Weather Satellite,SATELLITE,NS10,2025,5,2025-05-01,2025-05,PER,48627.29,467463035.27
PRG-BOREAS,Boreas Polar Weather Satellite,SATELLITE,NS10,2025,5,2025-05-01,2025-05,SUB,737322.45,467463035.27
PRG-BOREAS,Boreas Polar Weather Satellite,SATELLITE,NS10,2025,6,2025-06-01,2025-06,DEP,55688.36,467463035.27
PRG-BOREAS,Boreas Polar Weather Satellite,SATELLITE,NS10,2025,6,2025-06-01,2025-06,MAT,550360.02,467463035.27
PRG-BOREAS,Boreas Polar Weather Satellite,SATELLITE,NS10,2025,6,2025-06-01,2025-06,OTH,-395.35,467463035.27
PRG-BOREAS,Boreas Polar Weather Satellite,SATELLITE,NS10,2025,6,2025-06-01,2025-06,OVH,56245.22,467463035.27
PRG-BOREAS,Boreas Polar Weather Satellite,SATELLITE,NS10,2025,6,2025-06-01,2025-06,PER,52878.23,467463035.27
PRG-BOREAS,Boreas Polar Weather Satellite,SATELLITE,NS10,2025,6,2025-06-01,2025-06,SUB,747442.0,467463035.27
PRG-BOREAS,Boreas Polar Weather Satellite,SATELLITE,NS10,2025,7,2025-07-01,2025-07,DEP,56648.51,467463035.27
PRG-BOREAS,Boreas Polar Weather Satellite,SATELLITE,NS10,2025,7,2025-07-01,2025-07,MAT,478284.07,467463035.27
PRG-BOREAS,Boreas Polar Weather Satellite,SATELLITE,NS10,2025,7,2025-07-01,2025-07,OTH,10348.8,467463035.27
PRG-BOREAS,Boreas Polar Weather Satellite,SATELLITE,NS10,2025,7,2025-07-01,2025-07,OVH,80302.0,467463035.27
PRG-BOREAS,Boreas Polar Weather Satellite,SATELLITE,NS10,2025,7,2025-07-01,2025-07,PER,65147.92,467463035.27
PRG-BOREAS,Boreas Polar Weather Satellite,SATELLITE,NS10,2025,7,2025-07-01,2025-07,SUB,929482.49,467463035.27
PRG-BOREAS,Boreas Polar Weather Satellite,SATELLITE,NS10,2025,8,2025-08-01,2025-08,DEP,68455.12,467463035.27
PRG-BOREAS,Boreas Polar Weather Satellite,SATELLITE,NS10,2025,8,2025-08-01,2025-08,MAT,619662.24,467463035.27
PRG-BOREAS,Boreas Polar Weather Satellite,SATELLITE,NS10,2025,8,2025-08-01,2025-08,OTH,6374.43,467463035.27
PRG-BOREAS,Boreas Polar Weather Satellite,SATELLITE,NS10,2025,8,2025-08-01,2025-08,OVH,66478.85,467463035.27
PRG-BOREAS,Boreas Polar Weather Satellite,SATELLITE,NS10,2025,8,2025-08-01,2025-08,PER,79323.91,467463035.27
PRG-BOREAS,Boreas Polar Weather Satellite,SATELLITE,NS10,2025,8,2025-08-01,2025-08,SUB,973744.06,467463035.27
PRG-BOREAS,Boreas Polar Weather Satellite,SATELLITE,NS10,2025,9,2025-09-01,2025-09,DEP,45727.89,467463035.27
PRG-BOREAS,Boreas Polar Weather Satellite,SATELLITE,NS10,2025,9,2025-09-01,2025-09,MAT,486381.4,467463035.27
PRG-BOREAS,Boreas Polar Weather Satellite,SATELLITE,NS10,2025,9,2025-09-01,2025-09,OTH,10254.74,467463035.27
PRG-BOREAS,Boreas Polar Weather Satellite,SATELLITE,NS10,2025,9,2025-09-01,2025-09,OVH,60704.73,467463035.27
PRG-BOREAS,Boreas Polar Weather Satellite,SATELLITE,NS10,2025,9,2025-09-01,2025-09,PER,81492.02,467463035.27
PRG-BOREAS,Boreas Polar Weather Satellite,SATELLITE,NS10,2025,9,2025-09-01,2025-09,SUB,984346.63,467463035.27
PRG-BOREAS,Boreas Polar Weather Satellite,SATELLITE,NS10,2025,10,2025-10-01,2025-10,DEP,50587.04,467463035.27
PRG-BOREAS,Boreas Polar Weather Satellite,SATELLITE,NS10,2025,10,2025-10-01,2025-10,MAT,447981.84,467463035.27
PRG-BOREAS,Boreas Polar Weather Satellite,SATELLITE,NS10,2025,10,2025-10-01,2025-10,OTH,5105.02,467463035.27
PRG-BOREAS,Boreas Polar Weather Satellite,SATELLITE,NS10,2025,10,2025-10-01,2025-10,OVH,49567.68,467463035.27
PRG-BOREAS,Boreas Polar Weather Satellite,SATELLITE,NS10,2025,10,2025-10-01,2025-10,PER,60221.44,467463035.27
PRG-BOREAS,Boreas Polar Weather Satellite,SATELLITE,NS10,2025,10,2025-10-01,2025-10,SUB,629286.7,467463035.27
PRG-BOREAS,Boreas Polar Weather Satellite,SATELLITE,NS10,2025,11,2025-11-01,2025-11,DEP,69335.83,467463035.27
PRG-BOREAS,Boreas Polar Weather Satellite,SATELLITE,NS10,2025,11,2025-11-01,2025-11,MAT,448883.88,467463035.27
PRG-BOREAS,Boreas Polar Weather Satellite,SATELLITE,NS10,2025,11,2025-11-01,2025-11,OTH,4153.23,467463035.27
PRG-BOREAS,Boreas Polar Weather Satellite,SATELLITE,NS10,2025,11,2025-11-01,2025-11,OVH,52971.71,467463035.27
PRG-BOREAS,Boreas Polar Weather Satellite,SATELLITE,NS10,2025,11,2025-11-01,2025-11,PER,74271.61,467463035.27
PRG-BOREAS,Boreas Polar Weather Satellite,SATELLITE,NS10,2025,11,2025-11-01,2025-11,SUB,725929.98,467463035.27
PRG-BOREAS,Boreas Polar Weather Satellite,SATELLITE,NS10,2025,12,2025-12-01,2025-12,DEP,72093.92,467463035.27
PRG-BOREAS,Boreas Polar Weather Satellite,SATELLITE,NS10,2025,12,2025-12-01,2025-12,MAT,526535.02,467463035.27
PRG-BOREAS,Boreas Polar Weather Satellite,SATELLITE,NS10,2025,12,2025-12-01,2025-12,OTH,7983.52,467463035.27
PRG-BOREAS,Boreas Polar Weather Satellite,SATELLITE,NS10,2025,12,2025-12-01,2025-12,OVH,55714.62,467463035.27
PRG-BOREAS,Boreas Polar Weather Satellite,SATELLITE,NS10,2025,12,2025-12-01,2025-12,PER,47048.55,467463035.27
PRG-BOREAS,Boreas Polar Weather Satellite,SATELLITE,NS10,2025,12,2025-12-01,2025-12,SUB,871770.56,467463035.27
PRG-BOREAS,Boreas Polar Weather Satellite,SATELLITE,NS10,2025,13,2025-12-01,2025-12,MAT,9116.99,467463035.27
PRG-BOREAS,Boreas Polar Weather Satellite,SATELLITE,NS10,2025,13,2025-12-01,2025-12,OTH,5487.33,467463035.27
PRG-BOREAS,Boreas Polar Weather Satellite,SATELLITE,NS10,2025,13,2025-12-01,2025-12,OVH,7359.83,467463035.27
PRG-BOREAS,Boreas Polar Weather Satellite,SATELLITE,NS10,2025,13,2025-12-01,2025-12,PER,20423.66,467463035.27
PRG-BOREAS,Boreas Polar Weather Satellite,SATELLITE,NS10,2025,13,2025-12-01,2025-12,SUB,55811.27,467463035.27
PRG-BOREAS,Boreas Polar Weather Satellite,SATELLITE,NS10,2025,14,2025-12-01,2025-12,MAT,14306.3,467463035.27
PRG-BOREAS,Boreas Polar Weather Satellite,SATELLITE,NS10,2025,14,2025-12-01,2025-12,OTH,7585.92,467463035.27
PRG-BOREAS,Boreas Polar Weather Satellite,SATELLITE,NS10,2025,14,2025-12-01,2025-12,OVH,4371.21,467463035.27
PRG-BOREAS,Boreas Polar Weather Satellite,SATELLITE,NS10,2025,14,2025-12-01,2025-12,PER,23486.73,467463035.27
PRG-BOREAS,Boreas Polar Weather Satellite,SATELLITE,NS10,2025,14,2025-12-01,2025-12,SUB,49457.18,467463035.27
PRG-BOREAS,Boreas Polar Weather Satellite,SATELLITE,NS10,2026,1,2026-01-01,2026-01,DEP,58901.58,467463035.27
PRG-BOREAS,Boreas Polar Weather Satellite,SATELLITE,NS10,2026,1,2026-01-01,2026-01,MAT,536401.03,467463035.27
PRG-BOREAS,Boreas Polar Weather Satellite,SATELLITE,NS10,2026,1,2026-01-01,2026-01,OTH,2934.07,467463035.27
PRG-BOREAS,Boreas Polar Weather Satellite,SATELLITE,NS10,2026,1,2026-01-01,2026-01,OVH,79699.61,467463035.27
PRG-BOREAS,Boreas Polar Weather Satellite,SATELLITE,NS10,2026,1,2026-01-01,2026-01,PER,44700.5,467463035.27
PRG-BOREAS,Boreas Polar Weather Satellite,SATELLITE,NS10,2026,1,2026-01-01,2026-01,SUB,959533.47,467463035.27
PRG-BOREAS,Boreas Polar Weather Satellite,SATELLITE,NS10,2026,2,2026-02-01,2026-02,DEP,40807.42,467463035.27
PRG-BOREAS,Boreas Polar Weather Satellite,SATELLITE,NS10,2026,2,2026-02-01,2026-02,MAT,468933.23,467463035.27
PRG-BOREAS,Boreas Polar Weather Satellite,SATELLITE,NS10,2026,2,2026-02-01,2026-02,OTH,7948.66,467463035.27
PRG-BOREAS,Boreas Polar Weather Satellite,SATELLITE,NS10,2026,2,2026-02-01,2026-02,OVH,61799.28,467463035.27
PRG-BOREAS,Boreas Polar Weather Satellite,SATELLITE,NS10,2026,2,2026-02-01,2026-02,PER,87686.17,467463035.27
PRG-BOREAS,Boreas Polar Weather Satellite,SATELLITE,NS10,2026,2,2026-02-01,2026-02,SUB,848180.99,467463035.27
PRG-BOREAS,Boreas Polar Weather Satellite,SATELLITE,NS10,2026,3,2026-03-01,2026-03,DEP,45416.77,467463035.27
PRG-BOREAS,Boreas Polar Weather Satellite,SATELLITE,NS10,2026,3,2026-03-01,2026-03,MAT,476858.03,467463035.27
PRG-BOREAS,Boreas Polar Weather Satellite,SATELLITE,NS10,2026,3,2026-03-01,2026-03,OTH,7322.08,467463035.27
PRG-BOREAS,Boreas Polar Weather Satellite,SATELLITE,NS10,2026,3,2026-03-01,2026-03,OVH,74009.32,467463035.27
PRG-BOREAS,Boreas Polar Weather Satellite,SATELLITE,NS10,2026,3,2026-03-01,2026-03,PER,68635.77,467463035.27
PRG-BOREAS,Boreas Polar Weather Satellite,SATELLITE,NS10,2026,3,2026-03-01,2026-03,SUB,959454.42,467463035.27
PRG-BOREAS,Boreas Polar Weather Satellite,SATELLITE,NS10,2026,4,2026-04-01,2026-04,DEP,59025.42,467463035.27
PRG-BOREAS,Boreas Polar Weather Satellite,SATELLITE,NS10,2026,4,2026-04-01,2026-04,MAT,630263.14,467463035.27
PRG-BOREAS,Boreas Polar Weather Satellite,SATELLITE,NS10,2026,4,2026-04-01,2026-04,OTH,8506.32,467463035.27
PRG-BOREAS,Boreas Polar Weather Satellite,SATELLITE,NS10,2026,4,2026-04-01,2026-04,OVH,66843.67,467463035.27
PRG-BOREAS,Boreas Polar Weather Satellite,SATELLITE,NS10,2026,4,2026-04-01,2026-04,PER,69295.76,467463035.27
PRG-BOREAS,Boreas Polar Weather Satellite,SATELLITE,NS10,2026,4,2026-04-01,2026-04,SUB,1034637.44,467463035.27
PRG-BOREAS,Boreas Polar Weather Satellite,SATELLITE,NS10,2026,5,2026-05-01,2026-05,DEP,54355.28,467463035.27
PRG-BOREAS,Boreas Polar Weather Satellite,SATELLITE,NS10,2026,5,2026-05-01,2026-05,MAT,509744.35,467463035.27
PRG-BOREAS,Boreas Polar Weather Satellite,SATELLITE,NS10,2026,5,2026-05-01,2026-05,OTH,4420.67,467463035.27
PRG-BOREAS,Boreas Polar Weather Satellite,SATELLITE,NS10,2026,5,2026-05-01,2026-05,OVH,60111.26,467463035.27
PRG-BOREAS,Boreas Polar Weather Satellite,SATELLITE,NS10,2026,5,2026-05-01,2026-05,PER,63689.85,467463035.27
PRG-BOREAS,Boreas Polar Weather Satellite,SATELLITE,NS10,2026,5,2026-05-01,2026-05,SUB,910830.21,467463035.27
PRG-BOREAS,Boreas Polar Weather Satellite,SATELLITE,NS10,2026,6,2026-06-01,2026-06,DEP,23012.66,467463035.27
PRG-BOREAS,Boreas Polar Weather Satellite,SATELLITE,NS10,2026,6,2026-06-01,2026-06,MAT,443244.33,467463035.27
PRG-BOREAS,Boreas Polar Weather Satellite,SATELLITE,NS10,2026,6,2026-06-01,2026-06,OTH,7808.43,467463035.27
PRG-BOREAS,Boreas Polar Weather Satellite,SATELLITE,NS10,2026,6,2026-06-01,2026-06,OVH,72142.84,467463035.27
PRG-BOREAS,Boreas Polar Weather Satellite,SATELLITE,NS10,2026,6,2026-06-01,2026-06,PER,49875.99,467463035.27
PRG-BOREAS,Boreas Polar Weather Satellite,SATELLITE,NS10,2026,6,2026-06-01,2026-06,SUB,754604.03,467463035.27
PRG-BOREAS,Boreas Polar Weather Satellite,SATELLITE,NS20,2025,1,2025-01-01,2025-01,DEP,18359.23,467463035.27
PRG-BOREAS,Boreas Polar Weather Satellite,SATELLITE,NS20,2025,1,2025-01-01,2025-01,MAT,490768.49,467463035.27
PRG-BOREAS,Boreas Polar Weather Satellite,SATELLITE,NS20,2025,1,2025-01-01,2025-01,OTH,6649.94,467463035.27
PRG-BOREAS,Boreas Polar Weather Satellite,SATELLITE,NS20,2025,1,2025-01-01,2025-01,OVH,88111.82,467463035.27
PRG-BOREAS,Boreas Polar Weather Satellite,SATELLITE,NS20,2025,1,2025-01-01,2025-01,PER,43593.13,467463035.27
PRG-BOREAS,Boreas Polar Weather Satellite,SATELLITE,NS20,2025,1,2025-01-01,2025-01,SUB,587672.48,467463035.27
PRG-BOREAS,Boreas Polar Weather Satellite,SATELLITE,NS20,2025,2,2025-02-01,2025-02,DEP,28721.98,467463035.27
PRG-BOREAS,Boreas Polar Weather Satellite,SATELLITE,NS20,2025,2,2025-02-01,2025-02,MAT,259726.87,467463035.27
PRG-BOREAS,Boreas Polar Weather Satellite,SATELLITE,NS20,2025,2,2025-02-01,2025-02,OTH,5552.88,467463035.27
PRG-BOREAS,Boreas Polar Weather Satellite,SATELLITE,NS20,2025,2,2025-02-01,2025-02,OVH,62307.09,467463035.27
PRG-BOREAS,Boreas Polar Weather Satellite,SATELLITE,NS20,2025,2,2025-02-01,2025-02,PER,49926.93,467463035.27
PRG-BOREAS,Boreas Polar Weather Satellite,SATELLITE,NS20,2025,2,2025-02-01,2025-02,SUB,500307.38,467463035.27
PRG-BOREAS,Boreas Polar Weather Satellite,SATELLITE,NS20,2025,3,2025-03-01,2025-03,DEP,28703.89,467463035.27
PRG-BOREAS,Boreas Polar Weather Satellite,SATELLITE,NS20,2025,3,2025-03-01,2025-03,MAT,341226.06,467463035.27
PRG-BOREAS,Boreas Polar Weather Satellite,SATELLITE,NS20,2025,3,2025-03-01,2025-03,OTH,2330.46,467463035.27
PRG-BOREAS,Boreas Polar Weather Satellite,SATELLITE,NS20,2025,3,2025-03-01,2025-03,OVH,71012.53,467463035.27
PRG-BOREAS,Boreas Polar Weather Satellite,SATELLITE,NS20,2025,3,2025-03-01,2025-03,PER,43134.45,467463035.27
PRG-BOREAS,Boreas Polar Weather Satellite,SATELLITE,NS20,2025,3,2025-03-01,2025-03,SUB,516038.22,467463035.27
PRG-BOREAS,Boreas Polar Weather Satellite,SATELLITE,NS20,2025,4,2025-04-01,2025-04,DEP,37197.54,467463035.27
PRG-BOREAS,Boreas Polar Weather Satellite,SATELLITE,NS20,2025,4,2025-04-01,2025-04,MAT,325994.75,467463035.27
PRG-BOREAS,Boreas Polar Weather Satellite,SATELLITE,NS20,2025,4,2025-04-01,2025-04,OTH,6337.53,467463035.27
PRG-BOREAS,Boreas Polar Weather Satellite,SATELLITE,NS20,2025,4,2025-04-01,2025-04,OVH,69657.77,467463035.27
PRG-BOREAS,Boreas Polar Weather Satellite,SATELLITE,NS20,2025,4,2025-04-01,2025-04,PER,55374.97,467463035.27
PRG-BOREAS,Boreas Polar Weather Satellite,SATELLITE,NS20,2025,4,2025-04-01,2025-04,SUB,566284.8,467463035.27
PRG-BOREAS,Boreas Polar Weather Satellite,SATELLITE,NS20,2025,5,2025-05-01,2025-05,DEP,38475.83,467463035.27
PRG-BOREAS,Boreas Polar Weather Satellite,SATELLITE,NS20,2025,5,2025-05-01,2025-05,MAT,389885.12,467463035.27
PRG-BOREAS,Boreas Polar Weather Satellite,SATELLITE,NS20,2025,5,2025-05-01,2025-05,OTH,7240.77,467463035.27
PRG-BOREAS,Boreas Polar Weather Satellite,SATELLITE,NS20,2025,5,2025-05-01,2025-05,OVH,100429.22,467463035.27
PRG-BOREAS,Boreas Polar Weather Satellite,SATELLITE,NS20,2025,5,2025-05-01,2025-05,PER,33610.42,467463035.27
PRG-BOREAS,Boreas Polar Weather Satellite,SATELLITE,NS20,2025,5,2025-05-01,2025-05,SUB,468695.36,467463035.27
PRG-BOREAS,Boreas Polar Weather Satellite,SATELLITE,NS20,2025,6,2025-06-01,2025-06,DEP,41948.46,467463035.27
PRG-BOREAS,Boreas Polar Weather Satellite,SATELLITE,NS20,2025,6,2025-06-01,2025-06,MAT,347461.04,467463035.27
PRG-BOREAS,Boreas Polar Weather Satellite,SATELLITE,NS20,2025,6,2025-06-01,2025-06,OTH,3356.59,467463035.27
PRG-BOREAS,Boreas Polar Weather Satellite,SATELLITE,NS20,2025,6,2025-06-01,2025-06,OVH,84926.62,467463035.27
PRG-BOREAS,Boreas Polar Weather Satellite,SATELLITE,NS20,2025,6,2025-06-01,2025-06,PER,59517.16,467463035.27
PRG-BOREAS,Boreas Polar Weather Satellite,SATELLITE,NS20,2025,6,2025-06-01,2025-06,SUB,471279.09,467463035.27
PRG-BOREAS,Boreas Polar Weather Satellite,SATELLITE,NS20,2025,7,2025-07-01,2025-07,DEP,30081.84,467463035.27
PRG-BOREAS,Boreas Polar Weather Satellite,SATELLITE,NS20,2025,7,2025-07-01,2025-07,MAT,360826.07,467463035.27
PRG-BOREAS,Boreas Polar Weather Satellite,SATELLITE,NS20,2025,7,2025-07-01,2025-07,OTH,8052.12,467463035.27
PRG-BOREAS,Boreas Polar Weather Satellite,SATELLITE,NS20,2025,7,2025-07-01,2025-07,OVH,98363.14,467463035.27
PRG-BOREAS,Boreas Polar Weather Satellite,SATELLITE,NS20,2025,7,2025-07-01,2025-07,PER,61250.62,467463035.27
PRG-BOREAS,Boreas Polar Weather Satellite,SATELLITE,NS20,2025,7,2025-07-01,2025-07,SUB,669518.48,467463035.27
PRG-BOREAS,Boreas Polar Weather Satellite,SATELLITE,NS20,2025,8,2025-08-01,2025-08,DEP,26199.72,467463035.27
PRG-BOREAS,Boreas Polar Weather Satellite,SATELLITE,NS20,2025,8,2025-08-01,2025-08,MAT,405188.59,467463035.27
PRG-BOREAS,Boreas Polar Weather Satellite,SATELLITE,NS20,2025,8,2025-08-01,2025-08,OTH,4572.58,467463035.27
PRG-BOREAS,Boreas Polar Weather Satellite,SATELLITE,NS20,2025,8,2025-08-01,2025-08,OVH,83818.53,467463035.27
PRG-BOREAS,Boreas Polar Weather Satellite,SATELLITE,NS20,2025,8,2025-08-01,2025-08,PER,35390.3,467463035.27
PRG-BOREAS,Boreas Polar Weather Satellite,SATELLITE,NS20,2025,8,2025-08-01,2025-08,SUB,634818.04,467463035.27
PRG-BOREAS,Boreas Polar Weather Satellite,SATELLITE,NS20,2025,9,2025-09-01,2025-09,DEP,39309.26,467463035.27
PRG-BOREAS,Boreas Polar Weather Satellite,SATELLITE,NS20,2025,9,2025-09-01,2025-09,MAT,351177.95,467463035.27
PRG-BOREAS,Boreas Polar Weather Satellite,SATELLITE,NS20,2025,9,2025-09-01,2025-09,OTH,2031.4,467463035.27
PRG-BOREAS,Boreas Polar Weather Satellite,SATELLITE,NS20,2025,9,2025-09-01,2025-09,OVH,78233.52,467463035.27
PRG-BOREAS,Boreas Polar Weather Satellite,SATELLITE,NS20,2025,9,2025-09-01,2025-09,PER,59202.8,467463035.27
PRG-BOREAS,Boreas Polar Weather Satellite,SATELLITE,NS20,2025,9,2025-09-01,2025-09,SUB,639631.12,467463035.27
PRG-BOREAS,Boreas Polar Weather Satellite,SATELLITE,NS20,2025,10,2025-10-01,2025-10,DEP,42750.2,467463035.27
PRG-BOREAS,Boreas Polar Weather Satellite,SATELLITE,NS20,2025,10,2025-10-01,2025-10,MAT,333821.85,467463035.27
PRG-BOREAS,Boreas Polar Weather Satellite,SATELLITE,NS20,2025,10,2025-10-01,2025-10,OTH,14919.2,467463035.27
PRG-BOREAS,Boreas Polar Weather Satellite,SATELLITE,NS20,2025,10,2025-10-01,2025-10,OVH,73917.98,467463035.27
PRG-BOREAS,Boreas Polar Weather Satellite,SATELLITE,NS20,2025,10,2025-10-01,2025-10,PER,35228.31,467463035.27
PRG-BOREAS,Boreas Polar Weather Satellite,SATELLITE,NS20,2025,10,2025-10-01,2025-10,SUB,552932.63,467463035.27
PRG-BOREAS,Boreas Polar Weather Satellite,SATELLITE,NS20,2025,11,2025-11-01,2025-11,DEP,41162.23,467463035.27
PRG-BOREAS,Boreas Polar Weather Satellite,SATELLITE,NS20,2025,11,2025-11-01,2025-11,MAT,324294.09,467463035.27
PRG-BOREAS,Boreas Polar Weather Satellite,SATELLITE,NS20,2025,11,2025-11-01,2025-11,OTH,2479.48,467463035.27
PRG-BOREAS,Boreas Polar Weather Satellite,SATELLITE,NS20,2025,11,2025-11-01,2025-11,OVH,73797.94,467463035.27
PRG-BOREAS,Boreas Polar Weather Satellite,SATELLITE,NS20,2025,11,2025-11-01,2025-11,PER,48985.73,467463035.27
PRG-BOREAS,Boreas Polar Weather Satellite,SATELLITE,NS20,2025,11,2025-11-01,2025-11,SUB,710803.17,467463035.27
PRG-BOREAS,Boreas Polar Weather Satellite,SATELLITE,NS20,2025,12,2025-12-01,2025-12,DEP,56738.01,467463035.27
PRG-BOREAS,Boreas Polar Weather Satellite,SATELLITE,NS20,2025,12,2025-12-01,2025-12,MAT,392626.28,467463035.27
PRG-BOREAS,Boreas Polar Weather Satellite,SATELLITE,NS20,2025,12,2025-12-01,2025-12,OTH,9121.11,467463035.27
PRG-BOREAS,Boreas Polar Weather Satellite,SATELLITE,NS20,2025,12,2025-12-01,2025-12,OVH,65031.48,467463035.27
PRG-BOREAS,Boreas Polar Weather Satellite,SATELLITE,NS20,2025,12,2025-12-01,2025-12,PER,47171.92,467463035.27
PRG-BOREAS,Boreas Polar Weather Satellite,SATELLITE,NS20,2025,12,2025-12-01,2025-12,SUB,642925.06,467463035.27
PRG-BOREAS,Boreas Polar Weather Satellite,SATELLITE,NS20,2025,13,2025-12-01,2025-12,MAT,14083.06,467463035.27
PRG-BOREAS,Boreas Polar Weather Satellite,SATELLITE,NS20,2025,13,2025-12-01,2025-12,OTH,3628.38,467463035.27
PRG-BOREAS,Boreas Polar Weather Satellite,SATELLITE,NS20,2025,13,2025-12-01,2025-12,OVH,7229.67,467463035.27
PRG-BOREAS,Boreas Polar Weather Satellite,SATELLITE,NS20,2025,13,2025-12-01,2025-12,PER,5252.99,467463035.27
PRG-BOREAS,Boreas Polar Weather Satellite,SATELLITE,NS20,2025,13,2025-12-01,2025-12,SUB,65993.66,467463035.27
PRG-BOREAS,Boreas Polar Weather Satellite,SATELLITE,NS20,2025,14,2025-12-01,2025-12,MAT,17413.14,467463035.27
PRG-BOREAS,Boreas Polar Weather Satellite,SATELLITE,NS20,2025,14,2025-12-01,2025-12,OTH,7481.67,467463035.27
PRG-BOREAS,Boreas Polar Weather Satellite,SATELLITE,NS20,2025,14,2025-12-01,2025-12,OVH,9435.44,467463035.27
PRG-BOREAS,Boreas Polar Weather Satellite,SATELLITE,NS20,2025,14,2025-12-01,2025-12,PER,17997.55,467463035.27
PRG-BOREAS,Boreas Polar Weather Satellite,SATELLITE,NS20,2025,14,2025-12-01,2025-12,SUB,36666.8,467463035.27
PRG-BOREAS,Boreas Polar Weather Satellite,SATELLITE,NS20,2026,1,2026-01-01,2026-01,DEP,42534.74,467463035.27
PRG-BOREAS,Boreas Polar Weather Satellite,SATELLITE,NS20,2026,1,2026-01-01,2026-01,MAT,390373.29,467463035.27
PRG-BOREAS,Boreas Polar Weather Satellite,SATELLITE,NS20,2026,1,2026-01-01,2026-01,OTH,6037.68,467463035.27
PRG-BOREAS,Boreas Polar Weather Satellite,SATELLITE,NS20,2026,1,2026-01-01,2026-01,OVH,86122.01,467463035.27
PRG-BOREAS,Boreas Polar Weather Satellite,SATELLITE,NS20,2026,1,2026-01-01,2026-01,PER,14968.55,467463035.27
PRG-BOREAS,Boreas Polar Weather Satellite,SATELLITE,NS20,2026,1,2026-01-01,2026-01,SUB,552056.84,467463035.27
PRG-BOREAS,Boreas Polar Weather Satellite,SATELLITE,NS20,2026,2,2026-02-01,2026-02,DEP,39413.43,467463035.27
PRG-BOREAS,Boreas Polar Weather Satellite,SATELLITE,NS20,2026,2,2026-02-01,2026-02,MAT,377874.51,467463035.27
PRG-BOREAS,Boreas Polar Weather Satellite,SATELLITE,NS20,2026,2,2026-02-01,2026-02,OTH,12137.84,467463035.27
PRG-BOREAS,Boreas Polar Weather Satellite,SATELLITE,NS20,2026,2,2026-02-01,2026-02,OVH,69242.82,467463035.27
PRG-BOREAS,Boreas Polar Weather Satellite,SATELLITE,NS20,2026,2,2026-02-01,2026-02,PER,52228.09,467463035.27
PRG-BOREAS,Boreas Polar Weather Satellite,SATELLITE,NS20,2026,2,2026-02-01,2026-02,SUB,524670.73,467463035.27
PRG-BOREAS,Boreas Polar Weather Satellite,SATELLITE,NS20,2026,3,2026-03-01,2026-03,DEP,45159.47,467463035.27
PRG-BOREAS,Boreas Polar Weather Satellite,SATELLITE,NS20,2026,3,2026-03-01,2026-03,MAT,397150.21,467463035.27
PRG-BOREAS,Boreas Polar Weather Satellite,SATELLITE,NS20,2026,3,2026-03-01,2026-03,OTH,1946.83,467463035.27
PRG-BOREAS,Boreas Polar Weather Satellite,SATELLITE,NS20,2026,3,2026-03-01,2026-03,OVH,59193.46,467463035.27
PRG-BOREAS,Boreas Polar Weather Satellite,SATELLITE,NS20,2026,3,2026-03-01,2026-03,PER,31854.23,467463035.27
PRG-BOREAS,Boreas Polar Weather Satellite,SATELLITE,NS20,2026,3,2026-03-01,2026-03,SUB,648760.36,467463035.27
PRG-BOREAS,Boreas Polar Weather Satellite,SATELLITE,NS20,2026,4,2026-04-01,2026-04,DEP,54168.3,467463035.27
PRG-BOREAS,Boreas Polar Weather Satellite,SATELLITE,NS20,2026,4,2026-04-01,2026-04,MAT,351447.27,467463035.27
PRG-BOREAS,Boreas Polar Weather Satellite,SATELLITE,NS20,2026,4,2026-04-01,2026-04,OTH,6911.3,467463035.27
PRG-BOREAS,Boreas Polar Weather Satellite,SATELLITE,NS20,2026,4,2026-04-01,2026-04,OVH,86260.8,467463035.27
PRG-BOREAS,Boreas Polar Weather Satellite,SATELLITE,NS20,2026,4,2026-04-01,2026-04,PER,58204.6,467463035.27
PRG-BOREAS,Boreas Polar Weather Satellite,SATELLITE,NS20,2026,4,2026-04-01,2026-04,SUB,615546.79,467463035.27
PRG-BOREAS,Boreas Polar Weather Satellite,SATELLITE,NS20,2026,5,2026-05-01,2026-05,DEP,35374.76,467463035.27
PRG-BOREAS,Boreas Polar Weather Satellite,SATELLITE,NS20,2026,5,2026-05-01,2026-05,MAT,368924.79,467463035.27
PRG-BOREAS,Boreas Polar Weather Satellite,SATELLITE,NS20,2026,5,2026-05-01,2026-05,OTH,5897.83,467463035.27
PRG-BOREAS,Boreas Polar Weather Satellite,SATELLITE,NS20,2026,5,2026-05-01,2026-05,OVH,82400.78,467463035.27
PRG-BOREAS,Boreas Polar Weather Satellite,SATELLITE,NS20,2026,5,2026-05-01,2026-05,PER,48967.94,467463035.27
PRG-BOREAS,Boreas Polar Weather Satellite,SATELLITE,NS20,2026,5,2026-05-01,2026-05,SUB,664055.79,467463035.27
PRG-BOREAS,Boreas Polar Weather Satellite,SATELLITE,NS20,2026,6,2026-06-01,2026-06,DEP,53534.11,467463035.27
PRG-BOREAS,Boreas Polar Weather Satellite,SATELLITE,NS20,2026,6,2026-06-01,2026-06,MAT,350889.1,467463035.27
PRG-BOREAS,Boreas Polar Weather Satellite,SATELLITE,NS20,2026,6,2026-06-01,2026-06,OTH,2343.16,467463035.27
PRG-BOREAS,Boreas Polar Weather Satellite,SATELLITE,NS20,2026,6,2026-06-01,2026-06,OVH,82460.09,467463035.27
PRG-BOREAS,Boreas Polar Weather Satellite,SATELLITE,NS20,2026,6,2026-06-01,2026-06,PER,44455.39,467463035.27
PRG-BOREAS,Boreas Polar Weather Satellite,SATELLITE,NS20,2026,6,2026-06-01,2026-06,SUB,547009.65,467463035.27
PRG-BOREAS,Boreas Polar Weather Satellite,SATELLITE,NS30,2025,1,2025-01-01,2025-01,DEP,107464.77,467463035.27
PRG-BOREAS,Boreas Polar Weather Satellite,SATELLITE,NS30,2025,1,2025-01-01,2025-01,MAT,1256511.16,467463035.27
PRG-BOREAS,Boreas Polar Weather Satellite,SATELLITE,NS30,2025,1,2025-01-01,2025-01,OTH,33288.09,467463035.27
PRG-BOREAS,Boreas Polar Weather Satellite,SATELLITE,NS30,2025,1,2025-01-01,2025-01,OVH,133121.53,467463035.27
PRG-BOREAS,Boreas Polar Weather Satellite,SATELLITE,NS30,2025,1,2025-01-01,2025-01,PER,197252.11,467463035.27
PRG-BOREAS,Boreas Polar Weather Satellite,SATELLITE,NS30,2025,1,2025-01-01,2025-01,SUB,1848080.22,467463035.27
PRG-BOREAS,Boreas Polar Weather Satellite,SATELLITE,NS30,2025,2,2025-02-01,2025-02,DEP,135624.67,467463035.27
PRG-BOREAS,Boreas Polar Weather Satellite,SATELLITE,NS30,2025,2,2025-02-01,2025-02,MAT,1351881.99,467463035.27
PRG-BOREAS,Boreas Polar Weather Satellite,SATELLITE,NS30,2025,2,2025-02-01,2025-02,OTH,18306.57,467463035.27
PRG-BOREAS,Boreas Polar Weather Satellite,SATELLITE,NS30,2025,2,2025-02-01,2025-02,OVH,116734.64,467463035.27
PRG-BOREAS,Boreas Polar Weather Satellite,SATELLITE,NS30,2025,2,2025-02-01,2025-02,PER,172866.08,467463035.27
PRG-BOREAS,Boreas Polar Weather Satellite,SATELLITE,NS30,2025,2,2025-02-01,2025-02,SUB,2377113.39,467463035.27
PRG-BOREAS,Boreas Polar Weather Satellite,SATELLITE,NS30,2025,3,2025-03-01,2025-03,DEP,116873.93,467463035.27
PRG-BOREAS,Boreas Polar Weather Satellite,SATELLITE,NS30,2025,3,2025-03-01,2025-03,MAT,1175096.12,467463035.27
PRG-BOREAS,Boreas Polar Weather Satellite,SATELLITE,NS30,2025,3,2025-03-01,2025-03,OTH,26173.58,467463035.27
PRG-BOREAS,Boreas Polar Weather Satellite,SATELLITE,NS30,2025,3,2025-03-01,2025-03,OVH,141366.08,467463035.27
PRG-BOREAS,Boreas Polar Weather Satellite,SATELLITE,NS30,2025,3,2025-03-01,2025-03,PER,164806.28,467463035.27
PRG-BOREAS,Boreas Polar Weather Satellite,SATELLITE,NS30,2025,3,2025-03-01,2025-03,SUB,1860980.34,467463035.27
PRG-BOREAS,Boreas Polar Weather Satellite,SATELLITE,NS30,2025,4,2025-04-01,2025-04,DEP,161587.37,467463035.27
PRG-BOREAS,Boreas Polar Weather Satellite,SATELLITE,NS30,2025,4,2025-04-01,2025-04,MAT,1285461.16,467463035.27
PRG-BOREAS,Boreas Polar Weather Satellite,SATELLITE,NS30,2025,4,2025-04-01,2025-04,OTH,19365.6,467463035.27
PRG-BOREAS,Boreas Polar Weather Satellite,SATELLITE,NS30,2025,4,2025-04-01,2025-04,OVH,124439.38,467463035.27
PRG-BOREAS,Boreas Polar Weather Satellite,SATELLITE,NS30,2025,4,2025-04-01,2025-04,PER,222387.36,467463035.27
PRG-BOREAS,Boreas Polar Weather Satellite,SATELLITE,NS30,2025,4,2025-04-01,2025-04,SUB,2007169.31,467463035.27
PRG-BOREAS,Boreas Polar Weather Satellite,SATELLITE,NS30,2025,5,2025-05-01,2025-05,DEP,90339.93,467463035.27
PRG-BOREAS,Boreas Polar Weather Satellite,SATELLITE,NS30,2025,5,2025-05-01,2025-05,MAT,1104803.96,467463035.27
PRG-BOREAS,Boreas Polar Weather Satellite,SATELLITE,NS30,2025,5,2025-05-01,2025-05,OTH,30396.31,467463035.27
PRG-BOREAS,Boreas Polar Weather Satellite,SATELLITE,NS30,2025,5,2025-05-01,2025-05,OVH,110336.59,467463035.27
PRG-BOREAS,Boreas Polar Weather Satellite,SATELLITE,NS30,2025,5,2025-05-01,2025-05,PER,193094.11,467463035.27
PRG-BOREAS,Boreas Polar Weather Satellite,SATELLITE,NS30,2025,5,2025-05-01,2025-05,SUB,1942349.57,467463035.27
PRG-BOREAS,Boreas Polar Weather Satellite,SATELLITE,NS30,2025,6,2025-06-01,2025-06,DEP,117662.09,467463035.27
PRG-BOREAS,Boreas Polar Weather Satellite,SATELLITE,NS30,2025,6,2025-06-01,2025-06,MAT,1103812.63,467463035.27
PRG-BOREAS,Boreas Polar Weather Satellite,SATELLITE,NS30,2025,6,2025-06-01,2025-06,OTH,15467.95,467463035.27
PRG-BOREAS,Boreas Polar Weather Satellite,SATELLITE,NS30,2025,6,2025-06-01,2025-06,OVH,122786.08,467463035.27
PRG-BOREAS,Boreas Polar Weather Satellite,SATELLITE,NS30,2025,6,2025-06-01,2025-06,PER,117655.65,467463035.27
PRG-BOREAS,Boreas Polar Weather Satellite,SATELLITE,NS30,2025,6,2025-06-01,2025-06,SUB,1690198.13,467463035.27
PRG-BOREAS,Boreas Polar Weather Satellite,SATELLITE,NS30,2025,7,2025-07-01,2025-07,DEP,114913.05,467463035.27
PRG-BOREAS,Boreas Polar Weather Satellite,SATELLITE,NS30,2025,7,2025-07-01,2025-07,MAT,1140737.85,467463035.27
PRG-BOREAS,Boreas Polar Weather Satellite,SATELLITE,NS30,2025,7,2025-07-01,2025-07,OTH,30146.56,467463035.27
PRG-BOREAS,Boreas Polar Weather Satellite,SATELLITE,NS30,2025,7,2025-07-01,2025-07,OVH,136738.54,467463035.27
PRG-BOREAS,Boreas Polar Weather Satellite,SATELLITE,NS30,2025,7,2025-07-01,2025-07,PER,180024.45,467463035.27
PRG-BOREAS,Boreas Polar Weather Satellite,SATELLITE,NS30,2025,7,2025-07-01,2025-07,SUB,1990001.37,467463035.27
PRG-BOREAS,Boreas Polar Weather Satellite,SATELLITE,NS30,2025,8,2025-08-01,2025-08,DEP,146019.62,467463035.27
PRG-BOREAS,Boreas Polar Weather Satellite,SATELLITE,NS30,2025,8,2025-08-01,2025-08,MAT,1083932.75,467463035.27
PRG-BOREAS,Boreas Polar Weather Satellite,SATELLITE,NS30,2025,8,2025-08-01,2025-08,OTH,23096.6,467463035.27
PRG-BOREAS,Boreas Polar Weather Satellite,SATELLITE,NS30,2025,8,2025-08-01,2025-08,OVH,116987.31,467463035.27
PRG-BOREAS,Boreas Polar Weather Satellite,SATELLITE,NS30,2025,8,2025-08-01,2025-08,PER,196055.88,467463035.27
PRG-BOREAS,Boreas Polar Weather Satellite,SATELLITE,NS30,2025,8,2025-08-01,2025-08,SUB,1838200.19,467463035.27
PRG-BOREAS,Boreas Polar Weather Satellite,SATELLITE,NS30,2025,9,2025-09-01,2025-09,DEP,151466.65,467463035.27
PRG-BOREAS,Boreas Polar Weather Satellite,SATELLITE,NS30,2025,9,2025-09-01,2025-09,MAT,1316239.73,467463035.27
PRG-BOREAS,Boreas Polar Weather Satellite,SATELLITE,NS30,2025,9,2025-09-01,2025-09,OTH,23751.04,467463035.27
PRG-BOREAS,Boreas Polar Weather Satellite,SATELLITE,NS30,2025,9,2025-09-01,2025-09,OVH,178363.91,467463035.27
PRG-BOREAS,Boreas Polar Weather Satellite,SATELLITE,NS30,2025,9,2025-09-01,2025-09,PER,184036.16,467463035.27
PRG-BOREAS,Boreas Polar Weather Satellite,SATELLITE,NS30,2025,9,2025-09-01,2025-09,SUB,2234294.77,467463035.27
PRG-BOREAS,Boreas Polar Weather Satellite,SATELLITE,NS30,2025,10,2025-10-01,2025-10,DEP,112665.23,467463035.27
PRG-BOREAS,Boreas Polar Weather Satellite,SATELLITE,NS30,2025,10,2025-10-01,2025-10,MAT,1311882.29,467463035.27
PRG-BOREAS,Boreas Polar Weather Satellite,SATELLITE,NS30,2025,10,2025-10-01,2025-10,OTH,32950.27,467463035.27
PRG-BOREAS,Boreas Polar Weather Satellite,SATELLITE,NS30,2025,10,2025-10-01,2025-10,OVH,128163.51,467463035.27
PRG-BOREAS,Boreas Polar Weather Satellite,SATELLITE,NS30,2025,10,2025-10-01,2025-10,PER,183371.19,467463035.27
PRG-BOREAS,Boreas Polar Weather Satellite,SATELLITE,NS30,2025,10,2025-10-01,2025-10,SUB,2701728.2,467463035.27
PRG-BOREAS,Boreas Polar Weather Satellite,SATELLITE,NS30,2025,11,2025-11-01,2025-11,DEP,160196.52,467463035.27
PRG-BOREAS,Boreas Polar Weather Satellite,SATELLITE,NS30,2025,11,2025-11-01,2025-11,MAT,1233982.61,467463035.27
PRG-BOREAS,Boreas Polar Weather Satellite,SATELLITE,NS30,2025,11,2025-11-01,2025-11,OTH,26536.47,467463035.27
PRG-BOREAS,Boreas Polar Weather Satellite,SATELLITE,NS30,2025,11,2025-11-01,2025-11,OVH,137072.76,467463035.27
PRG-BOREAS,Boreas Polar Weather Satellite,SATELLITE,NS30,2025,11,2025-11-01,2025-11,PER,205554.27,467463035.27
PRG-BOREAS,Boreas Polar Weather Satellite,SATELLITE,NS30,2025,11,2025-11-01,2025-11,SUB,1858673.69,467463035.27
PRG-BOREAS,Boreas Polar Weather Satellite,SATELLITE,NS30,2025,12,2025-12-01,2025-12,DEP,120846.31,467463035.27
PRG-BOREAS,Boreas Polar Weather Satellite,SATELLITE,NS30,2025,12,2025-12-01,2025-12,MAT,1146479.68,467463035.27
PRG-BOREAS,Boreas Polar Weather Satellite,SATELLITE,NS30,2025,12,2025-12-01,2025-12,OTH,18679.57,467463035.27
PRG-BOREAS,Boreas Polar Weather Satellite,SATELLITE,NS30,2025,12,2025-12-01,2025-12,OVH,131692.4,467463035.27
PRG-BOREAS,Boreas Polar Weather Satellite,SATELLITE,NS30,2025,12,2025-12-01,2025-12,PER,156713.33,467463035.27
PRG-BOREAS,Boreas Polar Weather Satellite,SATELLITE,NS30,2025,12,2025-12-01,2025-12,SUB,2017875.31,467463035.27
PRG-BOREAS,Boreas Polar Weather Satellite,SATELLITE,NS30,2025,13,2025-12-01,2025-12,MAT,41447.14,467463035.27
PRG-BOREAS,Boreas Polar Weather Satellite,SATELLITE,NS30,2025,13,2025-12-01,2025-12,OTH,14398.95,467463035.27
PRG-BOREAS,Boreas Polar Weather Satellite,SATELLITE,NS30,2025,13,2025-12-01,2025-12,OVH,15506.85,467463035.27
PRG-BOREAS,Boreas Polar Weather Satellite,SATELLITE,NS30,2025,13,2025-12-01,2025-12,PER,53690.58,467463035.27
PRG-BOREAS,Boreas Polar Weather Satellite,SATELLITE,NS30,2025,13,2025-12-01,2025-12,SUB,186658.58,467463035.27
PRG-BOREAS,Boreas Polar Weather Satellite,SATELLITE,NS30,2025,14,2025-12-01,2025-12,MAT,22795.11,467463035.27
PRG-BOREAS,Boreas Polar Weather Satellite,SATELLITE,NS30,2025,14,2025-12-01,2025-12,OTH,20922.18,467463035.27
PRG-BOREAS,Boreas Polar Weather Satellite,SATELLITE,NS30,2025,14,2025-12-01,2025-12,OVH,10785.11,467463035.27
PRG-BOREAS,Boreas Polar Weather Satellite,SATELLITE,NS30,2025,14,2025-12-01,2025-12,PER,39296.74,467463035.27
PRG-BOREAS,Boreas Polar Weather Satellite,SATELLITE,NS30,2025,14,2025-12-01,2025-12,SUB,201583.82,467463035.27
PRG-BOREAS,Boreas Polar Weather Satellite,SATELLITE,NS30,2026,1,2026-01-01,2026-01,DEP,132327.23,467463035.27
PRG-BOREAS,Boreas Polar Weather Satellite,SATELLITE,NS30,2026,1,2026-01-01,2026-01,MAT,1376502.12,467463035.27
PRG-BOREAS,Boreas Polar Weather Satellite,SATELLITE,NS30,2026,1,2026-01-01,2026-01,OTH,30414.07,467463035.27
PRG-BOREAS,Boreas Polar Weather Satellite,SATELLITE,NS30,2026,1,2026-01-01,2026-01,OVH,138370.61,467463035.27
PRG-BOREAS,Boreas Polar Weather Satellite,SATELLITE,NS30,2026,1,2026-01-01,2026-01,PER,222570.58,467463035.27
PRG-BOREAS,Boreas Polar Weather Satellite,SATELLITE,NS30,2026,1,2026-01-01,2026-01,SUB,2068642.98,467463035.27
PRG-BOREAS,Boreas Polar Weather Satellite,SATELLITE,NS30,2026,2,2026-02-01,2026-02,DEP,106134.86,467463035.27
PRG-BOREAS,Boreas Polar Weather Satellite,SATELLITE,NS30,2026,2,2026-02-01,2026-02,MAT,1192649.02,467463035.27
PRG-BOREAS,Boreas Polar Weather Satellite,SATELLITE,NS30,2026,2,2026-02-01,2026-02,OTH,28411.65,467463035.27
PRG-BOREAS,Boreas Polar Weather Satellite,SATELLITE,NS30,2026,2,2026-02-01,2026-02,OVH,99959.78,467463035.27
PRG-BOREAS,Boreas Polar Weather Satellite,SATELLITE,NS30,2026,2,2026-02-01,2026-02,PER,174806.01,467463035.27
PRG-BOREAS,Boreas Polar Weather Satellite,SATELLITE,NS30,2026,2,2026-02-01,2026-02,SUB,2067226.59,467463035.27
PRG-BOREAS,Boreas Polar Weather Satellite,SATELLITE,NS30,2026,3,2026-03-01,2026-03,DEP,114536.8,467463035.27
PRG-BOREAS,Boreas Polar Weather Satellite,SATELLITE,NS30,2026,3,2026-03-01,2026-03,MAT,1247780.93,467463035.27
PRG-BOREAS,Boreas Polar Weather Satellite,SATELLITE,NS30,2026,3,2026-03-01,2026-03,OTH,39300.73,467463035.27
PRG-BOREAS,Boreas Polar Weather Satellite,SATELLITE,NS30,2026,3,2026-03-01,2026-03,OVH,152632.01,467463035.27
PRG-BOREAS,Boreas Polar Weather Satellite,SATELLITE,NS30,2026,3,2026-03-01,2026-03,PER,183900.25,467463035.27
PRG-BOREAS,Boreas Polar Weather Satellite,SATELLITE,NS30,2026,3,2026-03-01,2026-03,SUB,1970334.01,467463035.27
PRG-BOREAS,Boreas Polar Weather Satellite,SATELLITE,NS30,2026,4,2026-04-01,2026-04,DEP,102027.62,467463035.27
PRG-BOREAS,Boreas Polar Weather Satellite,SATELLITE,NS30,2026,4,2026-04-01,2026-04,MAT,1157996.48,467463035.27
PRG-BOREAS,Boreas Polar Weather Satellite,SATELLITE,NS30,2026,4,2026-04-01,2026-04,OTH,22295.67,467463035.27
PRG-BOREAS,Boreas Polar Weather Satellite,SATELLITE,NS30,2026,4,2026-04-01,2026-04,OVH,121762.22,467463035.27
PRG-BOREAS,Boreas Polar Weather Satellite,SATELLITE,NS30,2026,4,2026-04-01,2026-04,PER,178103.64,467463035.27
PRG-BOREAS,Boreas Polar Weather Satellite,SATELLITE,NS30,2026,4,2026-04-01,2026-04,SUB,2011719.12,467463035.27
PRG-BOREAS,Boreas Polar Weather Satellite,SATELLITE,NS30,2026,5,2026-05-01,2026-05,DEP,140037.61,467463035.27
PRG-BOREAS,Boreas Polar Weather Satellite,SATELLITE,NS30,2026,5,2026-05-01,2026-05,MAT,1077313.53,467463035.27
PRG-BOREAS,Boreas Polar Weather Satellite,SATELLITE,NS30,2026,5,2026-05-01,2026-05,OTH,36158.32,467463035.27
PRG-BOREAS,Boreas Polar Weather Satellite,SATELLITE,NS30,2026,5,2026-05-01,2026-05,OVH,137219.18,467463035.27
PRG-BOREAS,Boreas Polar Weather Satellite,SATELLITE,NS30,2026,5,2026-05-01,2026-05,PER,174942.88,467463035.27
PRG-BOREAS,Boreas Polar Weather Satellite,SATELLITE,NS30,2026,5,2026-05-01,2026-05,SUB,1859202.08,467463035.27
PRG-BOREAS,Boreas Polar Weather Satellite,SATELLITE,NS30,2026,6,2026-06-01,2026-06,DEP,146676.1,467463035.27
PRG-BOREAS,Boreas Polar Weather Satellite,SATELLITE,NS30,2026,6,2026-06-01,2026-06,MAT,1231333.66,467463035.27
PRG-BOREAS,Boreas Polar Weather Satellite,SATELLITE,NS30,2026,6,2026-06-01,2026-06,OTH,29604.15,467463035.27
PRG-BOREAS,Boreas Polar Weather Satellite,SATELLITE,NS30,2026,6,2026-06-01,2026-06,OVH,154669.56,467463035.27
PRG-BOREAS,Boreas Polar Weather Satellite,SATELLITE,NS30,2026,6,2026-06-01,2026-06,PER,182656.11,467463035.27
PRG-BOREAS,Boreas Polar Weather Satellite,SATELLITE,NS30,2026,6,2026-06-01,2026-06,SUB,2167669.07,467463035.27
PRG-BOREAS,Boreas Polar Weather Satellite,SATELLITE,NS40,2025,1,2025-01-01,2025-01,DEP,30301.8,467463035.27
PRG-BOREAS,Boreas Polar Weather Satellite,SATELLITE,NS40,2025,1,2025-01-01,2025-01,MAT,280487.49,467463035.27
PRG-BOREAS,Boreas Polar Weather Satellite,SATELLITE,NS40,2025,1,2025-01-01,2025-01,OTH,5465.21,467463035.27
PRG-BOREAS,Boreas Polar Weather Satellite,SATELLITE,NS40,2025,1,2025-01-01,2025-01,OVH,57435.93,467463035.27
PRG-BOREAS,Boreas Polar Weather Satellite,SATELLITE,NS40,2025,1,2025-01-01,2025-01,PER,56123.04,467463035.27
PRG-BOREAS,Boreas Polar Weather Satellite,SATELLITE,NS40,2025,1,2025-01-01,2025-01,SUB,416069.46,467463035.27
PRG-BOREAS,Boreas Polar Weather Satellite,SATELLITE,NS40,2025,2,2025-02-01,2025-02,DEP,28685.55,467463035.27
PRG-BOREAS,Boreas Polar Weather Satellite,SATELLITE,NS40,2025,2,2025-02-01,2025-02,MAT,381498.62,467463035.27
PRG-BOREAS,Boreas Polar Weather Satellite,SATELLITE,NS40,2025,2,2025-02-01,2025-02,OTH,2674.57,467463035.27
PRG-BOREAS,Boreas Polar Weather Satellite,SATELLITE,NS40,2025,2,2025-02-01,2025-02,OVH,43690.39,467463035.27
PRG-BOREAS,Boreas Polar Weather Satellite,SATELLITE,NS40,2025,2,2025-02-01,2025-02,PER,23331.87,467463035.27
PRG-BOREAS,Boreas Polar Weather Satellite,SATELLITE,NS40,2025,2,2025-02-01,2025-02,SUB,494999.74,467463035.27
PRG-BOREAS,Boreas Polar Weather Satellite,SATELLITE,NS40,2025,3,2025-03-01,2025-03,DEP,51022.72,467463035.27
PRG-BOREAS,Boreas Polar Weather Satellite,SATELLITE,NS40,2025,3,2025-03-01,2025-03,MAT,324880.95,467463035.27
PRG-BOREAS,Boreas Polar Weather Satellite,SATELLITE,NS40,2025,3,2025-03-01,2025-03,OTH,5614.75,467463035.27
PRG-BOREAS,Boreas Polar Weather Satellite,SATELLITE,NS40,2025,3,2025-03-01,2025-03,OVH,33774.28,467463035.27
PRG-BOREAS,Boreas Polar Weather Satellite,SATELLITE,NS40,2025,3,2025-03-01,2025-03,PER,49227.67,467463035.27
PRG-BOREAS,Boreas Polar Weather Satellite,SATELLITE,NS40,2025,3,2025-03-01,2025-03,SUB,561046.56,467463035.27
PRG-BOREAS,Boreas Polar Weather Satellite,SATELLITE,NS40,2025,4,2025-04-01,2025-04,DEP,47019.13,467463035.27
PRG-BOREAS,Boreas Polar Weather Satellite,SATELLITE,NS40,2025,4,2025-04-01,2025-04,MAT,343222.31,467463035.27
PRG-BOREAS,Boreas Polar Weather Satellite,SATELLITE,NS40,2025,4,2025-04-01,2025-04,OTH,4471.85,467463035.27
PRG-BOREAS,Boreas Polar Weather Satellite,SATELLITE,NS40,2025,4,2025-04-01,2025-04,OVH,47361.37,467463035.27
PRG-BOREAS,Boreas Polar Weather Satellite,SATELLITE,NS40,2025,4,2025-04-01,2025-04,PER,43196.0,467463035.27
PRG-BOREAS,Boreas Polar Weather Satellite,SATELLITE,NS40,2025,4,2025-04-01,2025-04,SUB,497263.51,467463035.27
PRG-BOREAS,Boreas Polar Weather Satellite,SATELLITE,NS40,2025,5,2025-05-01,2025-05,DEP,19150.92,467463035.27
PRG-BOREAS,Boreas Polar Weather Satellite,SATELLITE,NS40,2025,5,2025-05-01,2025-05,MAT,318162.97,467463035.27
PRG-BOREAS,Boreas Polar Weather Satellite,SATELLITE,NS40,2025,5,2025-05-01,2025-05,OTH,1099.04,467463035.27
PRG-BOREAS,Boreas Polar Weather Satellite,SATELLITE,NS40,2025,5,2025-05-01,2025-05,OVH,40833.39,467463035.27
PRG-BOREAS,Boreas Polar Weather Satellite,SATELLITE,NS40,2025,5,2025-05-01,2025-05,PER,33341.57,467463035.27
PRG-BOREAS,Boreas Polar Weather Satellite,SATELLITE,NS40,2025,5,2025-05-01,2025-05,SUB,469994.95,467463035.27
PRG-BOREAS,Boreas Polar Weather Satellite,SATELLITE,NS40,2025,6,2025-06-01,2025-06,DEP,49576.52,467463035.27
PRG-BOREAS,Boreas Polar Weather Satellite,SATELLITE,NS40,2025,6,2025-06-01,2025-06,MAT,330352.37,467463035.27
PRG-BOREAS,Boreas Polar Weather Satellite,SATELLITE,NS40,2025,6,2025-06-01,2025-06,OTH,8269.87,467463035.27
PRG-BOREAS,Boreas Polar Weather Satellite,SATELLITE,NS40,2025,6,2025-06-01,2025-06,OVH,43235.43,467463035.27
PRG-BOREAS,Boreas Polar Weather Satellite,SATELLITE,NS40,2025,6,2025-06-01,2025-06,PER,57092.68,467463035.27
PRG-BOREAS,Boreas Polar Weather Satellite,SATELLITE,NS40,2025,6,2025-06-01,2025-06,SUB,661474.1,467463035.27
PRG-BOREAS,Boreas Polar Weather Satellite,SATELLITE,NS40,2025,7,2025-07-01,2025-07,DEP,42430.03,467463035.27
PRG-BOREAS,Boreas Polar Weather Satellite,SATELLITE,NS40,2025,7,2025-07-01,2025-07,MAT,230712.78,467463035.27
PRG-BOREAS,Boreas Polar Weather Satellite,SATELLITE,NS40,2025,7,2025-07-01,2025-07,OTH,2905.0,467463035.27
PRG-BOREAS,Boreas Polar Weather Satellite,SATELLITE,NS40,2025,7,2025-07-01,2025-07,OVH,46326.92,467463035.27
PRG-BOREAS,Boreas Polar Weather Satellite,SATELLITE,NS40,2025,7,2025-07-01,2025-07,PER,27638.96,467463035.27
PRG-BOREAS,Boreas Polar Weather Satellite,SATELLITE,NS40,2025,7,2025-07-01,2025-07,SUB,598503.66,467463035.27
PRG-BOREAS,Boreas Polar Weather Satellite,SATELLITE,NS40,2025,8,2025-08-01,2025-08,DEP,22797.68,467463035.27
PRG-BOREAS,Boreas Polar Weather Satellite,SATELLITE,NS40,2025,8,2025-08-01,2025-08,MAT,382059.41,467463035.27
PRG-BOREAS,Boreas Polar Weather Satellite,SATELLITE,NS40,2025,8,2025-08-01,2025-08,OTH,3011.75,467463035.27
PRG-BOREAS,Boreas Polar Weather Satellite,SATELLITE,NS40,2025,8,2025-08-01,2025-08,OVH,56409.22,467463035.27
PRG-BOREAS,Boreas Polar Weather Satellite,SATELLITE,NS40,2025,8,2025-08-01,2025-08,PER,47811.34,467463035.27
PRG-BOREAS,Boreas Polar Weather Satellite,SATELLITE,NS40,2025,8,2025-08-01,2025-08,SUB,515102.86,467463035.27
PRG-BOREAS,Boreas Polar Weather Satellite,SATELLITE,NS40,2025,9,2025-09-01,2025-09,DEP,33631.92,467463035.27
PRG-BOREAS,Boreas Polar Weather Satellite,SATELLITE,NS40,2025,9,2025-09-01,2025-09,MAT,295973.89,467463035.27
PRG-BOREAS,Boreas Polar Weather Satellite,SATELLITE,NS40,2025,9,2025-09-01,2025-09,OTH,2137.89,467463035.27
PRG-BOREAS,Boreas Polar Weather Satellite,SATELLITE,NS40,2025,9,2025-09-01,2025-09,OVH,54296.73,467463035.27
PRG-BOREAS,Boreas Polar Weather Satellite,SATELLITE,NS40,2025,9,2025-09-01,2025-09,PER,22041.02,467463035.27
PRG-BOREAS,Boreas Polar Weather Satellite,SATELLITE,NS40,2025,9,2025-09-01,2025-09,SUB,363488.08,467463035.27
PRG-BOREAS,Boreas Polar Weather Satellite,SATELLITE,NS40,2025,10,2025-10-01,2025-10,DEP,21130.72,467463035.27
PRG-BOREAS,Boreas Polar Weather Satellite,SATELLITE,NS40,2025,10,2025-10-01,2025-10,MAT,300700.1,467463035.27
PRG-BOREAS,Boreas Polar Weather Satellite,SATELLITE,NS40,2025,10,2025-10-01,2025-10,OTH,1609.23,467463035.27
PRG-BOREAS,Boreas Polar Weather Satellite,SATELLITE,NS40,2025,10,2025-10-01,2025-10,OVH,56129.33,467463035.27
PRG-BOREAS,Boreas Polar Weather Satellite,SATELLITE,NS40,2025,10,2025-10-01,2025-10,PER,51070.23,467463035.27
PRG-BOREAS,Boreas Polar Weather Satellite,SATELLITE,NS40,2025,10,2025-10-01,2025-10,SUB,677657.96,467463035.27
PRG-BOREAS,Boreas Polar Weather Satellite,SATELLITE,NS40,2025,11,2025-11-01,2025-11,DEP,28762.05,467463035.27
PRG-BOREAS,Boreas Polar Weather Satellite,SATELLITE,NS40,2025,11,2025-11-01,2025-11,MAT,318782.69,467463035.27
PRG-BOREAS,Boreas Polar Weather Satellite,SATELLITE,NS40,2025,11,2025-11-01,2025-11,OTH,3048.91,467463035.27
PRG-BOREAS,Boreas Polar Weather Satellite,SATELLITE,NS40,2025,11,2025-11-01,2025-11,OVH,43757.49,467463035.27
PRG-BOREAS,Boreas Polar Weather Satellite,SATELLITE,NS40,2025,11,2025-11-01,2025-11,PER,25677.79,467463035.27
PRG-BOREAS,Boreas Polar Weather Satellite,SATELLITE,NS40,2025,11,2025-11-01,2025-11,SUB,536794.61,467463035.27
PRG-BOREAS,Boreas Polar Weather Satellite,SATELLITE,NS40,2025,12,2025-12-01,2025-12,DEP,17843.52,467463035.27
PRG-BOREAS,Boreas Polar Weather Satellite,SATELLITE,NS40,2025,12,2025-12-01,2025-12,MAT,399615.3,467463035.27
PRG-BOREAS,Boreas Polar Weather Satellite,SATELLITE,NS40,2025,12,2025-12-01,2025-12,OTH,8715.22,467463035.27
PRG-BOREAS,Boreas Polar Weather Satellite,SATELLITE,NS40,2025,12,2025-12-01,2025-12,OVH,38180.1,467463035.27
PRG-BOREAS,Boreas Polar Weather Satellite,SATELLITE,NS40,2025,12,2025-12-01,2025-12,PER,43260.93,467463035.27
PRG-BOREAS,Boreas Polar Weather Satellite,SATELLITE,NS40,2025,12,2025-12-01,2025-12,SUB,674726.02,467463035.27
PRG-BOREAS,Boreas Polar Weather Satellite,SATELLITE,NS40,2025,13,2025-12-01,2025-12,MAT,6282.83,467463035.27
PRG-BOREAS,Boreas Polar Weather Satellite,SATELLITE,NS40,2025,13,2025-12-01,2025-12,OTH,9130.4,467463035.27
PRG-BOREAS,Boreas Polar Weather Satellite,SATELLITE,NS40,2025,13,2025-12-01,2025-12,OVH,5996.0,467463035.27
PRG-BOREAS,Boreas Polar Weather Satellite,SATELLITE,NS40,2025,13,2025-12-01,2025-12,PER,16961.19,467463035.27
PRG-BOREAS,Boreas Polar Weather Satellite,SATELLITE,NS40,2025,13,2025-12-01,2025-12,SUB,58163.48,467463035.27
PRG-BOREAS,Boreas Polar Weather Satellite,SATELLITE,NS40,2025,14,2025-12-01,2025-12,MAT,5418.19,467463035.27
PRG-BOREAS,Boreas Polar Weather Satellite,SATELLITE,NS40,2025,14,2025-12-01,2025-12,OTH,4588.32,467463035.27
PRG-BOREAS,Boreas Polar Weather Satellite,SATELLITE,NS40,2025,14,2025-12-01,2025-12,OVH,2468.13,467463035.27
PRG-BOREAS,Boreas Polar Weather Satellite,SATELLITE,NS40,2025,14,2025-12-01,2025-12,PER,10231.5,467463035.27
PRG-BOREAS,Boreas Polar Weather Satellite,SATELLITE,NS40,2025,14,2025-12-01,2025-12,SUB,53378.86,467463035.27
PRG-BOREAS,Boreas Polar Weather Satellite,SATELLITE,NS40,2026,1,2026-01-01,2026-01,DEP,32390.08,467463035.27
PRG-BOREAS,Boreas Polar Weather Satellite,SATELLITE,NS40,2026,1,2026-01-01,2026-01,MAT,387907.55,467463035.27
PRG-BOREAS,Boreas Polar Weather Satellite,SATELLITE,NS40,2026,1,2026-01-01,2026-01,OTH,2477.3,467463035.27
PRG-BOREAS,Boreas Polar Weather Satellite,SATELLITE,NS40,2026,1,2026-01-01,2026-01,OVH,49158.69,467463035.27
PRG-BOREAS,Boreas Polar Weather Satellite,SATELLITE,NS40,2026,1,2026-01-01,2026-01,PER,30388.29,467463035.27
PRG-BOREAS,Boreas Polar Weather Satellite,SATELLITE,NS40,2026,1,2026-01-01,2026-01,SUB,605655.26,467463035.27
PRG-BOREAS,Boreas Polar Weather Satellite,SATELLITE,NS40,2026,2,2026-02-01,2026-02,DEP,31716.21,467463035.27
PRG-BOREAS,Boreas Polar Weather Satellite,SATELLITE,NS40,2026,2,2026-02-01,2026-02,MAT,293991.83,467463035.27
PRG-BOREAS,Boreas Polar Weather Satellite,SATELLITE,NS40,2026,2,2026-02-01,2026-02,OTH,3547.32,467463035.27
PRG-BOREAS,Boreas Polar Weather Satellite,SATELLITE,NS40,2026,2,2026-02-01,2026-02,OVH,40445.21,467463035.27
PRG-BOREAS,Boreas Polar Weather Satellite,SATELLITE,NS40,2026,2,2026-02-01,2026-02,PER,34695.32,467463035.27
PRG-BOREAS,Boreas Polar Weather Satellite,SATELLITE,NS40,2026,2,2026-02-01,2026-02,SUB,489799.01,467463035.27
PRG-BOREAS,Boreas Polar Weather Satellite,SATELLITE,NS40,2026,3,2026-03-01,2026-03,DEP,36868.03,467463035.27
PRG-BOREAS,Boreas Polar Weather Satellite,SATELLITE,NS40,2026,3,2026-03-01,2026-03,MAT,339043.03,467463035.27
PRG-BOREAS,Boreas Polar Weather Satellite,SATELLITE,NS40,2026,3,2026-03-01,2026-03,OTH,3919.3,467463035.27
PRG-BOREAS,Boreas Polar Weather Satellite,SATELLITE,NS40,2026,3,2026-03-01,2026-03,OVH,39108.92,467463035.27
PRG-BOREAS,Boreas Polar Weather Satellite,SATELLITE,NS40,2026,3,2026-03-01,2026-03,PER,37056.3,467463035.27
PRG-BOREAS,Boreas Polar Weather Satellite,SATELLITE,NS40,2026,3,2026-03-01,2026-03,SUB,440257.44,467463035.27
PRG-BOREAS,Boreas Polar Weather Satellite,SATELLITE,NS40,2026,4,2026-04-01,2026-04,DEP,30873.68,467463035.27
PRG-BOREAS,Boreas Polar Weather Satellite,SATELLITE,NS40,2026,4,2026-04-01,2026-04,MAT,290592.24,467463035.27
PRG-BOREAS,Boreas Polar Weather Satellite,SATELLITE,NS40,2026,4,2026-04-01,2026-04,OTH,1070.87,467463035.27
PRG-BOREAS,Boreas Polar Weather Satellite,SATELLITE,NS40,2026,4,2026-04-01,2026-04,OVH,39658.2,467463035.27
PRG-BOREAS,Boreas Polar Weather Satellite,SATELLITE,NS40,2026,4,2026-04-01,2026-04,PER,27144.54,467463035.27
PRG-BOREAS,Boreas Polar Weather Satellite,SATELLITE,NS40,2026,4,2026-04-01,2026-04,SUB,673064.55,467463035.27
PRG-BOREAS,Boreas Polar Weather Satellite,SATELLITE,NS40,2026,5,2026-05-01,2026-05,DEP,35644.19,467463035.27
PRG-BOREAS,Boreas Polar Weather Satellite,SATELLITE,NS40,2026,5,2026-05-01,2026-05,MAT,468108.72,467463035.27
PRG-BOREAS,Boreas Polar Weather Satellite,SATELLITE,NS40,2026,5,2026-05-01,2026-05,OTH,2951.43,467463035.27
PRG-BOREAS,Boreas Polar Weather Satellite,SATELLITE,NS40,2026,5,2026-05-01,2026-05,OVH,44650.14,467463035.27
PRG-BOREAS,Boreas Polar Weather Satellite,SATELLITE,NS40,2026,5,2026-05-01,2026-05,PER,42119.46,467463035.27
PRG-BOREAS,Boreas Polar Weather Satellite,SATELLITE,NS40,2026,5,2026-05-01,2026-05,SUB,520815.77,467463035.27
PRG-BOREAS,Boreas Polar Weather Satellite,SATELLITE,NS40,2026,6,2026-06-01,2026-06,DEP,39179.97,467463035.27
PRG-BOREAS,Boreas Polar Weather Satellite,SATELLITE,NS40,2026,6,2026-06-01,2026-06,MAT,332614.79,467463035.27
PRG-BOREAS,Boreas Polar Weather Satellite,SATELLITE,NS40,2026,6,2026-06-01,2026-06,OTH,1312.45,467463035.27
PRG-BOREAS,Boreas Polar Weather Satellite,SATELLITE,NS40,2026,6,2026-06-01,2026-06,OVH,43327.17,467463035.27
PRG-BOREAS,Boreas Polar Weather Satellite,SATELLITE,NS40,2026,6,2026-06-01,2026-06,PER,49005.23,467463035.27
PRG-BOREAS,Boreas Polar Weather Satellite,SATELLITE,NS40,2026,6,2026-06-01,2026-06,SUB,732699.57,467463035.27
PRG-CASTOR,Castor Smallsat Platform,SATELLITE,NS10,2024,1,2024-01-01,2024-01,DEP,46763.37,149382176.71
PRG-CASTOR,Castor Smallsat Platform,SATELLITE,NS10,2024,1,2024-01-01,2024-01,MAT,423115.46,149382176.71
PRG-CASTOR,Castor Smallsat Platform,SATELLITE,NS10,2024,1,2024-01-01,2024-01,OTH,5985.0,149382176.71
PRG-CASTOR,Castor Smallsat Platform,SATELLITE,NS10,2024,1,2024-01-01,2024-01,OVH,100229.94,149382176.71
PRG-CASTOR,Castor Smallsat Platform,SATELLITE,NS10,2024,1,2024-01-01,2024-01,PER,73370.45,149382176.71
PRG-CASTOR,Castor Smallsat Platform,SATELLITE,NS10,2024,1,2024-01-01,2024-01,SUB,693674.23,149382176.71
PRG-CASTOR,Castor Smallsat Platform,SATELLITE,NS10,2024,2,2024-02-01,2024-02,DEP,37148.26,149382176.71
PRG-CASTOR,Castor Smallsat Platform,SATELLITE,NS10,2024,2,2024-02-01,2024-02,MAT,407930.39,149382176.71
PRG-CASTOR,Castor Smallsat Platform,SATELLITE,NS10,2024,2,2024-02-01,2024-02,OTH,2384.24,149382176.71
PRG-CASTOR,Castor Smallsat Platform,SATELLITE,NS10,2024,2,2024-02-01,2024-02,OVH,78780.74,149382176.71
PRG-CASTOR,Castor Smallsat Platform,SATELLITE,NS10,2024,2,2024-02-01,2024-02,PER,52801.96,149382176.71
PRG-CASTOR,Castor Smallsat Platform,SATELLITE,NS10,2024,2,2024-02-01,2024-02,SUB,703628.11,149382176.71
PRG-CASTOR,Castor Smallsat Platform,SATELLITE,NS10,2024,3,2024-03-01,2024-03,DEP,45581.61,149382176.71
PRG-CASTOR,Castor Smallsat Platform,SATELLITE,NS10,2024,3,2024-03-01,2024-03,MAT,532970.69,149382176.71
PRG-CASTOR,Castor Smallsat Platform,SATELLITE,NS10,2024,3,2024-03-01,2024-03,OTH,5078.88,149382176.71
PRG-CASTOR,Castor Smallsat Platform,SATELLITE,NS10,2024,3,2024-03-01,2024-03,OVH,76910.92,149382176.71
PRG-CASTOR,Castor Smallsat Platform,SATELLITE,NS10,2024,3,2024-03-01,2024-03,PER,49409.42,149382176.71
PRG-CASTOR,Castor Smallsat Platform,SATELLITE,NS10,2024,3,2024-03-01,2024-03,SUB,895281.42,149382176.71
PRG-CASTOR,Castor Smallsat Platform,SATELLITE,NS10,2024,4,2024-04-01,2024-04,DEP,73798.85,149382176.71
PRG-CASTOR,Castor Smallsat Platform,SATELLITE,NS10,2024,4,2024-04-01,2024-04,MAT,550364.1,149382176.71
PRG-CASTOR,Castor Smallsat Platform,SATELLITE,NS10,2024,4,2024-04-01,2024-04,OTH,3052.25,149382176.71
PRG-CASTOR,Castor Smallsat Platform,SATELLITE,NS10,2024,4,2024-04-01,2024-04,OVH,72657.8,149382176.71
PRG-CASTOR,Castor Smallsat Platform,SATELLITE,NS10,2024,4,2024-04-01,2024-04,PER,74166.35,149382176.71
PRG-CASTOR,Castor Smallsat Platform,SATELLITE,NS10,2024,4,2024-04-01,2024-04,SUB,650846.92,149382176.71
PRG-CASTOR,Castor Smallsat Platform,SATELLITE,NS10,2024,5,2024-05-01,2024-05,DEP,75142.73,149382176.71
PRG-CASTOR,Castor Smallsat Platform,SATELLITE,NS10,2024,5,2024-05-01,2024-05,MAT,490133.25,149382176.71
PRG-CASTOR,Castor Smallsat Platform,SATELLITE,NS10,2024,5,2024-05-01,2024-05,OTH,5633.45,149382176.71
PRG-CASTOR,Castor Smallsat Platform,SATELLITE,NS10,2024,5,2024-05-01,2024-05,OVH,71305.12,149382176.71
PRG-CASTOR,Castor Smallsat Platform,SATELLITE,NS10,2024,5,2024-05-01,2024-05,PER,55280.33,149382176.71
PRG-CASTOR,Castor Smallsat Platform,SATELLITE,NS10,2024,5,2024-05-01,2024-05,SUB,950596.21,149382176.71
PRG-CASTOR,Castor Smallsat Platform,SATELLITE,NS10,2024,6,2024-06-01,2024-06,DEP,44095.82,149382176.71
PRG-CASTOR,Castor Smallsat Platform,SATELLITE,NS10,2024,6,2024-06-01,2024-06,MAT,470667.46,149382176.71
PRG-CASTOR,Castor Smallsat Platform,SATELLITE,NS10,2024,6,2024-06-01,2024-06,OTH,4684.86,149382176.71
PRG-CASTOR,Castor Smallsat Platform,SATELLITE,NS10,2024,6,2024-06-01,2024-06,OVH,56536.69,149382176.71
PRG-CASTOR,Castor Smallsat Platform,SATELLITE,NS10,2024,6,2024-06-01,2024-06,PER,50278.94,149382176.71
PRG-CASTOR,Castor Smallsat Platform,SATELLITE,NS10,2024,6,2024-06-01,2024-06,SUB,843176.37,149382176.71
PRG-CASTOR,Castor Smallsat Platform,SATELLITE,NS10,2024,7,2024-07-01,2024-07,DEP,59652.6,149382176.71
PRG-CASTOR,Castor Smallsat Platform,SATELLITE,NS10,2024,7,2024-07-01,2024-07,MAT,558271.37,149382176.71
PRG-CASTOR,Castor Smallsat Platform,SATELLITE,NS10,2024,7,2024-07-01,2024-07,OTH,2865.95,149382176.71
PRG-CASTOR,Castor Smallsat Platform,SATELLITE,NS10,2024,7,2024-07-01,2024-07,OVH,60252.06,149382176.71
PRG-CASTOR,Castor Smallsat Platform,SATELLITE,NS10,2024,7,2024-07-01,2024-07,PER,91744.8,149382176.71
PRG-CASTOR,Castor Smallsat Platform,SATELLITE,NS10,2024,7,2024-07-01,2024-07,SUB,817793.55,149382176.71
PRG-CASTOR,Castor Smallsat Platform,SATELLITE,NS10,2024,8,2024-08-01,2024-08,DEP,36424.43,149382176.71
PRG-CASTOR,Castor Smallsat Platform,SATELLITE,NS10,2024,8,2024-08-01,2024-08,MAT,613569.2,149382176.71
PRG-CASTOR,Castor Smallsat Platform,SATELLITE,NS10,2024,8,2024-08-01,2024-08,OTH,10177.26,149382176.71
PRG-CASTOR,Castor Smallsat Platform,SATELLITE,NS10,2024,8,2024-08-01,2024-08,OVH,77288.82,149382176.71
PRG-CASTOR,Castor Smallsat Platform,SATELLITE,NS10,2024,8,2024-08-01,2024-08,PER,83072.96,149382176.71
PRG-CASTOR,Castor Smallsat Platform,SATELLITE,NS10,2024,8,2024-08-01,2024-08,SUB,833893.76,149382176.71
PRG-CASTOR,Castor Smallsat Platform,SATELLITE,NS10,2024,9,2024-09-01,2024-09,DEP,56863.17,149382176.71
PRG-CASTOR,Castor Smallsat Platform,SATELLITE,NS10,2024,9,2024-09-01,2024-09,MAT,530891.25,149382176.71
PRG-CASTOR,Castor Smallsat Platform,SATELLITE,NS10,2024,9,2024-09-01,2024-09,OTH,2629.61,149382176.71
PRG-CASTOR,Castor Smallsat Platform,SATELLITE,NS10,2024,9,2024-09-01,2024-09,OVH,54705.82,149382176.71
PRG-CASTOR,Castor Smallsat Platform,SATELLITE,NS10,2024,9,2024-09-01,2024-09,PER,51287.08,149382176.71
PRG-CASTOR,Castor Smallsat Platform,SATELLITE,NS10,2024,9,2024-09-01,2024-09,SUB,679276.47,149382176.71
PRG-CASTOR,Castor Smallsat Platform,SATELLITE,NS10,2024,10,2024-10-01,2024-10,DEP,58486.19,149382176.71
PRG-CASTOR,Castor Smallsat Platform,SATELLITE,NS10,2024,10,2024-10-01,2024-10,MAT,489500.95,149382176.71
PRG-CASTOR,Castor Smallsat Platform,SATELLITE,NS10,2024,10,2024-10-01,2024-10,OTH,1684.28,149382176.71
PRG-CASTOR,Castor Smallsat Platform,SATELLITE,NS10,2024,10,2024-10-01,2024-10,OVH,71902.32,149382176.71
PRG-CASTOR,Castor Smallsat Platform,SATELLITE,NS10,2024,10,2024-10-01,2024-10,PER,69851.5,149382176.71
PRG-CASTOR,Castor Smallsat Platform,SATELLITE,NS10,2024,10,2024-10-01,2024-10,SUB,929267.81,149382176.71
PRG-CASTOR,Castor Smallsat Platform,SATELLITE,NS10,2024,11,2024-11-01,2024-11,DEP,40005.85,149382176.71
PRG-CASTOR,Castor Smallsat Platform,SATELLITE,NS10,2024,11,2024-11-01,2024-11,MAT,566572.72,149382176.71
PRG-CASTOR,Castor Smallsat Platform,SATELLITE,NS10,2024,11,2024-11-01,2024-11,OTH,3580.78,149382176.71
PRG-CASTOR,Castor Smallsat Platform,SATELLITE,NS10,2024,11,2024-11-01,2024-11,OVH,73584.41,149382176.71
PRG-CASTOR,Castor Smallsat Platform,SATELLITE,NS10,2024,11,2024-11-01,2024-11,PER,50026.01,149382176.71
PRG-CASTOR,Castor Smallsat Platform,SATELLITE,NS10,2024,11,2024-11-01,2024-11,SUB,767662.55,149382176.71
PRG-CASTOR,Castor Smallsat Platform,SATELLITE,NS10,2024,12,2024-12-01,2024-12,DEP,52062.21,149382176.71
PRG-CASTOR,Castor Smallsat Platform,SATELLITE,NS10,2024,12,2024-12-01,2024-12,MAT,437164.55,149382176.71
PRG-CASTOR,Castor Smallsat Platform,SATELLITE,NS10,2024,12,2024-12-01,2024-12,OTH,3985.42,149382176.71
PRG-CASTOR,Castor Smallsat Platform,SATELLITE,NS10,2024,12,2024-12-01,2024-12,OVH,74924.04,149382176.71
PRG-CASTOR,Castor Smallsat Platform,SATELLITE,NS10,2024,12,2024-12-01,2024-12,PER,63435.41,149382176.71
PRG-CASTOR,Castor Smallsat Platform,SATELLITE,NS10,2024,12,2024-12-01,2024-12,SUB,812053.31,149382176.71
PRG-CASTOR,Castor Smallsat Platform,SATELLITE,NS10,2024,13,2024-12-01,2024-12,MAT,16592.67,149382176.71
PRG-CASTOR,Castor Smallsat Platform,SATELLITE,NS10,2024,13,2024-12-01,2024-12,OTH,9097.21,149382176.71
PRG-CASTOR,Castor Smallsat Platform,SATELLITE,NS10,2024,13,2024-12-01,2024-12,OVH,14522.78,149382176.71
PRG-CASTOR,Castor Smallsat Platform,SATELLITE,NS10,2024,13,2024-12-01,2024-12,PER,17800.11,149382176.71
PRG-CASTOR,Castor Smallsat Platform,SATELLITE,NS10,2024,13,2024-12-01,2024-12,SUB,35808.01,149382176.71
PRG-CASTOR,Castor Smallsat Platform,SATELLITE,NS10,2024,14,2024-12-01,2024-12,MAT,17176.95,149382176.71
PRG-CASTOR,Castor Smallsat Platform,SATELLITE,NS10,2024,14,2024-12-01,2024-12,OTH,8766.93,149382176.71
PRG-CASTOR,Castor Smallsat Platform,SATELLITE,NS10,2024,14,2024-12-01,2024-12,OVH,11360.52,149382176.71
PRG-CASTOR,Castor Smallsat Platform,SATELLITE,NS10,2024,14,2024-12-01,2024-12,PER,10321.55,149382176.71
PRG-CASTOR,Castor Smallsat Platform,SATELLITE,NS10,2024,14,2024-12-01,2024-12,SUB,41773.8,149382176.71
PRG-CASTOR,Castor Smallsat Platform,SATELLITE,NS10,2025,1,2025-01-01,2025-01,DEP,58995.63,149382176.71
PRG-CASTOR,Castor Smallsat Platform,SATELLITE,NS10,2025,1,2025-01-01,2025-01,MAT,457429.41,149382176.71
PRG-CASTOR,Castor Smallsat Platform,SATELLITE,NS10,2025,1,2025-01-01,2025-01,OTH,7366.61,149382176.71
PRG-CASTOR,Castor Smallsat Platform,SATELLITE,NS10,2025,1,2025-01-01,2025-01,OVH,86478.23,149382176.71
PRG-CASTOR,Castor Smallsat Platform,SATELLITE,NS10,2025,1,2025-01-01,2025-01,PER,66019.57,149382176.71
PRG-CASTOR,Castor Smallsat Platform,SATELLITE,NS10,2025,1,2025-01-01,2025-01,SUB,1000169.79,149382176.71
PRG-CASTOR,Castor Smallsat Platform,SATELLITE,NS10,2025,2,2025-02-01,2025-02,DEP,46968.85,149382176.71
PRG-CASTOR,Castor Smallsat Platform,SATELLITE,NS10,2025,2,2025-02-01,2025-02,MAT,551220.23,149382176.71
PRG-CASTOR,Castor Smallsat Platform,SATELLITE,NS10,2025,2,2025-02-01,2025-02,OTH,10910.17,149382176.71
PRG-CASTOR,Castor Smallsat Platform,SATELLITE,NS10,2025,2,2025-02-01,2025-02,OVH,88099.56,149382176.71
PRG-CASTOR,Castor Smallsat Platform,SATELLITE,NS10,2025,2,2025-02-01,2025-02,PER,71962.98,149382176.71
PRG-CASTOR,Castor Smallsat Platform,SATELLITE,NS10,2025,2,2025-02-01,2025-02,SUB,915404.61,149382176.71
PRG-CASTOR,Castor Smallsat Platform,SATELLITE,NS10,2025,3,2025-03-01,2025-03,DEP,49976.33,149382176.71
PRG-CASTOR,Castor Smallsat Platform,SATELLITE,NS10,2025,3,2025-03-01,2025-03,MAT,598412.83,149382176.71
PRG-CASTOR,Castor Smallsat Platform,SATELLITE,NS10,2025,3,2025-03-01,2025-03,OTH,7281.75,149382176.71
PRG-CASTOR,Castor Smallsat Platform,SATELLITE,NS10,2025,3,2025-03-01,2025-03,OVH,80226.8,149382176.71
PRG-CASTOR,Castor Smallsat Platform,SATELLITE,NS10,2025,3,2025-03-01,2025-03,PER,75281.46,149382176.71
PRG-CASTOR,Castor Smallsat Platform,SATELLITE,NS10,2025,3,2025-03-01,2025-03,SUB,911661.08,149382176.71
PRG-CASTOR,Castor Smallsat Platform,SATELLITE,NS10,2025,4,2025-04-01,2025-04,DEP,63445.27,149382176.71
PRG-CASTOR,Castor Smallsat Platform,SATELLITE,NS10,2025,4,2025-04-01,2025-04,MAT,591708.72,149382176.71
PRG-CASTOR,Castor Smallsat Platform,SATELLITE,NS10,2025,4,2025-04-01,2025-04,OTH,4262.04,149382176.71
PRG-CASTOR,Castor Smallsat Platform,SATELLITE,NS10,2025,4,2025-04-01,2025-04,OVH,92796.51,149382176.71
PRG-CASTOR,Castor Smallsat Platform,SATELLITE,NS10,2025,4,2025-04-01,2025-04,PER,55173.75,149382176.71
PRG-CASTOR,Castor Smallsat Platform,SATELLITE,NS10,2025,4,2025-04-01,2025-04,SUB,977108.31,149382176.71
PRG-CASTOR,Castor Smallsat Platform,SATELLITE,NS10,2025,5,2025-05-01,2025-05,DEP,78996.04,149382176.71
PRG-CASTOR,Castor Smallsat Platform,SATELLITE,NS10,2025,5,2025-05-01,2025-05,MAT,570874.46,149382176.71
PRG-CASTOR,Castor Smallsat Platform,SATELLITE,NS10,2025,5,2025-05-01,2025-05,OTH,4614.19,149382176.71
PRG-CASTOR,Castor Smallsat Platform,SATELLITE,NS10,2025,5,2025-05-01,2025-05,OVH,70999.6,149382176.71
PRG-CASTOR,Castor Smallsat Platform,SATELLITE,NS10,2025,5,2025-05-01,2025-05,PER,64735.48,149382176.71
PRG-CASTOR,Castor Smallsat Platform,SATELLITE,NS10,2025,5,2025-05-01,2025-05,SUB,817795.73,149382176.71
PRG-CASTOR,Castor Smallsat Platform,SATELLITE,NS10,2025,6,2025-06-01,2025-06,DEP,56603.35,149382176.71
PRG-CASTOR,Castor Smallsat Platform,SATELLITE,NS10,2025,6,2025-06-01,2025-06,MAT,515852.59,149382176.71
PRG-CASTOR,Castor Smallsat Platform,SATELLITE,NS10,2025,6,2025-06-01,2025-06,OTH,4754.71,149382176.71
PRG-CASTOR,Castor Smallsat Platform,SATELLITE,NS10,2025,6,2025-06-01,2025-06,OVH,67597.76,149382176.71
PRG-CASTOR,Castor Smallsat Platform,SATELLITE,NS10,2025,6,2025-06-01,2025-06,PER,76496.16,149382176.71
PRG-CASTOR,Castor Smallsat Platform,SATELLITE,NS10,2025,6,2025-06-01,2025-06,SUB,778666.06,149382176.71
PRG-CASTOR,Castor Smallsat Platform,SATELLITE,NS10,2025,7,2025-07-01,2025-07,DEP,51294.15,149382176.71
PRG-CASTOR,Castor Smallsat Platform,SATELLITE,NS10,2025,7,2025-07-01,2025-07,MAT,521767.58,149382176.71
PRG-CASTOR,Castor Smallsat Platform,SATELLITE,NS10,2025,7,2025-07-01,2025-07,OTH,11029.62,149382176.71
PRG-CASTOR,Castor Smallsat Platform,SATELLITE,NS10,2025,7,2025-07-01,2025-07,OVH,79451.65,149382176.71
PRG-CASTOR,Castor Smallsat Platform,SATELLITE,NS10,2025,7,2025-07-01,2025-07,PER,65497.13,149382176.71
PRG-CASTOR,Castor Smallsat Platform,SATELLITE,NS10,2025,7,2025-07-01,2025-07,SUB,903121.7,149382176.71
PRG-CASTOR,Castor Smallsat Platform,SATELLITE,NS10,2025,8,2025-08-01,2025-08,DEP,56840.06,149382176.71
PRG-CASTOR,Castor Smallsat Platform,SATELLITE,NS10,2025,8,2025-08-01,2025-08,MAT,631730.07,149382176.71
PRG-CASTOR,Castor Smallsat Platform,SATELLITE,NS10,2025,8,2025-08-01,2025-08,OTH,3424.8,149382176.71
PRG-CASTOR,Castor Smallsat Platform,SATELLITE,NS10,2025,8,2025-08-01,2025-08,OVH,94575.33,149382176.71
PRG-CASTOR,Castor Smallsat Platform,SATELLITE,NS10,2025,8,2025-08-01,2025-08,PER,60173.78,149382176.71
PRG-CASTOR,Castor Smallsat Platform,SATELLITE,NS10,2025,8,2025-08-01,2025-08,SUB,1216776.35,149382176.71
PRG-CASTOR,Castor Smallsat Platform,SATELLITE,NS10,2025,9,2025-09-01,2025-09,DEP,54225.22,149382176.71
PRG-CASTOR,Castor Smallsat Platform,SATELLITE,NS10,2025,9,2025-09-01,2025-09,MAT,512626.42,149382176.71
PRG-CASTOR,Castor Smallsat Platform,SATELLITE,NS10,2025,9,2025-09-01,2025-09,OTH,4169.94,149382176.71
PRG-CASTOR,Castor Smallsat Platform,SATELLITE,NS10,2025,9,2025-09-01,2025-09,OVH,82793.4,149382176.71
PRG-CASTOR,Castor Smallsat Platform,SATELLITE,NS10,2025,9,2025-09-01,2025-09,PER,82081.85,149382176.71
PRG-CASTOR,Castor Smallsat Platform,SATELLITE,NS10,2025,9,2025-09-01,2025-09,SUB,894530.46,149382176.71
PRG-CASTOR,Castor Smallsat Platform,SATELLITE,NS10,2025,10,2025-10-01,2025-10,DEP,38046.07,149382176.71
PRG-CASTOR,Castor Smallsat Platform,SATELLITE,NS10,2025,10,2025-10-01,2025-10,MAT,470258.65,149382176.71
PRG-CASTOR,Castor Smallsat Platform,SATELLITE,NS10,2025,10,2025-10-01,2025-10,OTH,-255.89,149382176.71
PRG-CASTOR,Castor Smallsat Platform,SATELLITE,NS10,2025,10,2025-10-01,2025-10,OVH,86247.91,149382176.71
PRG-CASTOR,Castor Smallsat Platform,SATELLITE,NS10,2025,10,2025-10-01,2025-10,PER,61930.92,149382176.71
PRG-CASTOR,Castor Smallsat Platform,SATELLITE,NS10,2025,10,2025-10-01,2025-10,SUB,662950.28,149382176.71
PRG-CASTOR,Castor Smallsat Platform,SATELLITE,NS10,2025,11,2025-11-01,2025-11,DEP,55439.16,149382176.71
PRG-CASTOR,Castor Smallsat Platform,SATELLITE,NS10,2025,11,2025-11-01,2025-11,MAT,469159.4,149382176.71
PRG-CASTOR,Castor Smallsat Platform,SATELLITE,NS10,2025,11,2025-11-01,2025-11,OTH,8658.93,149382176.71
PRG-CASTOR,Castor Smallsat Platform,SATELLITE,NS10,2025,11,2025-11-01,2025-11,OVH,92768.54,149382176.71
PRG-CASTOR,Castor Smallsat Platform,SATELLITE,NS10,2025,11,2025-11-01,2025-11,PER,65820.7,149382176.71
PRG-CASTOR,Castor Smallsat Platform,SATELLITE,NS10,2025,11,2025-11-01,2025-11,SUB,933449.77,149382176.71
PRG-CASTOR,Castor Smallsat Platform,SATELLITE,NS10,2025,12,2025-12-01,2025-12,DEP,53989.4,149382176.71
PRG-CASTOR,Castor Smallsat Platform,SATELLITE,NS10,2025,12,2025-12-01,2025-12,MAT,522003.11,149382176.71
PRG-CASTOR,Castor Smallsat Platform,SATELLITE,NS10,2025,12,2025-12-01,2025-12,OTH,3737.1,149382176.71
PRG-CASTOR,Castor Smallsat Platform,SATELLITE,NS10,2025,12,2025-12-01,2025-12,OVH,72912.28,149382176.71
PRG-CASTOR,Castor Smallsat Platform,SATELLITE,NS10,2025,12,2025-12-01,2025-12,PER,78966.57,149382176.71
PRG-CASTOR,Castor Smallsat Platform,SATELLITE,NS10,2025,12,2025-12-01,2025-12,SUB,1026146.88,149382176.71
PRG-CASTOR,Castor Smallsat Platform,SATELLITE,NS10,2025,13,2025-12-01,2025-12,MAT,7154.43,149382176.71
PRG-CASTOR,Castor Smallsat Platform,SATELLITE,NS10,2025,13,2025-12-01,2025-12,OTH,6420.09,149382176.71
PRG-CASTOR,Castor Smallsat Platform,SATELLITE,NS10,2025,13,2025-12-01,2025-12,OVH,12377.97,149382176.71
PRG-CASTOR,Castor Smallsat Platform,SATELLITE,NS10,2025,13,2025-12-01,2025-12,PER,19931.87,149382176.71
PRG-CASTOR,Castor Smallsat Platform,SATELLITE,NS10,2025,13,2025-12-01,2025-12,SUB,73092.52,149382176.71
PRG-CASTOR,Castor Smallsat Platform,SATELLITE,NS10,2025,14,2025-12-01,2025-12,MAT,6232.99,149382176.71
PRG-CASTOR,Castor Smallsat Platform,SATELLITE,NS10,2025,14,2025-12-01,2025-12,OTH,5502.34,149382176.71
PRG-CASTOR,Castor Smallsat Platform,SATELLITE,NS10,2025,14,2025-12-01,2025-12,OVH,8102.9,149382176.71
PRG-CASTOR,Castor Smallsat Platform,SATELLITE,NS10,2025,14,2025-12-01,2025-12,PER,10572.9,149382176.71
PRG-CASTOR,Castor Smallsat Platform,SATELLITE,NS10,2025,14,2025-12-01,2025-12,SUB,113507.16,149382176.71
PRG-CASTOR,Castor Smallsat Platform,SATELLITE,NS10,2026,1,2026-01-01,2026-01,DEP,48808.53,149382176.71
PRG-CASTOR,Castor Smallsat Platform,SATELLITE,NS10,2026,1,2026-01-01,2026-01,MAT,545422.07,149382176.71
PRG-CASTOR,Castor Smallsat Platform,SATELLITE,NS10,2026,1,2026-01-01,2026-01,OTH,8264.6,149382176.71
PRG-CASTOR,Castor Smallsat Platform,SATELLITE,NS10,2026,1,2026-01-01,2026-01,OVH,71115.4,149382176.71
PRG-CASTOR,Castor Smallsat Platform,SATELLITE,NS10,2026,1,2026-01-01,2026-01,PER,77411.03,149382176.71
PRG-CASTOR,Castor Smallsat Platform,SATELLITE,NS10,2026,1,2026-01-01,2026-01,SUB,933350.93,149382176.71
PRG-CASTOR,Castor Smallsat Platform,SATELLITE,NS10,2026,2,2026-02-01,2026-02,DEP,69243.29,149382176.71
PRG-CASTOR,Castor Smallsat Platform,SATELLITE,NS10,2026,2,2026-02-01,2026-02,MAT,492195.8,149382176.71
PRG-CASTOR,Castor Smallsat Platform,SATELLITE,NS10,2026,2,2026-02-01,2026-02,OTH,5857.27,149382176.71
PRG-CASTOR,Castor Smallsat Platform,SATELLITE,NS10,2026,2,2026-02-01,2026-02,OVH,85156.63,149382176.71
PRG-CASTOR,Castor Smallsat Platform,SATELLITE,NS10,2026,2,2026-02-01,2026-02,PER,69058.84,149382176.71
PRG-CASTOR,Castor Smallsat Platform,SATELLITE,NS10,2026,2,2026-02-01,2026-02,SUB,911242.91,149382176.71
PRG-CASTOR,Castor Smallsat Platform,SATELLITE,NS10,2026,3,2026-03-01,2026-03,DEP,74653.21,149382176.71
PRG-CASTOR,Castor Smallsat Platform,SATELLITE,NS10,2026,3,2026-03-01,2026-03,MAT,482313.69,149382176.71
PRG-CASTOR,Castor Smallsat Platform,SATELLITE,NS10,2026,3,2026-03-01,2026-03,OTH,4580.42,149382176.71
PRG-CASTOR,Castor Smallsat Platform,SATELLITE,NS10,2026,3,2026-03-01,2026-03,OVH,68294.73,149382176.71
PRG-CASTOR,Castor Smallsat Platform,SATELLITE,NS10,2026,3,2026-03-01,2026-03,PER,77754.27,149382176.71
PRG-CASTOR,Castor Smallsat Platform,SATELLITE,NS10,2026,3,2026-03-01,2026-03,SUB,1048701.97,149382176.71
PRG-CASTOR,Castor Smallsat Platform,SATELLITE,NS10,2026,4,2026-04-01,2026-04,DEP,54001.46,149382176.71
PRG-CASTOR,Castor Smallsat Platform,SATELLITE,NS10,2026,4,2026-04-01,2026-04,MAT,540240.21,149382176.71
PRG-CASTOR,Castor Smallsat Platform,SATELLITE,NS10,2026,4,2026-04-01,2026-04,OTH,7214.06,149382176.71
PRG-CASTOR,Castor Smallsat Platform,SATELLITE,NS10,2026,4,2026-04-01,2026-04,OVH,85461.51,149382176.71
PRG-CASTOR,Castor Smallsat Platform,SATELLITE,NS10,2026,4,2026-04-01,2026-04,PER,76465.7,149382176.71
PRG-CASTOR,Castor Smallsat Platform,SATELLITE,NS10,2026,4,2026-04-01,2026-04,SUB,865533.9,149382176.71
PRG-CASTOR,Castor Smallsat Platform,SATELLITE,NS10,2026,5,2026-05-01,2026-05,DEP,55813.02,149382176.71
PRG-CASTOR,Castor Smallsat Platform,SATELLITE,NS10,2026,5,2026-05-01,2026-05,MAT,610398.72,149382176.71
PRG-CASTOR,Castor Smallsat Platform,SATELLITE,NS10,2026,5,2026-05-01,2026-05,OTH,5011.12,149382176.71
PRG-CASTOR,Castor Smallsat Platform,SATELLITE,NS10,2026,5,2026-05-01,2026-05,OVH,70566.31,149382176.71
PRG-CASTOR,Castor Smallsat Platform,SATELLITE,NS10,2026,5,2026-05-01,2026-05,PER,65115.65,149382176.71
PRG-CASTOR,Castor Smallsat Platform,SATELLITE,NS10,2026,5,2026-05-01,2026-05,SUB,783703.75,149382176.71
PRG-CASTOR,Castor Smallsat Platform,SATELLITE,NS10,2026,6,2026-06-01,2026-06,DEP,41880.17,149382176.71
PRG-CASTOR,Castor Smallsat Platform,SATELLITE,NS10,2026,6,2026-06-01,2026-06,MAT,443096.84,149382176.71
PRG-CASTOR,Castor Smallsat Platform,SATELLITE,NS10,2026,6,2026-06-01,2026-06,OTH,6564.49,149382176.71
PRG-CASTOR,Castor Smallsat Platform,SATELLITE,NS10,2026,6,2026-06-01,2026-06,OVH,75431.69,149382176.71
PRG-CASTOR,Castor Smallsat Platform,SATELLITE,NS10,2026,6,2026-06-01,2026-06,PER,42374.2,149382176.71
PRG-CASTOR,Castor Smallsat Platform,SATELLITE,NS10,2026,6,2026-06-01,2026-06,SUB,792108.02,149382176.71
PRG-CASTOR,Castor Smallsat Platform,SATELLITE,NS20,2024,1,2024-01-01,2024-01,DEP,10530.44,149382176.71
PRG-CASTOR,Castor Smallsat Platform,SATELLITE,NS20,2024,1,2024-01-01,2024-01,MAT,200186.8,149382176.71
PRG-CASTOR,Castor Smallsat Platform,SATELLITE,NS20,2024,1,2024-01-01,2024-01,OTH,1490.66,149382176.71
PRG-CASTOR,Castor Smallsat Platform,SATELLITE,NS20,2024,1,2024-01-01,2024-01,OVH,50755.29,149382176.71
PRG-CASTOR,Castor Smallsat Platform,SATELLITE,NS20,2024,1,2024-01-01,2024-01,PER,36433.92,149382176.71
PRG-CASTOR,Castor Smallsat Platform,SATELLITE,NS20,2024,1,2024-01-01,2024-01,SUB,362584.36,149382176.71
PRG-CASTOR,Castor Smallsat Platform,SATELLITE,NS20,2024,2,2024-02-01,2024-02,DEP,19086.53,149382176.71
PRG-CASTOR,Castor Smallsat Platform,SATELLITE,NS20,2024,2,2024-02-01,2024-02,MAT,166536.22,149382176.71
PRG-CASTOR,Castor Smallsat Platform,SATELLITE,NS20,2024,2,2024-02-01,2024-02,OTH,43.79,149382176.71
PRG-CASTOR,Castor Smallsat Platform,SATELLITE,NS20,2024,2,2024-02-01,2024-02,OVH,22935.13,149382176.71
PRG-CASTOR,Castor Smallsat Platform,SATELLITE,NS20,2024,2,2024-02-01,2024-02,PER,38059.7,149382176.71
PRG-CASTOR,Castor Smallsat Platform,SATELLITE,NS20,2024,2,2024-02-01,2024-02,SUB,237132.78,149382176.71
PRG-CASTOR,Castor Smallsat Platform,SATELLITE,NS20,2024,3,2024-03-01,2024-03,DEP,16201.28,149382176.71
PRG-CASTOR,Castor Smallsat Platform,SATELLITE,NS20,2024,3,2024-03-01,2024-03,MAT,175791.96,149382176.71
PRG-CASTOR,Castor Smallsat Platform,SATELLITE,NS20,2024,3,2024-03-01,2024-03,OTH,2093.2,149382176.71
PRG-CASTOR,Castor Smallsat Platform,SATELLITE,NS20,2024,3,2024-03-01,2024-03,OVH,33345.34,149382176.71
PRG-CASTOR,Castor Smallsat Platform,SATELLITE,NS20,2024,3,2024-03-01,2024-03,PER,33833.42,149382176.71
PRG-CASTOR,Castor Smallsat Platform,SATELLITE,NS20,2024,3,2024-03-01,2024-03,SUB,369514.45,149382176.71
PRG-CASTOR,Castor Smallsat Platform,SATELLITE,NS20,2024,4,2024-04-01,2024-04,DEP,34224.98,149382176.71
PRG-CASTOR,Castor Smallsat Platform,SATELLITE,NS20,2024,4,2024-04-01,2024-04,MAT,206108.75,149382176.71
PRG-CASTOR,Castor Smallsat Platform,SATELLITE,NS20,2024,4,2024-04-01,2024-04,OTH,4290.3,149382176.71
PRG-CASTOR,Castor Smallsat Platform,SATELLITE,NS20,2024,4,2024-04-01,2024-04,OVH,43843.6,149382176.71
PRG-CASTOR,Castor Smallsat Platform,SATELLITE,NS20,2024,4,2024-04-01,2024-04,PER,14791.6,149382176.71
PRG-CASTOR,Castor Smallsat Platform,SATELLITE,NS20,2024,4,2024-04-01,2024-04,SUB,422170.4,149382176.71
PRG-CASTOR,Castor Smallsat Platform,SATELLITE,NS20,2024,5,2024-05-01,2024-05,DEP,23495.6,149382176.71
PRG-CASTOR,Castor Smallsat Platform,SATELLITE,NS20,2024,5,2024-05-01,2024-05,MAT,205475.1,149382176.71
PRG-CASTOR,Castor Smallsat Platform,SATELLITE,NS20,2024,5,2024-05-01,2024-05,OTH,885.38,149382176.71
PRG-CASTOR,Castor Smallsat Platform,SATELLITE,NS20,2024,5,2024-05-01,2024-05,OVH,37538.15,149382176.71
PRG-CASTOR,Castor Smallsat Platform,SATELLITE,NS20,2024,5,2024-05-01,2024-05,PER,22498.71,149382176.71
PRG-CASTOR,Castor Smallsat Platform,SATELLITE,NS20,2024,5,2024-05-01,2024-05,SUB,406237.81,149382176.71
PRG-CASTOR,Castor Smallsat Platform,SATELLITE,NS20,2024,6,2024-06-01,2024-06,DEP,20835.08,149382176.71
PRG-CASTOR,Castor Smallsat Platform,SATELLITE,NS20,2024,6,2024-06-01,2024-06,MAT,243482.41,149382176.71
PRG-CASTOR,Castor Smallsat Platform,SATELLITE,NS20,2024,6,2024-06-01,2024-06,OTH,5618.05,149382176.71
PRG-CASTOR,Castor Smallsat Platform,SATELLITE,NS20,2024,6,2024-06-01,2024-06,OVH,37532.24,149382176.71
PRG-CASTOR,Castor Smallsat Platform,SATELLITE,NS20,2024,6,2024-06-01,2024-06,PER,27096.6,149382176.71
PRG-CASTOR,Castor Smallsat Platform,SATELLITE,NS20,2024,6,2024-06-01,2024-06,SUB,472547.89,149382176.71
PRG-CASTOR,Castor Smallsat Platform,SATELLITE,NS20,2024,7,2024-07-01,2024-07,DEP,21690.18,149382176.71
PRG-CASTOR,Castor Smallsat Platform,SATELLITE,NS20,2024,7,2024-07-01,2024-07,MAT,152786.08,149382176.71
PRG-CASTOR,Castor Smallsat Platform,SATELLITE,NS20,2024,7,2024-07-01,2024-07,OTH,3880.76,149382176.71
PRG-CASTOR,Castor Smallsat Platform,SATELLITE,NS20,2024,7,2024-07-01,2024-07,OVH,40345.9,149382176.71
PRG-CASTOR,Castor Smallsat Platform,SATELLITE,NS20,2024,7,2024-07-01,2024-07,PER,10796.37,149382176.71
PRG-CASTOR,Castor Smallsat Platform,SATELLITE,NS20,2024,7,2024-07-01,2024-07,SUB,255412.84,149382176.71
PRG-CASTOR,Castor Smallsat Platform,SATELLITE,NS20,2024,8,2024-08-01,2024-08,DEP,17754.8,149382176.71
PRG-CASTOR,Castor Smallsat Platform,SATELLITE,NS20,2024,8,2024-08-01,2024-08,MAT,231900.25,149382176.71
PRG-CASTOR,Castor Smallsat Platform,SATELLITE,NS20,2024,8,2024-08-01,2024-08,OTH,458.61,149382176.71
PRG-CASTOR,Castor Smallsat Platform,SATELLITE,NS20,2024,8,2024-08-01,2024-08,OVH,38764.93,149382176.71
PRG-CASTOR,Castor Smallsat Platform,SATELLITE,NS20,2024,8,2024-08-01,2024-08,PER,23018.01,149382176.71
PRG-CASTOR,Castor Smallsat Platform,SATELLITE,NS20,2024,8,2024-08-01,2024-08,SUB,326871.24,149382176.71
PRG-CASTOR,Castor Smallsat Platform,SATELLITE,NS20,2024,9,2024-09-01,2024-09,DEP,31649.96,149382176.71
PRG-CASTOR,Castor Smallsat Platform,SATELLITE,NS20,2024,9,2024-09-01,2024-09,MAT,158346.83,149382176.71
PRG-CASTOR,Castor Smallsat Platform,SATELLITE,NS20,2024,9,2024-09-01,2024-09,OTH,496.74,149382176.71
PRG-CASTOR,Castor Smallsat Platform,SATELLITE,NS20,2024,9,2024-09-01,2024-09,OVH,41991.5,149382176.71
PRG-CASTOR,Castor Smallsat Platform,SATELLITE,NS20,2024,9,2024-09-01,2024-09,PER,19355.85,149382176.71
PRG-CASTOR,Castor Smallsat Platform,SATELLITE,NS20,2024,9,2024-09-01,2024-09,SUB,313348.71,149382176.71
PRG-CASTOR,Castor Smallsat Platform,SATELLITE,NS20,2024,10,2024-10-01,2024-10,DEP,27349.43,149382176.71
PRG-CASTOR,Castor Smallsat Platform,SATELLITE,NS20,2024,10,2024-10-01,2024-10,MAT,207578.71,149382176.71
PRG-CASTOR,Castor Smallsat Platform,SATELLITE,NS20,2024,10,2024-10-01,2024-10,OTH,661.54,149382176.71
PRG-CASTOR,Castor Smallsat Platform,SATELLITE,NS20,2024,10,2024-10-01,2024-10,OVH,38913.8,149382176.71
PRG-CASTOR,Castor Smallsat Platform,SATELLITE,NS20,2024,10,2024-10-01,2024-10,PER,34532.08,149382176.71
PRG-CASTOR,Castor Smallsat Platform,SATELLITE,NS20,2024,10,2024-10-01,2024-10,SUB,411958.79,149382176.71
PRG-CASTOR,Castor Smallsat Platform,SATELLITE,NS20,2024,11,2024-11-01,2024-11,DEP,20528.31,149382176.71
PRG-CASTOR,Castor Smallsat Platform,SATELLITE,NS20,2024,11,2024-11-01,2024-11,MAT,250286.85,149382176.71
PRG-CASTOR,Castor Smallsat Platform,SATELLITE,NS20,2024,11,2024-11-01,2024-11,OTH,2760.67,149382176.71
PRG-CASTOR,Castor Smallsat Platform,SATELLITE,NS20,2024,11,2024-11-01,2024-11,OVH,32760.56,149382176.71
PRG-CASTOR,Castor Smallsat Platform,SATELLITE,NS20,2024,11,2024-11-01,2024-11,PER,31062.91,149382176.71
PRG-CASTOR,Castor Smallsat Platform,SATELLITE,NS20,2024,11,2024-11-01,2024-11,SUB,377686.39,149382176.71
PRG-CASTOR,Castor Smallsat Platform,SATELLITE,NS20,2024,12,2024-12-01,2024-12,DEP,12867.53,149382176.71
PRG-CASTOR,Castor Smallsat Platform,SATELLITE,NS20,2024,12,2024-12-01,2024-12,MAT,207757.53,149382176.71
PRG-CASTOR,Castor Smallsat Platform,SATELLITE,NS20,2024,12,2024-12-01,2024-12,OTH,3833.75,149382176.71
PRG-CASTOR,Castor Smallsat Platform,SATELLITE,NS20,2024,12,2024-12-01,2024-12,OVH,45479.85,149382176.71
PRG-CASTOR,Castor Smallsat Platform,SATELLITE,NS20,2024,12,2024-12-01,2024-12,PER,27050.4,149382176.71
PRG-CASTOR,Castor Smallsat Platform,SATELLITE,NS20,2024,12,2024-12-01,2024-12,SUB,494042.92,149382176.71
PRG-CASTOR,Castor Smallsat Platform,SATELLITE,NS20,2024,13,2024-12-01,2024-12,MAT,22568.24,149382176.71
PRG-CASTOR,Castor Smallsat Platform,SATELLITE,NS20,2024,13,2024-12-01,2024-12,OTH,3866.49,149382176.71
PRG-CASTOR,Castor Smallsat Platform,SATELLITE,NS20,2024,13,2024-12-01,2024-12,OVH,4132.41,149382176.71
PRG-CASTOR,Castor Smallsat Platform,SATELLITE,NS20,2024,13,2024-12-01,2024-12,PER,5679.72,149382176.71
PRG-CASTOR,Castor Smallsat Platform,SATELLITE,NS20,2024,13,2024-12-01,2024-12,SUB,5809.37,149382176.71
PRG-CASTOR,Castor Smallsat Platform,SATELLITE,NS20,2024,14,2024-12-01,2024-12,MAT,3963.38,149382176.71
PRG-CASTOR,Castor Smallsat Platform,SATELLITE,NS20,2024,14,2024-12-01,2024-12,OTH,7452.65,149382176.71
PRG-CASTOR,Castor Smallsat Platform,SATELLITE,NS20,2024,14,2024-12-01,2024-12,OVH,1751.85,149382176.71
PRG-CASTOR,Castor Smallsat Platform,SATELLITE,NS20,2024,14,2024-12-01,2024-12,PER,3185.73,149382176.71
PRG-CASTOR,Castor Smallsat Platform,SATELLITE,NS20,2024,14,2024-12-01,2024-12,SUB,18144.16,149382176.71
PRG-CASTOR,Castor Smallsat Platform,SATELLITE,NS20,2025,1,2025-01-01,2025-01,DEP,18943.93,149382176.71
PRG-CASTOR,Castor Smallsat Platform,SATELLITE,NS20,2025,1,2025-01-01,2025-01,MAT,215162.65,149382176.71
PRG-CASTOR,Castor Smallsat Platform,SATELLITE,NS20,2025,1,2025-01-01,2025-01,OTH,3962.6,149382176.71
PRG-CASTOR,Castor Smallsat Platform,SATELLITE,NS20,2025,1,2025-01-01,2025-01,OVH,46977.08,149382176.71
PRG-CASTOR,Castor Smallsat Platform,SATELLITE,NS20,2025,1,2025-01-01,2025-01,PER,25550.89,149382176.71
PRG-CASTOR,Castor Smallsat Platform,SATELLITE,NS20,2025,1,2025-01-01,2025-01,SUB,270032.5,149382176.71
PRG-CASTOR,Castor Smallsat Platform,SATELLITE,NS20,2025,2,2025-02-01,2025-02,DEP,41769.92,149382176.71
PRG-CASTOR,Castor Smallsat Platform,SATELLITE,NS20,2025,2,2025-02-01,2025-02,MAT,214084.81,149382176.71
PRG-CASTOR,Castor Smallsat Platform,SATELLITE,NS20,2025,2,2025-02-01,2025-02,OTH,2238.09,149382176.71
PRG-CASTOR,Castor Smallsat Platform,SATELLITE,NS20,2025,2,2025-02-01,2025-02,OVH,48621.09,149382176.71
PRG-CASTOR,Castor Smallsat Platform,SATELLITE,NS20,2025,2,2025-02-01,2025-02,PER,36070.43,149382176.71
PRG-CASTOR,Castor Smallsat Platform,SATELLITE,NS20,2025,2,2025-02-01,2025-02,SUB,434319.37,149382176.71
PRG-CASTOR,Castor Smallsat Platform,SATELLITE,NS20,2025,3,2025-03-01,2025-03,DEP,17744.16,149382176.71
PRG-CASTOR,Castor Smallsat Platform,SATELLITE,NS20,2025,3,2025-03-01,2025-03,MAT,199863.45,149382176.71
PRG-CASTOR,Castor Smallsat Platform,SATELLITE,NS20,2025,3,2025-03-01,2025-03,OTH,3764.84,149382176.71
PRG-CASTOR,Castor Smallsat Platform,SATELLITE,NS20,2025,3,2025-03-01,2025-03,OVH,39379.91,149382176.71
PRG-CASTOR,Castor Smallsat Platform,SATELLITE,NS20,2025,3,2025-03-01,2025-03,PER,30537.76,149382176.71
PRG-CASTOR,Castor Smallsat Platform,SATELLITE,NS20,2025,3,2025-03-01,2025-03,SUB,300691.64,149382176.71
PRG-CASTOR,Castor Smallsat Platform,SATELLITE,NS20,2025,4,2025-04-01,2025-04,DEP,26225.15,149382176.71
PRG-CASTOR,Castor Smallsat Platform,SATELLITE,NS20,2025,4,2025-04-01,2025-04,MAT,172582.84,149382176.71
PRG-CASTOR,Castor Smallsat Platform,SATELLITE,NS20,2025,4,2025-04-01,2025-04,OTH,3723.32,149382176.71
PRG-CASTOR,Castor Smallsat Platform,SATELLITE,NS20,2025,4,2025-04-01,2025-04,OVH,56375.94,149382176.71
PRG-CASTOR,Castor Smallsat Platform,SATELLITE,NS20,2025,4,2025-04-01,2025-04,PER,14762.89,149382176.71
PRG-CASTOR,Castor Smallsat Platform,SATELLITE,NS20,2025,4,2025-04-01,2025-04,SUB,365152.6,149382176.71
PRG-CASTOR,Castor Smallsat Platform,SATELLITE,NS20,2025,5,2025-05-01,2025-05,DEP,16704.92,149382176.71
PRG-CASTOR,Castor Smallsat Platform,SATELLITE,NS20,2025,5,2025-05-01,2025-05,MAT,158083.86,149382176.71
PRG-CASTOR,Castor Smallsat Platform,SATELLITE,NS20,2025,5,2025-05-01,2025-05,OTH,6018.53,149382176.71
PRG-CASTOR,Castor Smallsat Platform,SATELLITE,NS20,2025,5,2025-05-01,2025-05,OVH,37972.59,149382176.71
PRG-CASTOR,Castor Smallsat Platform,SATELLITE,NS20,2025,5,2025-05-01,2025-05,PER,32648.97,149382176.71
PRG-CASTOR,Castor Smallsat Platform,SATELLITE,NS20,2025,5,2025-05-01,2025-05,SUB,294810.22,149382176.71
PRG-CASTOR,Castor Smallsat Platform,SATELLITE,NS20,2025,6,2025-06-01,2025-06,DEP,27869.02,149382176.71
PRG-CASTOR,Castor Smallsat Platform,SATELLITE,NS20,2025,6,2025-06-01,2025-06,MAT,175037.59,149382176.71
PRG-CASTOR,Castor Smallsat Platform,SATELLITE,NS20,2025,6,2025-06-01,2025-06,OTH,4399.24,149382176.71
PRG-CASTOR,Castor Smallsat Platform,SATELLITE,NS20,2025,6,2025-06-01,2025-06,OVH,39843.04,149382176.71
PRG-CASTOR,Castor Smallsat Platform,SATELLITE,NS20,2025,6,2025-06-01,2025-06,PER,12358.45,149382176.71
PRG-CASTOR,Castor Smallsat Platform,SATELLITE,NS20,2025,6,2025-06-01,2025-06,SUB,359997.18,149382176.71
PRG-CASTOR,Castor Smallsat Platform,SATELLITE,NS20,2025,7,2025-07-01,2025-07,DEP,21426.89,149382176.71
PRG-CASTOR,Castor Smallsat Platform,SATELLITE,NS20,2025,7,2025-07-01,2025-07,MAT,281319.52,149382176.71
PRG-CASTOR,Castor Smallsat Platform,SATELLITE,NS20,2025,7,2025-07-01,2025-07,OTH,1444.82,149382176.71
PRG-CASTOR,Castor Smallsat Platform,SATELLITE,NS20,2025,7,2025-07-01,2025-07,OVH,39300.3,149382176.71
PRG-CASTOR,Castor Smallsat Platform,SATELLITE,NS20,2025,7,2025-07-01,2025-07,PER,32284.22,149382176.71
PRG-CASTOR,Castor Smallsat Platform,SATELLITE,NS20,2025,7,2025-07-01,2025-07,SUB,458707.47,149382176.71
PRG-CASTOR,Castor Smallsat Platform,SATELLITE,NS20,2025,8,2025-08-01,2025-08,DEP,38797.26,149382176.71
PRG-CASTOR,Castor Smallsat Platform,SATELLITE,NS20,2025,8,2025-08-01,2025-08,MAT,228173.84,149382176.71
PRG-CASTOR,Castor Smallsat Platform,SATELLITE,NS20,2025,8,2025-08-01,2025-08,OTH,5540.3,149382176.71
PRG-CASTOR,Castor Smallsat Platform,SATELLITE,NS20,2025,8,2025-08-01,2025-08,OVH,39876.27,149382176.71
PRG-CASTOR,Castor Smallsat Platform,SATELLITE,NS20,2025,8,2025-08-01,2025-08,PER,22950.82,149382176.71
PRG-CASTOR,Castor Smallsat Platform,SATELLITE,NS20,2025,8,2025-08-01,2025-08,SUB,204082.61,149382176.71
PRG-CASTOR,Castor Smallsat Platform,SATELLITE,NS20,2025,9,2025-09-01,2025-09,DEP,21078.11,149382176.71
PRG-CASTOR,Castor Smallsat Platform,SATELLITE,NS20,2025,9,2025-09-01,2025-09,MAT,296212.94,149382176.71
PRG-CASTOR,Castor Smallsat Platform,SATELLITE,NS20,2025,9,2025-09-01,2025-09,OTH,3172.59,149382176.71
PRG-CASTOR,Castor Smallsat Platform,SATELLITE,NS20,2025,9,2025-09-01,2025-09,OVH,53602.67,149382176.71
PRG-CASTOR,Castor Smallsat Platform,SATELLITE,NS20,2025,9,2025-09-01,2025-09,PER,29357.18,149382176.71
PRG-CASTOR,Castor Smallsat Platform,SATELLITE,NS20,2025,9,2025-09-01,2025-09,SUB,405348.77,149382176.71
PRG-CASTOR,Castor Smallsat Platform,SATELLITE,NS20,2025,10,2025-10-01,2025-10,DEP,24351.75,149382176.71
PRG-CASTOR,Castor Smallsat Platform,SATELLITE,NS20,2025,10,2025-10-01,2025-10,MAT,198684.52,149382176.71
PRG-CASTOR,Castor Smallsat Platform,SATELLITE,NS20,2025,10,2025-10-01,2025-10,OTH,4095.84,149382176.71
PRG-CASTOR,Castor Smallsat Platform,SATELLITE,NS20,2025,10,2025-10-01,2025-10,OVH,36338.61,149382176.71
PRG-CASTOR,Castor Smallsat Platform,SATELLITE,NS20,2025,10,2025-10-01,2025-10,PER,36501.13,149382176.71
PRG-CASTOR,Castor Smallsat Platform,SATELLITE,NS20,2025,10,2025-10-01,2025-10,SUB,488773.21,149382176.71
PRG-CASTOR,Castor Smallsat Platform,SATELLITE,NS20,2025,11,2025-11-01,2025-11,DEP,19195.19,149382176.71
PRG-CASTOR,Castor Smallsat Platform,SATELLITE,NS20,2025,11,2025-11-01,2025-11,MAT,182297.86,149382176.71
PRG-CASTOR,Castor Smallsat Platform,SATELLITE,NS20,2025,11,2025-11-01,2025-11,OTH,5166.73,149382176.71
PRG-CASTOR,Castor Smallsat Platform,SATELLITE,NS20,2025,11,2025-11-01,2025-11,OVH,43666.11,149382176.71
PRG-CASTOR,Castor Smallsat Platform,SATELLITE,NS20,2025,11,2025-11-01,2025-11,PER,33279.13,149382176.71
PRG-CASTOR,Castor Smallsat Platform,SATELLITE,NS20,2025,11,2025-11-01,2025-11,SUB,340359.65,149382176.71
PRG-CASTOR,Castor Smallsat Platform,SATELLITE,NS20,2025,12,2025-12-01,2025-12,DEP,14575.79,149382176.71
PRG-CASTOR,Castor Smallsat Platform,SATELLITE,NS20,2025,12,2025-12-01,2025-12,MAT,159300.93,149382176.71
PRG-CASTOR,Castor Smallsat Platform,SATELLITE,NS20,2025,12,2025-12-01,2025-12,OTH,4245.63,149382176.71
PRG-CASTOR,Castor Smallsat Platform,SATELLITE,NS20,2025,12,2025-12-01,2025-12,OVH,39178.74,149382176.71
PRG-CASTOR,Castor Smallsat Platform,SATELLITE,NS20,2025,12,2025-12-01,2025-12,PER,25611.15,149382176.71
PRG-CASTOR,Castor Smallsat Platform,SATELLITE,NS20,2025,12,2025-12-01,2025-12,SUB,427470.84,149382176.71
PRG-CASTOR,Castor Smallsat Platform,SATELLITE,NS20,2025,13,2025-12-01,2025-12,OTH,2958.38,149382176.71
PRG-CASTOR,Castor Smallsat Platform,SATELLITE,NS20,2025,13,2025-12-01,2025-12,OVH,6066.06,149382176.71
PRG-CASTOR,Castor Smallsat Platform,SATELLITE,NS20,2025,13,2025-12-01,2025-12,PER,10264.01,149382176.71
PRG-CASTOR,Castor Smallsat Platform,SATELLITE,NS20,2025,13,2025-12-01,2025-12,SUB,17548.91,149382176.71
PRG-CASTOR,Castor Smallsat Platform,SATELLITE,NS20,2025,14,2025-12-01,2025-12,MAT,10718.61,149382176.71
PRG-CASTOR,Castor Smallsat Platform,SATELLITE,NS20,2025,14,2025-12-01,2025-12,OTH,4888.03,149382176.71
PRG-CASTOR,Castor Smallsat Platform,SATELLITE,NS20,2025,14,2025-12-01,2025-12,OVH,1717.57,149382176.71
PRG-CASTOR,Castor Smallsat Platform,SATELLITE,NS20,2025,14,2025-12-01,2025-12,PER,5544.49,149382176.71
PRG-CASTOR,Castor Smallsat Platform,SATELLITE,NS20,2025,14,2025-12-01,2025-12,SUB,26743.92,149382176.71
PRG-CASTOR,Castor Smallsat Platform,SATELLITE,NS20,2026,1,2026-01-01,2026-01,DEP,31674.94,149382176.71
PRG-CASTOR,Castor Smallsat Platform,SATELLITE,NS20,2026,1,2026-01-01,2026-01,MAT,210180.47,149382176.71
PRG-CASTOR,Castor Smallsat Platform,SATELLITE,NS20,2026,1,2026-01-01,2026-01,OTH,-142.4,149382176.71
PRG-CASTOR,Castor Smallsat Platform,SATELLITE,NS20,2026,1,2026-01-01,2026-01,OVH,58898.78,149382176.71
PRG-CASTOR,Castor Smallsat Platform,SATELLITE,NS20,2026,1,2026-01-01,2026-01,PER,22812.44,149382176.71
PRG-CASTOR,Castor Smallsat Platform,SATELLITE,NS20,2026,1,2026-01-01,2026-01,SUB,330164.55,149382176.71
PRG-CASTOR,Castor Smallsat Platform,SATELLITE,NS20,2026,2,2026-02-01,2026-02,DEP,27709.18,149382176.71
PRG-CASTOR,Castor Smallsat Platform,SATELLITE,NS20,2026,2,2026-02-01,2026-02,MAT,214220.6,149382176.71
PRG-CASTOR,Castor Smallsat Platform,SATELLITE,NS20,2026,2,2026-02-01,2026-02,OTH,1421.41,149382176.71
PRG-CASTOR,Castor Smallsat Platform,SATELLITE,NS20,2026,2,2026-02-01,2026-02,OVH,40554.84,149382176.71
PRG-CASTOR,Castor Smallsat Platform,SATELLITE,NS20,2026,2,2026-02-01,2026-02,PER,18979.93,149382176.71
PRG-CASTOR,Castor Smallsat Platform,SATELLITE,NS20,2026,2,2026-02-01,2026-02,SUB,365925.18,149382176.71
PRG-CASTOR,Castor Smallsat Platform,SATELLITE,NS20,2026,3,2026-03-01,2026-03,DEP,22952.88,149382176.71
PRG-CASTOR,Castor Smallsat Platform,SATELLITE,NS20,2026,3,2026-03-01,2026-03,MAT,239537.05,149382176.71
PRG-CASTOR,Castor Smallsat Platform,SATELLITE,NS20,2026,3,2026-03-01,2026-03,OTH,4549.39,149382176.71
PRG-CASTOR,Castor Smallsat Platform,SATELLITE,NS20,2026,3,2026-03-01,2026-03,OVH,28132.68,149382176.71
PRG-CASTOR,Castor Smallsat Platform,SATELLITE,NS20,2026,3,2026-03-01,2026-03,PER,32030.04,149382176.71
PRG-CASTOR,Castor Smallsat Platform,SATELLITE,NS20,2026,3,2026-03-01,2026-03,SUB,262077.68,149382176.71
PRG-CASTOR,Castor Smallsat Platform,SATELLITE,NS20,2026,4,2026-04-01,2026-04,DEP,44984.01,149382176.71
PRG-CASTOR,Castor Smallsat Platform,SATELLITE,NS20,2026,4,2026-04-01,2026-04,MAT,210664.8,149382176.71
PRG-CASTOR,Castor Smallsat Platform,SATELLITE,NS20,2026,4,2026-04-01,2026-04,OTH,660.84,149382176.71
PRG-CASTOR,Castor Smallsat Platform,SATELLITE,NS20,2026,4,2026-04-01,2026-04,OVH,54893.86,149382176.71
PRG-CASTOR,Castor Smallsat Platform,SATELLITE,NS20,2026,4,2026-04-01,2026-04,PER,32286.63,149382176.71
PRG-CASTOR,Castor Smallsat Platform,SATELLITE,NS20,2026,4,2026-04-01,2026-04,SUB,398622.02,149382176.71
PRG-CASTOR,Castor Smallsat Platform,SATELLITE,NS20,2026,5,2026-05-01,2026-05,DEP,24856.46,149382176.71
PRG-CASTOR,Castor Smallsat Platform,SATELLITE,NS20,2026,5,2026-05-01,2026-05,MAT,200541.88,149382176.71
PRG-CASTOR,Castor Smallsat Platform,SATELLITE,NS20,2026,5,2026-05-01,2026-05,OTH,585.0,149382176.71
PRG-CASTOR,Castor Smallsat Platform,SATELLITE,NS20,2026,5,2026-05-01,2026-05,OVH,31331.5,149382176.71
PRG-CASTOR,Castor Smallsat Platform,SATELLITE,NS20,2026,5,2026-05-01,2026-05,PER,36906.47,149382176.71
PRG-CASTOR,Castor Smallsat Platform,SATELLITE,NS20,2026,5,2026-05-01,2026-05,SUB,447753.0,149382176.71
PRG-CASTOR,Castor Smallsat Platform,SATELLITE,NS20,2026,6,2026-06-01,2026-06,DEP,19165.14,149382176.71
PRG-CASTOR,Castor Smallsat Platform,SATELLITE,NS20,2026,6,2026-06-01,2026-06,MAT,234407.66,149382176.71
PRG-CASTOR,Castor Smallsat Platform,SATELLITE,NS20,2026,6,2026-06-01,2026-06,OTH,1566.42,149382176.71
PRG-CASTOR,Castor Smallsat Platform,SATELLITE,NS20,2026,6,2026-06-01,2026-06,OVH,38275.37,149382176.71
PRG-CASTOR,Castor Smallsat Platform,SATELLITE,NS20,2026,6,2026-06-01,2026-06,PER,27636.61,149382176.71
PRG-CASTOR,Castor Smallsat Platform,SATELLITE,NS20,2026,6,2026-06-01,2026-06,SUB,248437.42,149382176.71
PRG-CASTOR,Castor Smallsat Platform,SATELLITE,NS30,2024,1,2024-01-01,2024-01,DEP,6662.59,149382176.71
PRG-CASTOR,Castor Smallsat Platform,SATELLITE,NS30,2024,1,2024-01-01,2024-01,MAT,123596.05,149382176.71
PRG-CASTOR,Castor Smallsat Platform,SATELLITE,NS30,2024,1,2024-01-01,2024-01,OTH,2936.55,149382176.71
PRG-CASTOR,Castor Smallsat Platform,SATELLITE,NS30,2024,1,2024-01-01,2024-01,OVH,7765.69,149382176.71
PRG-CASTOR,Castor Smallsat Platform,SATELLITE,NS30,2024,1,2024-01-01,2024-01,PER,21405.23,149382176.71
PRG-CASTOR,Castor Smallsat Platform,SATELLITE,NS30,2024,1,2024-01-01,2024-01,SUB,182562.27,149382176.71
PRG-CASTOR,Castor Smallsat Platform,SATELLITE,NS30,2024,2,2024-02-01,2024-02,DEP,7395.31,149382176.71
PRG-CASTOR,Castor Smallsat Platform,SATELLITE,NS30,2024,2,2024-02-01,2024-02,MAT,80823.1,149382176.71
PRG-CASTOR,Castor Smallsat Platform,SATELLITE,NS30,2024,2,2024-02-01,2024-02,OTH,2511.9,149382176.71
PRG-CASTOR,Castor Smallsat Platform,SATELLITE,NS30,2024,2,2024-02-01,2024-02,OVH,7684.36,149382176.71
PRG-CASTOR,Castor Smallsat Platform,SATELLITE,NS30,2024,2,2024-02-01,2024-02,PER,7886.14,149382176.71
PRG-CASTOR,Castor Smallsat Platform,SATELLITE,NS30,2024,2,2024-02-01,2024-02,SUB,92226.29,149382176.71
PRG-CASTOR,Castor Smallsat Platform,SATELLITE,NS30,2024,3,2024-03-01,2024-03,DEP,9060.23,149382176.71
PRG-CASTOR,Castor Smallsat Platform,SATELLITE,NS30,2024,3,2024-03-01,2024-03,MAT,95268.2,149382176.71
PRG-CASTOR,Castor Smallsat Platform,SATELLITE,NS30,2024,3,2024-03-01,2024-03,OTH,2082.42,149382176.71
PRG-CASTOR,Castor Smallsat Platform,SATELLITE,NS30,2024,3,2024-03-01,2024-03,OVH,3314.69,149382176.71
PRG-CASTOR,Castor Smallsat Platform,SATELLITE,NS30,2024,3,2024-03-01,2024-03,PER,14254.46,149382176.71
PRG-CASTOR,Castor Smallsat Platform,SATELLITE,NS30,2024,3,2024-03-01,2024-03,SUB,109848.46,149382176.71
PRG-CASTOR,Castor Smallsat Platform,SATELLITE,NS30,2024,4,2024-04-01,2024-04,DEP,2498.51,149382176.71
PRG-CASTOR,Castor Smallsat Platform,SATELLITE,NS30,2024,4,2024-04-01,2024-04,MAT,109192.97,149382176.71
PRG-CASTOR,Castor Smallsat Platform,SATELLITE,NS30,2024,4,2024-04-01,2024-04,OVH,6175.83,149382176.71
PRG-CASTOR,Castor Smallsat Platform,SATELLITE,NS30,2024,4,2024-04-01,2024-04,PER,29060.65,149382176.71
PRG-CASTOR,Castor Smallsat Platform,SATELLITE,NS30,2024,4,2024-04-01,2024-04,SUB,215521.73,149382176.71
PRG-CASTOR,Castor Smallsat Platform,SATELLITE,NS30,2024,5,2024-05-01,2024-05,DEP,13442.68,149382176.71
PRG-CASTOR,Castor Smallsat Platform,SATELLITE,NS30,2024,5,2024-05-01,2024-05,MAT,132360.89,149382176.71
PRG-CASTOR,Castor Smallsat Platform,SATELLITE,NS30,2024,5,2024-05-01,2024-05,OTH,1458.91,149382176.71
PRG-CASTOR,Castor Smallsat Platform,SATELLITE,NS30,2024,5,2024-05-01,2024-05,OVH,3509.44,149382176.71
PRG-CASTOR,Castor Smallsat Platform,SATELLITE,NS30,2024,5,2024-05-01,2024-05,PER,12516.07,149382176.71
PRG-CASTOR,Castor Smallsat Platform,SATELLITE,NS30,2024,5,2024-05-01,2024-05,SUB,225544.87,149382176.71
PRG-CASTOR,Castor Smallsat Platform,SATELLITE,NS30,2024,6,2024-06-01,2024-06,DEP,10319.95,149382176.71
PRG-CASTOR,Castor Smallsat Platform,SATELLITE,NS30,2024,6,2024-06-01,2024-06,MAT,91465.7,149382176.71
PRG-CASTOR,Castor Smallsat Platform,SATELLITE,NS30,2024,6,2024-06-01,2024-06,OTH,4289.69,149382176.71
PRG-CASTOR,Castor Smallsat Platform,SATELLITE,NS30,2024,6,2024-06-01,2024-06,OVH,9019.91,149382176.71
PRG-CASTOR,Castor Smallsat Platform,SATELLITE,NS30,2024,6,2024-06-01,2024-06,PER,15996.88,149382176.71
PRG-CASTOR,Castor Smallsat Platform,SATELLITE,NS30,2024,6,2024-06-01,2024-06,SUB,147391.34,149382176.71
PRG-CASTOR,Castor Smallsat Platform,SATELLITE,NS30,2024,7,2024-07-01,2024-07,DEP,10105.73,149382176.71
PRG-CASTOR,Castor Smallsat Platform,SATELLITE,NS30,2024,7,2024-07-01,2024-07,MAT,85727.02,149382176.71
PRG-CASTOR,Castor Smallsat Platform,SATELLITE,NS30,2024,7,2024-07-01,2024-07,OTH,1199.53,149382176.71
PRG-CASTOR,Castor Smallsat Platform,SATELLITE,NS30,2024,7,2024-07-01,2024-07,OVH,3758.75,149382176.71
PRG-CASTOR,Castor Smallsat Platform,SATELLITE,NS30,2024,7,2024-07-01,2024-07,PER,12639.56,149382176.71
PRG-CASTOR,Castor Smallsat Platform,SATELLITE,NS30,2024,7,2024-07-01,2024-07,SUB,239521.41,149382176.71
PRG-CASTOR,Castor Smallsat Platform,SATELLITE,NS30,2024,8,2024-08-01,2024-08,DEP,6903.92,149382176.71
PRG-CASTOR,Castor Smallsat Platform,SATELLITE,NS30,2024,8,2024-08-01,2024-08,MAT,94924.55,149382176.71
PRG-CASTOR,Castor Smallsat Platform,SATELLITE,NS30,2024,8,2024-08-01,2024-08,OTH,1702.43,149382176.71
PRG-CASTOR,Castor Smallsat Platform,SATELLITE,NS30,2024,8,2024-08-01,2024-08,OVH,14133.88,149382176.71
PRG-CASTOR,Castor Smallsat Platform,SATELLITE,NS30,2024,8,2024-08-01,2024-08,PER,22388.58,149382176.71
PRG-CASTOR,Castor Smallsat Platform,SATELLITE,NS30,2024,8,2024-08-01,2024-08,SUB,160570.56,149382176.71
PRG-CASTOR,Castor Smallsat Platform,SATELLITE,NS30,2024,9,2024-09-01,2024-09,DEP,10424.16,149382176.71
PRG-CASTOR,Castor Smallsat Platform,SATELLITE,NS30,2024,9,2024-09-01,2024-09,MAT,115927.94,149382176.71
PRG-CASTOR,Castor Smallsat Platform,SATELLITE,NS30,2024,9,2024-09-01,2024-09,OTH,594.4,149382176.71
PRG-CASTOR,Castor Smallsat Platform,SATELLITE,NS30,2024,9,2024-09-01,2024-09,OVH,13952.22,149382176.71
PRG-CASTOR,Castor Smallsat Platform,SATELLITE,NS30,2024,9,2024-09-01,2024-09,PER,12628.13,149382176.71
PRG-CASTOR,Castor Smallsat Platform,SATELLITE,NS30,2024,9,2024-09-01,2024-09,SUB,293733.1,149382176.71
PRG-CASTOR,Castor Smallsat Platform,SATELLITE,NS30,2024,10,2024-10-01,2024-10,DEP,3700.46,149382176.71
PRG-CASTOR,Castor Smallsat Platform,SATELLITE,NS30,2024,10,2024-10-01,2024-10,MAT,136092.34,149382176.71
PRG-CASTOR,Castor Smallsat Platform,SATELLITE,NS30,2024,10,2024-10-01,2024-10,OTH,2478.92,149382176.71
PRG-CASTOR,Castor Smallsat Platform,SATELLITE,NS30,2024,10,2024-10-01,2024-10,OVH,7679.18,149382176.71
PRG-CASTOR,Castor Smallsat Platform,SATELLITE,NS30,2024,10,2024-10-01,2024-10,PER,16496.2,149382176.71
PRG-CASTOR,Castor Smallsat Platform,SATELLITE,NS30,2024,10,2024-10-01,2024-10,SUB,179198.5,149382176.71
PRG-CASTOR,Castor Smallsat Platform,SATELLITE,NS30,2024,11,2024-11-01,2024-11,DEP,2166.78,149382176.71
PRG-CASTOR,Castor Smallsat Platform,SATELLITE,NS30,2024,11,2024-11-01,2024-11,MAT,83077.08,149382176.71
PRG-CASTOR,Castor Smallsat Platform,SATELLITE,NS30,2024,11,2024-11-01,2024-11,OTH,1860.11,149382176.71
PRG-CASTOR,Castor Smallsat Platform,SATELLITE,NS30,2024,11,2024-11-01,2024-11,OVH,13233.24,149382176.71
PRG-CASTOR,Castor Smallsat Platform,SATELLITE,NS30,2024,11,2024-11-01,2024-11,PER,15191.93,149382176.71
PRG-CASTOR,Castor Smallsat Platform,SATELLITE,NS30,2024,11,2024-11-01,2024-11,SUB,118516.71,149382176.71
PRG-CASTOR,Castor Smallsat Platform,SATELLITE,NS30,2024,12,2024-12-01,2024-12,DEP,8244.84,149382176.71
PRG-CASTOR,Castor Smallsat Platform,SATELLITE,NS30,2024,12,2024-12-01,2024-12,MAT,81533.17,149382176.71
PRG-CASTOR,Castor Smallsat Platform,SATELLITE,NS30,2024,12,2024-12-01,2024-12,OTH,1114.36,149382176.71
PRG-CASTOR,Castor Smallsat Platform,SATELLITE,NS30,2024,12,2024-12-01,2024-12,OVH,8239.24,149382176.71
PRG-CASTOR,Castor Smallsat Platform,SATELLITE,NS30,2024,12,2024-12-01,2024-12,PER,15429.52,149382176.71
PRG-CASTOR,Castor Smallsat Platform,SATELLITE,NS30,2024,12,2024-12-01,2024-12,SUB,200059.16,149382176.71
PRG-CASTOR,Castor Smallsat Platform,SATELLITE,NS30,2024,13,2024-12-01,2024-12,MAT,3244.68,149382176.71
PRG-CASTOR,Castor Smallsat Platform,SATELLITE,NS30,2024,13,2024-12-01,2024-12,OTH,1346.89,149382176.71
PRG-CASTOR,Castor Smallsat Platform,SATELLITE,NS30,2024,13,2024-12-01,2024-12,OVH,965.49,149382176.71
PRG-CASTOR,Castor Smallsat Platform,SATELLITE,NS30,2024,13,2024-12-01,2024-12,PER,5942.94,149382176.71
PRG-CASTOR,Castor Smallsat Platform,SATELLITE,NS30,2024,13,2024-12-01,2024-12,SUB,18181.89,149382176.71
PRG-CASTOR,Castor Smallsat Platform,SATELLITE,NS30,2024,14,2024-12-01,2024-12,OTH,1100.48,149382176.71
PRG-CASTOR,Castor Smallsat Platform,SATELLITE,NS30,2024,14,2024-12-01,2024-12,OVH,3130.92,149382176.71
PRG-CASTOR,Castor Smallsat Platform,SATELLITE,NS30,2024,14,2024-12-01,2024-12,PER,3289.21,149382176.71
PRG-CASTOR,Castor Smallsat Platform,SATELLITE,NS30,2024,14,2024-12-01,2024-12,SUB,13306.38,149382176.71
PRG-CASTOR,Castor Smallsat Platform,SATELLITE,NS30,2025,1,2025-01-01,2025-01,DEP,6815.67,149382176.71
PRG-CASTOR,Castor Smallsat Platform,SATELLITE,NS30,2025,1,2025-01-01,2025-01,MAT,161973.95,149382176.71
PRG-CASTOR,Castor Smallsat Platform,SATELLITE,NS30,2025,1,2025-01-01,2025-01,OTH,3754.64,149382176.71
PRG-CASTOR,Castor Smallsat Platform,SATELLITE,NS30,2025,1,2025-01-01,2025-01,OVH,2992.83,149382176.71
PRG-CASTOR,Castor Smallsat Platform,SATELLITE,NS30,2025,1,2025-01-01,2025-01,PER,7494.79,149382176.71
PRG-CASTOR,Castor Smallsat Platform,SATELLITE,NS30,2025,1,2025-01-01,2025-01,SUB,226495.85,149382176.71
PRG-CASTOR,Castor Smallsat Platform,SATELLITE,NS30,2025,2,2025-02-01,2025-02,DEP,7740.28,149382176.71
PRG-CASTOR,Castor Smallsat Platform,SATELLITE,NS30,2025,2,2025-02-01,2025-02,MAT,81361.87,149382176.71
PRG-CASTOR,Castor Smallsat Platform,SATELLITE,NS30,2025,2,2025-02-01,2025-02,OTH,4027.46,149382176.71
PRG-CASTOR,Castor Smallsat Platform,SATELLITE,NS30,2025,2,2025-02-01,2025-02,OVH,6146.93,149382176.71
PRG-CASTOR,Castor Smallsat Platform,SATELLITE,NS30,2025,2,2025-02-01,2025-02,PER,22280.18,149382176.71
PRG-CASTOR,Castor Smallsat Platform,SATELLITE,NS30,2025,2,2025-02-01,2025-02,SUB,215026.08,149382176.71
PRG-CASTOR,Castor Smallsat Platform,SATELLITE,NS30,2025,3,2025-03-01,2025-03,DEP,17796.48,149382176.71
PRG-CASTOR,Castor Smallsat Platform,SATELLITE,NS30,2025,3,2025-03-01,2025-03,MAT,123314.66,149382176.71
PRG-CASTOR,Castor Smallsat Platform,SATELLITE,NS30,2025,3,2025-03-01,2025-03,OTH,409.74,149382176.71
PRG-CASTOR,Castor Smallsat Platform,SATELLITE,NS30,2025,3,2025-03-01,2025-03,OVH,7762.56,149382176.71
PRG-CASTOR,Castor Smallsat Platform,SATELLITE,NS30,2025,3,2025-03-01,2025-03,PER,13345.5,149382176.71
PRG-CASTOR,Castor Smallsat Platform,SATELLITE,NS30,2025,3,2025-03-01,2025-03,SUB,212930.78,149382176.71
PRG-CASTOR,Castor Smallsat Platform,SATELLITE,NS30,2025,4,2025-04-01,2025-04,DEP,12019.29,149382176.71
PRG-CASTOR,Castor Smallsat Platform,SATELLITE,NS30,2025,4,2025-04-01,2025-04,MAT,153831.12,149382176.71
PRG-CASTOR,Castor Smallsat Platform,SATELLITE,NS30,2025,4,2025-04-01,2025-04,OTH,4361.64,149382176.71
PRG-CASTOR,Castor Smallsat Platform,SATELLITE,NS30,2025,4,2025-04-01,2025-04,OVH,5849.5,149382176.71
PRG-CASTOR,Castor Smallsat Platform,SATELLITE,NS30,2025,4,2025-04-01,2025-04,PER,25144.99,149382176.71
PRG-CASTOR,Castor Smallsat Platform,SATELLITE,NS30,2025,4,2025-04-01,2025-04,SUB,119203.39,149382176.71
PRG-CASTOR,Castor Smallsat Platform,SATELLITE,NS30,2025,5,2025-05-01,2025-05,DEP,12582.89,149382176.71
PRG-CASTOR,Castor Smallsat Platform,SATELLITE,NS30,2025,5,2025-05-01,2025-05,MAT,120545.36,149382176.71
PRG-CASTOR,Castor Smallsat Platform,SATELLITE,NS30,2025,5,2025-05-01,2025-05,OTH,1421.15,149382176.71
PRG-CASTOR,Castor Smallsat Platform,SATELLITE,NS30,2025,5,2025-05-01,2025-05,OVH,2555.95,149382176.71
PRG-CASTOR,Castor Smallsat Platform,SATELLITE,NS30,2025,5,2025-05-01,2025-05,PER,12076.06,149382176.71
PRG-CASTOR,Castor Smallsat Platform,SATELLITE,NS30,2025,5,2025-05-01,2025-05,SUB,170671.42,149382176.71
PRG-CASTOR,Castor Smallsat Platform,SATELLITE,NS30,2025,6,2025-06-01,2025-06,DEP,13233.95,149382176.71
PRG-CASTOR,Castor Smallsat Platform,SATELLITE,NS30,2025,6,2025-06-01,2025-06,MAT,86352.15,149382176.71
PRG-CASTOR,Castor Smallsat Platform,SATELLITE,NS30,2025,6,2025-06-01,2025-06,OTH,5392.71,149382176.71
PRG-CASTOR,Castor Smallsat Platform,SATELLITE,NS30,2025,6,2025-06-01,2025-06,OVH,9717.09,149382176.71
PRG-CASTOR,Castor Smallsat Platform,SATELLITE,NS30,2025,6,2025-06-01,2025-06,PER,20533.58,149382176.71
PRG-CASTOR,Castor Smallsat Platform,SATELLITE,NS30,2025,6,2025-06-01,2025-06,SUB,229917.76,149382176.71
PRG-CASTOR,Castor Smallsat Platform,SATELLITE,NS30,2025,7,2025-07-01,2025-07,DEP,12017.38,149382176.71
PRG-CASTOR,Castor Smallsat Platform,SATELLITE,NS30,2025,7,2025-07-01,2025-07,MAT,87766.47,149382176.71
PRG-CASTOR,Castor Smallsat Platform,SATELLITE,NS30,2025,7,2025-07-01,2025-07,OTH,1599.84,149382176.71
PRG-CASTOR,Castor Smallsat Platform,SATELLITE,NS30,2025,7,2025-07-01,2025-07,OVH,14322.92,149382176.71
PRG-CASTOR,Castor Smallsat Platform,SATELLITE,NS30,2025,7,2025-07-01,2025-07,PER,24056.35,149382176.71
PRG-CASTOR,Castor Smallsat Platform,SATELLITE,NS30,2025,7,2025-07-01,2025-07,SUB,229189.76,149382176.71
PRG-CASTOR,Castor Smallsat Platform,SATELLITE,NS30,2025,8,2025-08-01,2025-08,DEP,10146.06,149382176.71
PRG-CASTOR,Castor Smallsat Platform,SATELLITE,NS30,2025,8,2025-08-01,2025-08,MAT,97797.9,149382176.71
PRG-CASTOR,Castor Smallsat Platform,SATELLITE,NS30,2025,8,2025-08-01,2025-08,OTH,-568.66,149382176.71
PRG-CASTOR,Castor Smallsat Platform,SATELLITE,NS30,2025,8,2025-08-01,2025-08,OVH,279.1,149382176.71
PRG-CASTOR,Castor Smallsat Platform,SATELLITE,NS30,2025,8,2025-08-01,2025-08,PER,6826.09,149382176.71
PRG-CASTOR,Castor Smallsat Platform,SATELLITE,NS30,2025,8,2025-08-01,2025-08,SUB,244685.35,149382176.71
PRG-CASTOR,Castor Smallsat Platform,SATELLITE,NS30,2025,9,2025-09-01,2025-09,DEP,8670.8,149382176.71
PRG-CASTOR,Castor Smallsat Platform,SATELLITE,NS30,2025,9,2025-09-01,2025-09,MAT,118637.4,149382176.71
PRG-CASTOR,Castor Smallsat Platform,SATELLITE,NS30,2025,9,2025-09-01,2025-09,OTH,944.4,149382176.71
PRG-CASTOR,Castor Smallsat Platform,SATELLITE,NS30,2025,9,2025-09-01,2025-09,OVH,7040.67,149382176.71
PRG-CASTOR,Castor Smallsat Platform,SATELLITE,NS30,2025,9,2025-09-01,2025-09,PER,20258.53,149382176.71
PRG-CASTOR,Castor Smallsat Platform,SATELLITE,NS30,2025,9,2025-09-01,2025-09,SUB,123909.23,149382176.71
PRG-CASTOR,Castor Smallsat Platform,SATELLITE,NS30,2025,10,2025-10-01,2025-10,DEP,7039.48,149382176.71
PRG-CASTOR,Castor Smallsat Platform,SATELLITE,NS30,2025,10,2025-10-01,2025-10,MAT,124102.43,149382176.71
PRG-CASTOR,Castor Smallsat Platform,SATELLITE,NS30,2025,10,2025-10-01,2025-10,OTH,4229.87,149382176.71
PRG-CASTOR,Castor Smallsat Platform,SATELLITE,NS30,2025,10,2025-10-01,2025-10,OVH,12109.2,149382176.71
PRG-CASTOR,Castor Smallsat Platform,SATELLITE,NS30,2025,10,2025-10-01,2025-10,PER,20622.52,149382176.71
PRG-CASTOR,Castor Smallsat Platform,SATELLITE,NS30,2025,10,2025-10-01,2025-10,SUB,178623.33,149382176.71
PRG-CASTOR,Castor Smallsat Platform,SATELLITE,NS30,2025,11,2025-11-01,2025-11,DEP,11515.55,149382176.71
PRG-CASTOR,Castor Smallsat Platform,SATELLITE,NS30,2025,11,2025-11-01,2025-11,MAT,113093.62,149382176.71
PRG-CASTOR,Castor Smallsat Platform,SATELLITE,NS30,2025,11,2025-11-01,2025-11,OTH,-5.49,149382176.71
PRG-CASTOR,Castor Smallsat Platform,SATELLITE,NS30,2025,11,2025-11-01,2025-11,OVH,3916.74,149382176.71
PRG-CASTOR,Castor Smallsat Platform,SATELLITE,NS30,2025,11,2025-11-01,2025-11,PER,15538.53,149382176.71
PRG-CASTOR,Castor Smallsat Platform,SATELLITE,NS30,2025,11,2025-11-01,2025-11,SUB,222083.46,149382176.71
PRG-CASTOR,Castor Smallsat Platform,SATELLITE,NS30,2025,12,2025-12-01,2025-12,DEP,11060.52,149382176.71
PRG-CASTOR,Castor Smallsat Platform,SATELLITE,NS30,2025,12,2025-12-01,2025-12,MAT,104493.17,149382176.71
PRG-CASTOR,Castor Smallsat Platform,SATELLITE,NS30,2025,12,2025-12-01,2025-12,OTH,574.7,149382176.71
PRG-CASTOR,Castor Smallsat Platform,SATELLITE,NS30,2025,12,2025-12-01,2025-12,OVH,5061.89,149382176.71
PRG-CASTOR,Castor Smallsat Platform,SATELLITE,NS30,2025,12,2025-12-01,2025-12,PER,8259.69,149382176.71
PRG-CASTOR,Castor Smallsat Platform,SATELLITE,NS30,2025,12,2025-12-01,2025-12,SUB,162936.18,149382176.71
PRG-CASTOR,Castor Smallsat Platform,SATELLITE,NS30,2025,13,2025-12-01,2025-12,OTH,435.28,149382176.71
PRG-CASTOR,Castor Smallsat Platform,SATELLITE,NS30,2025,13,2025-12-01,2025-12,SUB,1993.75,149382176.71
PRG-CASTOR,Castor Smallsat Platform,SATELLITE,NS30,2025,14,2025-12-01,2025-12,MAT,431.45,149382176.71
PRG-CASTOR,Castor Smallsat Platform,SATELLITE,NS30,2025,14,2025-12-01,2025-12,OTH,2172.8,149382176.71
PRG-CASTOR,Castor Smallsat Platform,SATELLITE,NS30,2025,14,2025-12-01,2025-12,OVH,932.55,149382176.71
PRG-CASTOR,Castor Smallsat Platform,SATELLITE,NS30,2025,14,2025-12-01,2025-12,PER,607.98,149382176.71
PRG-CASTOR,Castor Smallsat Platform,SATELLITE,NS30,2025,14,2025-12-01,2025-12,SUB,1049.22,149382176.71
PRG-CASTOR,Castor Smallsat Platform,SATELLITE,NS30,2026,1,2026-01-01,2026-01,DEP,8553.42,149382176.71
PRG-CASTOR,Castor Smallsat Platform,SATELLITE,NS30,2026,1,2026-01-01,2026-01,MAT,90078.92,149382176.71
PRG-CASTOR,Castor Smallsat Platform,SATELLITE,NS30,2026,1,2026-01-01,2026-01,OTH,860.37,149382176.71
PRG-CASTOR,Castor Smallsat Platform,SATELLITE,NS30,2026,1,2026-01-01,2026-01,OVH,2426.01,149382176.71
PRG-CASTOR,Castor Smallsat Platform,SATELLITE,NS30,2026,1,2026-01-01,2026-01,PER,28533.2,149382176.71
PRG-CASTOR,Castor Smallsat Platform,SATELLITE,NS30,2026,1,2026-01-01,2026-01,SUB,170047.97,149382176.71
PRG-CASTOR,Castor Smallsat Platform,SATELLITE,NS30,2026,2,2026-02-01,2026-02,DEP,20169.01,149382176.71
PRG-CASTOR,Castor Smallsat Platform,SATELLITE,NS30,2026,2,2026-02-01,2026-02,MAT,135375.95,149382176.71
PRG-CASTOR,Castor Smallsat Platform,SATELLITE,NS30,2026,2,2026-02-01,2026-02,OTH,295.25,149382176.71
PRG-CASTOR,Castor Smallsat Platform,SATELLITE,NS30,2026,2,2026-02-01,2026-02,OVH,3331.25,149382176.71
PRG-CASTOR,Castor Smallsat Platform,SATELLITE,NS30,2026,2,2026-02-01,2026-02,PER,12148.92,149382176.71
PRG-CASTOR,Castor Smallsat Platform,SATELLITE,NS30,2026,2,2026-02-01,2026-02,SUB,158345.18,149382176.71
PRG-CASTOR,Castor Smallsat Platform,SATELLITE,NS30,2026,3,2026-03-01,2026-03,DEP,37930.34,149382176.71
PRG-CASTOR,Castor Smallsat Platform,SATELLITE,NS30,2026,3,2026-03-01,2026-03,MAT,105528.18,149382176.71
PRG-CASTOR,Castor Smallsat Platform,SATELLITE,NS30,2026,3,2026-03-01,2026-03,OTH,4471.77,149382176.71
PRG-CASTOR,Castor Smallsat Platform,SATELLITE,NS30,2026,3,2026-03-01,2026-03,OVH,10341.07,149382176.71
PRG-CASTOR,Castor Smallsat Platform,SATELLITE,NS30,2026,3,2026-03-01,2026-03,PER,23007.66,149382176.71
PRG-CASTOR,Castor Smallsat Platform,SATELLITE,NS30,2026,3,2026-03-01,2026-03,SUB,200735.83,149382176.71
PRG-CASTOR,Castor Smallsat Platform,SATELLITE,NS30,2026,4,2026-04-01,2026-04,DEP,5178.87,149382176.71
PRG-CASTOR,Castor Smallsat Platform,SATELLITE,NS30,2026,4,2026-04-01,2026-04,MAT,99672.42,149382176.71
PRG-CASTOR,Castor Smallsat Platform,SATELLITE,NS30,2026,4,2026-04-01,2026-04,OTH,1615.84,149382176.71
PRG-CASTOR,Castor Smallsat Platform,SATELLITE,NS30,2026,4,2026-04-01,2026-04,OVH,6584.63,149382176.71
PRG-CASTOR,Castor Smallsat Platform,SATELLITE,NS30,2026,4,2026-04-01,2026-04,PER,16631.97,149382176.71
PRG-CASTOR,Castor Smallsat Platform,SATELLITE,NS30,2026,4,2026-04-01,2026-04,SUB,162139.3,149382176.71
PRG-CASTOR,Castor Smallsat Platform,SATELLITE,NS30,2026,5,2026-05-01,2026-05,DEP,3197.93,149382176.71
PRG-CASTOR,Castor Smallsat Platform,SATELLITE,NS30,2026,5,2026-05-01,2026-05,MAT,126150.39,149382176.71
PRG-CASTOR,Castor Smallsat Platform,SATELLITE,NS30,2026,5,2026-05-01,2026-05,OTH,3838.38,149382176.71
PRG-CASTOR,Castor Smallsat Platform,SATELLITE,NS30,2026,5,2026-05-01,2026-05,OVH,13270.67,149382176.71
PRG-CASTOR,Castor Smallsat Platform,SATELLITE,NS30,2026,5,2026-05-01,2026-05,PER,22565.62,149382176.71
PRG-CASTOR,Castor Smallsat Platform,SATELLITE,NS30,2026,5,2026-05-01,2026-05,SUB,206862.15,149382176.71
PRG-CASTOR,Castor Smallsat Platform,SATELLITE,NS30,2026,6,2026-06-01,2026-06,DEP,15820.53,149382176.71
PRG-CASTOR,Castor Smallsat Platform,SATELLITE,NS30,2026,6,2026-06-01,2026-06,MAT,103745.47,149382176.71
PRG-CASTOR,Castor Smallsat Platform,SATELLITE,NS30,2026,6,2026-06-01,2026-06,OTH,453.75,149382176.71
PRG-CASTOR,Castor Smallsat Platform,SATELLITE,NS30,2026,6,2026-06-01,2026-06,OVH,2840.43,149382176.71
PRG-CASTOR,Castor Smallsat Platform,SATELLITE,NS30,2026,6,2026-06-01,2026-06,PER,25211.31,149382176.71
PRG-CASTOR,Castor Smallsat Platform,SATELLITE,NS30,2026,6,2026-06-01,2026-06,SUB,244689.38,149382176.71
PRG-CASTOR,Castor Smallsat Platform,SATELLITE,NS40,2024,1,2024-01-01,2024-01,DEP,6319.44,149382176.71
PRG-CASTOR,Castor Smallsat Platform,SATELLITE,NS40,2024,1,2024-01-01,2024-01,MAT,118371.65,149382176.71
PRG-CASTOR,Castor Smallsat Platform,SATELLITE,NS40,2024,1,2024-01-01,2024-01,OTH,1315.27,149382176.71
PRG-CASTOR,Castor Smallsat Platform,SATELLITE,NS40,2024,1,2024-01-01,2024-01,OVH,14637.93,149382176.71
PRG-CASTOR,Castor Smallsat Platform,SATELLITE,NS40,2024,1,2024-01-01,2024-01,PER,15179.24,149382176.71
PRG-CASTOR,Castor Smallsat Platform,SATELLITE,NS40,2024,1,2024-01-01,2024-01,SUB,181602.35,149382176.71
PRG-CASTOR,Castor Smallsat Platform,SATELLITE,NS40,2024,2,2024-02-01,2024-02,DEP,9875.27,149382176.71
PRG-CASTOR,Castor Smallsat Platform,SATELLITE,NS40,2024,2,2024-02-01,2024-02,MAT,127712.69,149382176.71
PRG-CASTOR,Castor Smallsat Platform,SATELLITE,NS40,2024,2,2024-02-01,2024-02,OTH,2024.02,149382176.71
PRG-CASTOR,Castor Smallsat Platform,SATELLITE,NS40,2024,2,2024-02-01,2024-02,OVH,20789.65,149382176.71
PRG-CASTOR,Castor Smallsat Platform,SATELLITE,NS40,2024,2,2024-02-01,2024-02,PER,5726.66,149382176.71
PRG-CASTOR,Castor Smallsat Platform,SATELLITE,NS40,2024,2,2024-02-01,2024-02,SUB,203605.68,149382176.71
PRG-CASTOR,Castor Smallsat Platform,SATELLITE,NS40,2024,3,2024-03-01,2024-03,DEP,7141.85,149382176.71
PRG-CASTOR,Castor Smallsat Platform,SATELLITE,NS40,2024,3,2024-03-01,2024-03,MAT,118877.2,149382176.71
PRG-CASTOR,Castor Smallsat Platform,SATELLITE,NS40,2024,3,2024-03-01,2024-03,OTH,6355.76,149382176.71
PRG-CASTOR,Castor Smallsat Platform,SATELLITE,NS40,2024,3,2024-03-01,2024-03,OVH,17766.53,149382176.71
PRG-CASTOR,Castor Smallsat Platform,SATELLITE,NS40,2024,3,2024-03-01,2024-03,PER,6755.69,149382176.71
PRG-CASTOR,Castor Smallsat Platform,SATELLITE,NS40,2024,3,2024-03-01,2024-03,SUB,231866.28,149382176.71
PRG-CASTOR,Castor Smallsat Platform,SATELLITE,NS40,2024,4,2024-04-01,2024-04,DEP,7647.81,149382176.71
PRG-CASTOR,Castor Smallsat Platform,SATELLITE,NS40,2024,4,2024-04-01,2024-04,MAT,153128.03,149382176.71
PRG-CASTOR,Castor Smallsat Platform,SATELLITE,NS40,2024,4,2024-04-01,2024-04,OTH,-75.77,149382176.71
PRG-CASTOR,Castor Smallsat Platform,SATELLITE,NS40,2024,4,2024-04-01,2024-04,OVH,32682.5,149382176.71
PRG-CASTOR,Castor Smallsat Platform,SATELLITE,NS40,2024,4,2024-04-01,2024-04,PER,7479.5,149382176.71
PRG-CASTOR,Castor Smallsat Platform,SATELLITE,NS40,2024,4,2024-04-01,2024-04,SUB,104413.35,149382176.71
PRG-CASTOR,Castor Smallsat Platform,SATELLITE,NS40,2024,5,2024-05-01,2024-05,DEP,6764.67,149382176.71
PRG-CASTOR,Castor Smallsat Platform,SATELLITE,NS40,2024,5,2024-05-01,2024-05,MAT,109499.96,149382176.71
PRG-CASTOR,Castor Smallsat Platform,SATELLITE,NS40,2024,5,2024-05-01,2024-05,OTH,1453.5,149382176.71
PRG-CASTOR,Castor Smallsat Platform,SATELLITE,NS40,2024,5,2024-05-01,2024-05,OVH,16233.39,149382176.71
PRG-CASTOR,Castor Smallsat Platform,SATELLITE,NS40,2024,5,2024-05-01,2024-05,PER,14483.11,149382176.71
PRG-CASTOR,Castor Smallsat Platform,SATELLITE,NS40,2024,5,2024-05-01,2024-05,SUB,152914.11,149382176.71
PRG-CASTOR,Castor Smallsat Platform,SATELLITE,NS40,2024,6,2024-06-01,2024-06,DEP,8158.49,149382176.71
PRG-CASTOR,Castor Smallsat Platform,SATELLITE,NS40,2024,6,2024-06-01,2024-06,MAT,141789.14,149382176.71
PRG-CASTOR,Castor Smallsat Platform,SATELLITE,NS40,2024,6,2024-06-01,2024-06,OTH,3791.66,149382176.71
PRG-CASTOR,Castor Smallsat Platform,SATELLITE,NS40,2024,6,2024-06-01,2024-06,OVH,22444.72,149382176.71
PRG-CASTOR,Castor Smallsat Platform,SATELLITE,NS40,2024,6,2024-06-01,2024-06,PER,22839.96,149382176.71
PRG-CASTOR,Castor Smallsat Platform,SATELLITE,NS40,2024,6,2024-06-01,2024-06,SUB,160843.85,149382176.71
PRG-CASTOR,Castor Smallsat Platform,SATELLITE,NS40,2024,7,2024-07-01,2024-07,DEP,19959.16,149382176.71
PRG-CASTOR,Castor Smallsat Platform,SATELLITE,NS40,2024,7,2024-07-01,2024-07,MAT,114320.23,149382176.71
PRG-CASTOR,Castor Smallsat Platform,SATELLITE,NS40,2024,7,2024-07-01,2024-07,OTH,-65.74,149382176.71
PRG-CASTOR,Castor Smallsat Platform,SATELLITE,NS40,2024,7,2024-07-01,2024-07,OVH,18572.43,149382176.71
PRG-CASTOR,Castor Smallsat Platform,SATELLITE,NS40,2024,7,2024-07-01,2024-07,PER,10883.27,149382176.71
PRG-CASTOR,Castor Smallsat Platform,SATELLITE,NS40,2024,7,2024-07-01,2024-07,SUB,149068.41,149382176.71
PRG-CASTOR,Castor Smallsat Platform,SATELLITE,NS40,2024,8,2024-08-01,2024-08,DEP,10015.03,149382176.71
PRG-CASTOR,Castor Smallsat Platform,SATELLITE,NS40,2024,8,2024-08-01,2024-08,MAT,97483.11,149382176.71
PRG-CASTOR,Castor Smallsat Platform,SATELLITE,NS40,2024,8,2024-08-01,2024-08,OTH,1779.31,149382176.71
PRG-CASTOR,Castor Smallsat Platform,SATELLITE,NS40,2024,8,2024-08-01,2024-08,OVH,11031.67,149382176.71
PRG-CASTOR,Castor Smallsat Platform,SATELLITE,NS40,2024,8,2024-08-01,2024-08,PER,13051.55,149382176.71
PRG-CASTOR,Castor Smallsat Platform,SATELLITE,NS40,2024,8,2024-08-01,2024-08,SUB,313265.89,149382176.71
PRG-CASTOR,Castor Smallsat Platform,SATELLITE,NS40,2024,9,2024-09-01,2024-09,DEP,5102.83,149382176.71
PRG-CASTOR,Castor Smallsat Platform,SATELLITE,NS40,2024,9,2024-09-01,2024-09,MAT,71728.46,149382176.71
PRG-CASTOR,Castor Smallsat Platform,SATELLITE,NS40,2024,9,2024-09-01,2024-09,OTH,26.8,149382176.71
PRG-CASTOR,Castor Smallsat Platform,SATELLITE,NS40,2024,9,2024-09-01,2024-09,OVH,13830.79,149382176.71
PRG-CASTOR,Castor Smallsat Platform,SATELLITE,NS40,2024,9,2024-09-01,2024-09,PER,13516.62,149382176.71
PRG-CASTOR,Castor Smallsat Platform,SATELLITE,NS40,2024,9,2024-09-01,2024-09,SUB,151413.67,149382176.71
PRG-CASTOR,Castor Smallsat Platform,SATELLITE,NS40,2024,10,2024-10-01,2024-10,DEP,10457.32,149382176.71
PRG-CASTOR,Castor Smallsat Platform,SATELLITE,NS40,2024,10,2024-10-01,2024-10,MAT,137660.75,149382176.71
PRG-CASTOR,Castor Smallsat Platform,SATELLITE,NS40,2024,10,2024-10-01,2024-10,OTH,974.74,149382176.71
PRG-CASTOR,Castor Smallsat Platform,SATELLITE,NS40,2024,10,2024-10-01,2024-10,OVH,14100.19,149382176.71
PRG-CASTOR,Castor Smallsat Platform,SATELLITE,NS40,2024,10,2024-10-01,2024-10,PER,21834.96,149382176.71
PRG-CASTOR,Castor Smallsat Platform,SATELLITE,NS40,2024,10,2024-10-01,2024-10,SUB,184316.99,149382176.71
PRG-CASTOR,Castor Smallsat Platform,SATELLITE,NS40,2024,11,2024-11-01,2024-11,DEP,6804.42,149382176.71
PRG-CASTOR,Castor Smallsat Platform,SATELLITE,NS40,2024,11,2024-11-01,2024-11,MAT,89167.83,149382176.71
PRG-CASTOR,Castor Smallsat Platform,SATELLITE,NS40,2024,11,2024-11-01,2024-11,OTH,3535.39,149382176.71
PRG-CASTOR,Castor Smallsat Platform,SATELLITE,NS40,2024,11,2024-11-01,2024-11,OVH,16921.94,149382176.71
PRG-CASTOR,Castor Smallsat Platform,SATELLITE,NS40,2024,11,2024-11-01,2024-11,PER,8619.93,149382176.71
PRG-CASTOR,Castor Smallsat Platform,SATELLITE,NS40,2024,11,2024-11-01,2024-11,SUB,228273.45,149382176.71
PRG-CASTOR,Castor Smallsat Platform,SATELLITE,NS40,2024,12,2024-12-01,2024-12,DEP,12901.84,149382176.71
PRG-CASTOR,Castor Smallsat Platform,SATELLITE,NS40,2024,12,2024-12-01,2024-12,MAT,153497.24,149382176.71
PRG-CASTOR,Castor Smallsat Platform,SATELLITE,NS40,2024,12,2024-12-01,2024-12,OTH,-1927.75,149382176.71
PRG-CASTOR,Castor Smallsat Platform,SATELLITE,NS40,2024,12,2024-12-01,2024-12,OVH,12388.71,149382176.71
PRG-CASTOR,Castor Smallsat Platform,SATELLITE,NS40,2024,12,2024-12-01,2024-12,PER,19872.27,149382176.71
PRG-CASTOR,Castor Smallsat Platform,SATELLITE,NS40,2024,12,2024-12-01,2024-12,SUB,145907.47,149382176.71
PRG-CASTOR,Castor Smallsat Platform,SATELLITE,NS40,2024,13,2024-12-01,2024-12,MAT,7326.31,149382176.71
PRG-CASTOR,Castor Smallsat Platform,SATELLITE,NS40,2024,13,2024-12-01,2024-12,OTH,1126.97,149382176.71
PRG-CASTOR,Castor Smallsat Platform,SATELLITE,NS40,2024,13,2024-12-01,2024-12,OVH,2557.43,149382176.71
PRG-CASTOR,Castor Smallsat Platform,SATELLITE,NS40,2024,13,2024-12-01,2024-12,PER,3189.16,149382176.71
PRG-CASTOR,Castor Smallsat Platform,SATELLITE,NS40,2024,13,2024-12-01,2024-12,SUB,24470.58,149382176.71
PRG-CASTOR,Castor Smallsat Platform,SATELLITE,NS40,2024,14,2024-12-01,2024-12,MAT,5345.16,149382176.71
PRG-CASTOR,Castor Smallsat Platform,SATELLITE,NS40,2024,14,2024-12-01,2024-12,OTH,2162.77,149382176.71
PRG-CASTOR,Castor Smallsat Platform,SATELLITE,NS40,2024,14,2024-12-01,2024-12,OVH,3117.43,149382176.71
PRG-CASTOR,Castor Smallsat Platform,SATELLITE,NS40,2024,14,2024-12-01,2024-12,PER,5705.19,149382176.71
PRG-CASTOR,Castor Smallsat Platform,SATELLITE,NS40,2024,14,2024-12-01,2024-12,SUB,10418.3,149382176.71
PRG-CASTOR,Castor Smallsat Platform,SATELLITE,NS40,2025,1,2025-01-01,2025-01,DEP,4531.23,149382176.71
PRG-CASTOR,Castor Smallsat Platform,SATELLITE,NS40,2025,1,2025-01-01,2025-01,MAT,135814.73,149382176.71
PRG-CASTOR,Castor Smallsat Platform,SATELLITE,NS40,2025,1,2025-01-01,2025-01,OTH,3435.79,149382176.71
PRG-CASTOR,Castor Smallsat Platform,SATELLITE,NS40,2025,1,2025-01-01,2025-01,OVH,22218.56,149382176.71
PRG-CASTOR,Castor Smallsat Platform,SATELLITE,NS40,2025,1,2025-01-01,2025-01,PER,14059.56,149382176.71
PRG-CASTOR,Castor Smallsat Platform,SATELLITE,NS40,2025,1,2025-01-01,2025-01,SUB,368247.54,149382176.71
PRG-CASTOR,Castor Smallsat Platform,SATELLITE,NS40,2025,2,2025-02-01,2025-02,DEP,15040.5,149382176.71
PRG-CASTOR,Castor Smallsat Platform,SATELLITE,NS40,2025,2,2025-02-01,2025-02,MAT,115931.68,149382176.71
PRG-CASTOR,Castor Smallsat Platform,SATELLITE,NS40,2025,2,2025-02-01,2025-02,OTH,1572.91,149382176.71
PRG-CASTOR,Castor Smallsat Platform,SATELLITE,NS40,2025,2,2025-02-01,2025-02,OVH,31884.62,149382176.71
PRG-CASTOR,Castor Smallsat Platform,SATELLITE,NS40,2025,2,2025-02-01,2025-02,PER,21192.33,149382176.71
PRG-CASTOR,Castor Smallsat Platform,SATELLITE,NS40,2025,2,2025-02-01,2025-02,SUB,276077.41,149382176.71
PRG-CASTOR,Castor Smallsat Platform,SATELLITE,NS40,2025,3,2025-03-01,2025-03,DEP,29094.01,149382176.71
PRG-CASTOR,Castor Smallsat Platform,SATELLITE,NS40,2025,3,2025-03-01,2025-03,MAT,147037.77,149382176.71
PRG-CASTOR,Castor Smallsat Platform,SATELLITE,NS40,2025,3,2025-03-01,2025-03,OTH,1994.54,149382176.71
PRG-CASTOR,Castor Smallsat Platform,SATELLITE,NS40,2025,3,2025-03-01,2025-03,OVH,19449.3,149382176.71
PRG-CASTOR,Castor Smallsat Platform,SATELLITE,NS40,2025,3,2025-03-01,2025-03,PER,26443.23,149382176.71
PRG-CASTOR,Castor Smallsat Platform,SATELLITE,NS40,2025,3,2025-03-01,2025-03,SUB,141205.2,149382176.71
PRG-CASTOR,Castor Smallsat Platform,SATELLITE,NS40,2025,4,2025-04-01,2025-04,DEP,14279.26,149382176.71
PRG-CASTOR,Castor Smallsat Platform,SATELLITE,NS40,2025,4,2025-04-01,2025-04,MAT,176393.2,149382176.71
PRG-CASTOR,Castor Smallsat Platform,SATELLITE,NS40,2025,4,2025-04-01,2025-04,OTH,3250.29,149382176.71
PRG-CASTOR,Castor Smallsat Platform,SATELLITE,NS40,2025,4,2025-04-01,2025-04,OVH,17983.95,149382176.71
PRG-CASTOR,Castor Smallsat Platform,SATELLITE,NS40,2025,4,2025-04-01,2025-04,PER,13470.39,149382176.71
PRG-CASTOR,Castor Smallsat Platform,SATELLITE,NS40,2025,4,2025-04-01,2025-04,SUB,293572.5,149382176.71
PRG-CASTOR,Castor Smallsat Platform,SATELLITE,NS40,2025,5,2025-05-01,2025-05,DEP,11657.83,149382176.71
PRG-CASTOR,Castor Smallsat Platform,SATELLITE,NS40,2025,5,2025-05-01,2025-05,MAT,97487.85,149382176.71
PRG-CASTOR,Castor Smallsat Platform,SATELLITE,NS40,2025,5,2025-05-01,2025-05,OTH,273.85,149382176.71
PRG-CASTOR,Castor Smallsat Platform,SATELLITE,NS40,2025,5,2025-05-01,2025-05,OVH,8788.24,149382176.71
PRG-CASTOR,Castor Smallsat Platform,SATELLITE,NS40,2025,5,2025-05-01,2025-05,PER,15374.79,149382176.71
PRG-CASTOR,Castor Smallsat Platform,SATELLITE,NS40,2025,5,2025-05-01,2025-05,SUB,143010.73,149382176.71
PRG-CASTOR,Castor Smallsat Platform,SATELLITE,NS40,2025,6,2025-06-01,2025-06,DEP,12370.54,149382176.71
PRG-CASTOR,Castor Smallsat Platform,SATELLITE,NS40,2025,6,2025-06-01,2025-06,MAT,116381.75,149382176.71
PRG-CASTOR,Castor Smallsat Platform,SATELLITE,NS40,2025,6,2025-06-01,2025-06,OTH,5221.81,149382176.71
PRG-CASTOR,Castor Smallsat Platform,SATELLITE,NS40,2025,6,2025-06-01,2025-06,OVH,15714.04,149382176.71
PRG-CASTOR,Castor Smallsat Platform,SATELLITE,NS40,2025,6,2025-06-01,2025-06,PER,10661.1,149382176.71
PRG-CASTOR,Castor Smallsat Platform,SATELLITE,NS40,2025,6,2025-06-01,2025-06,SUB,202745.28,149382176.71
PRG-CASTOR,Castor Smallsat Platform,SATELLITE,NS40,2025,7,2025-07-01,2025-07,DEP,22738.29,149382176.71
PRG-CASTOR,Castor Smallsat Platform,SATELLITE,NS40,2025,7,2025-07-01,2025-07,MAT,112964.4,149382176.71
PRG-CASTOR,Castor Smallsat Platform,SATELLITE,NS40,2025,7,2025-07-01,2025-07,OTH,279.94,149382176.71
PRG-CASTOR,Castor Smallsat Platform,SATELLITE,NS40,2025,7,2025-07-01,2025-07,OVH,24809.12,149382176.71
PRG-CASTOR,Castor Smallsat Platform,SATELLITE,NS40,2025,7,2025-07-01,2025-07,PER,11394.93,149382176.71
PRG-CASTOR,Castor Smallsat Platform,SATELLITE,NS40,2025,7,2025-07-01,2025-07,SUB,193197.74,149382176.71
PRG-CASTOR,Castor Smallsat Platform,SATELLITE,NS40,2025,8,2025-08-01,2025-08,DEP,20309.4,149382176.71
PRG-CASTOR,Castor Smallsat Platform,SATELLITE,NS40,2025,8,2025-08-01,2025-08,MAT,120783.89,149382176.71
PRG-CASTOR,Castor Smallsat Platform,SATELLITE,NS40,2025,8,2025-08-01,2025-08,OTH,1894.03,149382176.71
PRG-CASTOR,Castor Smallsat Platform,SATELLITE,NS40,2025,8,2025-08-01,2025-08,OVH,10769.62,149382176.71
PRG-CASTOR,Castor Smallsat Platform,SATELLITE,NS40,2025,8,2025-08-01,2025-08,PER,22401.19,149382176.71
PRG-CASTOR,Castor Smallsat Platform,SATELLITE,NS40,2025,8,2025-08-01,2025-08,SUB,195560.29,149382176.71
PRG-CASTOR,Castor Smallsat Platform,SATELLITE,NS40,2025,9,2025-09-01,2025-09,DEP,14276.86,149382176.71
PRG-CASTOR,Castor Smallsat Platform,SATELLITE,NS40,2025,9,2025-09-01,2025-09,MAT,144877.14,149382176.71
PRG-CASTOR,Castor Smallsat Platform,SATELLITE,NS40,2025,9,2025-09-01,2025-09,OTH,2207.01,149382176.71
PRG-CASTOR,Castor Smallsat Platform,SATELLITE,NS40,2025,9,2025-09-01,2025-09,OVH,14401.33,149382176.71
PRG-CASTOR,Castor Smallsat Platform,SATELLITE,NS40,2025,9,2025-09-01,2025-09,PER,29183.99,149382176.71
PRG-CASTOR,Castor Smallsat Platform,SATELLITE,NS40,2025,9,2025-09-01,2025-09,SUB,135891.98,149382176.71
PRG-CASTOR,Castor Smallsat Platform,SATELLITE,NS40,2025,10,2025-10-01,2025-10,DEP,11249.21,149382176.71
PRG-CASTOR,Castor Smallsat Platform,SATELLITE,NS40,2025,10,2025-10-01,2025-10,MAT,161050.45,149382176.71
PRG-CASTOR,Castor Smallsat Platform,SATELLITE,NS40,2025,10,2025-10-01,2025-10,OTH,4467.46,149382176.71
PRG-CASTOR,Castor Smallsat Platform,SATELLITE,NS40,2025,10,2025-10-01,2025-10,OVH,16053.47,149382176.71
PRG-CASTOR,Castor Smallsat Platform,SATELLITE,NS40,2025,10,2025-10-01,2025-10,PER,15887.97,149382176.71
PRG-CASTOR,Castor Smallsat Platform,SATELLITE,NS40,2025,10,2025-10-01,2025-10,SUB,241946.23,149382176.71
PRG-CASTOR,Castor Smallsat Platform,SATELLITE,NS40,2025,11,2025-11-01,2025-11,DEP,14950.67,149382176.71
PRG-CASTOR,Castor Smallsat Platform,SATELLITE,NS40,2025,11,2025-11-01,2025-11,MAT,109911.33,149382176.71
PRG-CASTOR,Castor Smallsat Platform,SATELLITE,NS40,2025,11,2025-11-01,2025-11,OTH,2984.8,149382176.71
PRG-CASTOR,Castor Smallsat Platform,SATELLITE,NS40,2025,11,2025-11-01,2025-11,OVH,14429.56,149382176.71
PRG-CASTOR,Castor Smallsat Platform,SATELLITE,NS40,2025,11,2025-11-01,2025-11,PER,9246.87,149382176.71
PRG-CASTOR,Castor Smallsat Platform,SATELLITE,NS40,2025,11,2025-11-01,2025-11,SUB,139347.22,149382176.71
PRG-CASTOR,Castor Smallsat Platform,SATELLITE,NS40,2025,12,2025-12-01,2025-12,DEP,14730.42,149382176.71
PRG-CASTOR,Castor Smallsat Platform,SATELLITE,NS40,2025,12,2025-12-01,2025-12,MAT,170114.56,149382176.71
PRG-CASTOR,Castor Smallsat Platform,SATELLITE,NS40,2025,12,2025-12-01,2025-12,OTH,1994.68,149382176.71
PRG-CASTOR,Castor Smallsat Platform,SATELLITE,NS40,2025,12,2025-12-01,2025-12,OVH,17905.69,149382176.71
PRG-CASTOR,Castor Smallsat Platform,SATELLITE,NS40,2025,12,2025-12-01,2025-12,PER,29292.69,149382176.71
PRG-CASTOR,Castor Smallsat Platform,SATELLITE,NS40,2025,12,2025-12-01,2025-12,SUB,216273.77,149382176.71
PRG-CASTOR,Castor Smallsat Platform,SATELLITE,NS40,2025,13,2025-12-01,2025-12,MAT,12183.85,149382176.71
PRG-CASTOR,Castor Smallsat Platform,SATELLITE,NS40,2025,13,2025-12-01,2025-12,OVH,926.4,149382176.71
PRG-CASTOR,Castor Smallsat Platform,SATELLITE,NS40,2025,13,2025-12-01,2025-12,PER,5104.26,149382176.71
PRG-CASTOR,Castor Smallsat Platform,SATELLITE,NS40,2025,13,2025-12-01,2025-12,SUB,14784.64,149382176.71
PRG-CASTOR,Castor Smallsat Platform,SATELLITE,NS40,2025,14,2025-12-01,2025-12,MAT,7626.95,149382176.71
PRG-CASTOR,Castor Smallsat Platform,SATELLITE,NS40,2025,14,2025-12-01,2025-12,OTH,1852.78,149382176.71
PRG-CASTOR,Castor Smallsat Platform,SATELLITE,NS40,2025,14,2025-12-01,2025-12,OVH,1198.6,149382176.71
PRG-CASTOR,Castor Smallsat Platform,SATELLITE,NS40,2025,14,2025-12-01,2025-12,PER,8048.85,149382176.71
PRG-CASTOR,Castor Smallsat Platform,SATELLITE,NS40,2025,14,2025-12-01,2025-12,SUB,22462.84,149382176.71
PRG-CASTOR,Castor Smallsat Platform,SATELLITE,NS40,2026,1,2026-01-01,2026-01,DEP,9763.51,149382176.71
PRG-CASTOR,Castor Smallsat Platform,SATELLITE,NS40,2026,1,2026-01-01,2026-01,MAT,155575.47,149382176.71
PRG-CASTOR,Castor Smallsat Platform,SATELLITE,NS40,2026,1,2026-01-01,2026-01,OTH,2438.8,149382176.71
PRG-CASTOR,Castor Smallsat Platform,SATELLITE,NS40,2026,1,2026-01-01,2026-01,OVH,21370.87,149382176.71
PRG-CASTOR,Castor Smallsat Platform,SATELLITE,NS40,2026,1,2026-01-01,2026-01,PER,12421.04,149382176.71
PRG-CASTOR,Castor Smallsat Platform,SATELLITE,NS40,2026,1,2026-01-01,2026-01,SUB,269039.65,149382176.71
PRG-CASTOR,Castor Smallsat Platform,SATELLITE,NS40,2026,2,2026-02-01,2026-02,DEP,11605.05,149382176.71
PRG-CASTOR,Castor Smallsat Platform,SATELLITE,NS40,2026,2,2026-02-01,2026-02,MAT,151661.45,149382176.71
PRG-CASTOR,Castor Smallsat Platform,SATELLITE,NS40,2026,2,2026-02-01,2026-02,OTH,2211.51,149382176.71
PRG-CASTOR,Castor Smallsat Platform,SATELLITE,NS40,2026,2,2026-02-01,2026-02,OVH,9185.29,149382176.71
PRG-CASTOR,Castor Smallsat Platform,SATELLITE,NS40,2026,2,2026-02-01,2026-02,PER,20020.32,149382176.71
PRG-CASTOR,Castor Smallsat Platform,SATELLITE,NS40,2026,2,2026-02-01,2026-02,SUB,160349.95,149382176.71
PRG-CASTOR,Castor Smallsat Platform,SATELLITE,NS40,2026,3,2026-03-01,2026-03,DEP,9107.44,149382176.71
PRG-CASTOR,Castor Smallsat Platform,SATELLITE,NS40,2026,3,2026-03-01,2026-03,MAT,162153.11,149382176.71
PRG-CASTOR,Castor Smallsat Platform,SATELLITE,NS40,2026,3,2026-03-01,2026-03,OTH,1297.86,149382176.71
PRG-CASTOR,Castor Smallsat Platform,SATELLITE,NS40,2026,3,2026-03-01,2026-03,OVH,12746.44,149382176.71
PRG-CASTOR,Castor Smallsat Platform,SATELLITE,NS40,2026,3,2026-03-01,2026-03,PER,7848.16,149382176.71
PRG-CASTOR,Castor Smallsat Platform,SATELLITE,NS40,2026,3,2026-03-01,2026-03,SUB,224196.44,149382176.71
PRG-CASTOR,Castor Smallsat Platform,SATELLITE,NS40,2026,4,2026-04-01,2026-04,DEP,6847.17,149382176.71
PRG-CASTOR,Castor Smallsat Platform,SATELLITE,NS40,2026,4,2026-04-01,2026-04,MAT,174002.98,149382176.71
PRG-CASTOR,Castor Smallsat Platform,SATELLITE,NS40,2026,4,2026-04-01,2026-04,OTH,643.23,149382176.71
PRG-CASTOR,Castor Smallsat Platform,SATELLITE,NS40,2026,4,2026-04-01,2026-04,OVH,16222.57,149382176.71
PRG-CASTOR,Castor Smallsat Platform,SATELLITE,NS40,2026,4,2026-04-01,2026-04,PER,6583.3,149382176.71
PRG-CASTOR,Castor Smallsat Platform,SATELLITE,NS40,2026,4,2026-04-01,2026-04,SUB,270953.76,149382176.71
PRG-CASTOR,Castor Smallsat Platform,SATELLITE,NS40,2026,5,2026-05-01,2026-05,DEP,11317.7,149382176.71
PRG-CASTOR,Castor Smallsat Platform,SATELLITE,NS40,2026,5,2026-05-01,2026-05,MAT,106597.59,149382176.71
PRG-CASTOR,Castor Smallsat Platform,SATELLITE,NS40,2026,5,2026-05-01,2026-05,OTH,3344.72,149382176.71
PRG-CASTOR,Castor Smallsat Platform,SATELLITE,NS40,2026,5,2026-05-01,2026-05,OVH,24922.81,149382176.71
PRG-CASTOR,Castor Smallsat Platform,SATELLITE,NS40,2026,5,2026-05-01,2026-05,PER,20259.66,149382176.71
PRG-CASTOR,Castor Smallsat Platform,SATELLITE,NS40,2026,5,2026-05-01,2026-05,SUB,168416.38,149382176.71
PRG-CASTOR,Castor Smallsat Platform,SATELLITE,NS40,2026,6,2026-06-01,2026-06,DEP,8010.49,149382176.71
PRG-CASTOR,Castor Smallsat Platform,SATELLITE,NS40,2026,6,2026-06-01,2026-06,MAT,116402.83,149382176.71
PRG-CASTOR,Castor Smallsat Platform,SATELLITE,NS40,2026,6,2026-06-01,2026-06,OTH,62.22,149382176.71
PRG-CASTOR,Castor Smallsat Platform,SATELLITE,NS40,2026,6,2026-06-01,2026-06,OVH,13393.11,149382176.71
PRG-CASTOR,Castor Smallsat Platform,SATELLITE,NS40,2026,6,2026-06-01,2026-06,PER,13631.8,149382176.71
PRG-CASTOR,Castor Smallsat Platform,SATELLITE,NS40,2026,6,2026-06-01,2026-06,SUB,186762.21,149382176.71
PRG-HELIOS,Helios-3 Earth Observation Constellation,SATELLITE,NS10,2023,1,2023-01-01,2023-01,DEP,157495.87,690327297.27
PRG-HELIOS,Helios-3 Earth Observation Constellation,SATELLITE,NS10,2023,1,2023-01-01,2023-01,MAT,1578962.93,690327297.27
PRG-HELIOS,Helios-3 Earth Observation Constellation,SATELLITE,NS10,2023,1,2023-01-01,2023-01,OTH,33531.07,690327297.27
PRG-HELIOS,Helios-3 Earth Observation Constellation,SATELLITE,NS10,2023,1,2023-01-01,2023-01,OVH,208988.51,690327297.27
PRG-HELIOS,Helios-3 Earth Observation Constellation,SATELLITE,NS10,2023,1,2023-01-01,2023-01,PER,157643.5,690327297.27
PRG-HELIOS,Helios-3 Earth Observation Constellation,SATELLITE,NS10,2023,1,2023-01-01,2023-01,SUB,2480781.45,690327297.27
PRG-HELIOS,Helios-3 Earth Observation Constellation,SATELLITE,NS10,2023,2,2023-02-01,2023-02,DEP,158238.77,690327297.27
PRG-HELIOS,Helios-3 Earth Observation Constellation,SATELLITE,NS10,2023,2,2023-02-01,2023-02,MAT,1466676.04,690327297.27
PRG-HELIOS,Helios-3 Earth Observation Constellation,SATELLITE,NS10,2023,2,2023-02-01,2023-02,OTH,10661.76,690327297.27
PRG-HELIOS,Helios-3 Earth Observation Constellation,SATELLITE,NS10,2023,2,2023-02-01,2023-02,OVH,201627.55,690327297.27
PRG-HELIOS,Helios-3 Earth Observation Constellation,SATELLITE,NS10,2023,2,2023-02-01,2023-02,PER,174847.33,690327297.27
PRG-HELIOS,Helios-3 Earth Observation Constellation,SATELLITE,NS10,2023,2,2023-02-01,2023-02,SUB,2429661.36,690327297.27
PRG-HELIOS,Helios-3 Earth Observation Constellation,SATELLITE,NS10,2023,3,2023-03-01,2023-03,DEP,177402.4,690327297.27
PRG-HELIOS,Helios-3 Earth Observation Constellation,SATELLITE,NS10,2023,3,2023-03-01,2023-03,MAT,1698845.34,690327297.27
PRG-HELIOS,Helios-3 Earth Observation Constellation,SATELLITE,NS10,2023,3,2023-03-01,2023-03,OTH,17598.63,690327297.27
PRG-HELIOS,Helios-3 Earth Observation Constellation,SATELLITE,NS10,2023,3,2023-03-01,2023-03,OVH,283827.73,690327297.27
PRG-HELIOS,Helios-3 Earth Observation Constellation,SATELLITE,NS10,2023,3,2023-03-01,2023-03,PER,213194.68,690327297.27
PRG-HELIOS,Helios-3 Earth Observation Constellation,SATELLITE,NS10,2023,3,2023-03-01,2023-03,SUB,2803539.42,690327297.27
PRG-HELIOS,Helios-3 Earth Observation Constellation,SATELLITE,NS10,2023,4,2023-04-01,2023-04,DEP,134978.86,690327297.27
PRG-HELIOS,Helios-3 Earth Observation Constellation,SATELLITE,NS10,2023,4,2023-04-01,2023-04,MAT,1395424.67,690327297.27
PRG-HELIOS,Helios-3 Earth Observation Constellation,SATELLITE,NS10,2023,4,2023-04-01,2023-04,OTH,20408.54,690327297.27
PRG-HELIOS,Helios-3 Earth Observation Constellation,SATELLITE,NS10,2023,4,2023-04-01,2023-04,OVH,196197.28,690327297.27
PRG-HELIOS,Helios-3 Earth Observation Constellation,SATELLITE,NS10,2023,4,2023-04-01,2023-04,PER,195508.28,690327297.27
PRG-HELIOS,Helios-3 Earth Observation Constellation,SATELLITE,NS10,2023,4,2023-04-01,2023-04,SUB,2222654.6,690327297.27
PRG-HELIOS,Helios-3 Earth Observation Constellation,SATELLITE,NS10,2023,5,2023-05-01,2023-05,DEP,158929.02,690327297.27
PRG-HELIOS,Helios-3 Earth Observation Constellation,SATELLITE,NS10,2023,5,2023-05-01,2023-05,MAT,1424144.84,690327297.27
PRG-HELIOS,Helios-3 Earth Observation Constellation,SATELLITE,NS10,2023,5,2023-05-01,2023-05,OTH,23512.62,690327297.27
PRG-HELIOS,Helios-3 Earth Observation Constellation,SATELLITE,NS10,2023,5,2023-05-01,2023-05,OVH,211951.28,690327297.27
PRG-HELIOS,Helios-3 Earth Observation Constellation,SATELLITE,NS10,2023,5,2023-05-01,2023-05,PER,166489.14,690327297.27
PRG-HELIOS,Helios-3 Earth Observation Constellation,SATELLITE,NS10,2023,5,2023-05-01,2023-05,SUB,2525699.97,690327297.27
PRG-HELIOS,Helios-3 Earth Observation Constellation,SATELLITE,NS10,2023,6,2023-06-01,2023-06,DEP,144222.26,690327297.27
PRG-HELIOS,Helios-3 Earth Observation Constellation,SATELLITE,NS10,2023,6,2023-06-01,2023-06,MAT,1399117.39,690327297.27
PRG-HELIOS,Helios-3 Earth Observation Constellation,SATELLITE,NS10,2023,6,2023-06-01,2023-06,OTH,23158.69,690327297.27
PRG-HELIOS,Helios-3 Earth Observation Constellation,SATELLITE,NS10,2023,6,2023-06-01,2023-06,OVH,213828.86,690327297.27
PRG-HELIOS,Helios-3 Earth Observation Constellation,SATELLITE,NS10,2023,6,2023-06-01,2023-06,PER,179019.9,690327297.27
PRG-HELIOS,Helios-3 Earth Observation Constellation,SATELLITE,NS10,2023,6,2023-06-01,2023-06,SUB,2321568.96,690327297.27
PRG-HELIOS,Helios-3 Earth Observation Constellation,SATELLITE,NS10,2023,7,2023-07-01,2023-07,DEP,162959.24,690327297.27
PRG-HELIOS,Helios-3 Earth Observation Constellation,SATELLITE,NS10,2023,7,2023-07-01,2023-07,MAT,1690800.05,690327297.27
PRG-HELIOS,Helios-3 Earth Observation Constellation,SATELLITE,NS10,2023,7,2023-07-01,2023-07,OTH,22126.96,690327297.27
PRG-HELIOS,Helios-3 Earth Observation Constellation,SATELLITE,NS10,2023,7,2023-07-01,2023-07,OVH,263535.88,690327297.27
PRG-HELIOS,Helios-3 Earth Observation Constellation,SATELLITE,NS10,2023,7,2023-07-01,2023-07,PER,221799.08,690327297.27
PRG-HELIOS,Helios-3 Earth Observation Constellation,SATELLITE,NS10,2023,7,2023-07-01,2023-07,SUB,2769138.22,690327297.27
PRG-HELIOS,Helios-3 Earth Observation Constellation,SATELLITE,NS10,2023,8,2023-08-01,2023-08,DEP,164794.1,690327297.27
PRG-HELIOS,Helios-3 Earth Observation Constellation,SATELLITE,NS10,2023,8,2023-08-01,2023-08,MAT,1493844.63,690327297.27
PRG-HELIOS,Helios-3 Earth Observation Constellation,SATELLITE,NS10,2023,8,2023-08-01,2023-08,OTH,13361.37,690327297.27
PRG-HELIOS,Helios-3 Earth Observation Constellation,SATELLITE,NS10,2023,8,2023-08-01,2023-08,OVH,214074.36,690327297.27
PRG-HELIOS,Helios-3 Earth Observation Constellation,SATELLITE,NS10,2023,8,2023-08-01,2023-08,PER,206031.76,690327297.27
PRG-HELIOS,Helios-3 Earth Observation Constellation,SATELLITE,NS10,2023,8,2023-08-01,2023-08,SUB,2682887.99,690327297.27
PRG-HELIOS,Helios-3 Earth Observation Constellation,SATELLITE,NS10,2023,9,2023-09-01,2023-09,DEP,197563.24,690327297.27
PRG-HELIOS,Helios-3 Earth Observation Constellation,SATELLITE,NS10,2023,9,2023-09-01,2023-09,MAT,1672069.09,690327297.27
PRG-HELIOS,Helios-3 Earth Observation Constellation,SATELLITE,NS10,2023,9,2023-09-01,2023-09,OTH,24827.63,690327297.27
PRG-HELIOS,Helios-3 Earth Observation Constellation,SATELLITE,NS10,2023,9,2023-09-01,2023-09,OVH,244112.68,690327297.27
PRG-HELIOS,Helios-3 Earth Observation Constellation,SATELLITE,NS10,2023,9,2023-09-01,2023-09,PER,190519.32,690327297.27
PRG-HELIOS,Helios-3 Earth Observation Constellation,SATELLITE,NS10,2023,9,2023-09-01,2023-09,SUB,2821955.04,690327297.27
PRG-HELIOS,Helios-3 Earth Observation Constellation,SATELLITE,NS10,2023,10,2023-10-01,2023-10,DEP,134802.28,690327297.27
PRG-HELIOS,Helios-3 Earth Observation Constellation,SATELLITE,NS10,2023,10,2023-10-01,2023-10,MAT,1365627.69,690327297.27
PRG-HELIOS,Helios-3 Earth Observation Constellation,SATELLITE,NS10,2023,10,2023-10-01,2023-10,OTH,20663.23,690327297.27
PRG-HELIOS,Helios-3 Earth Observation Constellation,SATELLITE,NS10,2023,10,2023-10-01,2023-10,OVH,234675.86,690327297.27
PRG-HELIOS,Helios-3 Earth Observation Constellation,SATELLITE,NS10,2023,10,2023-10-01,2023-10,PER,198420.49,690327297.27
PRG-HELIOS,Helios-3 Earth Observation Constellation,SATELLITE,NS10,2023,10,2023-10-01,2023-10,SUB,2774949.93,690327297.27
PRG-HELIOS,Helios-3 Earth Observation Constellation,SATELLITE,NS10,2023,11,2023-11-01,2023-11,DEP,156062.71,690327297.27
PRG-HELIOS,Helios-3 Earth Observation Constellation,SATELLITE,NS10,2023,11,2023-11-01,2023-11,MAT,1253985.55,690327297.27
PRG-HELIOS,Helios-3 Earth Observation Constellation,SATELLITE,NS10,2023,11,2023-11-01,2023-11,OTH,14694.06,690327297.27
PRG-HELIOS,Helios-3 Earth Observation Constellation,SATELLITE,NS10,2023,11,2023-11-01,2023-11,OVH,222634.67,690327297.27
PRG-HELIOS,Helios-3 Earth Observation Constellation,SATELLITE,NS10,2023,11,2023-11-01,2023-11,PER,113169.14,690327297.27
PRG-HELIOS,Helios-3 Earth Observation Constellation,SATELLITE,NS10,2023,11,2023-11-01,2023-11,SUB,2334606.1,690327297.27
PRG-HELIOS,Helios-3 Earth Observation Constellation,SATELLITE,NS10,2023,12,2023-12-01,2023-12,DEP,131587.23,690327297.27
PRG-HELIOS,Helios-3 Earth Observation Constellation,SATELLITE,NS10,2023,12,2023-12-01,2023-12,MAT,1533674.62,690327297.27
PRG-HELIOS,Helios-3 Earth Observation Constellation,SATELLITE,NS10,2023,12,2023-12-01,2023-12,OTH,25988.44,690327297.27
PRG-HELIOS,Helios-3 Earth Observation Constellation,SATELLITE,NS10,2023,12,2023-12-01,2023-12,OVH,221808.57,690327297.27
PRG-HELIOS,Helios-3 Earth Observation Constellation,SATELLITE,NS10,2023,12,2023-12-01,2023-12,PER,240955.55,690327297.27
PRG-HELIOS,Helios-3 Earth Observation Constellation,SATELLITE,NS10,2023,12,2023-12-01,2023-12,SUB,2774711.31,690327297.27
PRG-HELIOS,Helios-3 Earth Observation Constellation,SATELLITE,NS10,2023,13,2023-12-01,2023-12,MAT,22916.53,690327297.27
PRG-HELIOS,Helios-3 Earth Observation Constellation,SATELLITE,NS10,2023,13,2023-12-01,2023-12,OTH,15296.58,690327297.27
PRG-HELIOS,Helios-3 Earth Observation Constellation,SATELLITE,NS10,2023,13,2023-12-01,2023-12,OVH,22181.09,690327297.27
PRG-HELIOS,Helios-3 Earth Observation Constellation,SATELLITE,NS10,2023,13,2023-12-01,2023-12,PER,48904.88,690327297.27
PRG-HELIOS,Helios-3 Earth Observation Constellation,SATELLITE,NS10,2023,13,2023-12-01,2023-12,SUB,202169.41,690327297.27
PRG-HELIOS,Helios-3 Earth Observation Constellation,SATELLITE,NS10,2023,14,2023-12-01,2023-12,MAT,21336.04,690327297.27
PRG-HELIOS,Helios-3 Earth Observation Constellation,SATELLITE,NS10,2023,14,2023-12-01,2023-12,OTH,20737.75,690327297.27
PRG-HELIOS,Helios-3 Earth Observation Constellation,SATELLITE,NS10,2023,14,2023-12-01,2023-12,OVH,21186.23,690327297.27
PRG-HELIOS,Helios-3 Earth Observation Constellation,SATELLITE,NS10,2023,14,2023-12-01,2023-12,PER,24025.19,690327297.27
PRG-HELIOS,Helios-3 Earth Observation Constellation,SATELLITE,NS10,2023,14,2023-12-01,2023-12,SUB,232477.19,690327297.27
PRG-HELIOS,Helios-3 Earth Observation Constellation,SATELLITE,NS10,2024,1,2024-01-01,2024-01,DEP,171502.66,690327297.27
PRG-HELIOS,Helios-3 Earth Observation Constellation,SATELLITE,NS10,2024,1,2024-01-01,2024-01,MAT,1530160.29,690327297.27
PRG-HELIOS,Helios-3 Earth Observation Constellation,SATELLITE,NS10,2024,1,2024-01-01,2024-01,OTH,21233.95,690327297.27
PRG-HELIOS,Helios-3 Earth Observation Constellation,SATELLITE,NS10,2024,1,2024-01-01,2024-01,OVH,213262.09,690327297.27
PRG-HELIOS,Helios-3 Earth Observation Constellation,SATELLITE,NS10,2024,1,2024-01-01,2024-01,PER,192339.33,690327297.27
PRG-HELIOS,Helios-3 Earth Observation Constellation,SATELLITE,NS10,2024,1,2024-01-01,2024-01,SUB,2392829.69,690327297.27
PRG-HELIOS,Helios-3 Earth Observation Constellation,SATELLITE,NS10,2024,2,2024-02-01,2024-02,DEP,137510.92,690327297.27
PRG-HELIOS,Helios-3 Earth Observation Constellation,SATELLITE,NS10,2024,2,2024-02-01,2024-02,MAT,1496394.75,690327297.27
PRG-HELIOS,Helios-3 Earth Observation Constellation,SATELLITE,NS10,2024,2,2024-02-01,2024-02,OTH,15022.87,690327297.27
PRG-HELIOS,Helios-3 Earth Observation Constellation,SATELLITE,NS10,2024,2,2024-02-01,2024-02,OVH,219892.01,690327297.27
PRG-HELIOS,Helios-3 Earth Observation Constellation,SATELLITE,NS10,2024,2,2024-02-01,2024-02,PER,114897.94,690327297.27
PRG-HELIOS,Helios-3 Earth Observation Constellation,SATELLITE,NS10,2024,2,2024-02-01,2024-02,SUB,2432456.06,690327297.27
PRG-HELIOS,Helios-3 Earth Observation Constellation,SATELLITE,NS10,2024,3,2024-03-01,2024-03,DEP,174945.82,690327297.27
PRG-HELIOS,Helios-3 Earth Observation Constellation,SATELLITE,NS10,2024,3,2024-03-01,2024-03,MAT,1567576.95,690327297.27
PRG-HELIOS,Helios-3 Earth Observation Constellation,SATELLITE,NS10,2024,3,2024-03-01,2024-03,OTH,20866.06,690327297.27
PRG-HELIOS,Helios-3 Earth Observation Constellation,SATELLITE,NS10,2024,3,2024-03-01,2024-03,OVH,258355.08,690327297.27
PRG-HELIOS,Helios-3 Earth Observation Constellation,SATELLITE,NS10,2024,3,2024-03-01,2024-03,PER,192493.68,690327297.27
PRG-HELIOS,Helios-3 Earth Observation Constellation,SATELLITE,NS10,2024,3,2024-03-01,2024-03,SUB,2356029.56,690327297.27
PRG-HELIOS,Helios-3 Earth Observation Constellation,SATELLITE,NS10,2024,4,2024-04-01,2024-04,DEP,162026.75,690327297.27
PRG-HELIOS,Helios-3 Earth Observation Constellation,SATELLITE,NS10,2024,4,2024-04-01,2024-04,MAT,1654627.07,690327297.27
PRG-HELIOS,Helios-3 Earth Observation Constellation,SATELLITE,NS10,2024,4,2024-04-01,2024-04,OTH,15610.96,690327297.27
PRG-HELIOS,Helios-3 Earth Observation Constellation,SATELLITE,NS10,2024,4,2024-04-01,2024-04,OVH,251951.05,690327297.27
PRG-HELIOS,Helios-3 Earth Observation Constellation,SATELLITE,NS10,2024,4,2024-04-01,2024-04,PER,191191.25,690327297.27
PRG-HELIOS,Helios-3 Earth Observation Constellation,SATELLITE,NS10,2024,4,2024-04-01,2024-04,SUB,2577647.01,690327297.27
PRG-HELIOS,Helios-3 Earth Observation Constellation,SATELLITE,NS10,2024,5,2024-05-01,2024-05,DEP,184445.52,690327297.27
PRG-HELIOS,Helios-3 Earth Observation Constellation,SATELLITE,NS10,2024,5,2024-05-01,2024-05,MAT,1702639.55,690327297.27
PRG-HELIOS,Helios-3 Earth Observation Constellation,SATELLITE,NS10,2024,5,2024-05-01,2024-05,OTH,29804.9,690327297.27
PRG-HELIOS,Helios-3 Earth Observation Constellation,SATELLITE,NS10,2024,5,2024-05-01,2024-05,OVH,243345.11,690327297.27
PRG-HELIOS,Helios-3 Earth Observation Constellation,SATELLITE,NS10,2024,5,2024-05-01,2024-05,PER,256817.91,690327297.27
PRG-HELIOS,Helios-3 Earth Observation Constellation,SATELLITE,NS10,2024,5,2024-05-01,2024-05,SUB,2888394.1,690327297.27
PRG-HELIOS,Helios-3 Earth Observation Constellation,SATELLITE,NS10,2024,6,2024-06-01,2024-06,DEP,160690.68,690327297.27
PRG-HELIOS,Helios-3 Earth Observation Constellation,SATELLITE,NS10,2024,6,2024-06-01,2024-06,MAT,1478045.64,690327297.27
PRG-HELIOS,Helios-3 Earth Observation Constellation,SATELLITE,NS10,2024,6,2024-06-01,2024-06,OTH,25479.28,690327297.27
PRG-HELIOS,Helios-3 Earth Observation Constellation,SATELLITE,NS10,2024,6,2024-06-01,2024-06,OVH,228264.33,690327297.27
PRG-HELIOS,Helios-3 Earth Observation Constellation,SATELLITE,NS10,2024,6,2024-06-01,2024-06,PER,200578.09,690327297.27
PRG-HELIOS,Helios-3 Earth Observation Constellation,SATELLITE,NS10,2024,6,2024-06-01,2024-06,SUB,2534736.47,690327297.27
PRG-HELIOS,Helios-3 Earth Observation Constellation,SATELLITE,NS10,2024,7,2024-07-01,2024-07,DEP,171911.24,690327297.27
PRG-HELIOS,Helios-3 Earth Observation Constellation,SATELLITE,NS10,2024,7,2024-07-01,2024-07,MAT,1624206.7,690327297.27
PRG-HELIOS,Helios-3 Earth Observation Constellation,SATELLITE,NS10,2024,7,2024-07-01,2024-07,OTH,20141.63,690327297.27
PRG-HELIOS,Helios-3 Earth Observation Constellation,SATELLITE,NS10,2024,7,2024-07-01,2024-07,OVH,250803.56,690327297.27
PRG-HELIOS,Helios-3 Earth Observation Constellation,SATELLITE,NS10,2024,7,2024-07-01,2024-07,PER,160226.25,690327297.27
PRG-HELIOS,Helios-3 Earth Observation Constellation,SATELLITE,NS10,2024,7,2024-07-01,2024-07,SUB,2737307.77,690327297.27
PRG-HELIOS,Helios-3 Earth Observation Constellation,SATELLITE,NS10,2024,8,2024-08-01,2024-08,DEP,161932.74,690327297.27
PRG-HELIOS,Helios-3 Earth Observation Constellation,SATELLITE,NS10,2024,8,2024-08-01,2024-08,MAT,1729418.5,690327297.27
PRG-HELIOS,Helios-3 Earth Observation Constellation,SATELLITE,NS10,2024,8,2024-08-01,2024-08,OTH,27029.51,690327297.27
PRG-HELIOS,Helios-3 Earth Observation Constellation,SATELLITE,NS10,2024,8,2024-08-01,2024-08,OVH,255431.54,690327297.27
PRG-HELIOS,Helios-3 Earth Observation Constellation,SATELLITE,NS10,2024,8,2024-08-01,2024-08,PER,183756.08,690327297.27
PRG-HELIOS,Helios-3 Earth Observation Constellation,SATELLITE,NS10,2024,8,2024-08-01,2024-08,SUB,2335965.97,690327297.27
PRG-HELIOS,Helios-3 Earth Observation Constellation,SATELLITE,NS10,2024,9,2024-09-01,2024-09,DEP,196591.87,690327297.27
PRG-HELIOS,Helios-3 Earth Observation Constellation,SATELLITE,NS10,2024,9,2024-09-01,2024-09,MAT,1465158.39,690327297.27
PRG-HELIOS,Helios-3 Earth Observation Constellation,SATELLITE,NS10,2024,9,2024-09-01,2024-09,OTH,18356.95,690327297.27
PRG-HELIOS,Helios-3 Earth Observation Constellation,SATELLITE,NS10,2024,9,2024-09-01,2024-09,OVH,200470.86,690327297.27
PRG-HELIOS,Helios-3 Earth Observation Constellation,SATELLITE,NS10,2024,9,2024-09-01,2024-09,PER,195261.21,690327297.27
PRG-HELIOS,Helios-3 Earth Observation Constellation,SATELLITE,NS10,2024,9,2024-09-01,2024-09,SUB,2205538.21,690327297.27
PRG-HELIOS,Helios-3 Earth Observation Constellation,SATELLITE,NS10,2024,10,2024-10-01,2024-10,DEP,157675.07,690327297.27
PRG-HELIOS,Helios-3 Earth Observation Constellation,SATELLITE,NS10,2024,10,2024-10-01,2024-10,MAT,1511578.2,690327297.27
PRG-HELIOS,Helios-3 Earth Observation Constellation,SATELLITE,NS10,2024,10,2024-10-01,2024-10,OTH,17167.76,690327297.27
PRG-HELIOS,Helios-3 Earth Observation Constellation,SATELLITE,NS10,2024,10,2024-10-01,2024-10,OVH,249849.25,690327297.27
PRG-HELIOS,Helios-3 Earth Observation Constellation,SATELLITE,NS10,2024,10,2024-10-01,2024-10,PER,199631.84,690327297.27
PRG-HELIOS,Helios-3 Earth Observation Constellation,SATELLITE,NS10,2024,10,2024-10-01,2024-10,SUB,2789910.68,690327297.27
PRG-HELIOS,Helios-3 Earth Observation Constellation,SATELLITE,NS10,2024,11,2024-11-01,2024-11,DEP,179690.67,690327297.27
PRG-HELIOS,Helios-3 Earth Observation Constellation,SATELLITE,NS10,2024,11,2024-11-01,2024-11,MAT,1649252.54,690327297.27
PRG-HELIOS,Helios-3 Earth Observation Constellation,SATELLITE,NS10,2024,11,2024-11-01,2024-11,OTH,15917.18,690327297.27
PRG-HELIOS,Helios-3 Earth Observation Constellation,SATELLITE,NS10,2024,11,2024-11-01,2024-11,OVH,214334.23,690327297.27
PRG-HELIOS,Helios-3 Earth Observation Constellation,SATELLITE,NS10,2024,11,2024-11-01,2024-11,PER,196021.93,690327297.27
PRG-HELIOS,Helios-3 Earth Observation Constellation,SATELLITE,NS10,2024,11,2024-11-01,2024-11,SUB,2633799.43,690327297.27
PRG-HELIOS,Helios-3 Earth Observation Constellation,SATELLITE,NS10,2024,12,2024-12-01,2024-12,DEP,138884.91,690327297.27
PRG-HELIOS,Helios-3 Earth Observation Constellation,SATELLITE,NS10,2024,12,2024-12-01,2024-12,MAT,1410736.84,690327297.27
PRG-HELIOS,Helios-3 Earth Observation Constellation,SATELLITE,NS10,2024,12,2024-12-01,2024-12,OTH,11734.42,690327297.27
PRG-HELIOS,Helios-3 Earth Observation Constellation,SATELLITE,NS10,2024,12,2024-12-01,2024-12,OVH,232927.21,690327297.27
PRG-HELIOS,Helios-3 Earth Observation Constellation,SATELLITE,NS10,2024,12,2024-12-01,2024-12,PER,221854.4,690327297.27
PRG-HELIOS,Helios-3 Earth Observation Constellation,SATELLITE,NS10,2024,12,2024-12-01,2024-12,SUB,2365871.42,690327297.27
PRG-HELIOS,Helios-3 Earth Observation Constellation,SATELLITE,NS10,2024,13,2024-12-01,2024-12,MAT,40391.65,690327297.27
PRG-HELIOS,Helios-3 Earth Observation Constellation,SATELLITE,NS10,2024,13,2024-12-01,2024-12,OTH,21681.55,690327297.27
PRG-HELIOS,Helios-3 Earth Observation Constellation,SATELLITE,NS10,2024,13,2024-12-01,2024-12,OVH,27796.69,690327297.27
PRG-HELIOS,Helios-3 Earth Observation Constellation,SATELLITE,NS10,2024,13,2024-12-01,2024-12,PER,34114.57,690327297.27
PRG-HELIOS,Helios-3 Earth Observation Constellation,SATELLITE,NS10,2024,13,2024-12-01,2024-12,SUB,209075.68,690327297.27
PRG-HELIOS,Helios-3 Earth Observation Constellation,SATELLITE,NS10,2024,14,2024-12-01,2024-12,MAT,29302.2,690327297.27
PRG-HELIOS,Helios-3 Earth Observation Constellation,SATELLITE,NS10,2024,14,2024-12-01,2024-12,OTH,24315.36,690327297.27
PRG-HELIOS,Helios-3 Earth Observation Constellation,SATELLITE,NS10,2024,14,2024-12-01,2024-12,OVH,31468.8,690327297.27
PRG-HELIOS,Helios-3 Earth Observation Constellation,SATELLITE,NS10,2024,14,2024-12-01,2024-12,PER,49661.48,690327297.27
PRG-HELIOS,Helios-3 Earth Observation Constellation,SATELLITE,NS10,2024,14,2024-12-01,2024-12,SUB,231267.88,690327297.27
PRG-HELIOS,Helios-3 Earth Observation Constellation,SATELLITE,NS10,2025,1,2025-01-01,2025-01,DEP,193495.1,690327297.27
PRG-HELIOS,Helios-3 Earth Observation Constellation,SATELLITE,NS10,2025,1,2025-01-01,2025-01,MAT,1758450.85,690327297.27
PRG-HELIOS,Helios-3 Earth Observation Constellation,SATELLITE,NS10,2025,1,2025-01-01,2025-01,OTH,17537.19,690327297.27
PRG-HELIOS,Helios-3 Earth Observation Constellation,SATELLITE,NS10,2025,1,2025-01-01,2025-01,OVH,275648.31,690327297.27
PRG-HELIOS,Helios-3 Earth Observation Constellation,SATELLITE,NS10,2025,1,2025-01-01,2025-01,PER,186421.18,690327297.27
PRG-HELIOS,Helios-3 Earth Observation Constellation,SATELLITE,NS10,2025,1,2025-01-01,2025-01,SUB,2629813.78,690327297.27
PRG-HELIOS,Helios-3 Earth Observation Constellation,SATELLITE,NS10,2025,2,2025-02-01,2025-02,DEP,189871.56,690327297.27
PRG-HELIOS,Helios-3 Earth Observation Constellation,SATELLITE,NS10,2025,2,2025-02-01,2025-02,MAT,1852371.74,690327297.27
PRG-HELIOS,Helios-3 Earth Observation Constellation,SATELLITE,NS10,2025,2,2025-02-01,2025-02,OTH,24425.72,690327297.27
PRG-HELIOS,Helios-3 Earth Observation Constellation,SATELLITE,NS10,2025,2,2025-02-01,2025-02,OVH,289174.52,690327297.27
PRG-HELIOS,Helios-3 Earth Observation Constellation,SATELLITE,NS10,2025,2,2025-02-01,2025-02,PER,213705.65,690327297.27
PRG-HELIOS,Helios-3 Earth Observation Constellation,SATELLITE,NS10,2025,2,2025-02-01,2025-02,SUB,3277786.81,690327297.27
PRG-HELIOS,Helios-3 Earth Observation Constellation,SATELLITE,NS10,2025,3,2025-03-01,2025-03,DEP,179024.26,690327297.27
PRG-HELIOS,Helios-3 Earth Observation Constellation,SATELLITE,NS10,2025,3,2025-03-01,2025-03,MAT,1788904.71,690327297.27
PRG-HELIOS,Helios-3 Earth Observation Constellation,SATELLITE,NS10,2025,3,2025-03-01,2025-03,OTH,18097.43,690327297.27
PRG-HELIOS,Helios-3 Earth Observation Constellation,SATELLITE,NS10,2025,3,2025-03-01,2025-03,OVH,258489.34,690327297.27
PRG-HELIOS,Helios-3 Earth Observation Constellation,SATELLITE,NS10,2025,3,2025-03-01,2025-03,PER,215072.91,690327297.27
PRG-HELIOS,Helios-3 Earth Observation Constellation,SATELLITE,NS10,2025,3,2025-03-01,2025-03,SUB,2683632.07,690327297.27
PRG-HELIOS,Helios-3 Earth Observation Constellation,SATELLITE,NS10,2025,4,2025-04-01,2025-04,DEP,210164.07,690327297.27
PRG-HELIOS,Helios-3 Earth Observation Constellation,SATELLITE,NS10,2025,4,2025-04-01,2025-04,MAT,1880029.01,690327297.27
PRG-HELIOS,Helios-3 Earth Observation Constellation,SATELLITE,NS10,2025,4,2025-04-01,2025-04,OTH,30358.87,690327297.27
PRG-HELIOS,Helios-3 Earth Observation Constellation,SATELLITE,NS10,2025,4,2025-04-01,2025-04,OVH,277458.43,690327297.27
PRG-HELIOS,Helios-3 Earth Observation Constellation,SATELLITE,NS10,2025,4,2025-04-01,2025-04,PER,239403.06,690327297.27
PRG-HELIOS,Helios-3 Earth Observation Constellation,SATELLITE,NS10,2025,4,2025-04-01,2025-04,SUB,2900700.44,690327297.27
PRG-HELIOS,Helios-3 Earth Observation Constellation,SATELLITE,NS10,2025,5,2025-05-01,2025-05,DEP,174722.22,690327297.27
PRG-HELIOS,Helios-3 Earth Observation Constellation,SATELLITE,NS10,2025,5,2025-05-01,2025-05,MAT,1667017.35,690327297.27
PRG-HELIOS,Helios-3 Earth Observation Constellation,SATELLITE,NS10,2025,5,2025-05-01,2025-05,OTH,22280.99,690327297.27
PRG-HELIOS,Helios-3 Earth Observation Constellation,SATELLITE,NS10,2025,5,2025-05-01,2025-05,OVH,268902.6,690327297.27
PRG-HELIOS,Helios-3 Earth Observation Constellation,SATELLITE,NS10,2025,5,2025-05-01,2025-05,PER,170760.12,690327297.27
PRG-HELIOS,Helios-3 Earth Observation Constellation,SATELLITE,NS10,2025,5,2025-05-01,2025-05,SUB,2659948.62,690327297.27
PRG-HELIOS,Helios-3 Earth Observation Constellation,SATELLITE,NS10,2025,6,2025-06-01,2025-06,DEP,182604.18,690327297.27
PRG-HELIOS,Helios-3 Earth Observation Constellation,SATELLITE,NS10,2025,6,2025-06-01,2025-06,MAT,1613412.48,690327297.27
PRG-HELIOS,Helios-3 Earth Observation Constellation,SATELLITE,NS10,2025,6,2025-06-01,2025-06,OTH,14489.9,690327297.27
PRG-HELIOS,Helios-3 Earth Observation Constellation,SATELLITE,NS10,2025,6,2025-06-01,2025-06,OVH,227156.09,690327297.27
PRG-HELIOS,Helios-3 Earth Observation Constellation,SATELLITE,NS10,2025,6,2025-06-01,2025-06,PER,209166.75,690327297.27
PRG-HELIOS,Helios-3 Earth Observation Constellation,SATELLITE,NS10,2025,6,2025-06-01,2025-06,SUB,2650700.67,690327297.27
PRG-HELIOS,Helios-3 Earth Observation Constellation,SATELLITE,NS10,2025,7,2025-07-01,2025-07,DEP,173124.18,690327297.27
PRG-HELIOS,Helios-3 Earth Observation Constellation,SATELLITE,NS10,2025,7,2025-07-01,2025-07,MAT,1534065.3,690327297.27
PRG-HELIOS,Helios-3 Earth Observation Constellation,SATELLITE,NS10,2025,7,2025-07-01,2025-07,OTH,27610.68,690327297.27
PRG-HELIOS,Helios-3 Earth Observation Constellation,SATELLITE,NS10,2025,7,2025-07-01,2025-07,OVH,228270.36,690327297.27
PRG-HELIOS,Helios-3 Earth Observation Constellation,SATELLITE,NS10,2025,7,2025-07-01,2025-07,PER,209560.5,690327297.27
PRG-HELIOS,Helios-3 Earth Observation Constellation,SATELLITE,NS10,2025,7,2025-07-01,2025-07,SUB,2821734.76,690327297.27
PRG-HELIOS,Helios-3 Earth Observation Constellation,SATELLITE,NS10,2025,8,2025-08-01,2025-08,DEP,160577.69,690327297.27
PRG-HELIOS,Helios-3 Earth Observation Constellation,SATELLITE,NS10,2025,8,2025-08-01,2025-08,MAT,1722802.75,690327297.27
PRG-HELIOS,Helios-3 Earth Observation Constellation,SATELLITE,NS10,2025,8,2025-08-01,2025-08,OTH,27373.09,690327297.27
PRG-HELIOS,Helios-3 Earth Observation Constellation,SATELLITE,NS10,2025,8,2025-08-01,2025-08,OVH,266958.43,690327297.27
PRG-HELIOS,Helios-3 Earth Observation Constellation,SATELLITE,NS10,2025,8,2025-08-01,2025-08,PER,247782.68,690327297.27
PRG-HELIOS,Helios-3 Earth Observation Constellation,SATELLITE,NS10,2025,8,2025-08-01,2025-08,SUB,2764615.47,690327297.27
PRG-HELIOS,Helios-3 Earth Observation Constellation,SATELLITE,NS10,2025,9,2025-09-01,2025-09,DEP,166704.61,690327297.27
PRG-HELIOS,Helios-3 Earth Observation Constellation,SATELLITE,NS10,2025,9,2025-09-01,2025-09,MAT,1785632.36,690327297.27
PRG-HELIOS,Helios-3 Earth Observation Constellation,SATELLITE,NS10,2025,9,2025-09-01,2025-09,OTH,11629.46,690327297.27
PRG-HELIOS,Helios-3 Earth Observation Constellation,SATELLITE,NS10,2025,9,2025-09-01,2025-09,OVH,279926.39,690327297.27
PRG-HELIOS,Helios-3 Earth Observation Constellation,SATELLITE,NS10,2025,9,2025-09-01,2025-09,PER,199381.54,690327297.27
PRG-HELIOS,Helios-3 Earth Observation Constellation,SATELLITE,NS10,2025,9,2025-09-01,2025-09,SUB,2543678.9,690327297.27
PRG-HELIOS,Helios-3 Earth Observation Constellation,SATELLITE,NS10,2025,10,2025-10-01,2025-10,DEP,135182.78,690327297.27
PRG-HELIOS,Helios-3 Earth Observation Constellation,SATELLITE,NS10,2025,10,2025-10-01,2025-10,MAT,1716566.6,690327297.27
PRG-HELIOS,Helios-3 Earth Observation Constellation,SATELLITE,NS10,2025,10,2025-10-01,2025-10,OTH,15163.86,690327297.27
PRG-HELIOS,Helios-3 Earth Observation Constellation,SATELLITE,NS10,2025,10,2025-10-01,2025-10,OVH,246767.82,690327297.27
PRG-HELIOS,Helios-3 Earth Observation Constellation,SATELLITE,NS10,2025,10,2025-10-01,2025-10,PER,148456.36,690327297.27
PRG-HELIOS,Helios-3 Earth Observation Constellation,SATELLITE,NS10,2025,10,2025-10-01,2025-10,SUB,2290507.2,690327297.27
PRG-HELIOS,Helios-3 Earth Observation Constellation,SATELLITE,NS10,2025,11,2025-11-01,2025-11,DEP,123309.49,690327297.27
PRG-HELIOS,Helios-3 Earth Observation Constellation,SATELLITE,NS10,2025,11,2025-11-01,2025-11,MAT,1745149.74,690327297.27
PRG-HELIOS,Helios-3 Earth Observation Constellation,SATELLITE,NS10,2025,11,2025-11-01,2025-11,OTH,22886.8,690327297.27
PRG-HELIOS,Helios-3 Earth Observation Constellation,SATELLITE,NS10,2025,11,2025-11-01,2025-11,OVH,239233.53,690327297.27
PRG-HELIOS,Helios-3 Earth Observation Constellation,SATELLITE,NS10,2025,11,2025-11-01,2025-11,PER,203005.24,690327297.27
PRG-HELIOS,Helios-3 Earth Observation Constellation,SATELLITE,NS10,2025,11,2025-11-01,2025-11,SUB,2719300.96,690327297.27
PRG-HELIOS,Helios-3 Earth Observation Constellation,SATELLITE,NS10,2025,12,2025-12-01,2025-12,DEP,194461.72,690327297.27
PRG-HELIOS,Helios-3 Earth Observation Constellation,SATELLITE,NS10,2025,12,2025-12-01,2025-12,MAT,1664886.48,690327297.27
PRG-HELIOS,Helios-3 Earth Observation Constellation,SATELLITE,NS10,2025,12,2025-12-01,2025-12,OTH,12560.92,690327297.27
PRG-HELIOS,Helios-3 Earth Observation Constellation,SATELLITE,NS10,2025,12,2025-12-01,2025-12,OVH,257769.02,690327297.27
PRG-HELIOS,Helios-3 Earth Observation Constellation,SATELLITE,NS10,2025,12,2025-12-01,2025-12,PER,225879.84,690327297.27
PRG-HELIOS,Helios-3 Earth Observation Constellation,SATELLITE,NS10,2025,12,2025-12-01,2025-12,SUB,3008544.15,690327297.27
PRG-HELIOS,Helios-3 Earth Observation Constellation,SATELLITE,NS10,2025,13,2025-12-01,2025-12,MAT,28564.81,690327297.27
PRG-HELIOS,Helios-3 Earth Observation Constellation,SATELLITE,NS10,2025,13,2025-12-01,2025-12,OTH,26256.47,690327297.27
PRG-HELIOS,Helios-3 Earth Observation Constellation,SATELLITE,NS10,2025,13,2025-12-01,2025-12,OVH,22634.76,690327297.27
PRG-HELIOS,Helios-3 Earth Observation Constellation,SATELLITE,NS10,2025,13,2025-12-01,2025-12,PER,53754.91,690327297.27
PRG-HELIOS,Helios-3 Earth Observation Constellation,SATELLITE,NS10,2025,13,2025-12-01,2025-12,SUB,259141.49,690327297.27
PRG-HELIOS,Helios-3 Earth Observation Constellation,SATELLITE,NS10,2025,14,2025-12-01,2025-12,MAT,55192.94,690327297.27
PRG-HELIOS,Helios-3 Earth Observation Constellation,SATELLITE,NS10,2025,14,2025-12-01,2025-12,OTH,24878.57,690327297.27
PRG-HELIOS,Helios-3 Earth Observation Constellation,SATELLITE,NS10,2025,14,2025-12-01,2025-12,OVH,23008.55,690327297.27
PRG-HELIOS,Helios-3 Earth Observation Constellation,SATELLITE,NS10,2025,14,2025-12-01,2025-12,PER,66412.17,690327297.27
PRG-HELIOS,Helios-3 Earth Observation Constellation,SATELLITE,NS10,2025,14,2025-12-01,2025-12,SUB,196514.78,690327297.27
PRG-HELIOS,Helios-3 Earth Observation Constellation,SATELLITE,NS10,2026,1,2026-01-01,2026-01,DEP,199480.31,690327297.27
PRG-HELIOS,Helios-3 Earth Observation Constellation,SATELLITE,NS10,2026,1,2026-01-01,2026-01,MAT,1544667.75,690327297.27
PRG-HELIOS,Helios-3 Earth Observation Constellation,SATELLITE,NS10,2026,1,2026-01-01,2026-01,OTH,19021.17,690327297.27
PRG-HELIOS,Helios-3 Earth Observation Constellation,SATELLITE,NS10,2026,1,2026-01-01,2026-01,OVH,245006.47,690327297.27
PRG-HELIOS,Helios-3 Earth Observation Constellation,SATELLITE,NS10,2026,1,2026-01-01,2026-01,PER,174035.58,690327297.27
PRG-HELIOS,Helios-3 Earth Observation Constellation,SATELLITE,NS10,2026,1,2026-01-01,2026-01,SUB,2842776.91,690327297.27
PRG-HELIOS,Helios-3 Earth Observation Constellation,SATELLITE,NS10,2026,2,2026-02-01,2026-02,DEP,170310.37,690327297.27
PRG-HELIOS,Helios-3 Earth Observation Constellation,SATELLITE,NS10,2026,2,2026-02-01,2026-02,MAT,1458954.68,690327297.27
PRG-HELIOS,Helios-3 Earth Observation Constellation,SATELLITE,NS10,2026,2,2026-02-01,2026-02,OTH,12086.08,690327297.27
PRG-HELIOS,Helios-3 Earth Observation Constellation,SATELLITE,NS10,2026,2,2026-02-01,2026-02,OVH,252555.86,690327297.27
PRG-HELIOS,Helios-3 Earth Observation Constellation,SATELLITE,NS10,2026,2,2026-02-01,2026-02,PER,191337.34,690327297.27
PRG-HELIOS,Helios-3 Earth Observation Constellation,SATELLITE,NS10,2026,2,2026-02-01,2026-02,SUB,2335208.37,690327297.27
PRG-HELIOS,Helios-3 Earth Observation Constellation,SATELLITE,NS10,2026,3,2026-03-01,2026-03,DEP,153731.19,690327297.27
PRG-HELIOS,Helios-3 Earth Observation Constellation,SATELLITE,NS10,2026,3,2026-03-01,2026-03,MAT,1496456.49,690327297.27
PRG-HELIOS,Helios-3 Earth Observation Constellation,SATELLITE,NS10,2026,3,2026-03-01,2026-03,OTH,13786.17,690327297.27
PRG-HELIOS,Helios-3 Earth Observation Constellation,SATELLITE,NS10,2026,3,2026-03-01,2026-03,OVH,256073.42,690327297.27
PRG-HELIOS,Helios-3 Earth Observation Constellation,SATELLITE,NS10,2026,3,2026-03-01,2026-03,PER,182232.39,690327297.27
PRG-HELIOS,Helios-3 Earth Observation Constellation,SATELLITE,NS10,2026,3,2026-03-01,2026-03,SUB,2842578.47,690327297.27
PRG-HELIOS,Helios-3 Earth Observation Constellation,SATELLITE,NS10,2026,4,2026-04-01,2026-04,DEP,183065.13,690327297.27
PRG-HELIOS,Helios-3 Earth Observation Constellation,SATELLITE,NS10,2026,4,2026-04-01,2026-04,MAT,1902042.85,690327297.27
PRG-HELIOS,Helios-3 Earth Observation Constellation,SATELLITE,NS10,2026,4,2026-04-01,2026-04,OTH,21527.8,690327297.27
PRG-HELIOS,Helios-3 Earth Observation Constellation,SATELLITE,NS10,2026,4,2026-04-01,2026-04,OVH,275042.44,690327297.27
PRG-HELIOS,Helios-3 Earth Observation Constellation,SATELLITE,NS10,2026,4,2026-04-01,2026-04,PER,232615.26,690327297.27
PRG-HELIOS,Helios-3 Earth Observation Constellation,SATELLITE,NS10,2026,4,2026-04-01,2026-04,SUB,2963728.99,690327297.27
PRG-HELIOS,Helios-3 Earth Observation Constellation,SATELLITE,NS10,2026,5,2026-05-01,2026-05,DEP,148880.43,690327297.27
PRG-HELIOS,Helios-3 Earth Observation Constellation,SATELLITE,NS10,2026,5,2026-05-01,2026-05,MAT,1651967.91,690327297.27
PRG-HELIOS,Helios-3 Earth Observation Constellation,SATELLITE,NS10,2026,5,2026-05-01,2026-05,OTH,20860.28,690327297.27
PRG-HELIOS,Helios-3 Earth Observation Constellation,SATELLITE,NS10,2026,5,2026-05-01,2026-05,OVH,273646.08,690327297.27
PRG-HELIOS,Helios-3 Earth Observation Constellation,SATELLITE,NS10,2026,5,2026-05-01,2026-05,PER,187397.59,690327297.27
PRG-HELIOS,Helios-3 Earth Observation Constellation,SATELLITE,NS10,2026,5,2026-05-01,2026-05,SUB,2600375.33,690327297.27
PRG-HELIOS,Helios-3 Earth Observation Constellation,SATELLITE,NS10,2026,6,2026-06-01,2026-06,DEP,131079.14,690327297.27
PRG-HELIOS,Helios-3 Earth Observation Constellation,SATELLITE,NS10,2026,6,2026-06-01,2026-06,MAT,1530732.14,690327297.27
PRG-HELIOS,Helios-3 Earth Observation Constellation,SATELLITE,NS10,2026,6,2026-06-01,2026-06,OTH,11175.91,690327297.27
PRG-HELIOS,Helios-3 Earth Observation Constellation,SATELLITE,NS10,2026,6,2026-06-01,2026-06,OVH,226800.95,690327297.27
PRG-HELIOS,Helios-3 Earth Observation Constellation,SATELLITE,NS10,2026,6,2026-06-01,2026-06,PER,167175.99,690327297.27
PRG-HELIOS,Helios-3 Earth Observation Constellation,SATELLITE,NS10,2026,6,2026-06-01,2026-06,SUB,2428484.83,690327297.27
PRG-HELIOS,Helios-3 Earth Observation Constellation,SATELLITE,NS20,2023,1,2023-01-01,2023-01,DEP,79485.32,690327297.27
PRG-HELIOS,Helios-3 Earth Observation Constellation,SATELLITE,NS20,2023,1,2023-01-01,2023-01,MAT,562016.47,690327297.27
PRG-HELIOS,Helios-3 Earth Observation Constellation,SATELLITE,NS20,2023,1,2023-01-01,2023-01,OTH,9666.15,690327297.27
PRG-HELIOS,Helios-3 Earth Observation Constellation,SATELLITE,NS20,2023,1,2023-01-01,2023-01,OVH,88485.9,690327297.27
PRG-HELIOS,Helios-3 Earth Observation Constellation,SATELLITE,NS20,2023,1,2023-01-01,2023-01,PER,75874.11,690327297.27
PRG-HELIOS,Helios-3 Earth Observation Constellation,SATELLITE,NS20,2023,1,2023-01-01,2023-01,SUB,974459.62,690327297.27
PRG-HELIOS,Helios-3 Earth Observation Constellation,SATELLITE,NS20,2023,2,2023-02-01,2023-02,DEP,53503.35,690327297.27
PRG-HELIOS,Helios-3 Earth Observation Constellation,SATELLITE,NS20,2023,2,2023-02-01,2023-02,MAT,647221.04,690327297.27
PRG-HELIOS,Helios-3 Earth Observation Constellation,SATELLITE,NS20,2023,2,2023-02-01,2023-02,OTH,1291.39,690327297.27
PRG-HELIOS,Helios-3 Earth Observation Constellation,SATELLITE,NS20,2023,2,2023-02-01,2023-02,OVH,90862.16,690327297.27
PRG-HELIOS,Helios-3 Earth Observation Constellation,SATELLITE,NS20,2023,2,2023-02-01,2023-02,PER,92807.97,690327297.27
PRG-HELIOS,Helios-3 Earth Observation Constellation,SATELLITE,NS20,2023,2,2023-02-01,2023-02,SUB,972178.53,690327297.27
PRG-HELIOS,Helios-3 Earth Observation Constellation,SATELLITE,NS20,2023,3,2023-03-01,2023-03,DEP,69276.26,690327297.27
PRG-HELIOS,Helios-3 Earth Observation Constellation,SATELLITE,NS20,2023,3,2023-03-01,2023-03,MAT,548073.82,690327297.27
PRG-HELIOS,Helios-3 Earth Observation Constellation,SATELLITE,NS20,2023,3,2023-03-01,2023-03,OTH,4039.36,690327297.27
PRG-HELIOS,Helios-3 Earth Observation Constellation,SATELLITE,NS20,2023,3,2023-03-01,2023-03,OVH,81297.14,690327297.27
PRG-HELIOS,Helios-3 Earth Observation Constellation,SATELLITE,NS20,2023,3,2023-03-01,2023-03,PER,45526.77,690327297.27
PRG-HELIOS,Helios-3 Earth Observation Constellation,SATELLITE,NS20,2023,3,2023-03-01,2023-03,SUB,787109.63,690327297.27
PRG-HELIOS,Helios-3 Earth Observation Constellation,SATELLITE,NS20,2023,4,2023-04-01,2023-04,DEP,73801.02,690327297.27
PRG-HELIOS,Helios-3 Earth Observation Constellation,SATELLITE,NS20,2023,4,2023-04-01,2023-04,MAT,662869.74,690327297.27
PRG-HELIOS,Helios-3 Earth Observation Constellation,SATELLITE,NS20,2023,4,2023-04-01,2023-04,OTH,5521.58,690327297.27
PRG-HELIOS,Helios-3 Earth Observation Constellation,SATELLITE,NS20,2023,4,2023-04-01,2023-04,OVH,105034.18,690327297.27
PRG-HELIOS,Helios-3 Earth Observation Constellation,SATELLITE,NS20,2023,4,2023-04-01,2023-04,PER,54928.81,690327297.27
PRG-HELIOS,Helios-3 Earth Observation Constellation,SATELLITE,NS20,2023,4,2023-04-01,2023-04,SUB,993652.37,690327297.27
PRG-HELIOS,Helios-3 Earth Observation Constellation,SATELLITE,NS20,2023,5,2023-05-01,2023-05,DEP,59752.85,690327297.27
PRG-HELIOS,Helios-3 Earth Observation Constellation,SATELLITE,NS20,2023,5,2023-05-01,2023-05,MAT,634235.43,690327297.27
PRG-HELIOS,Helios-3 Earth Observation Constellation,SATELLITE,NS20,2023,5,2023-05-01,2023-05,OTH,9438.62,690327297.27
PRG-HELIOS,Helios-3 Earth Observation Constellation,SATELLITE,NS20,2023,5,2023-05-01,2023-05,OVH,89771.23,690327297.27
PRG-HELIOS,Helios-3 Earth Observation Constellation,SATELLITE,NS20,2023,5,2023-05-01,2023-05,PER,95497.52,690327297.27
PRG-HELIOS,Helios-3 Earth Observation Constellation,SATELLITE,NS20,2023,5,2023-05-01,2023-05,SUB,709464.75,690327297.27
PRG-HELIOS,Helios-3 Earth Observation Constellation,SATELLITE,NS20,2023,6,2023-06-01,2023-06,DEP,49457.96,690327297.27
PRG-HELIOS,Helios-3 Earth Observation Constellation,SATELLITE,NS20,2023,6,2023-06-01,2023-06,MAT,620078.48,690327297.27
PRG-HELIOS,Helios-3 Earth Observation Constellation,SATELLITE,NS20,2023,6,2023-06-01,2023-06,OTH,5125.88,690327297.27
PRG-HELIOS,Helios-3 Earth Observation Constellation,SATELLITE,NS20,2023,6,2023-06-01,2023-06,OVH,73042.12,690327297.27
PRG-HELIOS,Helios-3 Earth Observation Constellation,SATELLITE,NS20,2023,6,2023-06-01,2023-06,PER,66208.76,690327297.27
PRG-HELIOS,Helios-3 Earth Observation Constellation,SATELLITE,NS20,2023,6,2023-06-01,2023-06,SUB,795616.18,690327297.27
PRG-HELIOS,Helios-3 Earth Observation Constellation,SATELLITE,NS20,2023,7,2023-07-01,2023-07,DEP,62034.05,690327297.27
PRG-HELIOS,Helios-3 Earth Observation Constellation,SATELLITE,NS20,2023,7,2023-07-01,2023-07,MAT,540850.91,690327297.27
PRG-HELIOS,Helios-3 Earth Observation Constellation,SATELLITE,NS20,2023,7,2023-07-01,2023-07,OTH,4901.09,690327297.27
PRG-HELIOS,Helios-3 Earth Observation Constellation,SATELLITE,NS20,2023,7,2023-07-01,2023-07,OVH,74907.39,690327297.27
PRG-HELIOS,Helios-3 Earth Observation Constellation,SATELLITE,NS20,2023,7,2023-07-01,2023-07,PER,52660.15,690327297.27
PRG-HELIOS,Helios-3 Earth Observation Constellation,SATELLITE,NS20,2023,7,2023-07-01,2023-07,SUB,967015.62,690327297.27
PRG-HELIOS,Helios-3 Earth Observation Constellation,SATELLITE,NS20,2023,8,2023-08-01,2023-08,DEP,41410.9,690327297.27
PRG-HELIOS,Helios-3 Earth Observation Constellation,SATELLITE,NS20,2023,8,2023-08-01,2023-08,MAT,509721.84,690327297.27
PRG-HELIOS,Helios-3 Earth Observation Constellation,SATELLITE,NS20,2023,8,2023-08-01,2023-08,OTH,8452.77,690327297.27
PRG-HELIOS,Helios-3 Earth Observation Constellation,SATELLITE,NS20,2023,8,2023-08-01,2023-08,OVH,95610.73,690327297.27
PRG-HELIOS,Helios-3 Earth Observation Constellation,SATELLITE,NS20,2023,8,2023-08-01,2023-08,PER,60197.44,690327297.27
PRG-HELIOS,Helios-3 Earth Observation Constellation,SATELLITE,NS20,2023,8,2023-08-01,2023-08,SUB,1110233.64,690327297.27
PRG-HELIOS,Helios-3 Earth Observation Constellation,SATELLITE,NS20,2023,9,2023-09-01,2023-09,DEP,44901.02,690327297.27
PRG-HELIOS,Helios-3 Earth Observation Constellation,SATELLITE,NS20,2023,9,2023-09-01,2023-09,MAT,572085.99,690327297.27
PRG-HELIOS,Helios-3 Earth Observation Constellation,SATELLITE,NS20,2023,9,2023-09-01,2023-09,OTH,5820.1,690327297.27
PRG-HELIOS,Helios-3 Earth Observation Constellation,SATELLITE,NS20,2023,9,2023-09-01,2023-09,OVH,93529.32,690327297.27
PRG-HELIOS,Helios-3 Earth Observation Constellation,SATELLITE,NS20,2023,9,2023-09-01,2023-09,PER,77814.76,690327297.27
PRG-HELIOS,Helios-3 Earth Observation Constellation,SATELLITE,NS20,2023,9,2023-09-01,2023-09,SUB,921559.56,690327297.27
PRG-HELIOS,Helios-3 Earth Observation Constellation,SATELLITE,NS20,2023,10,2023-10-01,2023-10,DEP,69778.54,690327297.27
PRG-HELIOS,Helios-3 Earth Observation Constellation,SATELLITE,NS20,2023,10,2023-10-01,2023-10,MAT,509936.36,690327297.27
PRG-HELIOS,Helios-3 Earth Observation Constellation,SATELLITE,NS20,2023,10,2023-10-01,2023-10,OTH,14086.97,690327297.27
PRG-HELIOS,Helios-3 Earth Observation Constellation,SATELLITE,NS20,2023,10,2023-10-01,2023-10,OVH,63562.27,690327297.27
PRG-HELIOS,Helios-3 Earth Observation Constellation,SATELLITE,NS20,2023,10,2023-10-01,2023-10,PER,75373.82,690327297.27
PRG-HELIOS,Helios-3 Earth Observation Constellation,SATELLITE,NS20,2023,10,2023-10-01,2023-10,SUB,750531.42,690327297.27
PRG-HELIOS,Helios-3 Earth Observation Constellation,SATELLITE,NS20,2023,11,2023-11-01,2023-11,DEP,63390.92,690327297.27
PRG-HELIOS,Helios-3 Earth Observation Constellation,SATELLITE,NS20,2023,11,2023-11-01,2023-11,MAT,557460.86,690327297.27
PRG-HELIOS,Helios-3 Earth Observation Constellation,SATELLITE,NS20,2023,11,2023-11-01,2023-11,OTH,3723.49,690327297.27
PRG-HELIOS,Helios-3 Earth Observation Constellation,SATELLITE,NS20,2023,11,2023-11-01,2023-11,OVH,82921.93,690327297.27
PRG-HELIOS,Helios-3 Earth Observation Constellation,SATELLITE,NS20,2023,11,2023-11-01,2023-11,PER,52682.22,690327297.27
PRG-HELIOS,Helios-3 Earth Observation Constellation,SATELLITE,NS20,2023,11,2023-11-01,2023-11,SUB,1064287.3,690327297.27
PRG-HELIOS,Helios-3 Earth Observation Constellation,SATELLITE,NS20,2023,12,2023-12-01,2023-12,DEP,53157.15,690327297.27
PRG-HELIOS,Helios-3 Earth Observation Constellation,SATELLITE,NS20,2023,12,2023-12-01,2023-12,MAT,548157.2,690327297.27
PRG-HELIOS,Helios-3 Earth Observation Constellation,SATELLITE,NS20,2023,12,2023-12-01,2023-12,OTH,9288.06,690327297.27
PRG-HELIOS,Helios-3 Earth Observation Constellation,SATELLITE,NS20,2023,12,2023-12-01,2023-12,OVH,89143.89,690327297.27
PRG-HELIOS,Helios-3 Earth Observation Constellation,SATELLITE,NS20,2023,12,2023-12-01,2023-12,PER,52407.86,690327297.27
PRG-HELIOS,Helios-3 Earth Observation Constellation,SATELLITE,NS20,2023,12,2023-12-01,2023-12,SUB,855463.71,690327297.27
PRG-HELIOS,Helios-3 Earth Observation Constellation,SATELLITE,NS20,2023,13,2023-12-01,2023-12,MAT,22120.42,690327297.27
PRG-HELIOS,Helios-3 Earth Observation Constellation,SATELLITE,NS20,2023,13,2023-12-01,2023-12,OTH,5418.31,690327297.27
PRG-HELIOS,Helios-3 Earth Observation Constellation,SATELLITE,NS20,2023,13,2023-12-01,2023-12,OVH,4385.79,690327297.27
PRG-HELIOS,Helios-3 Earth Observation Constellation,SATELLITE,NS20,2023,13,2023-12-01,2023-12,PER,14949.04,690327297.27
PRG-HELIOS,Helios-3 Earth Observation Constellation,SATELLITE,NS20,2023,13,2023-12-01,2023-12,SUB,155782.78,690327297.27
PRG-HELIOS,Helios-3 Earth Observation Constellation,SATELLITE,NS20,2023,14,2023-12-01,2023-12,MAT,16148.32,690327297.27
PRG-HELIOS,Helios-3 Earth Observation Constellation,SATELLITE,NS20,2023,14,2023-12-01,2023-12,OTH,6517.7,690327297.27
PRG-HELIOS,Helios-3 Earth Observation Constellation,SATELLITE,NS20,2023,14,2023-12-01,2023-12,OVH,12647.91,690327297.27
PRG-HELIOS,Helios-3 Earth Observation Constellation,SATELLITE,NS20,2023,14,2023-12-01,2023-12,PER,6571.82,690327297.27
PRG-HELIOS,Helios-3 Earth Observation Constellation,SATELLITE,NS20,2023,14,2023-12-01,2023-12,SUB,81619.46,690327297.27
PRG-HELIOS,Helios-3 Earth Observation Constellation,SATELLITE,NS20,2024,1,2024-01-01,2024-01,DEP,67373.94,690327297.27
PRG-HELIOS,Helios-3 Earth Observation Constellation,SATELLITE,NS20,2024,1,2024-01-01,2024-01,MAT,548651.25,690327297.27
PRG-HELIOS,Helios-3 Earth Observation Constellation,SATELLITE,NS20,2024,1,2024-01-01,2024-01,OTH,2856.66,690327297.27
PRG-HELIOS,Helios-3 Earth Observation Constellation,SATELLITE,NS20,2024,1,2024-01-01,2024-01,OVH,96445.37,690327297.27
PRG-HELIOS,Helios-3 Earth Observation Constellation,SATELLITE,NS20,2024,1,2024-01-01,2024-01,PER,50219.59,690327297.27
PRG-HELIOS,Helios-3 Earth Observation Constellation,SATELLITE,NS20,2024,1,2024-01-01,2024-01,SUB,774915.07,690327297.27
PRG-HELIOS,Helios-3 Earth Observation Constellation,SATELLITE,NS20,2024,2,2024-02-01,2024-02,DEP,31187.11,690327297.27
PRG-HELIOS,Helios-3 Earth Observation Constellation,SATELLITE,NS20,2024,2,2024-02-01,2024-02,MAT,509776.11,690327297.27
PRG-HELIOS,Helios-3 Earth Observation Constellation,SATELLITE,NS20,2024,2,2024-02-01,2024-02,OTH,6103.84,690327297.27
PRG-HELIOS,Helios-3 Earth Observation Constellation,SATELLITE,NS20,2024,2,2024-02-01,2024-02,OVH,96924.51,690327297.27
PRG-HELIOS,Helios-3 Earth Observation Constellation,SATELLITE,NS20,2024,2,2024-02-01,2024-02,PER,80061.22,690327297.27
PRG-HELIOS,Helios-3 Earth Observation Constellation,SATELLITE,NS20,2024,2,2024-02-01,2024-02,SUB,894932.55,690327297.27
PRG-HELIOS,Helios-3 Earth Observation Constellation,SATELLITE,NS20,2024,3,2024-03-01,2024-03,DEP,38619.32,690327297.27
PRG-HELIOS,Helios-3 Earth Observation Constellation,SATELLITE,NS20,2024,3,2024-03-01,2024-03,MAT,555490.34,690327297.27
PRG-HELIOS,Helios-3 Earth Observation Constellation,SATELLITE,NS20,2024,3,2024-03-01,2024-03,OTH,4599.3,690327297.27
PRG-HELIOS,Helios-3 Earth Observation Constellation,SATELLITE,NS20,2024,3,2024-03-01,2024-03,OVH,88647.81,690327297.27
PRG-HELIOS,Helios-3 Earth Observation Constellation,SATELLITE,NS20,2024,3,2024-03-01,2024-03,PER,60255.25,690327297.27
PRG-HELIOS,Helios-3 Earth Observation Constellation,SATELLITE,NS20,2024,3,2024-03-01,2024-03,SUB,807285.79,690327297.27
PRG-HELIOS,Helios-3 Earth Observation Constellation,SATELLITE,NS20,2024,4,2024-04-01,2024-04,DEP,58810.58,690327297.27
PRG-HELIOS,Helios-3 Earth Observation Constellation,SATELLITE,NS20,2024,4,2024-04-01,2024-04,MAT,649714.17,690327297.27
PRG-HELIOS,Helios-3 Earth Observation Constellation,SATELLITE,NS20,2024,4,2024-04-01,2024-04,OTH,5183.58,690327297.27
PRG-HELIOS,Helios-3 Earth Observation Constellation,SATELLITE,NS20,2024,4,2024-04-01,2024-04,OVH,99874.45,690327297.27
PRG-HELIOS,Helios-3 Earth Observation Constellation,SATELLITE,NS20,2024,4,2024-04-01,2024-04,PER,77762.91,690327297.27
PRG-HELIOS,Helios-3 Earth Observation Constellation,SATELLITE,NS20,2024,4,2024-04-01,2024-04,SUB,1102998.1,690327297.27
PRG-HELIOS,Helios-3 Earth Observation Constellation,SATELLITE,NS20,2024,5,2024-05-01,2024-05,DEP,58300.2,690327297.27
PRG-HELIOS,Helios-3 Earth Observation Constellation,SATELLITE,NS20,2024,5,2024-05-01,2024-05,MAT,585852.55,690327297.27
PRG-HELIOS,Helios-3 Earth Observation Constellation,SATELLITE,NS20,2024,5,2024-05-01,2024-05,OTH,7335.85,690327297.27
PRG-HELIOS,Helios-3 Earth Observation Constellation,SATELLITE,NS20,2024,5,2024-05-01,2024-05,OVH,91833.77,690327297.27
PRG-HELIOS,Helios-3 Earth Observation Constellation,SATELLITE,NS20,2024,5,2024-05-01,2024-05,PER,55774.66,690327297.27
PRG-HELIOS,Helios-3 Earth Observation Constellation,SATELLITE,NS20,2024,5,2024-05-01,2024-05,SUB,904043.82,690327297.27
PRG-HELIOS,Helios-3 Earth Observation Constellation,SATELLITE,NS20,2024,6,2024-06-01,2024-06,DEP,65982.08,690327297.27
PRG-HELIOS,Helios-3 Earth Observation Constellation,SATELLITE,NS20,2024,6,2024-06-01,2024-06,MAT,705416.11,690327297.27
PRG-HELIOS,Helios-3 Earth Observation Constellation,SATELLITE,NS20,2024,6,2024-06-01,2024-06,OTH,7744.63,690327297.27
PRG-HELIOS,Helios-3 Earth Observation Constellation,SATELLITE,NS20,2024,6,2024-06-01,2024-06,OVH,99619.53,690327297.27
PRG-HELIOS,Helios-3 Earth Observation Constellation,SATELLITE,NS20,2024,6,2024-06-01,2024-06,PER,51397.87,690327297.27
PRG-HELIOS,Helios-3 Earth Observation Constellation,SATELLITE,NS20,2024,6,2024-06-01,2024-06,SUB,1044151.5,690327297.27
PRG-HELIOS,Helios-3 Earth Observation Constellation,SATELLITE,NS20,2024,7,2024-07-01,2024-07,DEP,44007.09,690327297.27
PRG-HELIOS,Helios-3 Earth Observation Constellation,SATELLITE,NS20,2024,7,2024-07-01,2024-07,MAT,541090.66,690327297.27
PRG-HELIOS,Helios-3 Earth Observation Constellation,SATELLITE,NS20,2024,7,2024-07-01,2024-07,OTH,10021.9,690327297.27
PRG-HELIOS,Helios-3 Earth Observation Constellation,SATELLITE,NS20,2024,7,2024-07-01,2024-07,OVH,73894.09,690327297.27
PRG-HELIOS,Helios-3 Earth Observation Constellation,SATELLITE,NS20,2024,7,2024-07-01,2024-07,PER,90425.7,690327297.27
PRG-HELIOS,Helios-3 Earth Observation Constellation,SATELLITE,NS20,2024,7,2024-07-01,2024-07,SUB,850234.86,690327297.27
PRG-HELIOS,Helios-3 Earth Observation Constellation,SATELLITE,NS20,2024,8,2024-08-01,2024-08,DEP,49452.32,690327297.27
PRG-HELIOS,Helios-3 Earth Observation Constellation,SATELLITE,NS20,2024,8,2024-08-01,2024-08,MAT,553159.78,690327297.27
PRG-HELIOS,Helios-3 Earth Observation Constellation,SATELLITE,NS20,2024,8,2024-08-01,2024-08,OTH,3489.23,690327297.27
PRG-HELIOS,Helios-3 Earth Observation Constellation,SATELLITE,NS20,2024,8,2024-08-01,2024-08,OVH,85272.54,690327297.27
PRG-HELIOS,Helios-3 Earth Observation Constellation,SATELLITE,NS20,2024,8,2024-08-01,2024-08,PER,80569.56,690327297.27
PRG-HELIOS,Helios-3 Earth Observation Constellation,SATELLITE,NS20,2024,8,2024-08-01,2024-08,SUB,840091.47,690327297.27
PRG-HELIOS,Helios-3 Earth Observation Constellation,SATELLITE,NS20,2024,9,2024-09-01,2024-09,DEP,82933.08,690327297.27
PRG-HELIOS,Helios-3 Earth Observation Constellation,SATELLITE,NS20,2024,9,2024-09-01,2024-09,MAT,618409.44,690327297.27
PRG-HELIOS,Helios-3 Earth Observation Constellation,SATELLITE,NS20,2024,9,2024-09-01,2024-09,OTH,5947.77,690327297.27
PRG-HELIOS,Helios-3 Earth Observation Constellation,SATELLITE,NS20,2024,9,2024-09-01,2024-09,OVH,77507.18,690327297.27
PRG-HELIOS,Helios-3 Earth Observation Constellation,SATELLITE,NS20,2024,9,2024-09-01,2024-09,PER,85715.86,690327297.27
PRG-HELIOS,Helios-3 Earth Observation Constellation,SATELLITE,NS20,2024,9,2024-09-01,2024-09,SUB,1036005.88,690327297.27
PRG-HELIOS,Helios-3 Earth Observation Constellation,SATELLITE,NS20,2024,10,2024-10-01,2024-10,DEP,45478.12,690327297.27
PRG-HELIOS,Helios-3 Earth Observation Constellation,SATELLITE,NS20,2024,10,2024-10-01,2024-10,MAT,741786.97,690327297.27
PRG-HELIOS,Helios-3 Earth Observation Constellation,SATELLITE,NS20,2024,10,2024-10-01,2024-10,OTH,8747.93,690327297.27
PRG-HELIOS,Helios-3 Earth Observation Constellation,SATELLITE,NS20,2024,10,2024-10-01,2024-10,OVH,88329.65,690327297.27
PRG-HELIOS,Helios-3 Earth Observation Constellation,SATELLITE,NS20,2024,10,2024-10-01,2024-10,PER,86253.56,690327297.27
PRG-HELIOS,Helios-3 Earth Observation Constellation,SATELLITE,NS20,2024,10,2024-10-01,2024-10,SUB,1148803.56,690327297.27
PRG-HELIOS,Helios-3 Earth Observation Constellation,SATELLITE,NS20,2024,11,2024-11-01,2024-11,DEP,70810.32,690327297.27
PRG-HELIOS,Helios-3 Earth Observation Constellation,SATELLITE,NS20,2024,11,2024-11-01,2024-11,MAT,564328.63,690327297.27
PRG-HELIOS,Helios-3 Earth Observation Constellation,SATELLITE,NS20,2024,11,2024-11-01,2024-11,OTH,5330.89,690327297.27
PRG-HELIOS,Helios-3 Earth Observation Constellation,SATELLITE,NS20,2024,11,2024-11-01,2024-11,OVH,100962.64,690327297.27
PRG-HELIOS,Helios-3 Earth Observation Constellation,SATELLITE,NS20,2024,11,2024-11-01,2024-11,PER,45578.65,690327297.27
PRG-HELIOS,Helios-3 Earth Observation Constellation,SATELLITE,NS20,2024,11,2024-11-01,2024-11,SUB,946194.87,690327297.27
PRG-HELIOS,Helios-3 Earth Observation Constellation,SATELLITE,NS20,2024,12,2024-12-01,2024-12,DEP,55460.43,690327297.27
PRG-HELIOS,Helios-3 Earth Observation Constellation,SATELLITE,NS20,2024,12,2024-12-01,2024-12,MAT,621005.57,690327297.27
PRG-HELIOS,Helios-3 Earth Observation Constellation,SATELLITE,NS20,2024,12,2024-12-01,2024-12,OTH,5519.79,690327297.27
PRG-HELIOS,Helios-3 Earth Observation Constellation,SATELLITE,NS20,2024,12,2024-12-01,2024-12,OVH,98113.06,690327297.27
PRG-HELIOS,Helios-3 Earth Observation Constellation,SATELLITE,NS20,2024,12,2024-12-01,2024-12,PER,69116.31,690327297.27
PRG-HELIOS,Helios-3 Earth Observation Constellation,SATELLITE,NS20,2024,12,2024-12-01,2024-12,SUB,910630.88,690327297.27
PRG-HELIOS,Helios-3 Earth Observation Constellation,SATELLITE,NS20,2024,13,2024-12-01,2024-12,MAT,7527.71,690327297.27
PRG-HELIOS,Helios-3 Earth Observation Constellation,SATELLITE,NS20,2024,13,2024-12-01,2024-12,OTH,5755.65,690327297.27
PRG-HELIOS,Helios-3 Earth Observation Constellation,SATELLITE,NS20,2024,13,2024-12-01,2024-12,OVH,6153.05,690327297.27
PRG-HELIOS,Helios-3 Earth Observation Constellation,SATELLITE,NS20,2024,13,2024-12-01,2024-12,PER,28854.02,690327297.27
PRG-HELIOS,Helios-3 Earth Observation Constellation,SATELLITE,NS20,2024,13,2024-12-01,2024-12,SUB,142821.39,690327297.27
PRG-HELIOS,Helios-3 Earth Observation Constellation,SATELLITE,NS20,2024,14,2024-12-01,2024-12,MAT,15209.1,690327297.27
PRG-HELIOS,Helios-3 Earth Observation Constellation,SATELLITE,NS20,2024,14,2024-12-01,2024-12,OTH,3758.78,690327297.27
PRG-HELIOS,Helios-3 Earth Observation Constellation,SATELLITE,NS20,2024,14,2024-12-01,2024-12,OVH,4809.82,690327297.27
PRG-HELIOS,Helios-3 Earth Observation Constellation,SATELLITE,NS20,2024,14,2024-12-01,2024-12,PER,16497.3,690327297.27
PRG-HELIOS,Helios-3 Earth Observation Constellation,SATELLITE,NS20,2024,14,2024-12-01,2024-12,SUB,97610.67,690327297.27
PRG-HELIOS,Helios-3 Earth Observation Constellation,SATELLITE,NS20,2025,1,2025-01-01,2025-01,DEP,63909.47,690327297.27
PRG-HELIOS,Helios-3 Earth Observation Constellation,SATELLITE,NS20,2025,1,2025-01-01,2025-01,MAT,549613.94,690327297.27
PRG-HELIOS,Helios-3 Earth Observation Constellation,SATELLITE,NS20,2025,1,2025-01-01,2025-01,OTH,5436.87,690327297.27
PRG-HELIOS,Helios-3 Earth Observation Constellation,SATELLITE,NS20,2025,1,2025-01-01,2025-01,OVH,76032.55,690327297.27
PRG-HELIOS,Helios-3 Earth Observation Constellation,SATELLITE,NS20,2025,1,2025-01-01,2025-01,PER,61094.06,690327297.27
PRG-HELIOS,Helios-3 Earth Observation Constellation,SATELLITE,NS20,2025,1,2025-01-01,2025-01,SUB,1101075.01,690327297.27
PRG-HELIOS,Helios-3 Earth Observation Constellation,SATELLITE,NS20,2025,2,2025-02-01,2025-02,DEP,67049.73,690327297.27
PRG-HELIOS,Helios-3 Earth Observation Constellation,SATELLITE,NS20,2025,2,2025-02-01,2025-02,MAT,494881.38,690327297.27
PRG-HELIOS,Helios-3 Earth Observation Constellation,SATELLITE,NS20,2025,2,2025-02-01,2025-02,OTH,1423.65,690327297.27
PRG-HELIOS,Helios-3 Earth Observation Constellation,SATELLITE,NS20,2025,2,2025-02-01,2025-02,OVH,78589.27,690327297.27
PRG-HELIOS,Helios-3 Earth Observation Constellation,SATELLITE,NS20,2025,2,2025-02-01,2025-02,PER,75889.07,690327297.27
PRG-HELIOS,Helios-3 Earth Observation Constellation,SATELLITE,NS20,2025,2,2025-02-01,2025-02,SUB,946291.79,690327297.27
PRG-HELIOS,Helios-3 Earth Observation Constellation,SATELLITE,NS20,2025,3,2025-03-01,2025-03,DEP,31312.5,690327297.27
PRG-HELIOS,Helios-3 Earth Observation Constellation,SATELLITE,NS20,2025,3,2025-03-01,2025-03,MAT,548095.2,690327297.27
PRG-HELIOS,Helios-3 Earth Observation Constellation,SATELLITE,NS20,2025,3,2025-03-01,2025-03,OTH,7517.59,690327297.27
PRG-HELIOS,Helios-3 Earth Observation Constellation,SATELLITE,NS20,2025,3,2025-03-01,2025-03,OVH,82005.29,690327297.27
PRG-HELIOS,Helios-3 Earth Observation Constellation,SATELLITE,NS20,2025,3,2025-03-01,2025-03,PER,63583.26,690327297.27
PRG-HELIOS,Helios-3 Earth Observation Constellation,SATELLITE,NS20,2025,3,2025-03-01,2025-03,SUB,947954.25,690327297.27
PRG-HELIOS,Helios-3 Earth Observation Constellation,SATELLITE,NS20,2025,4,2025-04-01,2025-04,DEP,82906.57,690327297.27
PRG-HELIOS,Helios-3 Earth Observation Constellation,SATELLITE,NS20,2025,4,2025-04-01,2025-04,MAT,655785.04,690327297.27
PRG-HELIOS,Helios-3 Earth Observation Constellation,SATELLITE,NS20,2025,4,2025-04-01,2025-04,OTH,9003.68,690327297.27
PRG-HELIOS,Helios-3 Earth Observation Constellation,SATELLITE,NS20,2025,4,2025-04-01,2025-04,OVH,119686.45,690327297.27
PRG-HELIOS,Helios-3 Earth Observation Constellation,SATELLITE,NS20,2025,4,2025-04-01,2025-04,PER,64064.7,690327297.27
PRG-HELIOS,Helios-3 Earth Observation Constellation,SATELLITE,NS20,2025,4,2025-04-01,2025-04,SUB,1148015.14,690327297.27
PRG-HELIOS,Helios-3 Earth Observation Constellation,SATELLITE,NS20,2025,5,2025-05-01,2025-05,DEP,42947.58,690327297.27
PRG-HELIOS,Helios-3 Earth Observation Constellation,SATELLITE,NS20,2025,5,2025-05-01,2025-05,MAT,563532.11,690327297.27
PRG-HELIOS,Helios-3 Earth Observation Constellation,SATELLITE,NS20,2025,5,2025-05-01,2025-05,OTH,8126.87,690327297.27
PRG-HELIOS,Helios-3 Earth Observation Constellation,SATELLITE,NS20,2025,5,2025-05-01,2025-05,OVH,79195.28,690327297.27
PRG-HELIOS,Helios-3 Earth Observation Constellation,SATELLITE,NS20,2025,5,2025-05-01,2025-05,PER,87435.58,690327297.27
PRG-HELIOS,Helios-3 Earth Observation Constellation,SATELLITE,NS20,2025,5,2025-05-01,2025-05,SUB,748316.32,690327297.27
PRG-HELIOS,Helios-3 Earth Observation Constellation,SATELLITE,NS20,2025,6,2025-06-01,2025-06,DEP,70945.06,690327297.27
PRG-HELIOS,Helios-3 Earth Observation Constellation,SATELLITE,NS20,2025,6,2025-06-01,2025-06,MAT,567415.21,690327297.27
PRG-HELIOS,Helios-3 Earth Observation Constellation,SATELLITE,NS20,2025,6,2025-06-01,2025-06,OTH,8145.02,690327297.27
PRG-HELIOS,Helios-3 Earth Observation Constellation,SATELLITE,NS20,2025,6,2025-06-01,2025-06,OVH,97856.71,690327297.27
PRG-HELIOS,Helios-3 Earth Observation Constellation,SATELLITE,NS20,2025,6,2025-06-01,2025-06,PER,88740.46,690327297.27
PRG-HELIOS,Helios-3 Earth Observation Constellation,SATELLITE,NS20,2025,6,2025-06-01,2025-06,SUB,914039.79,690327297.27
PRG-HELIOS,Helios-3 Earth Observation Constellation,SATELLITE,NS20,2025,7,2025-07-01,2025-07,DEP,69457.39,690327297.27
PRG-HELIOS,Helios-3 Earth Observation Constellation,SATELLITE,NS20,2025,7,2025-07-01,2025-07,MAT,686951.04,690327297.27
PRG-HELIOS,Helios-3 Earth Observation Constellation,SATELLITE,NS20,2025,7,2025-07-01,2025-07,OTH,7640.67,690327297.27
PRG-HELIOS,Helios-3 Earth Observation Constellation,SATELLITE,NS20,2025,7,2025-07-01,2025-07,OVH,94004.86,690327297.27
PRG-HELIOS,Helios-3 Earth Observation Constellation,SATELLITE,NS20,2025,7,2025-07-01,2025-07,PER,95021.47,690327297.27
PRG-HELIOS,Helios-3 Earth Observation Constellation,SATELLITE,NS20,2025,7,2025-07-01,2025-07,SUB,1090181.1,690327297.27
PRG-HELIOS,Helios-3 Earth Observation Constellation,SATELLITE,NS20,2025,8,2025-08-01,2025-08,DEP,59877.32,690327297.27
PRG-HELIOS,Helios-3 Earth Observation Constellation,SATELLITE,NS20,2025,8,2025-08-01,2025-08,MAT,641050.7,690327297.27
PRG-HELIOS,Helios-3 Earth Observation Constellation,SATELLITE,NS20,2025,8,2025-08-01,2025-08,OTH,1678.9,690327297.27
PRG-HELIOS,Helios-3 Earth Observation Constellation,SATELLITE,NS20,2025,8,2025-08-01,2025-08,OVH,93362.23,690327297.27
PRG-HELIOS,Helios-3 Earth Observation Constellation,SATELLITE,NS20,2025,8,2025-08-01,2025-08,PER,72128.31,690327297.27
PRG-HELIOS,Helios-3 Earth Observation Constellation,SATELLITE,NS20,2025,8,2025-08-01,2025-08,SUB,1142363.85,690327297.27
PRG-HELIOS,Helios-3 Earth Observation Constellation,SATELLITE,NS20,2025,9,2025-09-01,2025-09,DEP,62816.14,690327297.27
PRG-HELIOS,Helios-3 Earth Observation Constellation,SATELLITE,NS20,2025,9,2025-09-01,2025-09,MAT,675449.7,690327297.27
PRG-HELIOS,Helios-3 Earth Observation Constellation,SATELLITE,NS20,2025,9,2025-09-01,2025-09,OTH,8214.98,690327297.27
PRG-HELIOS,Helios-3 Earth Observation Constellation,SATELLITE,NS20,2025,9,2025-09-01,2025-09,OVH,113431.06,690327297.27
PRG-HELIOS,Helios-3 Earth Observation Constellation,SATELLITE,NS20,2025,9,2025-09-01,2025-09,PER,99478.71,690327297.27
PRG-HELIOS,Helios-3 Earth Observation Constellation,SATELLITE,NS20,2025,9,2025-09-01,2025-09,SUB,1130621.66,690327297.27
PRG-HELIOS,Helios-3 Earth Observation Constellation,SATELLITE,NS20,2025,10,2025-10-01,2025-10,DEP,66899.03,690327297.27
PRG-HELIOS,Helios-3 Earth Observation Constellation,SATELLITE,NS20,2025,10,2025-10-01,2025-10,MAT,630210.72,690327297.27
PRG-HELIOS,Helios-3 Earth Observation Constellation,SATELLITE,NS20,2025,10,2025-10-01,2025-10,OTH,7110.71,690327297.27
PRG-HELIOS,Helios-3 Earth Observation Constellation,SATELLITE,NS20,2025,10,2025-10-01,2025-10,OVH,96778.56,690327297.27
PRG-HELIOS,Helios-3 Earth Observation Constellation,SATELLITE,NS20,2025,10,2025-10-01,2025-10,PER,71275.41,690327297.27
PRG-HELIOS,Helios-3 Earth Observation Constellation,SATELLITE,NS20,2025,10,2025-10-01,2025-10,SUB,1151498.81,690327297.27
PRG-HELIOS,Helios-3 Earth Observation Constellation,SATELLITE,NS20,2025,11,2025-11-01,2025-11,DEP,68864.96,690327297.27
PRG-HELIOS,Helios-3 Earth Observation Constellation,SATELLITE,NS20,2025,11,2025-11-01,2025-11,MAT,577771.28,690327297.27
PRG-HELIOS,Helios-3 Earth Observation Constellation,SATELLITE,NS20,2025,11,2025-11-01,2025-11,OTH,10091.8,690327297.27
PRG-HELIOS,Helios-3 Earth Observation Constellation,SATELLITE,NS20,2025,11,2025-11-01,2025-11,OVH,99289.53,690327297.27
PRG-HELIOS,Helios-3 Earth Observation Constellation,SATELLITE,NS20,2025,11,2025-11-01,2025-11,PER,52091.97,690327297.27
PRG-HELIOS,Helios-3 Earth Observation Constellation,SATELLITE,NS20,2025,11,2025-11-01,2025-11,SUB,1041080.76,690327297.27
PRG-HELIOS,Helios-3 Earth Observation Constellation,SATELLITE,NS20,2025,12,2025-12-01,2025-12,DEP,85343.71,690327297.27
PRG-HELIOS,Helios-3 Earth Observation Constellation,SATELLITE,NS20,2025,12,2025-12-01,2025-12,MAT,635629.72,690327297.27
PRG-HELIOS,Helios-3 Earth Observation Constellation,SATELLITE,NS20,2025,12,2025-12-01,2025-12,OTH,10770.87,690327297.27
PRG-HELIOS,Helios-3 Earth Observation Constellation,SATELLITE,NS20,2025,12,2025-12-01,2025-12,OVH,87463.43,690327297.27
PRG-HELIOS,Helios-3 Earth Observation Constellation,SATELLITE,NS20,2025,12,2025-12-01,2025-12,PER,79599.87,690327297.27
PRG-HELIOS,Helios-3 Earth Observation Constellation,SATELLITE,NS20,2025,12,2025-12-01,2025-12,SUB,865552.95,690327297.27
PRG-HELIOS,Helios-3 Earth Observation Constellation,SATELLITE,NS20,2025,13,2025-12-01,2025-12,MAT,14350.95,690327297.27
PRG-HELIOS,Helios-3 Earth Observation Constellation,SATELLITE,NS20,2025,13,2025-12-01,2025-12,OTH,7708.87,690327297.27
PRG-HELIOS,Helios-3 Earth Observation Constellation,SATELLITE,NS20,2025,13,2025-12-01,2025-12,OVH,13499.46,690327297.27
PRG-HELIOS,Helios-3 Earth Observation Constellation,SATELLITE,NS20,2025,13,2025-12-01,2025-12,PER,12623.3,690327297.27
PRG-HELIOS,Helios-3 Earth Observation Constellation,SATELLITE,NS20,2025,13,2025-12-01,2025-12,SUB,18286.35,690327297.27
PRG-HELIOS,Helios-3 Earth Observation Constellation,SATELLITE,NS20,2025,14,2025-12-01,2025-12,MAT,12877.5,690327297.27
PRG-HELIOS,Helios-3 Earth Observation Constellation,SATELLITE,NS20,2025,14,2025-12-01,2025-12,OTH,7364.44,690327297.27
PRG-HELIOS,Helios-3 Earth Observation Constellation,SATELLITE,NS20,2025,14,2025-12-01,2025-12,OVH,12576.26,690327297.27
PRG-HELIOS,Helios-3 Earth Observation Constellation,SATELLITE,NS20,2025,14,2025-12-01,2025-12,PER,18680.43,690327297.27
PRG-HELIOS,Helios-3 Earth Observation Constellation,SATELLITE,NS20,2025,14,2025-12-01,2025-12,SUB,38816.0,690327297.27
PRG-HELIOS,Helios-3 Earth Observation Constellation,SATELLITE,NS20,2026,1,2026-01-01,2026-01,DEP,83816.86,690327297.27
PRG-HELIOS,Helios-3 Earth Observation Constellation,SATELLITE,NS20,2026,1,2026-01-01,2026-01,MAT,611165.66,690327297.27
PRG-HELIOS,Helios-3 Earth Observation Constellation,SATELLITE,NS20,2026,1,2026-01-01,2026-01,OTH,8608.16,690327297.27
PRG-HELIOS,Helios-3 Earth Observation Constellation,SATELLITE,NS20,2026,1,2026-01-01,2026-01,OVH,95559.7,690327297.27
PRG-HELIOS,Helios-3 Earth Observation Constellation,SATELLITE,NS20,2026,1,2026-01-01,2026-01,PER,63528.23,690327297.27
PRG-HELIOS,Helios-3 Earth Observation Constellation,SATELLITE,NS20,2026,1,2026-01-01,2026-01,SUB,1200526.58,690327297.27
PRG-HELIOS,Helios-3 Earth Observation Constellation,SATELLITE,NS20,2026,2,2026-02-01,2026-02,DEP,51058.16,690327297.27
PRG-HELIOS,Helios-3 Earth Observation Constellation,SATELLITE,NS20,2026,2,2026-02-01,2026-02,MAT,655179.02,690327297.27
PRG-HELIOS,Helios-3 Earth Observation Constellation,SATELLITE,NS20,2026,2,2026-02-01,2026-02,OTH,11470.97,690327297.27
PRG-HELIOS,Helios-3 Earth Observation Constellation,SATELLITE,NS20,2026,2,2026-02-01,2026-02,OVH,82095.72,690327297.27
PRG-HELIOS,Helios-3 Earth Observation Constellation,SATELLITE,NS20,2026,2,2026-02-01,2026-02,PER,81786.04,690327297.27
PRG-HELIOS,Helios-3 Earth Observation Constellation,SATELLITE,NS20,2026,2,2026-02-01,2026-02,SUB,1144361.09,690327297.27
PRG-HELIOS,Helios-3 Earth Observation Constellation,SATELLITE,NS20,2026,3,2026-03-01,2026-03,DEP,46851.33,690327297.27
PRG-HELIOS,Helios-3 Earth Observation Constellation,SATELLITE,NS20,2026,3,2026-03-01,2026-03,MAT,574935.64,690327297.27
PRG-HELIOS,Helios-3 Earth Observation Constellation,SATELLITE,NS20,2026,3,2026-03-01,2026-03,OTH,2106.79,690327297.27
PRG-HELIOS,Helios-3 Earth Observation Constellation,SATELLITE,NS20,2026,3,2026-03-01,2026-03,OVH,91713.9,690327297.27
PRG-HELIOS,Helios-3 Earth Observation Constellation,SATELLITE,NS20,2026,3,2026-03-01,2026-03,PER,91732.05,690327297.27
PRG-HELIOS,Helios-3 Earth Observation Constellation,SATELLITE,NS20,2026,3,2026-03-01,2026-03,SUB,812062.72,690327297.27
PRG-HELIOS,Helios-3 Earth Observation Constellation,SATELLITE,NS20,2026,4,2026-04-01,2026-04,DEP,46005.86,690327297.27
PRG-HELIOS,Helios-3 Earth Observation Constellation,SATELLITE,NS20,2026,4,2026-04-01,2026-04,MAT,651688.51,690327297.27
PRG-HELIOS,Helios-3 Earth Observation Constellation,SATELLITE,NS20,2026,4,2026-04-01,2026-04,OTH,10508.07,690327297.27
PRG-HELIOS,Helios-3 Earth Observation Constellation,SATELLITE,NS20,2026,4,2026-04-01,2026-04,OVH,88368.45,690327297.27
PRG-HELIOS,Helios-3 Earth Observation Constellation,SATELLITE,NS20,2026,4,2026-04-01,2026-04,PER,63273.39,690327297.27
PRG-HELIOS,Helios-3 Earth Observation Constellation,SATELLITE,NS20,2026,4,2026-04-01,2026-04,SUB,1168546.53,690327297.27
PRG-HELIOS,Helios-3 Earth Observation Constellation,SATELLITE,NS20,2026,5,2026-05-01,2026-05,DEP,60785.61,690327297.27
PRG-HELIOS,Helios-3 Earth Observation Constellation,SATELLITE,NS20,2026,5,2026-05-01,2026-05,MAT,547698.91,690327297.27
PRG-HELIOS,Helios-3 Earth Observation Constellation,SATELLITE,NS20,2026,5,2026-05-01,2026-05,OTH,10557.8,690327297.27
PRG-HELIOS,Helios-3 Earth Observation Constellation,SATELLITE,NS20,2026,5,2026-05-01,2026-05,OVH,75047.02,690327297.27
PRG-HELIOS,Helios-3 Earth Observation Constellation,SATELLITE,NS20,2026,5,2026-05-01,2026-05,PER,55799.0,690327297.27
PRG-HELIOS,Helios-3 Earth Observation Constellation,SATELLITE,NS20,2026,5,2026-05-01,2026-05,SUB,1112930.81,690327297.27
PRG-HELIOS,Helios-3 Earth Observation Constellation,SATELLITE,NS20,2026,6,2026-06-01,2026-06,DEP,64266.88,690327297.27
PRG-HELIOS,Helios-3 Earth Observation Constellation,SATELLITE,NS20,2026,6,2026-06-01,2026-06,MAT,561529.44,690327297.27
PRG-HELIOS,Helios-3 Earth Observation Constellation,SATELLITE,NS20,2026,6,2026-06-01,2026-06,OTH,7404.21,690327297.27
PRG-HELIOS,Helios-3 Earth Observation Constellation,SATELLITE,NS20,2026,6,2026-06-01,2026-06,OVH,96382.13,690327297.27
PRG-HELIOS,Helios-3 Earth Observation Constellation,SATELLITE,NS20,2026,6,2026-06-01,2026-06,PER,80153.54,690327297.27
PRG-HELIOS,Helios-3 Earth Observation Constellation,SATELLITE,NS20,2026,6,2026-06-01,2026-06,SUB,944211.08,690327297.27
PRG-HELIOS,Helios-3 Earth Observation Constellation,SATELLITE,NS30,2023,1,2023-01-01,2023-01,DEP,63533.55,690327297.27
PRG-HELIOS,Helios-3 Earth Observation Constellation,SATELLITE,NS30,2023,1,2023-01-01,2023-01,MAT,660230.66,690327297.27
PRG-HELIOS,Helios-3 Earth Observation Constellation,SATELLITE,NS30,2023,1,2023-01-01,2023-01,OTH,15698.37,690327297.27
PRG-HELIOS,Helios-3 Earth Observation Constellation,SATELLITE,NS30,2023,1,2023-01-01,2023-01,OVH,151454.3,690327297.27
PRG-HELIOS,Helios-3 Earth Observation Constellation,SATELLITE,NS30,2023,1,2023-01-01,2023-01,PER,131008.85,690327297.27
PRG-HELIOS,Helios-3 Earth Observation Constellation,SATELLITE,NS30,2023,1,2023-01-01,2023-01,SUB,1342553.35,690327297.27
PRG-HELIOS,Helios-3 Earth Observation Constellation,SATELLITE,NS30,2023,2,2023-02-01,2023-02,DEP,47221.81,690327297.27
PRG-HELIOS,Helios-3 Earth Observation Constellation,SATELLITE,NS30,2023,2,2023-02-01,2023-02,MAT,613554.59,690327297.27
PRG-HELIOS,Helios-3 Earth Observation Constellation,SATELLITE,NS30,2023,2,2023-02-01,2023-02,OTH,12641.61,690327297.27
PRG-HELIOS,Helios-3 Earth Observation Constellation,SATELLITE,NS30,2023,2,2023-02-01,2023-02,OVH,134638.43,690327297.27
PRG-HELIOS,Helios-3 Earth Observation Constellation,SATELLITE,NS30,2023,2,2023-02-01,2023-02,PER,56045.38,690327297.27
PRG-HELIOS,Helios-3 Earth Observation Constellation,SATELLITE,NS30,2023,2,2023-02-01,2023-02,SUB,1175488.09,690327297.27
PRG-HELIOS,Helios-3 Earth Observation Constellation,SATELLITE,NS30,2023,3,2023-03-01,2023-03,DEP,52404.25,690327297.27
PRG-HELIOS,Helios-3 Earth Observation Constellation,SATELLITE,NS30,2023,3,2023-03-01,2023-03,MAT,584230.72,690327297.27
PRG-HELIOS,Helios-3 Earth Observation Constellation,SATELLITE,NS30,2023,3,2023-03-01,2023-03,OTH,14077.46,690327297.27
PRG-HELIOS,Helios-3 Earth Observation Constellation,SATELLITE,NS30,2023,3,2023-03-01,2023-03,OVH,148389.32,690327297.27
PRG-HELIOS,Helios-3 Earth Observation Constellation,SATELLITE,NS30,2023,3,2023-03-01,2023-03,PER,120972.86,690327297.27
PRG-HELIOS,Helios-3 Earth Observation Constellation,SATELLITE,NS30,2023,3,2023-03-01,2023-03,SUB,860999.9,690327297.27
PRG-HELIOS,Helios-3 Earth Observation Constellation,SATELLITE,NS30,2023,4,2023-04-01,2023-04,DEP,70306.63,690327297.27
PRG-HELIOS,Helios-3 Earth Observation Constellation,SATELLITE,NS30,2023,4,2023-04-01,2023-04,MAT,683487.03,690327297.27
PRG-HELIOS,Helios-3 Earth Observation Constellation,SATELLITE,NS30,2023,4,2023-04-01,2023-04,OTH,9584.36,690327297.27
PRG-HELIOS,Helios-3 Earth Observation Constellation,SATELLITE,NS30,2023,4,2023-04-01,2023-04,OVH,158853.7,690327297.27
PRG-HELIOS,Helios-3 Earth Observation Constellation,SATELLITE,NS30,2023,4,2023-04-01,2023-04,PER,108156.31,690327297.27
PRG-HELIOS,Helios-3 Earth Observation Constellation,SATELLITE,NS30,2023,4,2023-04-01,2023-04,SUB,1098422.13,690327297.27
PRG-HELIOS,Helios-3 Earth Observation Constellation,SATELLITE,NS30,2023,5,2023-05-01,2023-05,DEP,72937.97,690327297.27
PRG-HELIOS,Helios-3 Earth Observation Constellation,SATELLITE,NS30,2023,5,2023-05-01,2023-05,MAT,685540.68,690327297.27
PRG-HELIOS,Helios-3 Earth Observation Constellation,SATELLITE,NS30,2023,5,2023-05-01,2023-05,OTH,16517.59,690327297.27
PRG-HELIOS,Helios-3 Earth Observation Constellation,SATELLITE,NS30,2023,5,2023-05-01,2023-05,OVH,148648.08,690327297.27
PRG-HELIOS,Helios-3 Earth Observation Constellation,SATELLITE,NS30,2023,5,2023-05-01,2023-05,PER,115224.77,690327297.27
PRG-HELIOS,Helios-3 Earth Observation Constellation,SATELLITE,NS30,2023,5,2023-05-01,2023-05,SUB,1371568.41,690327297.27
PRG-HELIOS,Helios-3 Earth Observation Constellation,SATELLITE,NS30,2023,6,2023-06-01,2023-06,DEP,58448.07,690327297.27
PRG-HELIOS,Helios-3 Earth Observation Constellation,SATELLITE,NS30,2023,6,2023-06-01,2023-06,MAT,617564.58,690327297.27
PRG-HELIOS,Helios-3 Earth Observation Constellation,SATELLITE,NS30,2023,6,2023-06-01,2023-06,OTH,12258.84,690327297.27
PRG-HELIOS,Helios-3 Earth Observation Constellation,SATELLITE,NS30,2023,6,2023-06-01,2023-06,OVH,135045.56,690327297.27
PRG-HELIOS,Helios-3 Earth Observation Constellation,SATELLITE,NS30,2023,6,2023-06-01,2023-06,PER,49221.92,690327297.27
PRG-HELIOS,Helios-3 Earth Observation Constellation,SATELLITE,NS30,2023,6,2023-06-01,2023-06,SUB,1046882.85,690327297.27
PRG-HELIOS,Helios-3 Earth Observation Constellation,SATELLITE,NS30,2023,7,2023-07-01,2023-07,DEP,53504.83,690327297.27
PRG-HELIOS,Helios-3 Earth Observation Constellation,SATELLITE,NS30,2023,7,2023-07-01,2023-07,MAT,484143.54,690327297.27
PRG-HELIOS,Helios-3 Earth Observation Constellation,SATELLITE,NS30,2023,7,2023-07-01,2023-07,OTH,13212.3,690327297.27
PRG-HELIOS,Helios-3 Earth Observation Constellation,SATELLITE,NS30,2023,7,2023-07-01,2023-07,OVH,124380.29,690327297.27
PRG-HELIOS,Helios-3 Earth Observation Constellation,SATELLITE,NS30,2023,7,2023-07-01,2023-07,PER,96253.93,690327297.27
PRG-HELIOS,Helios-3 Earth Observation Constellation,SATELLITE,NS30,2023,7,2023-07-01,2023-07,SUB,1086600.93,690327297.27
PRG-HELIOS,Helios-3 Earth Observation Constellation,SATELLITE,NS30,2023,8,2023-08-01,2023-08,DEP,59146.91,690327297.27
PRG-HELIOS,Helios-3 Earth Observation Constellation,SATELLITE,NS30,2023,8,2023-08-01,2023-08,MAT,715669.95,690327297.27
PRG-HELIOS,Helios-3 Earth Observation Constellation,SATELLITE,NS30,2023,8,2023-08-01,2023-08,OTH,5252.39,690327297.27
PRG-HELIOS,Helios-3 Earth Observation Constellation,SATELLITE,NS30,2023,8,2023-08-01,2023-08,OVH,161772.55,690327297.27
PRG-HELIOS,Helios-3 Earth Observation Constellation,SATELLITE,NS30,2023,8,2023-08-01,2023-08,PER,79642.4,690327297.27
PRG-HELIOS,Helios-3 Earth Observation Constellation,SATELLITE,NS30,2023,8,2023-08-01,2023-08,SUB,1003154.04,690327297.27
PRG-HELIOS,Helios-3 Earth Observation Constellation,SATELLITE,NS30,2023,9,2023-09-01,2023-09,DEP,59246.77,690327297.27
PRG-HELIOS,Helios-3 Earth Observation Constellation,SATELLITE,NS30,2023,9,2023-09-01,2023-09,MAT,747412.14,690327297.27
PRG-HELIOS,Helios-3 Earth Observation Constellation,SATELLITE,NS30,2023,9,2023-09-01,2023-09,OTH,7311.47,690327297.27
PRG-HELIOS,Helios-3 Earth Observation Constellation,SATELLITE,NS30,2023,9,2023-09-01,2023-09,OVH,176191.31,690327297.27
PRG-HELIOS,Helios-3 Earth Observation Constellation,SATELLITE,NS30,2023,9,2023-09-01,2023-09,PER,119017.26,690327297.27
PRG-HELIOS,Helios-3 Earth Observation Constellation,SATELLITE,NS30,2023,9,2023-09-01,2023-09,SUB,1167633.0,690327297.27
PRG-HELIOS,Helios-3 Earth Observation Constellation,SATELLITE,NS30,2023,10,2023-10-01,2023-10,DEP,55890.42,690327297.27
PRG-HELIOS,Helios-3 Earth Observation Constellation,SATELLITE,NS30,2023,10,2023-10-01,2023-10,MAT,640670.29,690327297.27
PRG-HELIOS,Helios-3 Earth Observation Constellation,SATELLITE,NS30,2023,10,2023-10-01,2023-10,OTH,10629.67,690327297.27
PRG-HELIOS,Helios-3 Earth Observation Constellation,SATELLITE,NS30,2023,10,2023-10-01,2023-10,OVH,138626.51,690327297.27
PRG-HELIOS,Helios-3 Earth Observation Constellation,SATELLITE,NS30,2023,10,2023-10-01,2023-10,PER,82686.36,690327297.27
PRG-HELIOS,Helios-3 Earth Observation Constellation,SATELLITE,NS30,2023,10,2023-10-01,2023-10,SUB,1243692.01,690327297.27
PRG-HELIOS,Helios-3 Earth Observation Constellation,SATELLITE,NS30,2023,11,2023-11-01,2023-11,DEP,76758.33,690327297.27
PRG-HELIOS,Helios-3 Earth Observation Constellation,SATELLITE,NS30,2023,11,2023-11-01,2023-11,MAT,580399.2,690327297.27
PRG-HELIOS,Helios-3 Earth Observation Constellation,SATELLITE,NS30,2023,11,2023-11-01,2023-11,OTH,18882.95,690327297.27
PRG-HELIOS,Helios-3 Earth Observation Constellation,SATELLITE,NS30,2023,11,2023-11-01,2023-11,OVH,114041.13,690327297.27
PRG-HELIOS,Helios-3 Earth Observation Constellation,SATELLITE,NS30,2023,11,2023-11-01,2023-11,PER,103229.46,690327297.27
PRG-HELIOS,Helios-3 Earth Observation Constellation,SATELLITE,NS30,2023,11,2023-11-01,2023-11,SUB,1245318.99,690327297.27
PRG-HELIOS,Helios-3 Earth Observation Constellation,SATELLITE,NS30,2023,12,2023-12-01,2023-12,DEP,82654.75,690327297.27
PRG-HELIOS,Helios-3 Earth Observation Constellation,SATELLITE,NS30,2023,12,2023-12-01,2023-12,MAT,746777.11,690327297.27
PRG-HELIOS,Helios-3 Earth Observation Constellation,SATELLITE,NS30,2023,12,2023-12-01,2023-12,OTH,19175.63,690327297.27
PRG-HELIOS,Helios-3 Earth Observation Constellation,SATELLITE,NS30,2023,12,2023-12-01,2023-12,OVH,177777.76,690327297.27
PRG-HELIOS,Helios-3 Earth Observation Constellation,SATELLITE,NS30,2023,12,2023-12-01,2023-12,PER,103451.3,690327297.27
PRG-HELIOS,Helios-3 Earth Observation Constellation,SATELLITE,NS30,2023,12,2023-12-01,2023-12,SUB,1265226.41,690327297.27
PRG-HELIOS,Helios-3 Earth Observation Constellation,SATELLITE,NS30,2023,13,2023-12-01,2023-12,MAT,14895.84,690327297.27
PRG-HELIOS,Helios-3 Earth Observation Constellation,SATELLITE,NS30,2023,13,2023-12-01,2023-12,OTH,10999.92,690327297.27
PRG-HELIOS,Helios-3 Earth Observation Constellation,SATELLITE,NS30,2023,13,2023-12-01,2023-12,OVH,10759.84,690327297.27
PRG-HELIOS,Helios-3 Earth Observation Constellation,SATELLITE,NS30,2023,13,2023-12-01,2023-12,PER,10826.97,690327297.27
PRG-HELIOS,Helios-3 Earth Observation Constellation,SATELLITE,NS30,2023,13,2023-12-01,2023-12,SUB,77285.8,690327297.27
PRG-HELIOS,Helios-3 Earth Observation Constellation,SATELLITE,NS30,2023,14,2023-12-01,2023-12,MAT,25150.92,690327297.27
PRG-HELIOS,Helios-3 Earth Observation Constellation,SATELLITE,NS30,2023,14,2023-12-01,2023-12,OTH,4812.24,690327297.27
PRG-HELIOS,Helios-3 Earth Observation Constellation,SATELLITE,NS30,2023,14,2023-12-01,2023-12,OVH,13472.26,690327297.27
PRG-HELIOS,Helios-3 Earth Observation Constellation,SATELLITE,NS30,2023,14,2023-12-01,2023-12,PER,24967.69,690327297.27
PRG-HELIOS,Helios-3 Earth Observation Constellation,SATELLITE,NS30,2023,14,2023-12-01,2023-12,SUB,116859.97,690327297.27
PRG-HELIOS,Helios-3 Earth Observation Constellation,SATELLITE,NS30,2024,1,2024-01-01,2024-01,DEP,65017.07,690327297.27
PRG-HELIOS,Helios-3 Earth Observation Constellation,SATELLITE,NS30,2024,1,2024-01-01,2024-01,MAT,663749.06,690327297.27
PRG-HELIOS,Helios-3 Earth Observation Constellation,SATELLITE,NS30,2024,1,2024-01-01,2024-01,OTH,5156.08,690327297.27
PRG-HELIOS,Helios-3 Earth Observation Constellation,SATELLITE,NS30,2024,1,2024-01-01,2024-01,OVH,153317.97,690327297.27
PRG-HELIOS,Helios-3 Earth Observation Constellation,SATELLITE,NS30,2024,1,2024-01-01,2024-01,PER,101321.72,690327297.27
PRG-HELIOS,Helios-3 Earth Observation Constellation,SATELLITE,NS30,2024,1,2024-01-01,2024-01,SUB,1120397.05,690327297.27
PRG-HELIOS,Helios-3 Earth Observation Constellation,SATELLITE,NS30,2024,2,2024-02-01,2024-02,DEP,68242.07,690327297.27
PRG-HELIOS,Helios-3 Earth Observation Constellation,SATELLITE,NS30,2024,2,2024-02-01,2024-02,MAT,593877.52,690327297.27
PRG-HELIOS,Helios-3 Earth Observation Constellation,SATELLITE,NS30,2024,2,2024-02-01,2024-02,OTH,19966.28,690327297.27
PRG-HELIOS,Helios-3 Earth Observation Constellation,SATELLITE,NS30,2024,2,2024-02-01,2024-02,OVH,161532.51,690327297.27
PRG-HELIOS,Helios-3 Earth Observation Constellation,SATELLITE,NS30,2024,2,2024-02-01,2024-02,PER,129630.14,690327297.27
PRG-HELIOS,Helios-3 Earth Observation Constellation,SATELLITE,NS30,2024,2,2024-02-01,2024-02,SUB,1014874.17,690327297.27
PRG-HELIOS,Helios-3 Earth Observation Constellation,SATELLITE,NS30,2024,3,2024-03-01,2024-03,DEP,71057.97,690327297.27
PRG-HELIOS,Helios-3 Earth Observation Constellation,SATELLITE,NS30,2024,3,2024-03-01,2024-03,MAT,666973.29,690327297.27
PRG-HELIOS,Helios-3 Earth Observation Constellation,SATELLITE,NS30,2024,3,2024-03-01,2024-03,OTH,9396.56,690327297.27
PRG-HELIOS,Helios-3 Earth Observation Constellation,SATELLITE,NS30,2024,3,2024-03-01,2024-03,OVH,136339.8,690327297.27
PRG-HELIOS,Helios-3 Earth Observation Constellation,SATELLITE,NS30,2024,3,2024-03-01,2024-03,PER,66784.29,690327297.27
PRG-HELIOS,Helios-3 Earth Observation Constellation,SATELLITE,NS30,2024,3,2024-03-01,2024-03,SUB,824815.78,690327297.27
PRG-HELIOS,Helios-3 Earth Observation Constellation,SATELLITE,NS30,2024,4,2024-04-01,2024-04,DEP,81011.31,690327297.27
PRG-HELIOS,Helios-3 Earth Observation Constellation,SATELLITE,NS30,2024,4,2024-04-01,2024-04,MAT,617975.72,690327297.27
PRG-HELIOS,Helios-3 Earth Observation Constellation,SATELLITE,NS30,2024,4,2024-04-01,2024-04,OTH,18323.97,690327297.27
PRG-HELIOS,Helios-3 Earth Observation Constellation,SATELLITE,NS30,2024,4,2024-04-01,2024-04,OVH,186160.66,690327297.27
PRG-HELIOS,Helios-3 Earth Observation Constellation,SATELLITE,NS30,2024,4,2024-04-01,2024-04,PER,105839.52,690327297.27
PRG-HELIOS,Helios-3 Earth Observation Constellation,SATELLITE,NS30,2024,4,2024-04-01,2024-04,SUB,1480585.36,690327297.27
PRG-HELIOS,Helios-3 Earth Observation Constellation,SATELLITE,NS30,2024,5,2024-05-01,2024-05,DEP,31252.23,690327297.27
PRG-HELIOS,Helios-3 Earth Observation Constellation,SATELLITE,NS30,2024,5,2024-05-01,2024-05,MAT,629953.94,690327297.27
PRG-HELIOS,Helios-3 Earth Observation Constellation,SATELLITE,NS30,2024,5,2024-05-01,2024-05,OTH,10465.84,690327297.27
PRG-HELIOS,Helios-3 Earth Observation Constellation,SATELLITE,NS30,2024,5,2024-05-01,2024-05,OVH,126460.6,690327297.27
PRG-HELIOS,Helios-3 Earth Observation Constellation,SATELLITE,NS30,2024,5,2024-05-01,2024-05,PER,123876.29,690327297.27
PRG-HELIOS,Helios-3 Earth Observation Constellation,SATELLITE,NS30,2024,5,2024-05-01,2024-05,SUB,1190198.56,690327297.27
PRG-HELIOS,Helios-3 Earth Observation Constellation,SATELLITE,NS30,2024,6,2024-06-01,2024-06,DEP,55260.72,690327297.27
PRG-HELIOS,Helios-3 Earth Observation Constellation,SATELLITE,NS30,2024,6,2024-06-01,2024-06,MAT,636566.3,690327297.27
PRG-HELIOS,Helios-3 Earth Observation Constellation,SATELLITE,NS30,2024,6,2024-06-01,2024-06,OTH,8565.02,690327297.27
PRG-HELIOS,Helios-3 Earth Observation Constellation,SATELLITE,NS30,2024,6,2024-06-01,2024-06,OVH,171625.8,690327297.27
PRG-HELIOS,Helios-3 Earth Observation Constellation,SATELLITE,NS30,2024,6,2024-06-01,2024-06,PER,99859.1,690327297.27
PRG-HELIOS,Helios-3 Earth Observation Constellation,SATELLITE,NS30,2024,6,2024-06-01,2024-06,SUB,1064475.57,690327297.27
PRG-HELIOS,Helios-3 Earth Observation Constellation,SATELLITE,NS30,2024,7,2024-07-01,2024-07,DEP,46232.74,690327297.27
PRG-HELIOS,Helios-3 Earth Observation Constellation,SATELLITE,NS30,2024,7,2024-07-01,2024-07,MAT,547622.3,690327297.27
PRG-HELIOS,Helios-3 Earth Observation Constellation,SATELLITE,NS30,2024,7,2024-07-01,2024-07,OTH,3228.33,690327297.27
PRG-HELIOS,Helios-3 Earth Observation Constellation,SATELLITE,NS30,2024,7,2024-07-01,2024-07,OVH,138393.42,690327297.27
PRG-HELIOS,Helios-3 Earth Observation Constellation,SATELLITE,NS30,2024,7,2024-07-01,2024-07,PER,87447.02,690327297.27
PRG-HELIOS,Helios-3 Earth Observation Constellation,SATELLITE,NS30,2024,7,2024-07-01,2024-07,SUB,1202589.97,690327297.27
PRG-HELIOS,Helios-3 Earth Observation Constellation,SATELLITE,NS30,2024,8,2024-08-01,2024-08,DEP,80472.95,690327297.27
PRG-HELIOS,Helios-3 Earth Observation Constellation,SATELLITE,NS30,2024,8,2024-08-01,2024-08,MAT,684112.29,690327297.27
PRG-HELIOS,Helios-3 Earth Observation Constellation,SATELLITE,NS30,2024,8,2024-08-01,2024-08,OTH,17824.5,690327297.27
PRG-HELIOS,Helios-3 Earth Observation Constellation,SATELLITE,NS30,2024,8,2024-08-01,2024-08,OVH,143071.41,690327297.27
PRG-HELIOS,Helios-3 Earth Observation Constellation,SATELLITE,NS30,2024,8,2024-08-01,2024-08,PER,87661.52,690327297.27
PRG-HELIOS,Helios-3 Earth Observation Constellation,SATELLITE,NS30,2024,8,2024-08-01,2024-08,SUB,1420915.42,690327297.27
PRG-HELIOS,Helios-3 Earth Observation Constellation,SATELLITE,NS30,2024,9,2024-09-01,2024-09,DEP,59631.3,690327297.27
PRG-HELIOS,Helios-3 Earth Observation Constellation,SATELLITE,NS30,2024,9,2024-09-01,2024-09,MAT,690207.12,690327297.27
PRG-HELIOS,Helios-3 Earth Observation Constellation,SATELLITE,NS30,2024,9,2024-09-01,2024-09,OTH,12231.45,690327297.27
PRG-HELIOS,Helios-3 Earth Observation Constellation,SATELLITE,NS30,2024,9,2024-09-01,2024-09,OVH,157653.17,690327297.27
PRG-HELIOS,Helios-3 Earth Observation Constellation,SATELLITE,NS30,2024,9,2024-09-01,2024-09,PER,124195.02,690327297.27
PRG-HELIOS,Helios-3 Earth Observation Constellation,SATELLITE,NS30,2024,9,2024-09-01,2024-09,SUB,1265982.82,690327297.27
PRG-HELIOS,Helios-3 Earth Observation Constellation,SATELLITE,NS30,2024,10,2024-10-01,2024-10,DEP,63311.75,690327297.27
PRG-HELIOS,Helios-3 Earth Observation Constellation,SATELLITE,NS30,2024,10,2024-10-01,2024-10,MAT,680407.31,690327297.27
PRG-HELIOS,Helios-3 Earth Observation Constellation,SATELLITE,NS30,2024,10,2024-10-01,2024-10,OTH,21997.91,690327297.27
PRG-HELIOS,Helios-3 Earth Observation Constellation,SATELLITE,NS30,2024,10,2024-10-01,2024-10,OVH,150174.75,690327297.27
PRG-HELIOS,Helios-3 Earth Observation Constellation,SATELLITE,NS30,2024,10,2024-10-01,2024-10,PER,90552.38,690327297.27
PRG-HELIOS,Helios-3 Earth Observation Constellation,SATELLITE,NS30,2024,10,2024-10-01,2024-10,SUB,1465711.79,690327297.27
PRG-HELIOS,Helios-3 Earth Observation Constellation,SATELLITE,NS30,2024,11,2024-11-01,2024-11,DEP,89981.81,690327297.27
PRG-HELIOS,Helios-3 Earth Observation Constellation,SATELLITE,NS30,2024,11,2024-11-01,2024-11,MAT,643402.56,690327297.27
PRG-HELIOS,Helios-3 Earth Observation Constellation,SATELLITE,NS30,2024,11,2024-11-01,2024-11,OTH,12156.5,690327297.27
PRG-HELIOS,Helios-3 Earth Observation Constellation,SATELLITE,NS30,2024,11,2024-11-01,2024-11,OVH,142869.35,690327297.27
PRG-HELIOS,Helios-3 Earth Observation Constellation,SATELLITE,NS30,2024,11,2024-11-01,2024-11,PER,105621.11,690327297.27
PRG-HELIOS,Helios-3 Earth Observation Constellation,SATELLITE,NS30,2024,11,2024-11-01,2024-11,SUB,1141424.42,690327297.27
PRG-HELIOS,Helios-3 Earth Observation Constellation,SATELLITE,NS30,2024,12,2024-12-01,2024-12,DEP,59178.05,690327297.27
PRG-HELIOS,Helios-3 Earth Observation Constellation,SATELLITE,NS30,2024,12,2024-12-01,2024-12,MAT,735416.54,690327297.27
PRG-HELIOS,Helios-3 Earth Observation Constellation,SATELLITE,NS30,2024,12,2024-12-01,2024-12,OTH,12447.2,690327297.27
PRG-HELIOS,Helios-3 Earth Observation Constellation,SATELLITE,NS30,2024,12,2024-12-01,2024-12,OVH,160024.37,690327297.27
PRG-HELIOS,Helios-3 Earth Observation Constellation,SATELLITE,NS30,2024,12,2024-12-01,2024-12,PER,96153.37,690327297.27
PRG-HELIOS,Helios-3 Earth Observation Constellation,SATELLITE,NS30,2024,12,2024-12-01,2024-12,SUB,1314756.57,690327297.27
PRG-HELIOS,Helios-3 Earth Observation Constellation,SATELLITE,NS30,2024,13,2024-12-01,2024-12,MAT,11122.9,690327297.27
PRG-HELIOS,Helios-3 Earth Observation Constellation,SATELLITE,NS30,2024,13,2024-12-01,2024-12,OTH,8335.88,690327297.27
PRG-HELIOS,Helios-3 Earth Observation Constellation,SATELLITE,NS30,2024,13,2024-12-01,2024-12,OVH,24153.01,690327297.27
PRG-HELIOS,Helios-3 Earth Observation Constellation,SATELLITE,NS30,2024,13,2024-12-01,2024-12,PER,31360.76,690327297.27
PRG-HELIOS,Helios-3 Earth Observation Constellation,SATELLITE,NS30,2024,13,2024-12-01,2024-12,SUB,88011.42,690327297.27
PRG-HELIOS,Helios-3 Earth Observation Constellation,SATELLITE,NS30,2024,14,2024-12-01,2024-12,MAT,25651.64,690327297.27
PRG-HELIOS,Helios-3 Earth Observation Constellation,SATELLITE,NS30,2024,14,2024-12-01,2024-12,OTH,11086.66,690327297.27
PRG-HELIOS,Helios-3 Earth Observation Constellation,SATELLITE,NS30,2024,14,2024-12-01,2024-12,OVH,14059.35,690327297.27
PRG-HELIOS,Helios-3 Earth Observation Constellation,SATELLITE,NS30,2024,14,2024-12-01,2024-12,PER,28899.04,690327297.27
PRG-HELIOS,Helios-3 Earth Observation Constellation,SATELLITE,NS30,2024,14,2024-12-01,2024-12,SUB,109866.97,690327297.27
PRG-HELIOS,Helios-3 Earth Observation Constellation,SATELLITE,NS30,2025,1,2025-01-01,2025-01,DEP,71437.67,690327297.27
PRG-HELIOS,Helios-3 Earth Observation Constellation,SATELLITE,NS30,2025,1,2025-01-01,2025-01,MAT,601440.28,690327297.27
PRG-HELIOS,Helios-3 Earth Observation Constellation,SATELLITE,NS30,2025,1,2025-01-01,2025-01,OTH,16658.73,690327297.27
PRG-HELIOS,Helios-3 Earth Observation Constellation,SATELLITE,NS30,2025,1,2025-01-01,2025-01,OVH,144238.35,690327297.27
PRG-HELIOS,Helios-3 Earth Observation Constellation,SATELLITE,NS30,2025,1,2025-01-01,2025-01,PER,112052.91,690327297.27
PRG-HELIOS,Helios-3 Earth Observation Constellation,SATELLITE,NS30,2025,1,2025-01-01,2025-01,SUB,1009346.5,690327297.27
PRG-HELIOS,Helios-3 Earth Observation Constellation,SATELLITE,NS30,2025,2,2025-02-01,2025-02,DEP,72487.06,690327297.27
PRG-HELIOS,Helios-3 Earth Observation Constellation,SATELLITE,NS30,2025,2,2025-02-01,2025-02,MAT,766721.04,690327297.27
PRG-HELIOS,Helios-3 Earth Observation Constellation,SATELLITE,NS30,2025,2,2025-02-01,2025-02,OTH,16749.58,690327297.27
PRG-HELIOS,Helios-3 Earth Observation Constellation,SATELLITE,NS30,2025,2,2025-02-01,2025-02,OVH,190168.77,690327297.27
PRG-HELIOS,Helios-3 Earth Observation Constellation,SATELLITE,NS30,2025,2,2025-02-01,2025-02,PER,112726.17,690327297.27
PRG-HELIOS,Helios-3 Earth Observation Constellation,SATELLITE,NS30,2025,2,2025-02-01,2025-02,SUB,1110917.03,690327297.27
PRG-HELIOS,Helios-3 Earth Observation Constellation,SATELLITE,NS30,2025,3,2025-03-01,2025-03,DEP,84899.49,690327297.27
PRG-HELIOS,Helios-3 Earth Observation Constellation,SATELLITE,NS30,2025,3,2025-03-01,2025-03,MAT,660304.13,690327297.27
PRG-HELIOS,Helios-3 Earth Observation Constellation,SATELLITE,NS30,2025,3,2025-03-01,2025-03,OTH,10148.46,690327297.27
PRG-HELIOS,Helios-3 Earth Observation Constellation,SATELLITE,NS30,2025,3,2025-03-01,2025-03,OVH,154233.44,690327297.27
PRG-HELIOS,Helios-3 Earth Observation Constellation,SATELLITE,NS30,2025,3,2025-03-01,2025-03,PER,83453.9,690327297.27
PRG-HELIOS,Helios-3 Earth Observation Constellation,SATELLITE,NS30,2025,3,2025-03-01,2025-03,SUB,1244674.79,690327297.27
PRG-HELIOS,Helios-3 Earth Observation Constellation,SATELLITE,NS30,2025,4,2025-04-01,2025-04,DEP,94492.54,690327297.27
PRG-HELIOS,Helios-3 Earth Observation Constellation,SATELLITE,NS30,2025,4,2025-04-01,2025-04,MAT,824458.29,690327297.27
PRG-HELIOS,Helios-3 Earth Observation Constellation,SATELLITE,NS30,2025,4,2025-04-01,2025-04,OTH,21840.66,690327297.27
PRG-HELIOS,Helios-3 Earth Observation Constellation,SATELLITE,NS30,2025,4,2025-04-01,2025-04,OVH,166005.2,690327297.27
PRG-HELIOS,Helios-3 Earth Observation Constellation,SATELLITE,NS30,2025,4,2025-04-01,2025-04,PER,128212.68,690327297.27
PRG-HELIOS,Helios-3 Earth Observation Constellation,SATELLITE,NS30,2025,4,2025-04-01,2025-04,SUB,1255000.62,690327297.27
PRG-HELIOS,Helios-3 Earth Observation Constellation,SATELLITE,NS30,2025,5,2025-05-01,2025-05,DEP,68958.21,690327297.27
PRG-HELIOS,Helios-3 Earth Observation Constellation,SATELLITE,NS30,2025,5,2025-05-01,2025-05,MAT,703915.49,690327297.27
PRG-HELIOS,Helios-3 Earth Observation Constellation,SATELLITE,NS30,2025,5,2025-05-01,2025-05,OTH,17784.79,690327297.27
PRG-HELIOS,Helios-3 Earth Observation Constellation,SATELLITE,NS30,2025,5,2025-05-01,2025-05,OVH,157122.49,690327297.27
PRG-HELIOS,Helios-3 Earth Observation Constellation,SATELLITE,NS30,2025,5,2025-05-01,2025-05,PER,94214.05,690327297.27
PRG-HELIOS,Helios-3 Earth Observation Constellation,SATELLITE,NS30,2025,5,2025-05-01,2025-05,SUB,1165025.54,690327297.27
PRG-HELIOS,Helios-3 Earth Observation Constellation,SATELLITE,NS30,2025,6,2025-06-01,2025-06,DEP,73593.35,690327297.27
PRG-HELIOS,Helios-3 Earth Observation Constellation,SATELLITE,NS30,2025,6,2025-06-01,2025-06,MAT,679735.73,690327297.27
PRG-HELIOS,Helios-3 Earth Observation Constellation,SATELLITE,NS30,2025,6,2025-06-01,2025-06,OTH,10481.07,690327297.27
PRG-HELIOS,Helios-3 Earth Observation Constellation,SATELLITE,NS30,2025,6,2025-06-01,2025-06,OVH,133387.69,690327297.27
PRG-HELIOS,Helios-3 Earth Observation Constellation,SATELLITE,NS30,2025,6,2025-06-01,2025-06,PER,61029.09,690327297.27
PRG-HELIOS,Helios-3 Earth Observation Constellation,SATELLITE,NS30,2025,6,2025-06-01,2025-06,SUB,1060731.39,690327297.27
PRG-HELIOS,Helios-3 Earth Observation Constellation,SATELLITE,NS30,2025,7,2025-07-01,2025-07,DEP,72757.61,690327297.27
PRG-HELIOS,Helios-3 Earth Observation Constellation,SATELLITE,NS30,2025,7,2025-07-01,2025-07,MAT,669170.92,690327297.27
PRG-HELIOS,Helios-3 Earth Observation Constellation,SATELLITE,NS30,2025,7,2025-07-01,2025-07,OTH,16085.75,690327297.27
PRG-HELIOS,Helios-3 Earth Observation Constellation,SATELLITE,NS30,2025,7,2025-07-01,2025-07,OVH,138602.03,690327297.27
PRG-HELIOS,Helios-3 Earth Observation Constellation,SATELLITE,NS30,2025,7,2025-07-01,2025-07,PER,102837.71,690327297.27
PRG-HELIOS,Helios-3 Earth Observation Constellation,SATELLITE,NS30,2025,7,2025-07-01,2025-07,SUB,1123278.53,690327297.27
PRG-HELIOS,Helios-3 Earth Observation Constellation,SATELLITE,NS30,2025,8,2025-08-01,2025-08,DEP,57818.68,690327297.27
PRG-HELIOS,Helios-3 Earth Observation Constellation,SATELLITE,NS30,2025,8,2025-08-01,2025-08,MAT,636923.71,690327297.27
PRG-HELIOS,Helios-3 Earth Observation Constellation,SATELLITE,NS30,2025,8,2025-08-01,2025-08,OTH,22340.18,690327297.27
PRG-HELIOS,Helios-3 Earth Observation Constellation,SATELLITE,NS30,2025,8,2025-08-01,2025-08,OVH,133873.56,690327297.27
PRG-HELIOS,Helios-3 Earth Observation Constellation,SATELLITE,NS30,2025,8,2025-08-01,2025-08,PER,116375.07,690327297.27
PRG-HELIOS,Helios-3 Earth Observation Constellation,SATELLITE,NS30,2025,8,2025-08-01,2025-08,SUB,1136173.58,690327297.27
PRG-HELIOS,Helios-3 Earth Observation Constellation,SATELLITE,NS30,2025,9,2025-09-01,2025-09,DEP,85005.16,690327297.27
PRG-HELIOS,Helios-3 Earth Observation Constellation,SATELLITE,NS30,2025,9,2025-09-01,2025-09,MAT,874328.27,690327297.27
PRG-HELIOS,Helios-3 Earth Observation Constellation,SATELLITE,NS30,2025,9,2025-09-01,2025-09,OTH,11721.49,690327297.27
PRG-HELIOS,Helios-3 Earth Observation Constellation,SATELLITE,NS30,2025,9,2025-09-01,2025-09,OVH,180642.33,690327297.27
PRG-HELIOS,Helios-3 Earth Observation Constellation,SATELLITE,NS30,2025,9,2025-09-01,2025-09,PER,102406.34,690327297.27
PRG-HELIOS,Helios-3 Earth Observation Constellation,SATELLITE,NS30,2025,9,2025-09-01,2025-09,SUB,1277636.58,690327297.27
PRG-HELIOS,Helios-3 Earth Observation Constellation,SATELLITE,NS30,2025,10,2025-10-01,2025-10,DEP,81957.73,690327297.27
PRG-HELIOS,Helios-3 Earth Observation Constellation,SATELLITE,NS30,2025,10,2025-10-01,2025-10,MAT,845183.51,690327297.27
PRG-HELIOS,Helios-3 Earth Observation Constellation,SATELLITE,NS30,2025,10,2025-10-01,2025-10,OTH,17086.03,690327297.27
PRG-HELIOS,Helios-3 Earth Observation Constellation,SATELLITE,NS30,2025,10,2025-10-01,2025-10,OVH,176327.21,690327297.27
PRG-HELIOS,Helios-3 Earth Observation Constellation,SATELLITE,NS30,2025,10,2025-10-01,2025-10,PER,114499.84,690327297.27
PRG-HELIOS,Helios-3 Earth Observation Constellation,SATELLITE,NS30,2025,10,2025-10-01,2025-10,SUB,1443105.85,690327297.27
PRG-HELIOS,Helios-3 Earth Observation Constellation,SATELLITE,NS30,2025,11,2025-11-01,2025-11,DEP,92521.67,690327297.27
PRG-HELIOS,Helios-3 Earth Observation Constellation,SATELLITE,NS30,2025,11,2025-11-01,2025-11,MAT,745934.53,690327297.27
PRG-HELIOS,Helios-3 Earth Observation Constellation,SATELLITE,NS30,2025,11,2025-11-01,2025-11,OTH,16143.72,690327297.27
PRG-HELIOS,Helios-3 Earth Observation Constellation,SATELLITE,NS30,2025,11,2025-11-01,2025-11,OVH,166348.0,690327297.27
PRG-HELIOS,Helios-3 Earth Observation Constellation,SATELLITE,NS30,2025,11,2025-11-01,2025-11,PER,101165.39,690327297.27
PRG-HELIOS,Helios-3 Earth Observation Constellation,SATELLITE,NS30,2025,11,2025-11-01,2025-11,SUB,1224234.55,690327297.27
PRG-HELIOS,Helios-3 Earth Observation Constellation,SATELLITE,NS30,2025,12,2025-12-01,2025-12,DEP,75673.92,690327297.27
PRG-HELIOS,Helios-3 Earth Observation Constellation,SATELLITE,NS30,2025,12,2025-12-01,2025-12,MAT,735346.99,690327297.27
PRG-HELIOS,Helios-3 Earth Observation Constellation,SATELLITE,NS30,2025,12,2025-12-01,2025-12,OTH,5704.73,690327297.27
PRG-HELIOS,Helios-3 Earth Observation Constellation,SATELLITE,NS30,2025,12,2025-12-01,2025-12,OVH,137309.7,690327297.27
PRG-HELIOS,Helios-3 Earth Observation Constellation,SATELLITE,NS30,2025,12,2025-12-01,2025-12,PER,104421.14,690327297.27
PRG-HELIOS,Helios-3 Earth Observation Constellation,SATELLITE,NS30,2025,12,2025-12-01,2025-12,SUB,1180250.35,690327297.27
PRG-HELIOS,Helios-3 Earth Observation Constellation,SATELLITE,NS30,2025,13,2025-12-01,2025-12,MAT,32345.19,690327297.27
PRG-HELIOS,Helios-3 Earth Observation Constellation,SATELLITE,NS30,2025,13,2025-12-01,2025-12,OTH,14598.96,690327297.27
PRG-HELIOS,Helios-3 Earth Observation Constellation,SATELLITE,NS30,2025,13,2025-12-01,2025-12,OVH,16308.9,690327297.27
PRG-HELIOS,Helios-3 Earth Observation Constellation,SATELLITE,NS30,2025,13,2025-12-01,2025-12,PER,13572.7,690327297.27
PRG-HELIOS,Helios-3 Earth Observation Constellation,SATELLITE,NS30,2025,13,2025-12-01,2025-12,SUB,57160.47,690327297.27
PRG-HELIOS,Helios-3 Earth Observation Constellation,SATELLITE,NS30,2025,14,2025-12-01,2025-12,MAT,14461.25,690327297.27
PRG-HELIOS,Helios-3 Earth Observation Constellation,SATELLITE,NS30,2025,14,2025-12-01,2025-12,OTH,9560.18,690327297.27
PRG-HELIOS,Helios-3 Earth Observation Constellation,SATELLITE,NS30,2025,14,2025-12-01,2025-12,OVH,17239.65,690327297.27
PRG-HELIOS,Helios-3 Earth Observation Constellation,SATELLITE,NS30,2025,14,2025-12-01,2025-12,PER,35501.73,690327297.27
PRG-HELIOS,Helios-3 Earth Observation Constellation,SATELLITE,NS30,2025,14,2025-12-01,2025-12,SUB,79025.37,690327297.27
PRG-HELIOS,Helios-3 Earth Observation Constellation,SATELLITE,NS30,2026,1,2026-01-01,2026-01,DEP,67555.21,690327297.27
PRG-HELIOS,Helios-3 Earth Observation Constellation,SATELLITE,NS30,2026,1,2026-01-01,2026-01,MAT,712429.13,690327297.27
PRG-HELIOS,Helios-3 Earth Observation Constellation,SATELLITE,NS30,2026,1,2026-01-01,2026-01,OTH,28027.0,690327297.27
PRG-HELIOS,Helios-3 Earth Observation Constellation,SATELLITE,NS30,2026,1,2026-01-01,2026-01,OVH,173556.55,690327297.27
PRG-HELIOS,Helios-3 Earth Observation Constellation,SATELLITE,NS30,2026,1,2026-01-01,2026-01,PER,105163.41,690327297.27
PRG-HELIOS,Helios-3 Earth Observation Constellation,SATELLITE,NS30,2026,1,2026-01-01,2026-01,SUB,1317939.69,690327297.27
PRG-HELIOS,Helios-3 Earth Observation Constellation,SATELLITE,NS30,2026,2,2026-02-01,2026-02,DEP,63823.84,690327297.27
PRG-HELIOS,Helios-3 Earth Observation Constellation,SATELLITE,NS30,2026,2,2026-02-01,2026-02,MAT,717069.75,690327297.27
PRG-HELIOS,Helios-3 Earth Observation Constellation,SATELLITE,NS30,2026,2,2026-02-01,2026-02,OTH,11087.63,690327297.27
PRG-HELIOS,Helios-3 Earth Observation Constellation,SATELLITE,NS30,2026,2,2026-02-01,2026-02,OVH,155824.76,690327297.27
PRG-HELIOS,Helios-3 Earth Observation Constellation,SATELLITE,NS30,2026,2,2026-02-01,2026-02,PER,80899.31,690327297.27
PRG-HELIOS,Helios-3 Earth Observation Constellation,SATELLITE,NS30,2026,2,2026-02-01,2026-02,SUB,1003785.02,690327297.27
PRG-HELIOS,Helios-3 Earth Observation Constellation,SATELLITE,NS30,2026,3,2026-03-01,2026-03,DEP,71368.15,690327297.27
PRG-HELIOS,Helios-3 Earth Observation Constellation,SATELLITE,NS30,2026,3,2026-03-01,2026-03,MAT,805301.12,690327297.27
PRG-HELIOS,Helios-3 Earth Observation Constellation,SATELLITE,NS30,2026,3,2026-03-01,2026-03,OTH,17390.68,690327297.27
PRG-HELIOS,Helios-3 Earth Observation Constellation,SATELLITE,NS30,2026,3,2026-03-01,2026-03,OVH,183846.05,690327297.27
PRG-HELIOS,Helios-3 Earth Observation Constellation,SATELLITE,NS30,2026,3,2026-03-01,2026-03,PER,125825.02,690327297.27
PRG-HELIOS,Helios-3 Earth Observation Constellation,SATELLITE,NS30,2026,3,2026-03-01,2026-03,SUB,1466800.07,690327297.27
PRG-HELIOS,Helios-3 Earth Observation Constellation,SATELLITE,NS30,2026,4,2026-04-01,2026-04,DEP,87952.75,690327297.27
PRG-HELIOS,Helios-3 Earth Observation Constellation,SATELLITE,NS30,2026,4,2026-04-01,2026-04,MAT,817045.32,690327297.27
PRG-HELIOS,Helios-3 Earth Observation Constellation,SATELLITE,NS30,2026,4,2026-04-01,2026-04,OTH,17188.1,690327297.27
PRG-HELIOS,Helios-3 Earth Observation Constellation,SATELLITE,NS30,2026,4,2026-04-01,2026-04,OVH,146248.5,690327297.27
PRG-HELIOS,Helios-3 Earth Observation Constellation,SATELLITE,NS30,2026,4,2026-04-01,2026-04,PER,102907.5,690327297.27
PRG-HELIOS,Helios-3 Earth Observation Constellation,SATELLITE,NS30,2026,4,2026-04-01,2026-04,SUB,1570929.0,690327297.27
PRG-HELIOS,Helios-3 Earth Observation Constellation,SATELLITE,NS30,2026,5,2026-05-01,2026-05,DEP,69588.86,690327297.27
PRG-HELIOS,Helios-3 Earth Observation Constellation,SATELLITE,NS30,2026,5,2026-05-01,2026-05,MAT,785526.5,690327297.27
PRG-HELIOS,Helios-3 Earth Observation Constellation,SATELLITE,NS30,2026,5,2026-05-01,2026-05,OTH,26661.7,690327297.27
PRG-HELIOS,Helios-3 Earth Observation Constellation,SATELLITE,NS30,2026,5,2026-05-01,2026-05,OVH,147981.89,690327297.27
PRG-HELIOS,Helios-3 Earth Observation Constellation,SATELLITE,NS30,2026,5,2026-05-01,2026-05,PER,104814.34,690327297.27
PRG-HELIOS,Helios-3 Earth Observation Constellation,SATELLITE,NS30,2026,5,2026-05-01,2026-05,SUB,1074796.08,690327297.27
PRG-HELIOS,Helios-3 Earth Observation Constellation,SATELLITE,NS30,2026,6,2026-06-01,2026-06,DEP,99332.51,690327297.27
PRG-HELIOS,Helios-3 Earth Observation Constellation,SATELLITE,NS30,2026,6,2026-06-01,2026-06,MAT,897030.48,690327297.27
PRG-HELIOS,Helios-3 Earth Observation Constellation,SATELLITE,NS30,2026,6,2026-06-01,2026-06,OTH,25093.97,690327297.27
PRG-HELIOS,Helios-3 Earth Observation Constellation,SATELLITE,NS30,2026,6,2026-06-01,2026-06,OVH,183541.59,690327297.27
PRG-HELIOS,Helios-3 Earth Observation Constellation,SATELLITE,NS30,2026,6,2026-06-01,2026-06,PER,127132.35,690327297.27
PRG-HELIOS,Helios-3 Earth Observation Constellation,SATELLITE,NS30,2026,6,2026-06-01,2026-06,SUB,1327798.49,690327297.27
PRG-HELIOS,Helios-3 Earth Observation Constellation,SATELLITE,NS40,2023,1,2023-01-01,2023-01,DEP,49205.96,690327297.27
PRG-HELIOS,Helios-3 Earth Observation Constellation,SATELLITE,NS40,2023,1,2023-01-01,2023-01,MAT,618054.95,690327297.27
PRG-HELIOS,Helios-3 Earth Observation Constellation,SATELLITE,NS40,2023,1,2023-01-01,2023-01,OTH,9027.58,690327297.27
PRG-HELIOS,Helios-3 Earth Observation Constellation,SATELLITE,NS40,2023,1,2023-01-01,2023-01,OVH,72915.68,690327297.27
PRG-HELIOS,Helios-3 Earth Observation Constellation,SATELLITE,NS40,2023,1,2023-01-01,2023-01,PER,86463.07,690327297.27
PRG-HELIOS,Helios-3 Earth Observation Constellation,SATELLITE,NS40,2023,1,2023-01-01,2023-01,SUB,1138146.44,690327297.27
PRG-HELIOS,Helios-3 Earth Observation Constellation,SATELLITE,NS40,2023,2,2023-02-01,2023-02,DEP,40628.47,690327297.27
PRG-HELIOS,Helios-3 Earth Observation Constellation,SATELLITE,NS40,2023,2,2023-02-01,2023-02,MAT,707421.11,690327297.27
PRG-HELIOS,Helios-3 Earth Observation Constellation,SATELLITE,NS40,2023,2,2023-02-01,2023-02,OTH,12891.4,690327297.27
PRG-HELIOS,Helios-3 Earth Observation Constellation,SATELLITE,NS40,2023,2,2023-02-01,2023-02,OVH,83318.69,690327297.27
PRG-HELIOS,Helios-3 Earth Observation Constellation,SATELLITE,NS40,2023,2,2023-02-01,2023-02,PER,97542.8,690327297.27
PRG-HELIOS,Helios-3 Earth Observation Constellation,SATELLITE,NS40,2023,2,2023-02-01,2023-02,SUB,1090145.81,690327297.27
PRG-HELIOS,Helios-3 Earth Observation Constellation,SATELLITE,NS40,2023,3,2023-03-01,2023-03,DEP,88795.95,690327297.27
PRG-HELIOS,Helios-3 Earth Observation Constellation,SATELLITE,NS40,2023,3,2023-03-01,2023-03,MAT,627294.55,690327297.27
PRG-HELIOS,Helios-3 Earth Observation Constellation,SATELLITE,NS40,2023,3,2023-03-01,2023-03,OTH,16976.06,690327297.27
PRG-HELIOS,Helios-3 Earth Observation Constellation,SATELLITE,NS40,2023,3,2023-03-01,2023-03,OVH,74813.4,690327297.27
PRG-HELIOS,Helios-3 Earth Observation Constellation,SATELLITE,NS40,2023,3,2023-03-01,2023-03,PER,66570.75,690327297.27
PRG-HELIOS,Helios-3 Earth Observation Constellation,SATELLITE,NS40,2023,3,2023-03-01,2023-03,SUB,863680.25,690327297.27
PRG-HELIOS,Helios-3 Earth Observation Constellation,SATELLITE,NS40,2023,4,2023-04-01,2023-04,DEP,62359.51,690327297.27
PRG-HELIOS,Helios-3 Earth Observation Constellation,SATELLITE,NS40,2023,4,2023-04-01,2023-04,MAT,558809.0,690327297.27
PRG-HELIOS,Helios-3 Earth Observation Constellation,SATELLITE,NS40,2023,4,2023-04-01,2023-04,OTH,3928.04,690327297.27
PRG-HELIOS,Helios-3 Earth Observation Constellation,SATELLITE,NS40,2023,4,2023-04-01,2023-04,OVH,68699.9,690327297.27
PRG-HELIOS,Helios-3 Earth Observation Constellation,SATELLITE,NS40,2023,4,2023-04-01,2023-04,PER,74507.09,690327297.27
PRG-HELIOS,Helios-3 Earth Observation Constellation,SATELLITE,NS40,2023,4,2023-04-01,2023-04,SUB,925504.01,690327297.27
PRG-HELIOS,Helios-3 Earth Observation Constellation,SATELLITE,NS40,2023,5,2023-05-01,2023-05,DEP,84049.05,690327297.27
PRG-HELIOS,Helios-3 Earth Observation Constellation,SATELLITE,NS40,2023,5,2023-05-01,2023-05,MAT,643136.08,690327297.27
PRG-HELIOS,Helios-3 Earth Observation Constellation,SATELLITE,NS40,2023,5,2023-05-01,2023-05,OTH,20454.61,690327297.27
PRG-HELIOS,Helios-3 Earth Observation Constellation,SATELLITE,NS40,2023,5,2023-05-01,2023-05,OVH,80109.75,690327297.27
PRG-HELIOS,Helios-3 Earth Observation Constellation,SATELLITE,NS40,2023,5,2023-05-01,2023-05,PER,121517.54,690327297.27
PRG-HELIOS,Helios-3 Earth Observation Constellation,SATELLITE,NS40,2023,5,2023-05-01,2023-05,SUB,1047583.95,690327297.27
PRG-HELIOS,Helios-3 Earth Observation Constellation,SATELLITE,NS40,2023,6,2023-06-01,2023-06,DEP,72774.15,690327297.27
PRG-HELIOS,Helios-3 Earth Observation Constellation,SATELLITE,NS40,2023,6,2023-06-01,2023-06,MAT,572269.94,690327297.27
PRG-HELIOS,Helios-3 Earth Observation Constellation,SATELLITE,NS40,2023,6,2023-06-01,2023-06,OTH,139.95,690327297.27
PRG-HELIOS,Helios-3 Earth Observation Constellation,SATELLITE,NS40,2023,6,2023-06-01,2023-06,OVH,75665.7,690327297.27
PRG-HELIOS,Helios-3 Earth Observation Constellation,SATELLITE,NS40,2023,6,2023-06-01,2023-06,PER,67914.77,690327297.27
PRG-HELIOS,Helios-3 Earth Observation Constellation,SATELLITE,NS40,2023,6,2023-06-01,2023-06,SUB,1402966.08,690327297.27
PRG-HELIOS,Helios-3 Earth Observation Constellation,SATELLITE,NS40,2023,7,2023-07-01,2023-07,DEP,51146.45,690327297.27
PRG-HELIOS,Helios-3 Earth Observation Constellation,SATELLITE,NS40,2023,7,2023-07-01,2023-07,MAT,711352.6,690327297.27
PRG-HELIOS,Helios-3 Earth Observation Constellation,SATELLITE,NS40,2023,7,2023-07-01,2023-07,OTH,3768.75,690327297.27
PRG-HELIOS,Helios-3 Earth Observation Constellation,SATELLITE,NS40,2023,7,2023-07-01,2023-07,OVH,79242.09,690327297.27
PRG-HELIOS,Helios-3 Earth Observation Constellation,SATELLITE,NS40,2023,7,2023-07-01,2023-07,PER,72750.27,690327297.27
PRG-HELIOS,Helios-3 Earth Observation Constellation,SATELLITE,NS40,2023,7,2023-07-01,2023-07,SUB,1212407.37,690327297.27
PRG-HELIOS,Helios-3 Earth Observation Constellation,SATELLITE,NS40,2023,8,2023-08-01,2023-08,DEP,73901.06,690327297.27
PRG-HELIOS,Helios-3 Earth Observation Constellation,SATELLITE,NS40,2023,8,2023-08-01,2023-08,MAT,602807.45,690327297.27
PRG-HELIOS,Helios-3 Earth Observation Constellation,SATELLITE,NS40,2023,8,2023-08-01,2023-08,OTH,4038.5,690327297.27
PRG-HELIOS,Helios-3 Earth Observation Constellation,SATELLITE,NS40,2023,8,2023-08-01,2023-08,OVH,61839.7,690327297.27
PRG-HELIOS,Helios-3 Earth Observation Constellation,SATELLITE,NS40,2023,8,2023-08-01,2023-08,PER,63303.7,690327297.27
PRG-HELIOS,Helios-3 Earth Observation Constellation,SATELLITE,NS40,2023,8,2023-08-01,2023-08,SUB,1178082.0,690327297.27
PRG-HELIOS,Helios-3 Earth Observation Constellation,SATELLITE,NS40,2023,9,2023-09-01,2023-09,DEP,71050.91,690327297.27
PRG-HELIOS,Helios-3 Earth Observation Constellation,SATELLITE,NS40,2023,9,2023-09-01,2023-09,MAT,616990.74,690327297.27
PRG-HELIOS,Helios-3 Earth Observation Constellation,SATELLITE,NS40,2023,9,2023-09-01,2023-09,OTH,12377.57,690327297.27
PRG-HELIOS,Helios-3 Earth Observation Constellation,SATELLITE,NS40,2023,9,2023-09-01,2023-09,OVH,60831.08,690327297.27
PRG-HELIOS,Helios-3 Earth Observation Constellation,SATELLITE,NS40,2023,9,2023-09-01,2023-09,PER,89443.42,690327297.27
PRG-HELIOS,Helios-3 Earth Observation Constellation,SATELLITE,NS40,2023,9,2023-09-01,2023-09,SUB,1231504.63,690327297.27
PRG-HELIOS,Helios-3 Earth Observation Constellation,SATELLITE,NS40,2023,10,2023-10-01,2023-10,DEP,54938.06,690327297.27
PRG-HELIOS,Helios-3 Earth Observation Constellation,SATELLITE,NS40,2023,10,2023-10-01,2023-10,MAT,592118.57,690327297.27
PRG-HELIOS,Helios-3 Earth Observation Constellation,SATELLITE,NS40,2023,10,2023-10-01,2023-10,OTH,3150.75,690327297.27
PRG-HELIOS,Helios-3 Earth Observation Constellation,SATELLITE,NS40,2023,10,2023-10-01,2023-10,OVH,80413.79,690327297.27
PRG-HELIOS,Helios-3 Earth Observation Constellation,SATELLITE,NS40,2023,10,2023-10-01,2023-10,PER,53315.88,690327297.27
PRG-HELIOS,Helios-3 Earth Observation Constellation,SATELLITE,NS40,2023,10,2023-10-01,2023-10,SUB,1205736.34,690327297.27
PRG-HELIOS,Helios-3 Earth Observation Constellation,SATELLITE,NS40,2023,11,2023-11-01,2023-11,DEP,51985.52,690327297.27
PRG-HELIOS,Helios-3 Earth Observation Constellation,SATELLITE,NS40,2023,11,2023-11-01,2023-11,MAT,604782.77,690327297.27
PRG-HELIOS,Helios-3 Earth Observation Constellation,SATELLITE,NS40,2023,11,2023-11-01,2023-11,OTH,8313.31,690327297.27
PRG-HELIOS,Helios-3 Earth Observation Constellation,SATELLITE,NS40,2023,11,2023-11-01,2023-11,OVH,62996.04,690327297.27
PRG-HELIOS,Helios-3 Earth Observation Constellation,SATELLITE,NS40,2023,11,2023-11-01,2023-11,PER,95835.32,690327297.27
PRG-HELIOS,Helios-3 Earth Observation Constellation,SATELLITE,NS40,2023,11,2023-11-01,2023-11,SUB,1008423.68,690327297.27
PRG-HELIOS,Helios-3 Earth Observation Constellation,SATELLITE,NS40,2023,12,2023-12-01,2023-12,DEP,74148.28,690327297.27
PRG-HELIOS,Helios-3 Earth Observation Constellation,SATELLITE,NS40,2023,12,2023-12-01,2023-12,MAT,634163.47,690327297.27
PRG-HELIOS,Helios-3 Earth Observation Constellation,SATELLITE,NS40,2023,12,2023-12-01,2023-12,OTH,8931.92,690327297.27
PRG-HELIOS,Helios-3 Earth Observation Constellation,SATELLITE,NS40,2023,12,2023-12-01,2023-12,OVH,83689.36,690327297.27
PRG-HELIOS,Helios-3 Earth Observation Constellation,SATELLITE,NS40,2023,12,2023-12-01,2023-12,PER,87082.01,690327297.27
PRG-HELIOS,Helios-3 Earth Observation Constellation,SATELLITE,NS40,2023,12,2023-12-01,2023-12,SUB,1049636.69,690327297.27
PRG-HELIOS,Helios-3 Earth Observation Constellation,SATELLITE,NS40,2023,13,2023-12-01,2023-12,MAT,6086.34,690327297.27
PRG-HELIOS,Helios-3 Earth Observation Constellation,SATELLITE,NS40,2023,13,2023-12-01,2023-12,OTH,7302.32,690327297.27
PRG-HELIOS,Helios-3 Earth Observation Constellation,SATELLITE,NS40,2023,13,2023-12-01,2023-12,OVH,10569.76,690327297.27
PRG-HELIOS,Helios-3 Earth Observation Constellation,SATELLITE,NS40,2023,13,2023-12-01,2023-12,PER,17745.77,690327297.27
PRG-HELIOS,Helios-3 Earth Observation Constellation,SATELLITE,NS40,2023,13,2023-12-01,2023-12,SUB,73792.55,690327297.27
PRG-HELIOS,Helios-3 Earth Observation Constellation,SATELLITE,NS40,2023,14,2023-12-01,2023-12,MAT,2077.75,690327297.27
PRG-HELIOS,Helios-3 Earth Observation Constellation,SATELLITE,NS40,2023,14,2023-12-01,2023-12,OTH,5273.82,690327297.27
PRG-HELIOS,Helios-3 Earth Observation Constellation,SATELLITE,NS40,2023,14,2023-12-01,2023-12,OVH,3996.83,690327297.27
PRG-HELIOS,Helios-3 Earth Observation Constellation,SATELLITE,NS40,2023,14,2023-12-01,2023-12,PER,18164.81,690327297.27
PRG-HELIOS,Helios-3 Earth Observation Constellation,SATELLITE,NS40,2023,14,2023-12-01,2023-12,SUB,71809.23,690327297.27
PRG-HELIOS,Helios-3 Earth Observation Constellation,SATELLITE,NS40,2024,1,2024-01-01,2024-01,DEP,56798.33,690327297.27
PRG-HELIOS,Helios-3 Earth Observation Constellation,SATELLITE,NS40,2024,1,2024-01-01,2024-01,MAT,559843.72,690327297.27
PRG-HELIOS,Helios-3 Earth Observation Constellation,SATELLITE,NS40,2024,1,2024-01-01,2024-01,OTH,11458.1,690327297.27
PRG-HELIOS,Helios-3 Earth Observation Constellation,SATELLITE,NS40,2024,1,2024-01-01,2024-01,OVH,87582.82,690327297.27
PRG-HELIOS,Helios-3 Earth Observation Constellation,SATELLITE,NS40,2024,1,2024-01-01,2024-01,PER,83236.71,690327297.27
PRG-HELIOS,Helios-3 Earth Observation Constellation,SATELLITE,NS40,2024,1,2024-01-01,2024-01,SUB,987849.51,690327297.27
PRG-HELIOS,Helios-3 Earth Observation Constellation,SATELLITE,NS40,2024,2,2024-02-01,2024-02,DEP,71731.17,690327297.27
PRG-HELIOS,Helios-3 Earth Observation Constellation,SATELLITE,NS40,2024,2,2024-02-01,2024-02,MAT,747674.95,690327297.27
PRG-HELIOS,Helios-3 Earth Observation Constellation,SATELLITE,NS40,2024,2,2024-02-01,2024-02,OTH,9985.01,690327297.27
PRG-HELIOS,Helios-3 Earth Observation Constellation,SATELLITE,NS40,2024,2,2024-02-01,2024-02,OVH,67472.3,690327297.27
PRG-HELIOS,Helios-3 Earth Observation Constellation,SATELLITE,NS40,2024,2,2024-02-01,2024-02,PER,81995.74,690327297.27
PRG-HELIOS,Helios-3 Earth Observation Constellation,SATELLITE,NS40,2024,2,2024-02-01,2024-02,SUB,1158147.25,690327297.27
PRG-HELIOS,Helios-3 Earth Observation Constellation,SATELLITE,NS40,2024,3,2024-03-01,2024-03,DEP,92170.96,690327297.27
PRG-HELIOS,Helios-3 Earth Observation Constellation,SATELLITE,NS40,2024,3,2024-03-01,2024-03,MAT,610705.52,690327297.27
PRG-HELIOS,Helios-3 Earth Observation Constellation,SATELLITE,NS40,2024,3,2024-03-01,2024-03,OTH,6950.54,690327297.27
PRG-HELIOS,Helios-3 Earth Observation Constellation,SATELLITE,NS40,2024,3,2024-03-01,2024-03,OVH,103133.91,690327297.27
PRG-HELIOS,Helios-3 Earth Observation Constellation,SATELLITE,NS40,2024,3,2024-03-01,2024-03,PER,87431.96,690327297.27
PRG-HELIOS,Helios-3 Earth Observation Constellation,SATELLITE,NS40,2024,3,2024-03-01,2024-03,SUB,1227017.84,690327297.27
PRG-HELIOS,Helios-3 Earth Observation Constellation,SATELLITE,NS40,2024,4,2024-04-01,2024-04,DEP,80845.17,690327297.27
PRG-HELIOS,Helios-3 Earth Observation Constellation,SATELLITE,NS40,2024,4,2024-04-01,2024-04,MAT,748632.13,690327297.27
PRG-HELIOS,Helios-3 Earth Observation Constellation,SATELLITE,NS40,2024,4,2024-04-01,2024-04,OTH,11019.1,690327297.27
PRG-HELIOS,Helios-3 Earth Observation Constellation,SATELLITE,NS40,2024,4,2024-04-01,2024-04,OVH,74340.13,690327297.27
PRG-HELIOS,Helios-3 Earth Observation Constellation,SATELLITE,NS40,2024,4,2024-04-01,2024-04,PER,104658.09,690327297.27
PRG-HELIOS,Helios-3 Earth Observation Constellation,SATELLITE,NS40,2024,4,2024-04-01,2024-04,SUB,1109031.62,690327297.27
PRG-HELIOS,Helios-3 Earth Observation Constellation,SATELLITE,NS40,2024,5,2024-05-01,2024-05,DEP,70347.73,690327297.27
PRG-HELIOS,Helios-3 Earth Observation Constellation,SATELLITE,NS40,2024,5,2024-05-01,2024-05,MAT,656304.23,690327297.27
PRG-HELIOS,Helios-3 Earth Observation Constellation,SATELLITE,NS40,2024,5,2024-05-01,2024-05,OTH,6007.21,690327297.27
PRG-HELIOS,Helios-3 Earth Observation Constellation,SATELLITE,NS40,2024,5,2024-05-01,2024-05,OVH,100525.76,690327297.27
PRG-HELIOS,Helios-3 Earth Observation Constellation,SATELLITE,NS40,2024,5,2024-05-01,2024-05,PER,118197.81,690327297.27
PRG-HELIOS,Helios-3 Earth Observation Constellation,SATELLITE,NS40,2024,5,2024-05-01,2024-05,SUB,1073613.41,690327297.27
PRG-HELIOS,Helios-3 Earth Observation Constellation,SATELLITE,NS40,2024,6,2024-06-01,2024-06,DEP,80204.45,690327297.27
PRG-HELIOS,Helios-3 Earth Observation Constellation,SATELLITE,NS40,2024,6,2024-06-01,2024-06,MAT,775530.61,690327297.27
PRG-HELIOS,Helios-3 Earth Observation Constellation,SATELLITE,NS40,2024,6,2024-06-01,2024-06,OTH,6260.44,690327297.27
PRG-HELIOS,Helios-3 Earth Observation Constellation,SATELLITE,NS40,2024,6,2024-06-01,2024-06,OVH,78518.79,690327297.27
PRG-HELIOS,Helios-3 Earth Observation Constellation,SATELLITE,NS40,2024,6,2024-06-01,2024-06,PER,97271.16,690327297.27
PRG-HELIOS,Helios-3 Earth Observation Constellation,SATELLITE,NS40,2024,6,2024-06-01,2024-06,SUB,1345614.86,690327297.27
PRG-HELIOS,Helios-3 Earth Observation Constellation,SATELLITE,NS40,2024,7,2024-07-01,2024-07,DEP,73147.89,690327297.27
PRG-HELIOS,Helios-3 Earth Observation Constellation,SATELLITE,NS40,2024,7,2024-07-01,2024-07,MAT,577152.58,690327297.27
PRG-HELIOS,Helios-3 Earth Observation Constellation,SATELLITE,NS40,2024,7,2024-07-01,2024-07,OTH,9027.59,690327297.27
PRG-HELIOS,Helios-3 Earth Observation Constellation,SATELLITE,NS40,2024,7,2024-07-01,2024-07,OVH,91340.01,690327297.27
PRG-HELIOS,Helios-3 Earth Observation Constellation,SATELLITE,NS40,2024,7,2024-07-01,2024-07,PER,76543.27,690327297.27
PRG-HELIOS,Helios-3 Earth Observation Constellation,SATELLITE,NS40,2024,7,2024-07-01,2024-07,SUB,1145843.25,690327297.27
PRG-HELIOS,Helios-3 Earth Observation Constellation,SATELLITE,NS40,2024,8,2024-08-01,2024-08,DEP,69025.19,690327297.27
PRG-HELIOS,Helios-3 Earth Observation Constellation,SATELLITE,NS40,2024,8,2024-08-01,2024-08,MAT,852766.45,690327297.27
PRG-HELIOS,Helios-3 Earth Observation Constellation,SATELLITE,NS40,2024,8,2024-08-01,2024-08,OTH,6524.32,690327297.27
PRG-HELIOS,Helios-3 Earth Observation Constellation,SATELLITE,NS40,2024,8,2024-08-01,2024-08,OVH,77682.58,690327297.27
PRG-HELIOS,Helios-3 Earth Observation Constellation,SATELLITE,NS40,2024,8,2024-08-01,2024-08,PER,89410.34,690327297.27
PRG-HELIOS,Helios-3 Earth Observation Constellation,SATELLITE,NS40,2024,8,2024-08-01,2024-08,SUB,1074708.74,690327297.27
PRG-HELIOS,Helios-3 Earth Observation Constellation,SATELLITE,NS40,2024,9,2024-09-01,2024-09,DEP,74124.39,690327297.27
PRG-HELIOS,Helios-3 Earth Observation Constellation,SATELLITE,NS40,2024,9,2024-09-01,2024-09,MAT,740209.73,690327297.27
PRG-HELIOS,Helios-3 Earth Observation Constellation,SATELLITE,NS40,2024,9,2024-09-01,2024-09,OTH,9692.79,690327297.27
PRG-HELIOS,Helios-3 Earth Observation Constellation,SATELLITE,NS40,2024,9,2024-09-01,2024-09,OVH,75067.22,690327297.27
PRG-HELIOS,Helios-3 Earth Observation Constellation,SATELLITE,NS40,2024,9,2024-09-01,2024-09,PER,65982.11,690327297.27
PRG-HELIOS,Helios-3 Earth Observation Constellation,SATELLITE,NS40,2024,9,2024-09-01,2024-09,SUB,1084741.63,690327297.27
PRG-HELIOS,Helios-3 Earth Observation Constellation,SATELLITE,NS40,2024,10,2024-10-01,2024-10,DEP,58157.0,690327297.27
PRG-HELIOS,Helios-3 Earth Observation Constellation,SATELLITE,NS40,2024,10,2024-10-01,2024-10,MAT,628421.96,690327297.27
PRG-HELIOS,Helios-3 Earth Observation Constellation,SATELLITE,NS40,2024,10,2024-10-01,2024-10,OTH,8877.38,690327297.27
PRG-HELIOS,Helios-3 Earth Observation Constellation,SATELLITE,NS40,2024,10,2024-10-01,2024-10,OVH,62461.35,690327297.27
PRG-HELIOS,Helios-3 Earth Observation Constellation,SATELLITE,NS40,2024,10,2024-10-01,2024-10,PER,76935.67,690327297.27
PRG-HELIOS,Helios-3 Earth Observation Constellation,SATELLITE,NS40,2024,10,2024-10-01,2024-10,SUB,1148265.51,690327297.27
PRG-HELIOS,Helios-3 Earth Observation Constellation,SATELLITE,NS40,2024,11,2024-11-01,2024-11,DEP,45364.09,690327297.27
PRG-HELIOS,Helios-3 Earth Observation Constellation,SATELLITE,NS40,2024,11,2024-11-01,2024-11,MAT,783065.99,690327297.27
PRG-HELIOS,Helios-3 Earth Observation Constellation,SATELLITE,NS40,2024,11,2024-11-01,2024-11,OTH,6559.7,690327297.27
PRG-HELIOS,Helios-3 Earth Observation Constellation,SATELLITE,NS40,2024,11,2024-11-01,2024-11,OVH,86061.0,690327297.27
PRG-HELIOS,Helios-3 Earth Observation Constellation,SATELLITE,NS40,2024,11,2024-11-01,2024-11,PER,76044.29,690327297.27
PRG-HELIOS,Helios-3 Earth Observation Constellation,SATELLITE,NS40,2024,11,2024-11-01,2024-11,SUB,1373461.66,690327297.27
PRG-HELIOS,Helios-3 Earth Observation Constellation,SATELLITE,NS40,2024,12,2024-12-01,2024-12,DEP,67728.69,690327297.27
PRG-HELIOS,Helios-3 Earth Observation Constellation,SATELLITE,NS40,2024,12,2024-12-01,2024-12,MAT,727078.13,690327297.27
PRG-HELIOS,Helios-3 Earth Observation Constellation,SATELLITE,NS40,2024,12,2024-12-01,2024-12,OTH,13351.99,690327297.27
PRG-HELIOS,Helios-3 Earth Observation Constellation,SATELLITE,NS40,2024,12,2024-12-01,2024-12,OVH,82889.94,690327297.27
PRG-HELIOS,Helios-3 Earth Observation Constellation,SATELLITE,NS40,2024,12,2024-12-01,2024-12,PER,58044.45,690327297.27
PRG-HELIOS,Helios-3 Earth Observation Constellation,SATELLITE,NS40,2024,12,2024-12-01,2024-12,SUB,1000970.77,690327297.27
PRG-HELIOS,Helios-3 Earth Observation Constellation,SATELLITE,NS40,2024,13,2024-12-01,2024-12,MAT,26263.38,690327297.27
PRG-HELIOS,Helios-3 Earth Observation Constellation,SATELLITE,NS40,2024,13,2024-12-01,2024-12,OTH,14780.71,690327297.27
PRG-HELIOS,Helios-3 Earth Observation Constellation,SATELLITE,NS40,2024,13,2024-12-01,2024-12,OVH,4912.21,690327297.27
PRG-HELIOS,Helios-3 Earth Observation Constellation,SATELLITE,NS40,2024,13,2024-12-01,2024-12,PER,25461.83,690327297.27
PRG-HELIOS,Helios-3 Earth Observation Constellation,SATELLITE,NS40,2024,13,2024-12-01,2024-12,SUB,117587.81,690327297.27
PRG-HELIOS,Helios-3 Earth Observation Constellation,SATELLITE,NS40,2024,14,2024-12-01,2024-12,MAT,21983.77,690327297.27
PRG-HELIOS,Helios-3 Earth Observation Constellation,SATELLITE,NS40,2024,14,2024-12-01,2024-12,OTH,6060.07,690327297.27
PRG-HELIOS,Helios-3 Earth Observation Constellation,SATELLITE,NS40,2024,14,2024-12-01,2024-12,OVH,8081.57,690327297.27
PRG-HELIOS,Helios-3 Earth Observation Constellation,SATELLITE,NS40,2024,14,2024-12-01,2024-12,PER,16018.86,690327297.27
PRG-HELIOS,Helios-3 Earth Observation Constellation,SATELLITE,NS40,2024,14,2024-12-01,2024-12,SUB,86103.87,690327297.27
PRG-HELIOS,Helios-3 Earth Observation Constellation,SATELLITE,NS40,2025,1,2025-01-01,2025-01,DEP,74394.72,690327297.27
PRG-HELIOS,Helios-3 Earth Observation Constellation,SATELLITE,NS40,2025,1,2025-01-01,2025-01,MAT,654771.98,690327297.27
PRG-HELIOS,Helios-3 Earth Observation Constellation,SATELLITE,NS40,2025,1,2025-01-01,2025-01,OTH,8816.57,690327297.27
PRG-HELIOS,Helios-3 Earth Observation Constellation,SATELLITE,NS40,2025,1,2025-01-01,2025-01,OVH,91922.5,690327297.27
PRG-HELIOS,Helios-3 Earth Observation Constellation,SATELLITE,NS40,2025,1,2025-01-01,2025-01,PER,95363.39,690327297.27
PRG-HELIOS,Helios-3 Earth Observation Constellation,SATELLITE,NS40,2025,1,2025-01-01,2025-01,SUB,1431712.29,690327297.27
PRG-HELIOS,Helios-3 Earth Observation Constellation,SATELLITE,NS40,2025,2,2025-02-01,2025-02,DEP,69810.42,690327297.27
PRG-HELIOS,Helios-3 Earth Observation Constellation,SATELLITE,NS40,2025,2,2025-02-01,2025-02,MAT,770055.94,690327297.27
PRG-HELIOS,Helios-3 Earth Observation Constellation,SATELLITE,NS40,2025,2,2025-02-01,2025-02,OTH,7268.31,690327297.27
PRG-HELIOS,Helios-3 Earth Observation Constellation,SATELLITE,NS40,2025,2,2025-02-01,2025-02,OVH,78372.5,690327297.27
PRG-HELIOS,Helios-3 Earth Observation Constellation,SATELLITE,NS40,2025,2,2025-02-01,2025-02,PER,77778.28,690327297.27
PRG-HELIOS,Helios-3 Earth Observation Constellation,SATELLITE,NS40,2025,2,2025-02-01,2025-02,SUB,1170740.57,690327297.27
PRG-HELIOS,Helios-3 Earth Observation Constellation,SATELLITE,NS40,2025,3,2025-03-01,2025-03,DEP,84381.02,690327297.27
PRG-HELIOS,Helios-3 Earth Observation Constellation,SATELLITE,NS40,2025,3,2025-03-01,2025-03,MAT,835261.49,690327297.27
PRG-HELIOS,Helios-3 Earth Observation Constellation,SATELLITE,NS40,2025,3,2025-03-01,2025-03,OTH,9180.76,690327297.27
PRG-HELIOS,Helios-3 Earth Observation Constellation,SATELLITE,NS40,2025,3,2025-03-01,2025-03,OVH,92436.69,690327297.27
PRG-HELIOS,Helios-3 Earth Observation Constellation,SATELLITE,NS40,2025,3,2025-03-01,2025-03,PER,80807.95,690327297.27
PRG-HELIOS,Helios-3 Earth Observation Constellation,SATELLITE,NS40,2025,3,2025-03-01,2025-03,SUB,1443539.0,690327297.27
PRG-HELIOS,Helios-3 Earth Observation Constellation,SATELLITE,NS40,2025,4,2025-04-01,2025-04,DEP,101988.44,690327297.27
PRG-HELIOS,Helios-3 Earth Observation Constellation,SATELLITE,NS40,2025,4,2025-04-01,2025-04,MAT,867738.53,690327297.27
PRG-HELIOS,Helios-3 Earth Observation Constellation,SATELLITE,NS40,2025,4,2025-04-01,2025-04,OTH,15244.45,690327297.27
PRG-HELIOS,Helios-3 Earth Observation Constellation,SATELLITE,NS40,2025,4,2025-04-01,2025-04,OVH,88190.31,690327297.27
PRG-HELIOS,Helios-3 Earth Observation Constellation,SATELLITE,NS40,2025,4,2025-04-01,2025-04,PER,105567.9,690327297.27
PRG-HELIOS,Helios-3 Earth Observation Constellation,SATELLITE,NS40,2025,4,2025-04-01,2025-04,SUB,1312540.03,690327297.27
PRG-HELIOS,Helios-3 Earth Observation Constellation,SATELLITE,NS40,2025,5,2025-05-01,2025-05,DEP,64822.67,690327297.27
PRG-HELIOS,Helios-3 Earth Observation Constellation,SATELLITE,NS40,2025,5,2025-05-01,2025-05,MAT,654964.09,690327297.27
PRG-HELIOS,Helios-3 Earth Observation Constellation,SATELLITE,NS40,2025,5,2025-05-01,2025-05,OTH,3245.08,690327297.27
PRG-HELIOS,Helios-3 Earth Observation Constellation,SATELLITE,NS40,2025,5,2025-05-01,2025-05,OVH,79721.03,690327297.27
PRG-HELIOS,Helios-3 Earth Observation Constellation,SATELLITE,NS40,2025,5,2025-05-01,2025-05,PER,88412.81,690327297.27
PRG-HELIOS,Helios-3 Earth Observation Constellation,SATELLITE,NS40,2025,5,2025-05-01,2025-05,SUB,1175763.24,690327297.27
PRG-HELIOS,Helios-3 Earth Observation Constellation,SATELLITE,NS40,2025,6,2025-06-01,2025-06,DEP,71802.0,690327297.27
PRG-HELIOS,Helios-3 Earth Observation Constellation,SATELLITE,NS40,2025,6,2025-06-01,2025-06,MAT,584580.16,690327297.27
PRG-HELIOS,Helios-3 Earth Observation Constellation,SATELLITE,NS40,2025,6,2025-06-01,2025-06,OTH,7699.65,690327297.27
PRG-HELIOS,Helios-3 Earth Observation Constellation,SATELLITE,NS40,2025,6,2025-06-01,2025-06,OVH,75886.26,690327297.27
PRG-HELIOS,Helios-3 Earth Observation Constellation,SATELLITE,NS40,2025,6,2025-06-01,2025-06,PER,117052.8,690327297.27
PRG-HELIOS,Helios-3 Earth Observation Constellation,SATELLITE,NS40,2025,6,2025-06-01,2025-06,SUB,1165239.81,690327297.27
PRG-HELIOS,Helios-3 Earth Observation Constellation,SATELLITE,NS40,2025,7,2025-07-01,2025-07,DEP,61529.93,690327297.27
PRG-HELIOS,Helios-3 Earth Observation Constellation,SATELLITE,NS40,2025,7,2025-07-01,2025-07,MAT,647847.69,690327297.27
PRG-HELIOS,Helios-3 Earth Observation Constellation,SATELLITE,NS40,2025,7,2025-07-01,2025-07,OTH,6328.85,690327297.27
PRG-HELIOS,Helios-3 Earth Observation Constellation,SATELLITE,NS40,2025,7,2025-07-01,2025-07,OVH,77688.23,690327297.27
PRG-HELIOS,Helios-3 Earth Observation Constellation,SATELLITE,NS40,2025,7,2025-07-01,2025-07,PER,66976.18,690327297.27
PRG-HELIOS,Helios-3 Earth Observation Constellation,SATELLITE,NS40,2025,7,2025-07-01,2025-07,SUB,783615.43,690327297.27
PRG-HELIOS,Helios-3 Earth Observation Constellation,SATELLITE,NS40,2025,8,2025-08-01,2025-08,DEP,69817.15,690327297.27
PRG-HELIOS,Helios-3 Earth Observation Constellation,SATELLITE,NS40,2025,8,2025-08-01,2025-08,MAT,914743.82,690327297.27
PRG-HELIOS,Helios-3 Earth Observation Constellation,SATELLITE,NS40,2025,8,2025-08-01,2025-08,OTH,9122.83,690327297.27
PRG-HELIOS,Helios-3 Earth Observation Constellation,SATELLITE,NS40,2025,8,2025-08-01,2025-08,OVH,88099.0,690327297.27
PRG-HELIOS,Helios-3 Earth Observation Constellation,SATELLITE,NS40,2025,8,2025-08-01,2025-08,PER,86035.32,690327297.27
PRG-HELIOS,Helios-3 Earth Observation Constellation,SATELLITE,NS40,2025,8,2025-08-01,2025-08,SUB,1207822.95,690327297.27
PRG-HELIOS,Helios-3 Earth Observation Constellation,SATELLITE,NS40,2025,9,2025-09-01,2025-09,DEP,56784.08,690327297.27
PRG-HELIOS,Helios-3 Earth Observation Constellation,SATELLITE,NS40,2025,9,2025-09-01,2025-09,MAT,632956.74,690327297.27
PRG-HELIOS,Helios-3 Earth Observation Constellation,SATELLITE,NS40,2025,9,2025-09-01,2025-09,OTH,10559.42,690327297.27
PRG-HELIOS,Helios-3 Earth Observation Constellation,SATELLITE,NS40,2025,9,2025-09-01,2025-09,OVH,65231.11,690327297.27
PRG-HELIOS,Helios-3 Earth Observation Constellation,SATELLITE,NS40,2025,9,2025-09-01,2025-09,PER,73649.45,690327297.27
PRG-HELIOS,Helios-3 Earth Observation Constellation,SATELLITE,NS40,2025,9,2025-09-01,2025-09,SUB,997099.65,690327297.27
PRG-HELIOS,Helios-3 Earth Observation Constellation,SATELLITE,NS40,2025,10,2025-10-01,2025-10,DEP,57998.79,690327297.27
PRG-HELIOS,Helios-3 Earth Observation Constellation,SATELLITE,NS40,2025,10,2025-10-01,2025-10,MAT,678964.41,690327297.27
PRG-HELIOS,Helios-3 Earth Observation Constellation,SATELLITE,NS40,2025,10,2025-10-01,2025-10,OTH,20100.73,690327297.27
PRG-HELIOS,Helios-3 Earth Observation Constellation,SATELLITE,NS40,2025,10,2025-10-01,2025-10,OVH,87964.0,690327297.27
PRG-HELIOS,Helios-3 Earth Observation Constellation,SATELLITE,NS40,2025,10,2025-10-01,2025-10,PER,76276.52,690327297.27
PRG-HELIOS,Helios-3 Earth Observation Constellation,SATELLITE,NS40,2025,10,2025-10-01,2025-10,SUB,1251481.22,690327297.27
PRG-HELIOS,Helios-3 Earth Observation Constellation,SATELLITE,NS40,2025,11,2025-11-01,2025-11,DEP,59420.12,690327297.27
PRG-HELIOS,Helios-3 Earth Observation Constellation,SATELLITE,NS40,2025,11,2025-11-01,2025-11,MAT,731767.16,690327297.27
PRG-HELIOS,Helios-3 Earth Observation Constellation,SATELLITE,NS40,2025,11,2025-11-01,2025-11,OTH,7834.03,690327297.27
PRG-HELIOS,Helios-3 Earth Observation Constellation,SATELLITE,NS40,2025,11,2025-11-01,2025-11,OVH,83121.86,690327297.27
PRG-HELIOS,Helios-3 Earth Observation Constellation,SATELLITE,NS40,2025,11,2025-11-01,2025-11,PER,98089.32,690327297.27
PRG-HELIOS,Helios-3 Earth Observation Constellation,SATELLITE,NS40,2025,11,2025-11-01,2025-11,SUB,1057951.42,690327297.27
PRG-HELIOS,Helios-3 Earth Observation Constellation,SATELLITE,NS40,2025,12,2025-12-01,2025-12,DEP,59173.97,690327297.27
PRG-HELIOS,Helios-3 Earth Observation Constellation,SATELLITE,NS40,2025,12,2025-12-01,2025-12,MAT,829621.31,690327297.27
PRG-HELIOS,Helios-3 Earth Observation Constellation,SATELLITE,NS40,2025,12,2025-12-01,2025-12,OTH,9216.81,690327297.27
PRG-HELIOS,Helios-3 Earth Observation Constellation,SATELLITE,NS40,2025,12,2025-12-01,2025-12,OVH,86090.84,690327297.27
PRG-HELIOS,Helios-3 Earth Observation Constellation,SATELLITE,NS40,2025,12,2025-12-01,2025-12,PER,83479.99,690327297.27
PRG-HELIOS,Helios-3 Earth Observation Constellation,SATELLITE,NS40,2025,12,2025-12-01,2025-12,SUB,1270281.64,690327297.27
PRG-HELIOS,Helios-3 Earth Observation Constellation,SATELLITE,NS40,2025,13,2025-12-01,2025-12,MAT,30149.08,690327297.27
PRG-HELIOS,Helios-3 Earth Observation Constellation,SATELLITE,NS40,2025,13,2025-12-01,2025-12,OTH,17636.81,690327297.27
PRG-HELIOS,Helios-3 Earth Observation Constellation,SATELLITE,NS40,2025,13,2025-12-01,2025-12,OVH,7408.04,690327297.27
PRG-HELIOS,Helios-3 Earth Observation Constellation,SATELLITE,NS40,2025,13,2025-12-01,2025-12,PER,28774.61,690327297.27
PRG-HELIOS,Helios-3 Earth Observation Constellation,SATELLITE,NS40,2025,13,2025-12-01,2025-12,SUB,87209.0,690327297.27
PRG-HELIOS,Helios-3 Earth Observation Constellation,SATELLITE,NS40,2025,14,2025-12-01,2025-12,MAT,11639.19,690327297.27
PRG-HELIOS,Helios-3 Earth Observation Constellation,SATELLITE,NS40,2025,14,2025-12-01,2025-12,OTH,6626.2,690327297.27
PRG-HELIOS,Helios-3 Earth Observation Constellation,SATELLITE,NS40,2025,14,2025-12-01,2025-12,OVH,13121.82,690327297.27
PRG-HELIOS,Helios-3 Earth Observation Constellation,SATELLITE,NS40,2025,14,2025-12-01,2025-12,PER,13712.8,690327297.27
PRG-HELIOS,Helios-3 Earth Observation Constellation,SATELLITE,NS40,2025,14,2025-12-01,2025-12,SUB,162246.35,690327297.27
PRG-HELIOS,Helios-3 Earth Observation Constellation,SATELLITE,NS40,2026,1,2026-01-01,2026-01,DEP,68998.45,690327297.27
PRG-HELIOS,Helios-3 Earth Observation Constellation,SATELLITE,NS40,2026,1,2026-01-01,2026-01,MAT,797291.31,690327297.27
PRG-HELIOS,Helios-3 Earth Observation Constellation,SATELLITE,NS40,2026,1,2026-01-01,2026-01,OTH,7381.19,690327297.27
PRG-HELIOS,Helios-3 Earth Observation Constellation,SATELLITE,NS40,2026,1,2026-01-01,2026-01,OVH,75188.72,690327297.27
PRG-HELIOS,Helios-3 Earth Observation Constellation,SATELLITE,NS40,2026,1,2026-01-01,2026-01,PER,69476.64,690327297.27
PRG-HELIOS,Helios-3 Earth Observation Constellation,SATELLITE,NS40,2026,1,2026-01-01,2026-01,SUB,1369456.47,690327297.27
PRG-HELIOS,Helios-3 Earth Observation Constellation,SATELLITE,NS40,2026,2,2026-02-01,2026-02,DEP,65353.54,690327297.27
PRG-HELIOS,Helios-3 Earth Observation Constellation,SATELLITE,NS40,2026,2,2026-02-01,2026-02,MAT,716119.5,690327297.27
PRG-HELIOS,Helios-3 Earth Observation Constellation,SATELLITE,NS40,2026,2,2026-02-01,2026-02,OTH,16413.67,690327297.27
PRG-HELIOS,Helios-3 Earth Observation Constellation,SATELLITE,NS40,2026,2,2026-02-01,2026-02,OVH,78720.95,690327297.27
PRG-HELIOS,Helios-3 Earth Observation Constellation,SATELLITE,NS40,2026,2,2026-02-01,2026-02,PER,103940.35,690327297.27
PRG-HELIOS,Helios-3 Earth Observation Constellation,SATELLITE,NS40,2026,2,2026-02-01,2026-02,SUB,1024615.44,690327297.27
PRG-HELIOS,Helios-3 Earth Observation Constellation,SATELLITE,NS40,2026,3,2026-03-01,2026-03,DEP,55145.29,690327297.27
PRG-HELIOS,Helios-3 Earth Observation Constellation,SATELLITE,NS40,2026,3,2026-03-01,2026-03,MAT,662571.62,690327297.27
PRG-HELIOS,Helios-3 Earth Observation Constellation,SATELLITE,NS40,2026,3,2026-03-01,2026-03,OTH,1401.22,690327297.27
PRG-HELIOS,Helios-3 Earth Observation Constellation,SATELLITE,NS40,2026,3,2026-03-01,2026-03,OVH,74859.91,690327297.27
PRG-HELIOS,Helios-3 Earth Observation Constellation,SATELLITE,NS40,2026,3,2026-03-01,2026-03,PER,88428.55,690327297.27
PRG-HELIOS,Helios-3 Earth Observation Constellation,SATELLITE,NS40,2026,3,2026-03-01,2026-03,SUB,1148428.27,690327297.27
PRG-HELIOS,Helios-3 Earth Observation Constellation,SATELLITE,NS40,2026,4,2026-04-01,2026-04,DEP,74430.84,690327297.27
PRG-HELIOS,Helios-3 Earth Observation Constellation,SATELLITE,NS40,2026,4,2026-04-01,2026-04,MAT,774191.89,690327297.27
PRG-HELIOS,Helios-3 Earth Observation Constellation,SATELLITE,NS40,2026,4,2026-04-01,2026-04,OTH,12755.63,690327297.27
PRG-HELIOS,Helios-3 Earth Observation Constellation,SATELLITE,NS40,2026,4,2026-04-01,2026-04,OVH,90254.31,690327297.27
PRG-HELIOS,Helios-3 Earth Observation Constellation,SATELLITE,NS40,2026,4,2026-04-01,2026-04,PER,89084.53,690327297.27
PRG-HELIOS,Helios-3 Earth Observation Constellation,SATELLITE,NS40,2026,4,2026-04-01,2026-04,SUB,1387280.79,690327297.27
PRG-HELIOS,Helios-3 Earth Observation Constellation,SATELLITE,NS40,2026,5,2026-05-01,2026-05,DEP,61306.93,690327297.27
PRG-HELIOS,Helios-3 Earth Observation Constellation,SATELLITE,NS40,2026,5,2026-05-01,2026-05,MAT,718836.62,690327297.27
PRG-HELIOS,Helios-3 Earth Observation Constellation,SATELLITE,NS40,2026,5,2026-05-01,2026-05,OTH,4591.89,690327297.27
PRG-HELIOS,Helios-3 Earth Observation Constellation,SATELLITE,NS40,2026,5,2026-05-01,2026-05,OVH,66078.29,690327297.27
PRG-HELIOS,Helios-3 Earth Observation Constellation,SATELLITE,NS40,2026,5,2026-05-01,2026-05,PER,102088.23,690327297.27
PRG-HELIOS,Helios-3 Earth Observation Constellation,SATELLITE,NS40,2026,5,2026-05-01,2026-05,SUB,1201776.52,690327297.27
PRG-HELIOS,Helios-3 Earth Observation Constellation,SATELLITE,NS40,2026,6,2026-06-01,2026-06,DEP,72341.69,690327297.27
PRG-HELIOS,Helios-3 Earth Observation Constellation,SATELLITE,NS40,2026,6,2026-06-01,2026-06,MAT,764565.19,690327297.27
PRG-HELIOS,Helios-3 Earth Observation Constellation,SATELLITE,NS40,2026,6,2026-06-01,2026-06,OTH,9593.6,690327297.27
PRG-HELIOS,Helios-3 Earth Observation Constellation,SATELLITE,NS40,2026,6,2026-06-01,2026-06,OVH,87515.4,690327297.27
PRG-HELIOS,Helios-3 Earth Observation Constellation,SATELLITE,NS40,2026,6,2026-06-01,2026-06,PER,84233.32,690327297.27
PRG-HELIOS,Helios-3 Earth Observation Constellation,SATELLITE,NS40,2026,6,2026-06-01,2026-06,SUB,1115163.11,690327297.27
PRG-KESTREL,Kestrel Launcher Development,LAUNCHER,NS10,2023,1,2023-01-01,2023-01,DEP,29403.44,635184545.04
PRG-KESTREL,Kestrel Launcher Development,LAUNCHER,NS10,2023,1,2023-01-01,2023-01,MAT,350134.55,635184545.04
PRG-KESTREL,Kestrel Launcher Development,LAUNCHER,NS10,2023,1,2023-01-01,2023-01,OTH,1233.83,635184545.04
PRG-KESTREL,Kestrel Launcher Development,LAUNCHER,NS10,2023,1,2023-01-01,2023-01,OVH,40717.56,635184545.04
PRG-KESTREL,Kestrel Launcher Development,LAUNCHER,NS10,2023,1,2023-01-01,2023-01,PER,35464.81,635184545.04
PRG-KESTREL,Kestrel Launcher Development,LAUNCHER,NS10,2023,1,2023-01-01,2023-01,SUB,565813.78,635184545.04
PRG-KESTREL,Kestrel Launcher Development,LAUNCHER,NS10,2023,2,2023-02-01,2023-02,DEP,27147.64,635184545.04
PRG-KESTREL,Kestrel Launcher Development,LAUNCHER,NS10,2023,2,2023-02-01,2023-02,MAT,294265.39,635184545.04
PRG-KESTREL,Kestrel Launcher Development,LAUNCHER,NS10,2023,2,2023-02-01,2023-02,OTH,6510.72,635184545.04
PRG-KESTREL,Kestrel Launcher Development,LAUNCHER,NS10,2023,2,2023-02-01,2023-02,OVH,36469.16,635184545.04
PRG-KESTREL,Kestrel Launcher Development,LAUNCHER,NS10,2023,2,2023-02-01,2023-02,PER,50162.63,635184545.04
PRG-KESTREL,Kestrel Launcher Development,LAUNCHER,NS10,2023,2,2023-02-01,2023-02,SUB,643045.91,635184545.04
PRG-KESTREL,Kestrel Launcher Development,LAUNCHER,NS10,2023,3,2023-03-01,2023-03,DEP,22976.66,635184545.04
PRG-KESTREL,Kestrel Launcher Development,LAUNCHER,NS10,2023,3,2023-03-01,2023-03,MAT,369809.68,635184545.04
PRG-KESTREL,Kestrel Launcher Development,LAUNCHER,NS10,2023,3,2023-03-01,2023-03,OTH,3202.92,635184545.04
PRG-KESTREL,Kestrel Launcher Development,LAUNCHER,NS10,2023,3,2023-03-01,2023-03,OVH,58036.32,635184545.04
PRG-KESTREL,Kestrel Launcher Development,LAUNCHER,NS10,2023,3,2023-03-01,2023-03,PER,58053.12,635184545.04
PRG-KESTREL,Kestrel Launcher Development,LAUNCHER,NS10,2023,3,2023-03-01,2023-03,SUB,653984.82,635184545.04
PRG-KESTREL,Kestrel Launcher Development,LAUNCHER,NS10,2023,4,2023-04-01,2023-04,DEP,25802.07,635184545.04
PRG-KESTREL,Kestrel Launcher Development,LAUNCHER,NS10,2023,4,2023-04-01,2023-04,MAT,328835.12,635184545.04
PRG-KESTREL,Kestrel Launcher Development,LAUNCHER,NS10,2023,4,2023-04-01,2023-04,OTH,11084.75,635184545.04
PRG-KESTREL,Kestrel Launcher Development,LAUNCHER,NS10,2023,4,2023-04-01,2023-04,OVH,39118.04,635184545.04
PRG-KESTREL,Kestrel Launcher Development,LAUNCHER,NS10,2023,4,2023-04-01,2023-04,PER,42131.02,635184545.04
PRG-KESTREL,Kestrel Launcher Development,LAUNCHER,NS10,2023,4,2023-04-01,2023-04,SUB,587187.32,635184545.04
PRG-KESTREL,Kestrel Launcher Development,LAUNCHER,NS10,2023,5,2023-05-01,2023-05,DEP,41560.14,635184545.04
PRG-KESTREL,Kestrel Launcher Development,LAUNCHER,NS10,2023,5,2023-05-01,2023-05,MAT,376311.45,635184545.04
PRG-KESTREL,Kestrel Launcher Development,LAUNCHER,NS10,2023,5,2023-05-01,2023-05,OTH,-2131.98,635184545.04
PRG-KESTREL,Kestrel Launcher Development,LAUNCHER,NS10,2023,5,2023-05-01,2023-05,OVH,37175.49,635184545.04
PRG-KESTREL,Kestrel Launcher Development,LAUNCHER,NS10,2023,5,2023-05-01,2023-05,PER,31055.89,635184545.04
PRG-KESTREL,Kestrel Launcher Development,LAUNCHER,NS10,2023,5,2023-05-01,2023-05,SUB,679945.2,635184545.04
PRG-KESTREL,Kestrel Launcher Development,LAUNCHER,NS10,2023,6,2023-06-01,2023-06,DEP,27994.03,635184545.04
PRG-KESTREL,Kestrel Launcher Development,LAUNCHER,NS10,2023,6,2023-06-01,2023-06,MAT,318471.18,635184545.04
PRG-KESTREL,Kestrel Launcher Development,LAUNCHER,NS10,2023,6,2023-06-01,2023-06,OTH,2441.23,635184545.04
PRG-KESTREL,Kestrel Launcher Development,LAUNCHER,NS10,2023,6,2023-06-01,2023-06,OVH,34984.33,635184545.04
PRG-KESTREL,Kestrel Launcher Development,LAUNCHER,NS10,2023,6,2023-06-01,2023-06,PER,25968.78,635184545.04
PRG-KESTREL,Kestrel Launcher Development,LAUNCHER,NS10,2023,6,2023-06-01,2023-06,SUB,725628.9,635184545.04
PRG-KESTREL,Kestrel Launcher Development,LAUNCHER,NS10,2023,7,2023-07-01,2023-07,DEP,59436.21,635184545.04
PRG-KESTREL,Kestrel Launcher Development,LAUNCHER,NS10,2023,7,2023-07-01,2023-07,MAT,365535.11,635184545.04
PRG-KESTREL,Kestrel Launcher Development,LAUNCHER,NS10,2023,7,2023-07-01,2023-07,OTH,5707.14,635184545.04
PRG-KESTREL,Kestrel Launcher Development,LAUNCHER,NS10,2023,7,2023-07-01,2023-07,OVH,48069.63,635184545.04
PRG-KESTREL,Kestrel Launcher Development,LAUNCHER,NS10,2023,7,2023-07-01,2023-07,PER,56658.22,635184545.04
PRG-KESTREL,Kestrel Launcher Development,LAUNCHER,NS10,2023,7,2023-07-01,2023-07,SUB,571551.1,635184545.04
PRG-KESTREL,Kestrel Launcher Development,LAUNCHER,NS10,2023,8,2023-08-01,2023-08,DEP,37584.95,635184545.04
PRG-KESTREL,Kestrel Launcher Development,LAUNCHER,NS10,2023,8,2023-08-01,2023-08,MAT,334395.28,635184545.04
PRG-KESTREL,Kestrel Launcher Development,LAUNCHER,NS10,2023,8,2023-08-01,2023-08,OTH,5985.18,635184545.04
PRG-KESTREL,Kestrel Launcher Development,LAUNCHER,NS10,2023,8,2023-08-01,2023-08,OVH,58354.02,635184545.04
PRG-KESTREL,Kestrel Launcher Development,LAUNCHER,NS10,2023,8,2023-08-01,2023-08,PER,40562.77,635184545.04
PRG-KESTREL,Kestrel Launcher Development,LAUNCHER,NS10,2023,8,2023-08-01,2023-08,SUB,631080.19,635184545.04
PRG-KESTREL,Kestrel Launcher Development,LAUNCHER,NS10,2023,9,2023-09-01,2023-09,DEP,55553.19,635184545.04
PRG-KESTREL,Kestrel Launcher Development,LAUNCHER,NS10,2023,9,2023-09-01,2023-09,MAT,379281.96,635184545.04
PRG-KESTREL,Kestrel Launcher Development,LAUNCHER,NS10,2023,9,2023-09-01,2023-09,OTH,3115.48,635184545.04
PRG-KESTREL,Kestrel Launcher Development,LAUNCHER,NS10,2023,9,2023-09-01,2023-09,OVH,53630.75,635184545.04
PRG-KESTREL,Kestrel Launcher Development,LAUNCHER,NS10,2023,9,2023-09-01,2023-09,PER,58376.78,635184545.04
PRG-KESTREL,Kestrel Launcher Development,LAUNCHER,NS10,2023,9,2023-09-01,2023-09,SUB,700799.01,635184545.04
PRG-KESTREL,Kestrel Launcher Development,LAUNCHER,NS10,2023,10,2023-10-01,2023-10,DEP,24401.12,635184545.04
PRG-KESTREL,Kestrel Launcher Development,LAUNCHER,NS10,2023,10,2023-10-01,2023-10,MAT,429604.23,635184545.04
PRG-KESTREL,Kestrel Launcher Development,LAUNCHER,NS10,2023,10,2023-10-01,2023-10,OTH,7095.99,635184545.04
PRG-KESTREL,Kestrel Launcher Development,LAUNCHER,NS10,2023,10,2023-10-01,2023-10,OVH,58526.36,635184545.04
PRG-KESTREL,Kestrel Launcher Development,LAUNCHER,NS10,2023,10,2023-10-01,2023-10,PER,60135.66,635184545.04
PRG-KESTREL,Kestrel Launcher Development,LAUNCHER,NS10,2023,10,2023-10-01,2023-10,SUB,742192.49,635184545.04
PRG-KESTREL,Kestrel Launcher Development,LAUNCHER,NS10,2023,11,2023-11-01,2023-11,DEP,18166.72,635184545.04
PRG-KESTREL,Kestrel Launcher Development,LAUNCHER,NS10,2023,11,2023-11-01,2023-11,MAT,322083.09,635184545.04
PRG-KESTREL,Kestrel Launcher Development,LAUNCHER,NS10,2023,11,2023-11-01,2023-11,OTH,559.5,635184545.04
PRG-KESTREL,Kestrel Launcher Development,LAUNCHER,NS10,2023,11,2023-11-01,2023-11,OVH,39061.84,635184545.04
PRG-KESTREL,Kestrel Launcher Development,LAUNCHER,NS10,2023,11,2023-11-01,2023-11,PER,32154.14,635184545.04
PRG-KESTREL,Kestrel Launcher Development,LAUNCHER,NS10,2023,11,2023-11-01,2023-11,SUB,421015.89,635184545.04
PRG-KESTREL,Kestrel Launcher Development,LAUNCHER,NS10,2023,12,2023-12-01,2023-12,DEP,29654.52,635184545.04
PRG-KESTREL,Kestrel Launcher Development,LAUNCHER,NS10,2023,12,2023-12-01,2023-12,MAT,309707.3,635184545.04
PRG-KESTREL,Kestrel Launcher Development,LAUNCHER,NS10,2023,12,2023-12-01,2023-12,OTH,4987.06,635184545.04
PRG-KESTREL,Kestrel Launcher Development,LAUNCHER,NS10,2023,12,2023-12-01,2023-12,OVH,58038.0,635184545.04
PRG-KESTREL,Kestrel Launcher Development,LAUNCHER,NS10,2023,12,2023-12-01,2023-12,PER,45884.73,635184545.04
PRG-KESTREL,Kestrel Launcher Development,LAUNCHER,NS10,2023,12,2023-12-01,2023-12,SUB,714502.12,635184545.04
PRG-KESTREL,Kestrel Launcher Development,LAUNCHER,NS10,2023,13,2023-12-01,2023-12,MAT,4612.65,635184545.04
PRG-KESTREL,Kestrel Launcher Development,LAUNCHER,NS10,2023,13,2023-12-01,2023-12,OTH,9543.32,635184545.04
PRG-KESTREL,Kestrel Launcher Development,LAUNCHER,NS10,2023,13,2023-12-01,2023-12,OVH,2436.74,635184545.04
PRG-KESTREL,Kestrel Launcher Development,LAUNCHER,NS10,2023,13,2023-12-01,2023-12,PER,9613.55,635184545.04
PRG-KESTREL,Kestrel Launcher Development,LAUNCHER,NS10,2023,13,2023-12-01,2023-12,SUB,31005.31,635184545.04
PRG-KESTREL,Kestrel Launcher Development,LAUNCHER,NS10,2023,14,2023-12-01,2023-12,MAT,10736.51,635184545.04
PRG-KESTREL,Kestrel Launcher Development,LAUNCHER,NS10,2023,14,2023-12-01,2023-12,OTH,2847.7,635184545.04
PRG-KESTREL,Kestrel Launcher Development,LAUNCHER,NS10,2023,14,2023-12-01,2023-12,OVH,4763.01,635184545.04
PRG-KESTREL,Kestrel Launcher Development,LAUNCHER,NS10,2023,14,2023-12-01,2023-12,PER,13404.72,635184545.04
PRG-KESTREL,Kestrel Launcher Development,LAUNCHER,NS10,2023,14,2023-12-01,2023-12,SUB,79095.03,635184545.04
PRG-KESTREL,Kestrel Launcher Development,LAUNCHER,NS10,2024,1,2024-01-01,2024-01,DEP,59846.22,635184545.04
PRG-KESTREL,Kestrel Launcher Development,LAUNCHER,NS10,2024,1,2024-01-01,2024-01,MAT,305304.13,635184545.04
PRG-KESTREL,Kestrel Launcher Development,LAUNCHER,NS10,2024,1,2024-01-01,2024-01,OTH,3398.14,635184545.04
PRG-KESTREL,Kestrel Launcher Development,LAUNCHER,NS10,2024,1,2024-01-01,2024-01,OVH,51418.1,635184545.04
PRG-KESTREL,Kestrel Launcher Development,LAUNCHER,NS10,2024,1,2024-01-01,2024-01,PER,33105.08,635184545.04
PRG-KESTREL,Kestrel Launcher Development,LAUNCHER,NS10,2024,1,2024-01-01,2024-01,SUB,639890.54,635184545.04
PRG-KESTREL,Kestrel Launcher Development,LAUNCHER,NS10,2024,2,2024-02-01,2024-02,DEP,50173.53,635184545.04
PRG-KESTREL,Kestrel Launcher Development,LAUNCHER,NS10,2024,2,2024-02-01,2024-02,MAT,421780.68,635184545.04
PRG-KESTREL,Kestrel Launcher Development,LAUNCHER,NS10,2024,2,2024-02-01,2024-02,OTH,3219.01,635184545.04
PRG-KESTREL,Kestrel Launcher Development,LAUNCHER,NS10,2024,2,2024-02-01,2024-02,OVH,29761.77,635184545.04
PRG-KESTREL,Kestrel Launcher Development,LAUNCHER,NS10,2024,2,2024-02-01,2024-02,PER,30795.38,635184545.04
PRG-KESTREL,Kestrel Launcher Development,LAUNCHER,NS10,2024,2,2024-02-01,2024-02,SUB,635974.31,635184545.04
PRG-KESTREL,Kestrel Launcher Development,LAUNCHER,NS10,2024,3,2024-03-01,2024-03,DEP,26306.58,635184545.04
PRG-KESTREL,Kestrel Launcher Development,LAUNCHER,NS10,2024,3,2024-03-01,2024-03,MAT,354165.93,635184545.04
PRG-KESTREL,Kestrel Launcher Development,LAUNCHER,NS10,2024,3,2024-03-01,2024-03,OTH,3249.39,635184545.04
PRG-KESTREL,Kestrel Launcher Development,LAUNCHER,NS10,2024,3,2024-03-01,2024-03,OVH,55017.13,635184545.04
PRG-KESTREL,Kestrel Launcher Development,LAUNCHER,NS10,2024,3,2024-03-01,2024-03,PER,32437.81,635184545.04
PRG-KESTREL,Kestrel Launcher Development,LAUNCHER,NS10,2024,3,2024-03-01,2024-03,SUB,538794.03,635184545.04
PRG-KESTREL,Kestrel Launcher Development,LAUNCHER,NS10,2024,4,2024-04-01,2024-04,DEP,34351.46,635184545.04
PRG-KESTREL,Kestrel Launcher Development,LAUNCHER,NS10,2024,4,2024-04-01,2024-04,MAT,393161.78,635184545.04
PRG-KESTREL,Kestrel Launcher Development,LAUNCHER,NS10,2024,4,2024-04-01,2024-04,OTH,6666.23,635184545.04
PRG-KESTREL,Kestrel Launcher Development,LAUNCHER,NS10,2024,4,2024-04-01,2024-04,OVH,43807.37,635184545.04
PRG-KESTREL,Kestrel Launcher Development,LAUNCHER,NS10,2024,4,2024-04-01,2024-04,PER,60037.02,635184545.04
PRG-KESTREL,Kestrel Launcher Development,LAUNCHER,NS10,2024,4,2024-04-01,2024-04,SUB,583767.31,635184545.04
PRG-KESTREL,Kestrel Launcher Development,LAUNCHER,NS10,2024,5,2024-05-01,2024-05,DEP,36141.52,635184545.04
PRG-KESTREL,Kestrel Launcher Development,LAUNCHER,NS10,2024,5,2024-05-01,2024-05,MAT,369017.46,635184545.04
PRG-KESTREL,Kestrel Launcher Development,LAUNCHER,NS10,2024,5,2024-05-01,2024-05,OTH,2058.63,635184545.04
PRG-KESTREL,Kestrel Launcher Development,LAUNCHER,NS10,2024,5,2024-05-01,2024-05,OVH,46197.44,635184545.04
PRG-KESTREL,Kestrel Launcher Development,LAUNCHER,NS10,2024,5,2024-05-01,2024-05,PER,63700.29,635184545.04
PRG-KESTREL,Kestrel Launcher Development,LAUNCHER,NS10,2024,5,2024-05-01,2024-05,SUB,508014.47,635184545.04
PRG-KESTREL,Kestrel Launcher Development,LAUNCHER,NS10,2024,6,2024-06-01,2024-06,DEP,45653.59,635184545.04
PRG-KESTREL,Kestrel Launcher Development,LAUNCHER,NS10,2024,6,2024-06-01,2024-06,MAT,322499.69,635184545.04
PRG-KESTREL,Kestrel Launcher Development,LAUNCHER,NS10,2024,6,2024-06-01,2024-06,OTH,9722.66,635184545.04
PRG-KESTREL,Kestrel Launcher Development,LAUNCHER,NS10,2024,6,2024-06-01,2024-06,OVH,39386.29,635184545.04
PRG-KESTREL,Kestrel Launcher Development,LAUNCHER,NS10,2024,6,2024-06-01,2024-06,PER,29486.28,635184545.04
PRG-KESTREL,Kestrel Launcher Development,LAUNCHER,NS10,2024,6,2024-06-01,2024-06,SUB,461694.24,635184545.04
PRG-KESTREL,Kestrel Launcher Development,LAUNCHER,NS10,2024,7,2024-07-01,2024-07,DEP,38228.59,635184545.04
PRG-KESTREL,Kestrel Launcher Development,LAUNCHER,NS10,2024,7,2024-07-01,2024-07,MAT,448090.37,635184545.04
PRG-KESTREL,Kestrel Launcher Development,LAUNCHER,NS10,2024,7,2024-07-01,2024-07,OTH,3165.47,635184545.04
PRG-KESTREL,Kestrel Launcher Development,LAUNCHER,NS10,2024,7,2024-07-01,2024-07,OVH,41932.9,635184545.04
PRG-KESTREL,Kestrel Launcher Development,LAUNCHER,NS10,2024,7,2024-07-01,2024-07,PER,24986.25,635184545.04
PRG-KESTREL,Kestrel Launcher Development,LAUNCHER,NS10,2024,7,2024-07-01,2024-07,SUB,573830.84,635184545.04
PRG-KESTREL,Kestrel Launcher Development,LAUNCHER,NS10,2024,8,2024-08-01,2024-08,DEP,22372.14,635184545.04
PRG-KESTREL,Kestrel Launcher Development,LAUNCHER,NS10,2024,8,2024-08-01,2024-08,MAT,408039.9,635184545.04
PRG-KESTREL,Kestrel Launcher Development,LAUNCHER,NS10,2024,8,2024-08-01,2024-08,OTH,9875.01,635184545.04
PRG-KESTREL,Kestrel Launcher Development,LAUNCHER,NS10,2024,8,2024-08-01,2024-08,OVH,44760.06,635184545.04
PRG-KESTREL,Kestrel Launcher Development,LAUNCHER,NS10,2024,8,2024-08-01,2024-08,PER,42002.89,635184545.04
PRG-KESTREL,Kestrel Launcher Development,LAUNCHER,NS10,2024,8,2024-08-01,2024-08,SUB,592084.82,635184545.04
PRG-KESTREL,Kestrel Launcher Development,LAUNCHER,NS10,2024,9,2024-09-01,2024-09,DEP,45740.14,635184545.04
PRG-KESTREL,Kestrel Launcher Development,LAUNCHER,NS10,2024,9,2024-09-01,2024-09,MAT,318006.71,635184545.04
PRG-KESTREL,Kestrel Launcher Development,LAUNCHER,NS10,2024,9,2024-09-01,2024-09,OTH,2511.96,635184545.04
PRG-KESTREL,Kestrel Launcher Development,LAUNCHER,NS10,2024,9,2024-09-01,2024-09,OVH,37456.49,635184545.04
PRG-KESTREL,Kestrel Launcher Development,LAUNCHER,NS10,2024,9,2024-09-01,2024-09,PER,34878.92,635184545.04
PRG-KESTREL,Kestrel Launcher Development,LAUNCHER,NS10,2024,9,2024-09-01,2024-09,SUB,629192.56,635184545.04
PRG-KESTREL,Kestrel Launcher Development,LAUNCHER,NS10,2024,10,2024-10-01,2024-10,DEP,38281.24,635184545.04
PRG-KESTREL,Kestrel Launcher Development,LAUNCHER,NS10,2024,10,2024-10-01,2024-10,MAT,371897.06,635184545.04
PRG-KESTREL,Kestrel Launcher Development,LAUNCHER,NS10,2024,10,2024-10-01,2024-10,OTH,535.25,635184545.04
PRG-KESTREL,Kestrel Launcher Development,LAUNCHER,NS10,2024,10,2024-10-01,2024-10,OVH,36989.61,635184545.04
PRG-KESTREL,Kestrel Launcher Development,LAUNCHER,NS10,2024,10,2024-10-01,2024-10,PER,42781.85,635184545.04
PRG-KESTREL,Kestrel Launcher Development,LAUNCHER,NS10,2024,10,2024-10-01,2024-10,SUB,586716.34,635184545.04
PRG-KESTREL,Kestrel Launcher Development,LAUNCHER,NS10,2024,11,2024-11-01,2024-11,DEP,41864.4,635184545.04
PRG-KESTREL,Kestrel Launcher Development,LAUNCHER,NS10,2024,11,2024-11-01,2024-11,MAT,370546.02,635184545.04
PRG-KESTREL,Kestrel Launcher Development,LAUNCHER,NS10,2024,11,2024-11-01,2024-11,OTH,5573.18,635184545.04
PRG-KESTREL,Kestrel Launcher Development,LAUNCHER,NS10,2024,11,2024-11-01,2024-11,OVH,36410.7,635184545.04
PRG-KESTREL,Kestrel Launcher Development,LAUNCHER,NS10,2024,11,2024-11-01,2024-11,PER,64768.63,635184545.04
PRG-KESTREL,Kestrel Launcher Development,LAUNCHER,NS10,2024,11,2024-11-01,2024-11,SUB,743012.08,635184545.04
PRG-KESTREL,Kestrel Launcher Development,LAUNCHER,NS10,2024,12,2024-12-01,2024-12,DEP,27749.18,635184545.04
PRG-KESTREL,Kestrel Launcher Development,LAUNCHER,NS10,2024,12,2024-12-01,2024-12,MAT,311627.04,635184545.04
PRG-KESTREL,Kestrel Launcher Development,LAUNCHER,NS10,2024,12,2024-12-01,2024-12,OTH,1176.35,635184545.04
PRG-KESTREL,Kestrel Launcher Development,LAUNCHER,NS10,2024,12,2024-12-01,2024-12,OVH,40470.99,635184545.04
PRG-KESTREL,Kestrel Launcher Development,LAUNCHER,NS10,2024,12,2024-12-01,2024-12,PER,43736.33,635184545.04
PRG-KESTREL,Kestrel Launcher Development,LAUNCHER,NS10,2024,12,2024-12-01,2024-12,SUB,674247.42,635184545.04
PRG-KESTREL,Kestrel Launcher Development,LAUNCHER,NS10,2024,13,2024-12-01,2024-12,MAT,12143.16,635184545.04
PRG-KESTREL,Kestrel Launcher Development,LAUNCHER,NS10,2024,13,2024-12-01,2024-12,OTH,8063.51,635184545.04
PRG-KESTREL,Kestrel Launcher Development,LAUNCHER,NS10,2024,13,2024-12-01,2024-12,OVH,1404.26,635184545.04
PRG-KESTREL,Kestrel Launcher Development,LAUNCHER,NS10,2024,13,2024-12-01,2024-12,PER,13982.79,635184545.04
PRG-KESTREL,Kestrel Launcher Development,LAUNCHER,NS10,2024,13,2024-12-01,2024-12,SUB,16454.01,635184545.04
PRG-KESTREL,Kestrel Launcher Development,LAUNCHER,NS10,2024,14,2024-12-01,2024-12,MAT,26993.39,635184545.04
PRG-KESTREL,Kestrel Launcher Development,LAUNCHER,NS10,2024,14,2024-12-01,2024-12,OTH,3019.61,635184545.04
PRG-KESTREL,Kestrel Launcher Development,LAUNCHER,NS10,2024,14,2024-12-01,2024-12,OVH,4045.41,635184545.04
PRG-KESTREL,Kestrel Launcher Development,LAUNCHER,NS10,2024,14,2024-12-01,2024-12,PER,7891.36,635184545.04
PRG-KESTREL,Kestrel Launcher Development,LAUNCHER,NS10,2024,14,2024-12-01,2024-12,SUB,63584.3,635184545.04
PRG-KESTREL,Kestrel Launcher Development,LAUNCHER,NS10,2025,1,2025-01-01,2025-01,DEP,44649.38,635184545.04
PRG-KESTREL,Kestrel Launcher Development,LAUNCHER,NS10,2025,1,2025-01-01,2025-01,MAT,431769.82,635184545.04
PRG-KESTREL,Kestrel Launcher Development,LAUNCHER,NS10,2025,1,2025-01-01,2025-01,OTH,14088.74,635184545.04
PRG-KESTREL,Kestrel Launcher Development,LAUNCHER,NS10,2025,1,2025-01-01,2025-01,OVH,46239.39,635184545.04
PRG-KESTREL,Kestrel Launcher Development,LAUNCHER,NS10,2025,1,2025-01-01,2025-01,PER,56268.01,635184545.04
PRG-KESTREL,Kestrel Launcher Development,LAUNCHER,NS10,2025,1,2025-01-01,2025-01,SUB,785180.18,635184545.04
PRG-KESTREL,Kestrel Launcher Development,LAUNCHER,NS10,2025,2,2025-02-01,2025-02,DEP,57442.76,635184545.04
PRG-KESTREL,Kestrel Launcher Development,LAUNCHER,NS10,2025,2,2025-02-01,2025-02,MAT,361595.48,635184545.04
PRG-KESTREL,Kestrel Launcher Development,LAUNCHER,NS10,2025,2,2025-02-01,2025-02,OTH,8716.2,635184545.04
PRG-KESTREL,Kestrel Launcher Development,LAUNCHER,NS10,2025,2,2025-02-01,2025-02,OVH,55290.8,635184545.04
PRG-KESTREL,Kestrel Launcher Development,LAUNCHER,NS10,2025,2,2025-02-01,2025-02,PER,55332.55,635184545.04
PRG-KESTREL,Kestrel Launcher Development,LAUNCHER,NS10,2025,2,2025-02-01,2025-02,SUB,856412.35,635184545.04
PRG-KESTREL,Kestrel Launcher Development,LAUNCHER,NS10,2025,3,2025-03-01,2025-03,DEP,35161.21,635184545.04
PRG-KESTREL,Kestrel Launcher Development,LAUNCHER,NS10,2025,3,2025-03-01,2025-03,MAT,431068.83,635184545.04
PRG-KESTREL,Kestrel Launcher Development,LAUNCHER,NS10,2025,3,2025-03-01,2025-03,OTH,10391.88,635184545.04
PRG-KESTREL,Kestrel Launcher Development,LAUNCHER,NS10,2025,3,2025-03-01,2025-03,OVH,41149.67,635184545.04
PRG-KESTREL,Kestrel Launcher Development,LAUNCHER,NS10,2025,3,2025-03-01,2025-03,PER,58985.34,635184545.04
PRG-KESTREL,Kestrel Launcher Development,LAUNCHER,NS10,2025,3,2025-03-01,2025-03,SUB,626680.85,635184545.04
PRG-KESTREL,Kestrel Launcher Development,LAUNCHER,NS10,2025,4,2025-04-01,2025-04,DEP,32655.16,635184545.04
PRG-KESTREL,Kestrel Launcher Development,LAUNCHER,NS10,2025,4,2025-04-01,2025-04,MAT,439345.82,635184545.04
PRG-KESTREL,Kestrel Launcher Development,LAUNCHER,NS10,2025,4,2025-04-01,2025-04,OTH,3770.62,635184545.04
PRG-KESTREL,Kestrel Launcher Development,LAUNCHER,NS10,2025,4,2025-04-01,2025-04,OVH,44614.07,635184545.04
PRG-KESTREL,Kestrel Launcher Development,LAUNCHER,NS10,2025,4,2025-04-01,2025-04,PER,63161.79,635184545.04
PRG-KESTREL,Kestrel Launcher Development,LAUNCHER,NS10,2025,4,2025-04-01,2025-04,SUB,714815.47,635184545.04
PRG-KESTREL,Kestrel Launcher Development,LAUNCHER,NS10,2025,5,2025-05-01,2025-05,DEP,36007.34,635184545.04
PRG-KESTREL,Kestrel Launcher Development,LAUNCHER,NS10,2025,5,2025-05-01,2025-05,MAT,390255.81,635184545.04
PRG-KESTREL,Kestrel Launcher Development,LAUNCHER,NS10,2025,5,2025-05-01,2025-05,OTH,2774.2,635184545.04
PRG-KESTREL,Kestrel Launcher Development,LAUNCHER,NS10,2025,5,2025-05-01,2025-05,OVH,42698.07,635184545.04
PRG-KESTREL,Kestrel Launcher Development,LAUNCHER,NS10,2025,5,2025-05-01,2025-05,PER,37049.92,635184545.04
PRG-KESTREL,Kestrel Launcher Development,LAUNCHER,NS10,2025,5,2025-05-01,2025-05,SUB,822200.63,635184545.04
PRG-KESTREL,Kestrel Launcher Development,LAUNCHER,NS10,2025,6,2025-06-01,2025-06,DEP,58957.59,635184545.04
PRG-KESTREL,Kestrel Launcher Development,LAUNCHER,NS10,2025,6,2025-06-01,2025-06,MAT,370373.98,635184545.04
PRG-KESTREL,Kestrel Launcher Development,LAUNCHER,NS10,2025,6,2025-06-01,2025-06,OTH,5065.31,635184545.04
PRG-KESTREL,Kestrel Launcher Development,LAUNCHER,NS10,2025,6,2025-06-01,2025-06,OVH,36647.95,635184545.04
PRG-KESTREL,Kestrel Launcher Development,LAUNCHER,NS10,2025,6,2025-06-01,2025-06,PER,38509.33,635184545.04
PRG-KESTREL,Kestrel Launcher Development,LAUNCHER,NS10,2025,6,2025-06-01,2025-06,SUB,628946.15,635184545.04
PRG-KESTREL,Kestrel Launcher Development,LAUNCHER,NS10,2025,7,2025-07-01,2025-07,DEP,59200.6,635184545.04
PRG-KESTREL,Kestrel Launcher Development,LAUNCHER,NS10,2025,7,2025-07-01,2025-07,MAT,380851.82,635184545.04
PRG-KESTREL,Kestrel Launcher Development,LAUNCHER,NS10,2025,7,2025-07-01,2025-07,OTH,6056.03,635184545.04
PRG-KESTREL,Kestrel Launcher Development,LAUNCHER,NS10,2025,7,2025-07-01,2025-07,OVH,36316.17,635184545.04
PRG-KESTREL,Kestrel Launcher Development,LAUNCHER,NS10,2025,7,2025-07-01,2025-07,PER,45848.9,635184545.04
PRG-KESTREL,Kestrel Launcher Development,LAUNCHER,NS10,2025,7,2025-07-01,2025-07,SUB,695720.44,635184545.04
PRG-KESTREL,Kestrel Launcher Development,LAUNCHER,NS10,2025,8,2025-08-01,2025-08,DEP,45418.94,635184545.04
PRG-KESTREL,Kestrel Launcher Development,LAUNCHER,NS10,2025,8,2025-08-01,2025-08,MAT,510575.99,635184545.04
PRG-KESTREL,Kestrel Launcher Development,LAUNCHER,NS10,2025,8,2025-08-01,2025-08,OTH,2838.81,635184545.04
PRG-KESTREL,Kestrel Launcher Development,LAUNCHER,NS10,2025,8,2025-08-01,2025-08,OVH,68885.68,635184545.04
PRG-KESTREL,Kestrel Launcher Development,LAUNCHER,NS10,2025,8,2025-08-01,2025-08,PER,80962.31,635184545.04
PRG-KESTREL,Kestrel Launcher Development,LAUNCHER,NS10,2025,8,2025-08-01,2025-08,SUB,744416.74,635184545.04
PRG-KESTREL,Kestrel Launcher Development,LAUNCHER,NS10,2025,9,2025-09-01,2025-09,DEP,41231.07,635184545.04
PRG-KESTREL,Kestrel Launcher Development,LAUNCHER,NS10,2025,9,2025-09-01,2025-09,MAT,522772.56,635184545.04
PRG-KESTREL,Kestrel Launcher Development,LAUNCHER,NS10,2025,9,2025-09-01,2025-09,OTH,3281.16,635184545.04
PRG-KESTREL,Kestrel Launcher Development,LAUNCHER,NS10,2025,9,2025-09-01,2025-09,OVH,47434.88,635184545.04
PRG-KESTREL,Kestrel Launcher Development,LAUNCHER,NS10,2025,9,2025-09-01,2025-09,PER,62419.55,635184545.04
PRG-KESTREL,Kestrel Launcher Development,LAUNCHER,NS10,2025,9,2025-09-01,2025-09,SUB,743192.24,635184545.04
PRG-KESTREL,Kestrel Launcher Development,LAUNCHER,NS10,2025,10,2025-10-01,2025-10,DEP,35616.63,635184545.04
PRG-KESTREL,Kestrel Launcher Development,LAUNCHER,NS10,2025,10,2025-10-01,2025-10,MAT,408263.24,635184545.04
PRG-KESTREL,Kestrel Launcher Development,LAUNCHER,NS10,2025,10,2025-10-01,2025-10,OTH,4410.66,635184545.04
PRG-KESTREL,Kestrel Launcher Development,LAUNCHER,NS10,2025,10,2025-10-01,2025-10,OVH,63439.76,635184545.04
PRG-KESTREL,Kestrel Launcher Development,LAUNCHER,NS10,2025,10,2025-10-01,2025-10,PER,64988.12,635184545.04
PRG-KESTREL,Kestrel Launcher Development,LAUNCHER,NS10,2025,10,2025-10-01,2025-10,SUB,795377.99,635184545.04
PRG-KESTREL,Kestrel Launcher Development,LAUNCHER,NS10,2025,11,2025-11-01,2025-11,DEP,47445.29,635184545.04
PRG-KESTREL,Kestrel Launcher Development,LAUNCHER,NS10,2025,11,2025-11-01,2025-11,MAT,558704.99,635184545.04
PRG-KESTREL,Kestrel Launcher Development,LAUNCHER,NS10,2025,11,2025-11-01,2025-11,OTH,8164.35,635184545.04
PRG-KESTREL,Kestrel Launcher Development,LAUNCHER,NS10,2025,11,2025-11-01,2025-11,OVH,54169.88,635184545.04
PRG-KESTREL,Kestrel Launcher Development,LAUNCHER,NS10,2025,11,2025-11-01,2025-11,PER,84963.25,635184545.04
PRG-KESTREL,Kestrel Launcher Development,LAUNCHER,NS10,2025,11,2025-11-01,2025-11,SUB,727534.43,635184545.04
PRG-KESTREL,Kestrel Launcher Development,LAUNCHER,NS10,2025,12,2025-12-01,2025-12,DEP,47223.9,635184545.04
PRG-KESTREL,Kestrel Launcher Development,LAUNCHER,NS10,2025,12,2025-12-01,2025-12,MAT,629170.3,635184545.04
PRG-KESTREL,Kestrel Launcher Development,LAUNCHER,NS10,2025,12,2025-12-01,2025-12,OTH,4906.6,635184545.04
PRG-KESTREL,Kestrel Launcher Development,LAUNCHER,NS10,2025,12,2025-12-01,2025-12,OVH,42674.57,635184545.04
PRG-KESTREL,Kestrel Launcher Development,LAUNCHER,NS10,2025,12,2025-12-01,2025-12,PER,52966.48,635184545.04
PRG-KESTREL,Kestrel Launcher Development,LAUNCHER,NS10,2025,12,2025-12-01,2025-12,SUB,970882.47,635184545.04
PRG-KESTREL,Kestrel Launcher Development,LAUNCHER,NS10,2025,13,2025-12-01,2025-12,MAT,7151.38,635184545.04
PRG-KESTREL,Kestrel Launcher Development,LAUNCHER,NS10,2025,13,2025-12-01,2025-12,OTH,5433.87,635184545.04
PRG-KESTREL,Kestrel Launcher Development,LAUNCHER,NS10,2025,13,2025-12-01,2025-12,OVH,4339.91,635184545.04
PRG-KESTREL,Kestrel Launcher Development,LAUNCHER,NS10,2025,13,2025-12-01,2025-12,PER,19188.22,635184545.04
PRG-KESTREL,Kestrel Launcher Development,LAUNCHER,NS10,2025,13,2025-12-01,2025-12,SUB,134582.65,635184545.04
PRG-KESTREL,Kestrel Launcher Development,LAUNCHER,NS10,2025,14,2025-12-01,2025-12,MAT,8654.37,635184545.04
PRG-KESTREL,Kestrel Launcher Development,LAUNCHER,NS10,2025,14,2025-12-01,2025-12,OTH,7240.71,635184545.04
PRG-KESTREL,Kestrel Launcher Development,LAUNCHER,NS10,2025,14,2025-12-01,2025-12,OVH,5015.61,635184545.04
PRG-KESTREL,Kestrel Launcher Development,LAUNCHER,NS10,2025,14,2025-12-01,2025-12,PER,36684.92,635184545.04
PRG-KESTREL,Kestrel Launcher Development,LAUNCHER,NS10,2025,14,2025-12-01,2025-12,SUB,203944.14,635184545.04
PRG-KESTREL,Kestrel Launcher Development,LAUNCHER,NS10,2026,1,2026-01-01,2026-01,DEP,63911.79,635184545.04
PRG-KESTREL,Kestrel Launcher Development,LAUNCHER,NS10,2026,1,2026-01-01,2026-01,MAT,572342.3,635184545.04
PRG-KESTREL,Kestrel Launcher Development,LAUNCHER,NS10,2026,1,2026-01-01,2026-01,OTH,2723.85,635184545.04
PRG-KESTREL,Kestrel Launcher Development,LAUNCHER,NS10,2026,1,2026-01-01,2026-01,OVH,70826.63,635184545.04
PRG-KESTREL,Kestrel Launcher Development,LAUNCHER,NS10,2026,1,2026-01-01,2026-01,PER,52963.1,635184545.04
PRG-KESTREL,Kestrel Launcher Development,LAUNCHER,NS10,2026,1,2026-01-01,2026-01,SUB,951199.43,635184545.04
PRG-KESTREL,Kestrel Launcher Development,LAUNCHER,NS10,2026,2,2026-02-01,2026-02,DEP,64262.41,635184545.04
PRG-KESTREL,Kestrel Launcher Development,LAUNCHER,NS10,2026,2,2026-02-01,2026-02,MAT,462650.92,635184545.04
PRG-KESTREL,Kestrel Launcher Development,LAUNCHER,NS10,2026,2,2026-02-01,2026-02,OTH,7273.71,635184545.04
PRG-KESTREL,Kestrel Launcher Development,LAUNCHER,NS10,2026,2,2026-02-01,2026-02,OVH,54502.36,635184545.04
PRG-KESTREL,Kestrel Launcher Development,LAUNCHER,NS10,2026,2,2026-02-01,2026-02,PER,83960.86,635184545.04
PRG-KESTREL,Kestrel Launcher Development,LAUNCHER,NS10,2026,2,2026-02-01,2026-02,SUB,858618.37,635184545.04
PRG-KESTREL,Kestrel Launcher Development,LAUNCHER,NS10,2026,3,2026-03-01,2026-03,DEP,38951.08,635184545.04
PRG-KESTREL,Kestrel Launcher Development,LAUNCHER,NS10,2026,3,2026-03-01,2026-03,MAT,653426.01,635184545.04
PRG-KESTREL,Kestrel Launcher Development,LAUNCHER,NS10,2026,3,2026-03-01,2026-03,OTH,17752.29,635184545.04
PRG-KESTREL,Kestrel Launcher Development,LAUNCHER,NS10,2026,3,2026-03-01,2026-03,OVH,87296.1,635184545.04
PRG-KESTREL,Kestrel Launcher Development,LAUNCHER,NS10,2026,3,2026-03-01,2026-03,PER,70566.67,635184545.04
PRG-KESTREL,Kestrel Launcher Development,LAUNCHER,NS10,2026,3,2026-03-01,2026-03,SUB,1057066.13,635184545.04
PRG-KESTREL,Kestrel Launcher Development,LAUNCHER,NS10,2026,4,2026-04-01,2026-04,DEP,73352.81,635184545.04
PRG-KESTREL,Kestrel Launcher Development,LAUNCHER,NS10,2026,4,2026-04-01,2026-04,MAT,809999.5,635184545.04
PRG-KESTREL,Kestrel Launcher Development,LAUNCHER,NS10,2026,4,2026-04-01,2026-04,OTH,10687.57,635184545.04
PRG-KESTREL,Kestrel Launcher Development,LAUNCHER,NS10,2026,4,2026-04-01,2026-04,OVH,60869.54,635184545.04
PRG-KESTREL,Kestrel Launcher Development,LAUNCHER,NS10,2026,4,2026-04-01,2026-04,PER,92969.39,635184545.04
PRG-KESTREL,Kestrel Launcher Development,LAUNCHER,NS10,2026,4,2026-04-01,2026-04,SUB,1432136.29,635184545.04
PRG-KESTREL,Kestrel Launcher Development,LAUNCHER,NS10,2026,5,2026-05-01,2026-05,DEP,62939.65,635184545.04
PRG-KESTREL,Kestrel Launcher Development,LAUNCHER,NS10,2026,5,2026-05-01,2026-05,MAT,681791.4,635184545.04
PRG-KESTREL,Kestrel Launcher Development,LAUNCHER,NS10,2026,5,2026-05-01,2026-05,OTH,6701.87,635184545.04
PRG-KESTREL,Kestrel Launcher Development,LAUNCHER,NS10,2026,5,2026-05-01,2026-05,OVH,98011.37,635184545.04
PRG-KESTREL,Kestrel Launcher Development,LAUNCHER,NS10,2026,5,2026-05-01,2026-05,PER,52495.78,635184545.04
PRG-KESTREL,Kestrel Launcher Development,LAUNCHER,NS10,2026,5,2026-05-01,2026-05,SUB,1054573.34,635184545.04
PRG-KESTREL,Kestrel Launcher Development,LAUNCHER,NS10,2026,6,2026-06-01,2026-06,DEP,44985.22,635184545.04
PRG-KESTREL,Kestrel Launcher Development,LAUNCHER,NS10,2026,6,2026-06-01,2026-06,MAT,648798.1,635184545.04
PRG-KESTREL,Kestrel Launcher Development,LAUNCHER,NS10,2026,6,2026-06-01,2026-06,OTH,4720.21,635184545.04
PRG-KESTREL,Kestrel Launcher Development,LAUNCHER,NS10,2026,6,2026-06-01,2026-06,OVH,73707.89,635184545.04
PRG-KESTREL,Kestrel Launcher Development,LAUNCHER,NS10,2026,6,2026-06-01,2026-06,PER,69591.31,635184545.04
PRG-KESTREL,Kestrel Launcher Development,LAUNCHER,NS10,2026,6,2026-06-01,2026-06,SUB,1223416.87,635184545.04
PRG-KESTREL,Kestrel Launcher Development,LAUNCHER,NS20,2023,1,2023-01-01,2023-01,DEP,177742.0,635184545.04
PRG-KESTREL,Kestrel Launcher Development,LAUNCHER,NS20,2023,1,2023-01-01,2023-01,MAT,1946019.99,635184545.04
PRG-KESTREL,Kestrel Launcher Development,LAUNCHER,NS20,2023,1,2023-01-01,2023-01,OTH,31171.03,635184545.04
PRG-KESTREL,Kestrel Launcher Development,LAUNCHER,NS20,2023,1,2023-01-01,2023-01,OVH,267164.86,635184545.04
PRG-KESTREL,Kestrel Launcher Development,LAUNCHER,NS20,2023,1,2023-01-01,2023-01,PER,234234.58,635184545.04
PRG-KESTREL,Kestrel Launcher Development,LAUNCHER,NS20,2023,1,2023-01-01,2023-01,SUB,3563697.07,635184545.04
PRG-KESTREL,Kestrel Launcher Development,LAUNCHER,NS20,2023,2,2023-02-01,2023-02,DEP,234398.37,635184545.04
PRG-KESTREL,Kestrel Launcher Development,LAUNCHER,NS20,2023,2,2023-02-01,2023-02,MAT,2024456.55,635184545.04
PRG-KESTREL,Kestrel Launcher Development,LAUNCHER,NS20,2023,2,2023-02-01,2023-02,OTH,30830.08,635184545.04
PRG-KESTREL,Kestrel Launcher Development,LAUNCHER,NS20,2023,2,2023-02-01,2023-02,OVH,262805.25,635184545.04
PRG-KESTREL,Kestrel Launcher Development,LAUNCHER,NS20,2023,2,2023-02-01,2023-02,PER,255607.36,635184545.04
PRG-KESTREL,Kestrel Launcher Development,LAUNCHER,NS20,2023,2,2023-02-01,2023-02,SUB,2846441.83,635184545.04
PRG-KESTREL,Kestrel Launcher Development,LAUNCHER,NS20,2023,3,2023-03-01,2023-03,DEP,191746.63,635184545.04
PRG-KESTREL,Kestrel Launcher Development,LAUNCHER,NS20,2023,3,2023-03-01,2023-03,MAT,1947762.9,635184545.04
PRG-KESTREL,Kestrel Launcher Development,LAUNCHER,NS20,2023,3,2023-03-01,2023-03,OTH,9209.73,635184545.04
PRG-KESTREL,Kestrel Launcher Development,LAUNCHER,NS20,2023,3,2023-03-01,2023-03,OVH,251215.68,635184545.04
PRG-KESTREL,Kestrel Launcher Development,LAUNCHER,NS20,2023,3,2023-03-01,2023-03,PER,236957.41,635184545.04
PRG-KESTREL,Kestrel Launcher Development,LAUNCHER,NS20,2023,3,2023-03-01,2023-03,SUB,3256201.28,635184545.04
PRG-KESTREL,Kestrel Launcher Development,LAUNCHER,NS20,2023,4,2023-04-01,2023-04,DEP,214220.59,635184545.04
PRG-KESTREL,Kestrel Launcher Development,LAUNCHER,NS20,2023,4,2023-04-01,2023-04,MAT,1902191.98,635184545.04
PRG-KESTREL,Kestrel Launcher Development,LAUNCHER,NS20,2023,4,2023-04-01,2023-04,OTH,22307.46,635184545.04
PRG-KESTREL,Kestrel Launcher Development,LAUNCHER,NS20,2023,4,2023-04-01,2023-04,OVH,247656.63,635184545.04
PRG-KESTREL,Kestrel Launcher Development,LAUNCHER,NS20,2023,4,2023-04-01,2023-04,PER,241152.12,635184545.04
PRG-KESTREL,Kestrel Launcher Development,LAUNCHER,NS20,2023,4,2023-04-01,2023-04,SUB,3202869.26,635184545.04
PRG-KESTREL,Kestrel Launcher Development,LAUNCHER,NS20,2023,5,2023-05-01,2023-05,DEP,226844.77,635184545.04
PRG-KESTREL,Kestrel Launcher Development,LAUNCHER,NS20,2023,5,2023-05-01,2023-05,MAT,1974091.18,635184545.04
PRG-KESTREL,Kestrel Launcher Development,LAUNCHER,NS20,2023,5,2023-05-01,2023-05,OTH,25265.52,635184545.04
PRG-KESTREL,Kestrel Launcher Development,LAUNCHER,NS20,2023,5,2023-05-01,2023-05,OVH,301699.9,635184545.04
PRG-KESTREL,Kestrel Launcher Development,LAUNCHER,NS20,2023,5,2023-05-01,2023-05,PER,247245.9,635184545.04
PRG-KESTREL,Kestrel Launcher Development,LAUNCHER,NS20,2023,5,2023-05-01,2023-05,SUB,3392756.24,635184545.04
PRG-KESTREL,Kestrel Launcher Development,LAUNCHER,NS20,2023,6,2023-06-01,2023-06,DEP,212192.6,635184545.04
PRG-KESTREL,Kestrel Launcher Development,LAUNCHER,NS20,2023,6,2023-06-01,2023-06,MAT,1872177.31,635184545.04
PRG-KESTREL,Kestrel Launcher Development,LAUNCHER,NS20,2023,6,2023-06-01,2023-06,OTH,11746.23,635184545.04
PRG-KESTREL,Kestrel Launcher Development,LAUNCHER,NS20,2023,6,2023-06-01,2023-06,OVH,259765.36,635184545.04
PRG-KESTREL,Kestrel Launcher Development,LAUNCHER,NS20,2023,6,2023-06-01,2023-06,PER,237784.47,635184545.04
PRG-KESTREL,Kestrel Launcher Development,LAUNCHER,NS20,2023,6,2023-06-01,2023-06,SUB,3127857.87,635184545.04
PRG-KESTREL,Kestrel Launcher Development,LAUNCHER,NS20,2023,7,2023-07-01,2023-07,DEP,120470.64,635184545.04
PRG-KESTREL,Kestrel Launcher Development,LAUNCHER,NS20,2023,7,2023-07-01,2023-07,MAT,1781658.85,635184545.04
PRG-KESTREL,Kestrel Launcher Development,LAUNCHER,NS20,2023,7,2023-07-01,2023-07,OTH,7794.48,635184545.04
PRG-KESTREL,Kestrel Launcher Development,LAUNCHER,NS20,2023,7,2023-07-01,2023-07,OVH,228017.29,635184545.04
PRG-KESTREL,Kestrel Launcher Development,LAUNCHER,NS20,2023,7,2023-07-01,2023-07,PER,222244.89,635184545.04
PRG-KESTREL,Kestrel Launcher Development,LAUNCHER,NS20,2023,7,2023-07-01,2023-07,SUB,2991125.14,635184545.04
PRG-KESTREL,Kestrel Launcher Development,LAUNCHER,NS20,2023,8,2023-08-01,2023-08,DEP,186368.51,635184545.04
PRG-KESTREL,Kestrel Launcher Development,LAUNCHER,NS20,2023,8,2023-08-01,2023-08,MAT,2185394.3,635184545.04
PRG-KESTREL,Kestrel Launcher Development,LAUNCHER,NS20,2023,8,2023-08-01,2023-08,OTH,40468.04,635184545.04
PRG-KESTREL,Kestrel Launcher Development,LAUNCHER,NS20,2023,8,2023-08-01,2023-08,OVH,301989.22,635184545.04
PRG-KESTREL,Kestrel Launcher Development,LAUNCHER,NS20,2023,8,2023-08-01,2023-08,PER,249560.19,635184545.04
PRG-KESTREL,Kestrel Launcher Development,LAUNCHER,NS20,2023,8,2023-08-01,2023-08,SUB,2971966.68,635184545.04
PRG-KESTREL,Kestrel Launcher Development,LAUNCHER,NS20,2023,9,2023-09-01,2023-09,DEP,169228.32,635184545.04
PRG-KESTREL,Kestrel Launcher Development,LAUNCHER,NS20,2023,9,2023-09-01,2023-09,MAT,2044554.53,635184545.04
PRG-KESTREL,Kestrel Launcher Development,LAUNCHER,NS20,2023,9,2023-09-01,2023-09,OTH,25331.86,635184545.04
PRG-KESTREL,Kestrel Launcher Development,LAUNCHER,NS20,2023,9,2023-09-01,2023-09,OVH,236847.16,635184545.04
PRG-KESTREL,Kestrel Launcher Development,LAUNCHER,NS20,2023,9,2023-09-01,2023-09,PER,294250.61,635184545.04
PRG-KESTREL,Kestrel Launcher Development,LAUNCHER,NS20,2023,9,2023-09-01,2023-09,SUB,3463321.4,635184545.04
PRG-KESTREL,Kestrel Launcher Development,LAUNCHER,NS20,2023,10,2023-10-01,2023-10,DEP,176521.72,635184545.04
PRG-KESTREL,Kestrel Launcher Development,LAUNCHER,NS20,2023,10,2023-10-01,2023-10,MAT,1656238.64,635184545.04
PRG-KESTREL,Kestrel Launcher Development,LAUNCHER,NS20,2023,10,2023-10-01,2023-10,OTH,17942.46,635184545.04
PRG-KESTREL,Kestrel Launcher Development,LAUNCHER,NS20,2023,10,2023-10-01,2023-10,OVH,220712.85,635184545.04
PRG-KESTREL,Kestrel Launcher Development,LAUNCHER,NS20,2023,10,2023-10-01,2023-10,PER,236892.85,635184545.04
PRG-KESTREL,Kestrel Launcher Development,LAUNCHER,NS20,2023,10,2023-10-01,2023-10,SUB,2898549.38,635184545.04
PRG-KESTREL,Kestrel Launcher Development,LAUNCHER,NS20,2023,11,2023-11-01,2023-11,DEP,216734.33,635184545.04
PRG-KESTREL,Kestrel Launcher Development,LAUNCHER,NS20,2023,11,2023-11-01,2023-11,MAT,1987070.51,635184545.04
PRG-KESTREL,Kestrel Launcher Development,LAUNCHER,NS20,2023,11,2023-11-01,2023-11,OTH,23647.02,635184545.04
PRG-KESTREL,Kestrel Launcher Development,LAUNCHER,NS20,2023,11,2023-11-01,2023-11,OVH,264073.34,635184545.04
PRG-KESTREL,Kestrel Launcher Development,LAUNCHER,NS20,2023,11,2023-11-01,2023-11,PER,319276.66,635184545.04
PRG-KESTREL,Kestrel Launcher Development,LAUNCHER,NS20,2023,11,2023-11-01,2023-11,SUB,3491359.76,635184545.04
PRG-KESTREL,Kestrel Launcher Development,LAUNCHER,NS20,2023,12,2023-12-01,2023-12,DEP,231995.27,635184545.04
PRG-KESTREL,Kestrel Launcher Development,LAUNCHER,NS20,2023,12,2023-12-01,2023-12,MAT,1947324.66,635184545.04
PRG-KESTREL,Kestrel Launcher Development,LAUNCHER,NS20,2023,12,2023-12-01,2023-12,OTH,17243.89,635184545.04
PRG-KESTREL,Kestrel Launcher Development,LAUNCHER,NS20,2023,12,2023-12-01,2023-12,OVH,267417.38,635184545.04
PRG-KESTREL,Kestrel Launcher Development,LAUNCHER,NS20,2023,12,2023-12-01,2023-12,PER,277902.28,635184545.04
PRG-KESTREL,Kestrel Launcher Development,LAUNCHER,NS20,2023,12,2023-12-01,2023-12,SUB,3656694.63,635184545.04
PRG-KESTREL,Kestrel Launcher Development,LAUNCHER,NS20,2023,13,2023-12-01,2023-12,MAT,57949.89,635184545.04
PRG-KESTREL,Kestrel Launcher Development,LAUNCHER,NS20,2023,13,2023-12-01,2023-12,OTH,17375.23,635184545.04
PRG-KESTREL,Kestrel Launcher Development,LAUNCHER,NS20,2023,13,2023-12-01,2023-12,OVH,20966.93,635184545.04
PRG-KESTREL,Kestrel Launcher Development,LAUNCHER,NS20,2023,13,2023-12-01,2023-12,PER,56630.62,635184545.04
PRG-KESTREL,Kestrel Launcher Development,LAUNCHER,NS20,2023,13,2023-12-01,2023-12,SUB,335678.33,635184545.04
PRG-KESTREL,Kestrel Launcher Development,LAUNCHER,NS20,2023,14,2023-12-01,2023-12,MAT,46546.46,635184545.04
PRG-KESTREL,Kestrel Launcher Development,LAUNCHER,NS20,2023,14,2023-12-01,2023-12,OTH,33053.68,635184545.04
PRG-KESTREL,Kestrel Launcher Development,LAUNCHER,NS20,2023,14,2023-12-01,2023-12,OVH,32860.27,635184545.04
PRG-KESTREL,Kestrel Launcher Development,LAUNCHER,NS20,2023,14,2023-12-01,2023-12,PER,67683.86,635184545.04
PRG-KESTREL,Kestrel Launcher Development,LAUNCHER,NS20,2023,14,2023-12-01,2023-12,SUB,295605.06,635184545.04
PRG-KESTREL,Kestrel Launcher Development,LAUNCHER,NS20,2024,1,2024-01-01,2024-01,DEP,186813.33,635184545.04
PRG-KESTREL,Kestrel Launcher Development,LAUNCHER,NS20,2024,1,2024-01-01,2024-01,MAT,2056445.9,635184545.04
PRG-KESTREL,Kestrel Launcher Development,LAUNCHER,NS20,2024,1,2024-01-01,2024-01,OTH,33895.45,635184545.04
PRG-KESTREL,Kestrel Launcher Development,LAUNCHER,NS20,2024,1,2024-01-01,2024-01,OVH,276606.14,635184545.04
PRG-KESTREL,Kestrel Launcher Development,LAUNCHER,NS20,2024,1,2024-01-01,2024-01,PER,246584.03,635184545.04
PRG-KESTREL,Kestrel Launcher Development,LAUNCHER,NS20,2024,1,2024-01-01,2024-01,SUB,3540391.75,635184545.04
PRG-KESTREL,Kestrel Launcher Development,LAUNCHER,NS20,2024,2,2024-02-01,2024-02,DEP,201281.87,635184545.04
PRG-KESTREL,Kestrel Launcher Development,LAUNCHER,NS20,2024,2,2024-02-01,2024-02,MAT,2232773.6,635184545.04
PRG-KESTREL,Kestrel Launcher Development,LAUNCHER,NS20,2024,2,2024-02-01,2024-02,OTH,26930.23,635184545.04
PRG-KESTREL,Kestrel Launcher Development,LAUNCHER,NS20,2024,2,2024-02-01,2024-02,OVH,225572.24,635184545.04
PRG-KESTREL,Kestrel Launcher Development,LAUNCHER,NS20,2024,2,2024-02-01,2024-02,PER,260093.97,635184545.04
PRG-KESTREL,Kestrel Launcher Development,LAUNCHER,NS20,2024,2,2024-02-01,2024-02,SUB,3754744.18,635184545.04
PRG-KESTREL,Kestrel Launcher Development,LAUNCHER,NS20,2024,3,2024-03-01,2024-03,DEP,233441.07,635184545.04
PRG-KESTREL,Kestrel Launcher Development,LAUNCHER,NS20,2024,3,2024-03-01,2024-03,MAT,1775056.02,635184545.04
PRG-KESTREL,Kestrel Launcher Development,LAUNCHER,NS20,2024,3,2024-03-01,2024-03,OTH,20793.69,635184545.04
PRG-KESTREL,Kestrel Launcher Development,LAUNCHER,NS20,2024,3,2024-03-01,2024-03,OVH,242988.02,635184545.04
PRG-KESTREL,Kestrel Launcher Development,LAUNCHER,NS20,2024,3,2024-03-01,2024-03,PER,249972.15,635184545.04
PRG-KESTREL,Kestrel Launcher Development,LAUNCHER,NS20,2024,3,2024-03-01,2024-03,SUB,3491899.44,635184545.04
PRG-KESTREL,Kestrel Launcher Development,LAUNCHER,NS20,2024,4,2024-04-01,2024-04,DEP,266123.35,635184545.04
PRG-KESTREL,Kestrel Launcher Development,LAUNCHER,NS20,2024,4,2024-04-01,2024-04,MAT,2249666.69,635184545.04
PRG-KESTREL,Kestrel Launcher Development,LAUNCHER,NS20,2024,4,2024-04-01,2024-04,OTH,22849.82,635184545.04
PRG-KESTREL,Kestrel Launcher Development,LAUNCHER,NS20,2024,4,2024-04-01,2024-04,OVH,284300.23,635184545.04
PRG-KESTREL,Kestrel Launcher Development,LAUNCHER,NS20,2024,4,2024-04-01,2024-04,PER,254429.1,635184545.04
PRG-KESTREL,Kestrel Launcher Development,LAUNCHER,NS20,2024,4,2024-04-01,2024-04,SUB,3536686.54,635184545.04
PRG-KESTREL,Kestrel Launcher Development,LAUNCHER,NS20,2024,5,2024-05-01,2024-05,DEP,216715.65,635184545.04
PRG-KESTREL,Kestrel Launcher Development,LAUNCHER,NS20,2024,5,2024-05-01,2024-05,MAT,1987020.35,635184545.04
PRG-KESTREL,Kestrel Launcher Development,LAUNCHER,NS20,2024,5,2024-05-01,2024-05,OTH,32403.61,635184545.04
PRG-KESTREL,Kestrel Launcher Development,LAUNCHER,NS20,2024,5,2024-05-01,2024-05,OVH,263985.17,635184545.04
PRG-KESTREL,Kestrel Launcher Development,LAUNCHER,NS20,2024,5,2024-05-01,2024-05,PER,244638.38,635184545.04
PRG-KESTREL,Kestrel Launcher Development,LAUNCHER,NS20,2024,5,2024-05-01,2024-05,SUB,3330807.58,635184545.04
PRG-KESTREL,Kestrel Launcher Development,LAUNCHER,NS20,2024,6,2024-06-01,2024-06,DEP,225269.7,635184545.04
PRG-KESTREL,Kestrel Launcher Development,LAUNCHER,NS20,2024,6,2024-06-01,2024-06,MAT,2189647.75,635184545.04
PRG-KESTREL,Kestrel Launcher Development,LAUNCHER,NS20,2024,6,2024-06-01,2024-06,OTH,28962.1,635184545.04
PRG-KESTREL,Kestrel Launcher Development,LAUNCHER,NS20,2024,6,2024-06-01,2024-06,OVH,269089.66,635184545.04
PRG-KESTREL,Kestrel Launcher Development,LAUNCHER,NS20,2024,6,2024-06-01,2024-06,PER,273721.18,635184545.04
PRG-KESTREL,Kestrel Launcher Development,LAUNCHER,NS20,2024,6,2024-06-01,2024-06,SUB,3267897.73,635184545.04
PRG-KESTREL,Kestrel Launcher Development,LAUNCHER,NS20,2024,7,2024-07-01,2024-07,DEP,203410.79,635184545.04
PRG-KESTREL,Kestrel Launcher Development,LAUNCHER,NS20,2024,7,2024-07-01,2024-07,MAT,1517533.12,635184545.04
PRG-KESTREL,Kestrel Launcher Development,LAUNCHER,NS20,2024,7,2024-07-01,2024-07,OTH,11594.26,635184545.04
PRG-KESTREL,Kestrel Launcher Development,LAUNCHER,NS20,2024,7,2024-07-01,2024-07,OVH,247825.62,635184545.04
PRG-KESTREL,Kestrel Launcher Development,LAUNCHER,NS20,2024,7,2024-07-01,2024-07,PER,229408.0,635184545.04
PRG-KESTREL,Kestrel Launcher Development,LAUNCHER,NS20,2024,7,2024-07-01,2024-07,SUB,3051629.53,635184545.04
PRG-KESTREL,Kestrel Launcher Development,LAUNCHER,NS20,2024,8,2024-08-01,2024-08,DEP,243699.72,635184545.04
PRG-KESTREL,Kestrel Launcher Development,LAUNCHER,NS20,2024,8,2024-08-01,2024-08,MAT,2037378.96,635184545.04
PRG-KESTREL,Kestrel Launcher Development,LAUNCHER,NS20,2024,8,2024-08-01,2024-08,OTH,31648.55,635184545.04
PRG-KESTREL,Kestrel Launcher Development,LAUNCHER,NS20,2024,8,2024-08-01,2024-08,OVH,298000.28,635184545.04
PRG-KESTREL,Kestrel Launcher Development,LAUNCHER,NS20,2024,8,2024-08-01,2024-08,PER,256441.87,635184545.04
PRG-KESTREL,Kestrel Launcher Development,LAUNCHER,NS20,2024,8,2024-08-01,2024-08,SUB,2975801.8,635184545.04
PRG-KESTREL,Kestrel Launcher Development,LAUNCHER,NS20,2024,9,2024-09-01,2024-09,DEP,195558.53,635184545.04
PRG-KESTREL,Kestrel Launcher Development,LAUNCHER,NS20,2024,9,2024-09-01,2024-09,MAT,1837356.01,635184545.04
PRG-KESTREL,Kestrel Launcher Development,LAUNCHER,NS20,2024,9,2024-09-01,2024-09,OTH,23111.4,635184545.04
PRG-KESTREL,Kestrel Launcher Development,LAUNCHER,NS20,2024,9,2024-09-01,2024-09,OVH,234539.44,635184545.04
PRG-KESTREL,Kestrel Launcher Development,LAUNCHER,NS20,2024,9,2024-09-01,2024-09,PER,217138.56,635184545.04
PRG-KESTREL,Kestrel Launcher Development,LAUNCHER,NS20,2024,9,2024-09-01,2024-09,SUB,2578830.79,635184545.04
PRG-KESTREL,Kestrel Launcher Development,LAUNCHER,NS20,2024,10,2024-10-01,2024-10,DEP,254011.27,635184545.04
PRG-KESTREL,Kestrel Launcher Development,LAUNCHER,NS20,2024,10,2024-10-01,2024-10,MAT,2137044.19,635184545.04
PRG-KESTREL,Kestrel Launcher Development,LAUNCHER,NS20,2024,10,2024-10-01,2024-10,OTH,35856.42,635184545.04
PRG-KESTREL,Kestrel Launcher Development,LAUNCHER,NS20,2024,10,2024-10-01,2024-10,OVH,301184.31,635184545.04
PRG-KESTREL,Kestrel Launcher Development,LAUNCHER,NS20,2024,10,2024-10-01,2024-10,PER,289606.07,635184545.04
PRG-KESTREL,Kestrel Launcher Development,LAUNCHER,NS20,2024,10,2024-10-01,2024-10,SUB,3763076.92,635184545.04
PRG-KESTREL,Kestrel Launcher Development,LAUNCHER,NS20,2024,11,2024-11-01,2024-11,DEP,179414.15,635184545.04
PRG-KESTREL,Kestrel Launcher Development,LAUNCHER,NS20,2024,11,2024-11-01,2024-11,MAT,2055350.1,635184545.04
PRG-KESTREL,Kestrel Launcher Development,LAUNCHER,NS20,2024,11,2024-11-01,2024-11,OTH,20118.36,635184545.04
PRG-KESTREL,Kestrel Launcher Development,LAUNCHER,NS20,2024,11,2024-11-01,2024-11,OVH,265344.76,635184545.04
PRG-KESTREL,Kestrel Launcher Development,LAUNCHER,NS20,2024,11,2024-11-01,2024-11,PER,250466.74,635184545.04
PRG-KESTREL,Kestrel Launcher Development,LAUNCHER,NS20,2024,11,2024-11-01,2024-11,SUB,3647253.82,635184545.04
PRG-KESTREL,Kestrel Launcher Development,LAUNCHER,NS20,2024,12,2024-12-01,2024-12,DEP,233686.32,635184545.04
PRG-KESTREL,Kestrel Launcher Development,LAUNCHER,NS20,2024,12,2024-12-01,2024-12,MAT,1883013.99,635184545.04
PRG-KESTREL,Kestrel Launcher Development,LAUNCHER,NS20,2024,12,2024-12-01,2024-12,OTH,17822.95,635184545.04
PRG-KESTREL,Kestrel Launcher Development,LAUNCHER,NS20,2024,12,2024-12-01,2024-12,OVH,269049.78,635184545.04
PRG-KESTREL,Kestrel Launcher Development,LAUNCHER,NS20,2024,12,2024-12-01,2024-12,PER,263065.57,635184545.04
PRG-KESTREL,Kestrel Launcher Development,LAUNCHER,NS20,2024,12,2024-12-01,2024-12,SUB,3598972.39,635184545.04
PRG-KESTREL,Kestrel Launcher Development,LAUNCHER,NS20,2024,13,2024-12-01,2024-12,MAT,54806.98,635184545.04
PRG-KESTREL,Kestrel Launcher Development,LAUNCHER,NS20,2024,13,2024-12-01,2024-12,OTH,32729.24,635184545.04
PRG-KESTREL,Kestrel Launcher Development,LAUNCHER,NS20,2024,13,2024-12-01,2024-12,OVH,28523.69,635184545.04
PRG-KESTREL,Kestrel Launcher Development,LAUNCHER,NS20,2024,13,2024-12-01,2024-12,PER,78874.22,635184545.04
PRG-KESTREL,Kestrel Launcher Development,LAUNCHER,NS20,2024,13,2024-12-01,2024-12,SUB,305954.52,635184545.04
PRG-KESTREL,Kestrel Launcher Development,LAUNCHER,NS20,2024,14,2024-12-01,2024-12,MAT,68069.39,635184545.04
PRG-KESTREL,Kestrel Launcher Development,LAUNCHER,NS20,2024,14,2024-12-01,2024-12,OTH,25051.83,635184545.04
PRG-KESTREL,Kestrel Launcher Development,LAUNCHER,NS20,2024,14,2024-12-01,2024-12,OVH,28525.09,635184545.04
PRG-KESTREL,Kestrel Launcher Development,LAUNCHER,NS20,2024,14,2024-12-01,2024-12,PER,62992.89,635184545.04
PRG-KESTREL,Kestrel Launcher Development,LAUNCHER,NS20,2024,14,2024-12-01,2024-12,SUB,301661.1,635184545.04
PRG-KESTREL,Kestrel Launcher Development,LAUNCHER,NS20,2025,1,2025-01-01,2025-01,DEP,238354.64,635184545.04
PRG-KESTREL,Kestrel Launcher Development,LAUNCHER,NS20,2025,1,2025-01-01,2025-01,MAT,2055531.72,635184545.04
PRG-KESTREL,Kestrel Launcher Development,LAUNCHER,NS20,2025,1,2025-01-01,2025-01,OTH,27572.26,635184545.04
PRG-KESTREL,Kestrel Launcher Development,LAUNCHER,NS20,2025,1,2025-01-01,2025-01,OVH,270650.71,635184545.04
PRG-KESTREL,Kestrel Launcher Development,LAUNCHER,NS20,2025,1,2025-01-01,2025-01,PER,225458.42,635184545.04
PRG-KESTREL,Kestrel Launcher Development,LAUNCHER,NS20,2025,1,2025-01-01,2025-01,SUB,3160614.85,635184545.04
PRG-KESTREL,Kestrel Launcher Development,LAUNCHER,NS20,2025,2,2025-02-01,2025-02,DEP,201282.62,635184545.04
PRG-KESTREL,Kestrel Launcher Development,LAUNCHER,NS20,2025,2,2025-02-01,2025-02,MAT,2004566.16,635184545.04
PRG-KESTREL,Kestrel Launcher Development,LAUNCHER,NS20,2025,2,2025-02-01,2025-02,OTH,28665.98,635184545.04
PRG-KESTREL,Kestrel Launcher Development,LAUNCHER,NS20,2025,2,2025-02-01,2025-02,OVH,265240.38,635184545.04
PRG-KESTREL,Kestrel Launcher Development,LAUNCHER,NS20,2025,2,2025-02-01,2025-02,PER,261254.31,635184545.04
PRG-KESTREL,Kestrel Launcher Development,LAUNCHER,NS20,2025,2,2025-02-01,2025-02,SUB,2980734.6,635184545.04
PRG-KESTREL,Kestrel Launcher Development,LAUNCHER,NS20,2025,3,2025-03-01,2025-03,DEP,204574.21,635184545.04
PRG-KESTREL,Kestrel Launcher Development,LAUNCHER,NS20,2025,3,2025-03-01,2025-03,MAT,1986877.57,635184545.04
PRG-KESTREL,Kestrel Launcher Development,LAUNCHER,NS20,2025,3,2025-03-01,2025-03,OTH,14150.08,635184545.04
PRG-KESTREL,Kestrel Launcher Development,LAUNCHER,NS20,2025,3,2025-03-01,2025-03,OVH,244401.54,635184545.04
PRG-KESTREL,Kestrel Launcher Development,LAUNCHER,NS20,2025,3,2025-03-01,2025-03,PER,251155.44,635184545.04
PRG-KESTREL,Kestrel Launcher Development,LAUNCHER,NS20,2025,3,2025-03-01,2025-03,SUB,3132567.04,635184545.04
PRG-KESTREL,Kestrel Launcher Development,LAUNCHER,NS20,2025,4,2025-04-01,2025-04,DEP,233926.25,635184545.04
PRG-KESTREL,Kestrel Launcher Development,LAUNCHER,NS20,2025,4,2025-04-01,2025-04,MAT,2000374.02,635184545.04
PRG-KESTREL,Kestrel Launcher Development,LAUNCHER,NS20,2025,4,2025-04-01,2025-04,OTH,29439.29,635184545.04
PRG-KESTREL,Kestrel Launcher Development,LAUNCHER,NS20,2025,4,2025-04-01,2025-04,OVH,244787.74,635184545.04
PRG-KESTREL,Kestrel Launcher Development,LAUNCHER,NS20,2025,4,2025-04-01,2025-04,PER,202685.54,635184545.04
PRG-KESTREL,Kestrel Launcher Development,LAUNCHER,NS20,2025,4,2025-04-01,2025-04,SUB,3182335.13,635184545.04
PRG-KESTREL,Kestrel Launcher Development,LAUNCHER,NS20,2025,5,2025-05-01,2025-05,DEP,197622.7,635184545.04
PRG-KESTREL,Kestrel Launcher Development,LAUNCHER,NS20,2025,5,2025-05-01,2025-05,MAT,2025621.87,635184545.04
PRG-KESTREL,Kestrel Launcher Development,LAUNCHER,NS20,2025,5,2025-05-01,2025-05,OTH,16551.91,635184545.04
PRG-KESTREL,Kestrel Launcher Development,LAUNCHER,NS20,2025,5,2025-05-01,2025-05,OVH,274203.47,635184545.04
PRG-KESTREL,Kestrel Launcher Development,LAUNCHER,NS20,2025,5,2025-05-01,2025-05,PER,242757.76,635184545.04
PRG-KESTREL,Kestrel Launcher Development,LAUNCHER,NS20,2025,5,2025-05-01,2025-05,SUB,3459869.78,635184545.04
PRG-KESTREL,Kestrel Launcher Development,LAUNCHER,NS20,2025,6,2025-06-01,2025-06,DEP,186944.4,635184545.04
PRG-KESTREL,Kestrel Launcher Development,LAUNCHER,NS20,2025,6,2025-06-01,2025-06,MAT,2180654.35,635184545.04
PRG-KESTREL,Kestrel Launcher Development,LAUNCHER,NS20,2025,6,2025-06-01,2025-06,OTH,22632.81,635184545.04
PRG-KESTREL,Kestrel Launcher Development,LAUNCHER,NS20,2025,6,2025-06-01,2025-06,OVH,271694.16,635184545.04
PRG-KESTREL,Kestrel Launcher Development,LAUNCHER,NS20,2025,6,2025-06-01,2025-06,PER,228848.5,635184545.04
PRG-KESTREL,Kestrel Launcher Development,LAUNCHER,NS20,2025,6,2025-06-01,2025-06,SUB,3627741.07,635184545.04
PRG-KESTREL,Kestrel Launcher Development,LAUNCHER,NS20,2025,7,2025-07-01,2025-07,DEP,191044.77,635184545.04
PRG-KESTREL,Kestrel Launcher Development,LAUNCHER,NS20,2025,7,2025-07-01,2025-07,MAT,2256515.5,635184545.04
PRG-KESTREL,Kestrel Launcher Development,LAUNCHER,NS20,2025,7,2025-07-01,2025-07,OTH,39790.54,635184545.04
PRG-KESTREL,Kestrel Launcher Development,LAUNCHER,NS20,2025,7,2025-07-01,2025-07,OVH,290557.05,635184545.04
PRG-KESTREL,Kestrel Launcher Development,LAUNCHER,NS20,2025,7,2025-07-01,2025-07,PER,245508.94,635184545.04
PRG-KESTREL,Kestrel Launcher Development,LAUNCHER,NS20,2025,7,2025-07-01,2025-07,SUB,3483246.9,635184545.04
PRG-KESTREL,Kestrel Launcher Development,LAUNCHER,NS20,2025,8,2025-08-01,2025-08,DEP,240972.63,635184545.04
PRG-KESTREL,Kestrel Launcher Development,LAUNCHER,NS20,2025,8,2025-08-01,2025-08,MAT,2332862.51,635184545.04
PRG-KESTREL,Kestrel Launcher Development,LAUNCHER,NS20,2025,8,2025-08-01,2025-08,OTH,23903.37,635184545.04
PRG-KESTREL,Kestrel Launcher Development,LAUNCHER,NS20,2025,8,2025-08-01,2025-08,OVH,314630.43,635184545.04
PRG-KESTREL,Kestrel Launcher Development,LAUNCHER,NS20,2025,8,2025-08-01,2025-08,PER,282365.06,635184545.04
PRG-KESTREL,Kestrel Launcher Development,LAUNCHER,NS20,2025,8,2025-08-01,2025-08,SUB,4206257.11,635184545.04
PRG-KESTREL,Kestrel Launcher Development,LAUNCHER,NS20,2025,9,2025-09-01,2025-09,DEP,282146.51,635184545.04
PRG-KESTREL,Kestrel Launcher Development,LAUNCHER,NS20,2025,9,2025-09-01,2025-09,MAT,2767728.38,635184545.04
PRG-KESTREL,Kestrel Launcher Development,LAUNCHER,NS20,2025,9,2025-09-01,2025-09,OTH,24391.49,635184545.04
PRG-KESTREL,Kestrel Launcher Development,LAUNCHER,NS20,2025,9,2025-09-01,2025-09,OVH,423768.41,635184545.04
PRG-KESTREL,Kestrel Launcher Development,LAUNCHER,NS20,2025,9,2025-09-01,2025-09,PER,277382.92,635184545.04
PRG-KESTREL,Kestrel Launcher Development,LAUNCHER,NS20,2025,9,2025-09-01,2025-09,SUB,4738398.7,635184545.04
PRG-KESTREL,Kestrel Launcher Development,LAUNCHER,NS20,2025,10,2025-10-01,2025-10,DEP,278752.83,635184545.04
PRG-KESTREL,Kestrel Launcher Development,LAUNCHER,NS20,2025,10,2025-10-01,2025-10,MAT,2631767.93,635184545.04
PRG-KESTREL,Kestrel Launcher Development,LAUNCHER,NS20,2025,10,2025-10-01,2025-10,OTH,42605.02,635184545.04
PRG-KESTREL,Kestrel Launcher Development,LAUNCHER,NS20,2025,10,2025-10-01,2025-10,OVH,359040.14,635184545.04
PRG-KESTREL,Kestrel Launcher Development,LAUNCHER,NS20,2025,10,2025-10-01,2025-10,PER,316232.38,635184545.04
PRG-KESTREL,Kestrel Launcher Development,LAUNCHER,NS20,2025,10,2025-10-01,2025-10,SUB,4160349.21,635184545.04
PRG-KESTREL,Kestrel Launcher Development,LAUNCHER,NS20,2025,11,2025-11-01,2025-11,DEP,310144.71,635184545.04
PRG-KESTREL,Kestrel Launcher Development,LAUNCHER,NS20,2025,11,2025-11-01,2025-11,MAT,2481968.71,635184545.04
PRG-KESTREL,Kestrel Launcher Development,LAUNCHER,NS20,2025,11,2025-11-01,2025-11,OTH,42026.18,635184545.04
PRG-KESTREL,Kestrel Launcher Development,LAUNCHER,NS20,2025,11,2025-11-01,2025-11,OVH,338354.38,635184545.04
PRG-KESTREL,Kestrel Launcher Development,LAUNCHER,NS20,2025,11,2025-11-01,2025-11,PER,334011.55,635184545.04
PRG-KESTREL,Kestrel Launcher Development,LAUNCHER,NS20,2025,11,2025-11-01,2025-11,SUB,4030203.82,635184545.04
PRG-KESTREL,Kestrel Launcher Development,LAUNCHER,NS20,2025,12,2025-12-01,2025-12,DEP,340784.86,635184545.04
PRG-KESTREL,Kestrel Launcher Development,LAUNCHER,NS20,2025,12,2025-12-01,2025-12,MAT,2826678.54,635184545.04
PRG-KESTREL,Kestrel Launcher Development,LAUNCHER,NS20,2025,12,2025-12-01,2025-12,OTH,31990.55,635184545.04
PRG-KESTREL,Kestrel Launcher Development,LAUNCHER,NS20,2025,12,2025-12-01,2025-12,OVH,391719.47,635184545.04
PRG-KESTREL,Kestrel Launcher Development,LAUNCHER,NS20,2025,12,2025-12-01,2025-12,PER,335370.39,635184545.04
PRG-KESTREL,Kestrel Launcher Development,LAUNCHER,NS20,2025,12,2025-12-01,2025-12,SUB,5478659.07,635184545.04
PRG-KESTREL,Kestrel Launcher Development,LAUNCHER,NS20,2025,13,2025-12-01,2025-12,MAT,80965.27,635184545.04
PRG-KESTREL,Kestrel Launcher Development,LAUNCHER,NS20,2025,13,2025-12-01,2025-12,OTH,40872.26,635184545.04
PRG-KESTREL,Kestrel Launcher Development,LAUNCHER,NS20,2025,13,2025-12-01,2025-12,OVH,57617.84,635184545.04
PRG-KESTREL,Kestrel Launcher Development,LAUNCHER,NS20,2025,13,2025-12-01,2025-12,PER,93391.71,635184545.04
PRG-KESTREL,Kestrel Launcher Development,LAUNCHER,NS20,2025,13,2025-12-01,2025-12,SUB,380194.46,635184545.04
PRG-KESTREL,Kestrel Launcher Development,LAUNCHER,NS20,2025,14,2025-12-01,2025-12,MAT,81841.11,635184545.04
PRG-KESTREL,Kestrel Launcher Development,LAUNCHER,NS20,2025,14,2025-12-01,2025-12,OTH,33022.04,635184545.04
PRG-KESTREL,Kestrel Launcher Development,LAUNCHER,NS20,2025,14,2025-12-01,2025-12,OVH,37905.72,635184545.04
PRG-KESTREL,Kestrel Launcher Development,LAUNCHER,NS20,2025,14,2025-12-01,2025-12,PER,93125.1,635184545.04
PRG-KESTREL,Kestrel Launcher Development,LAUNCHER,NS20,2025,14,2025-12-01,2025-12,SUB,322111.48,635184545.04
PRG-KESTREL,Kestrel Launcher Development,LAUNCHER,NS20,2026,1,2026-01-01,2026-01,DEP,335722.28,635184545.04
PRG-KESTREL,Kestrel Launcher Development,LAUNCHER,NS20,2026,1,2026-01-01,2026-01,MAT,3476084.85,635184545.04
PRG-KESTREL,Kestrel Launcher Development,LAUNCHER,NS20,2026,1,2026-01-01,2026-01,OTH,32721.62,635184545.04
PRG-KESTREL,Kestrel Launcher Development,LAUNCHER,NS20,2026,1,2026-01-01,2026-01,OVH,397384.28,635184545.04
PRG-KESTREL,Kestrel Launcher Development,LAUNCHER,NS20,2026,1,2026-01-01,2026-01,PER,360583.39,635184545.04
PRG-KESTREL,Kestrel Launcher Development,LAUNCHER,NS20,2026,1,2026-01-01,2026-01,SUB,5025651.65,635184545.04
PRG-KESTREL,Kestrel Launcher Development,LAUNCHER,NS20,2026,2,2026-02-01,2026-02,DEP,372656.69,635184545.04
PRG-KESTREL,Kestrel Launcher Development,LAUNCHER,NS20,2026,2,2026-02-01,2026-02,MAT,3388254.25,635184545.04
PRG-KESTREL,Kestrel Launcher Development,LAUNCHER,NS20,2026,2,2026-02-01,2026-02,OTH,37088.39,635184545.04
PRG-KESTREL,Kestrel Launcher Development,LAUNCHER,NS20,2026,2,2026-02-01,2026-02,OVH,448412.05,635184545.04
PRG-KESTREL,Kestrel Launcher Development,LAUNCHER,NS20,2026,2,2026-02-01,2026-02,PER,519300.04,635184545.04
PRG-KESTREL,Kestrel Launcher Development,LAUNCHER,NS20,2026,2,2026-02-01,2026-02,SUB,6165447.3,635184545.04
PRG-KESTREL,Kestrel Launcher Development,LAUNCHER,NS20,2026,3,2026-03-01,2026-03,DEP,327897.1,635184545.04
PRG-KESTREL,Kestrel Launcher Development,LAUNCHER,NS20,2026,3,2026-03-01,2026-03,MAT,3500386.98,635184545.04
PRG-KESTREL,Kestrel Launcher Development,LAUNCHER,NS20,2026,3,2026-03-01,2026-03,OTH,40095.55,635184545.04
PRG-KESTREL,Kestrel Launcher Development,LAUNCHER,NS20,2026,3,2026-03-01,2026-03,OVH,449666.32,635184545.04
PRG-KESTREL,Kestrel Launcher Development,LAUNCHER,NS20,2026,3,2026-03-01,2026-03,PER,385400.8,635184545.04
PRG-KESTREL,Kestrel Launcher Development,LAUNCHER,NS20,2026,3,2026-03-01,2026-03,SUB,5311125.9,635184545.04
PRG-KESTREL,Kestrel Launcher Development,LAUNCHER,NS20,2026,4,2026-04-01,2026-04,DEP,441165.66,635184545.04
PRG-KESTREL,Kestrel Launcher Development,LAUNCHER,NS20,2026,4,2026-04-01,2026-04,MAT,3430313.14,635184545.04
PRG-KESTREL,Kestrel Launcher Development,LAUNCHER,NS20,2026,4,2026-04-01,2026-04,OTH,63777.77,635184545.04
PRG-KESTREL,Kestrel Launcher Development,LAUNCHER,NS20,2026,4,2026-04-01,2026-04,OVH,531865.36,635184545.04
PRG-KESTREL,Kestrel Launcher Development,LAUNCHER,NS20,2026,4,2026-04-01,2026-04,PER,543163.47,635184545.04
PRG-KESTREL,Kestrel Launcher Development,LAUNCHER,NS20,2026,4,2026-04-01,2026-04,SUB,5815402.62,635184545.04
PRG-KESTREL,Kestrel Launcher Development,LAUNCHER,NS20,2026,5,2026-05-01,2026-05,DEP,442598.49,635184545.04
PRG-KESTREL,Kestrel Launcher Development,LAUNCHER,NS20,2026,5,2026-05-01,2026-05,MAT,3405339.21,635184545.04
PRG-KESTREL,Kestrel Launcher Development,LAUNCHER,NS20,2026,5,2026-05-01,2026-05,OTH,38937.39,635184545.04
PRG-KESTREL,Kestrel Launcher Development,LAUNCHER,NS20,2026,5,2026-05-01,2026-05,OVH,402880.99,635184545.04
PRG-KESTREL,Kestrel Launcher Development,LAUNCHER,NS20,2026,5,2026-05-01,2026-05,PER,479187.49,635184545.04
PRG-KESTREL,Kestrel Launcher Development,LAUNCHER,NS20,2026,5,2026-05-01,2026-05,SUB,5343207.86,635184545.04
PRG-KESTREL,Kestrel Launcher Development,LAUNCHER,NS20,2026,6,2026-06-01,2026-06,DEP,296087.53,635184545.04
PRG-KESTREL,Kestrel Launcher Development,LAUNCHER,NS20,2026,6,2026-06-01,2026-06,MAT,3499205.5,635184545.04
PRG-KESTREL,Kestrel Launcher Development,LAUNCHER,NS20,2026,6,2026-06-01,2026-06,OTH,48369.37,635184545.04
PRG-KESTREL,Kestrel Launcher Development,LAUNCHER,NS20,2026,6,2026-06-01,2026-06,OVH,474557.14,635184545.04
PRG-KESTREL,Kestrel Launcher Development,LAUNCHER,NS20,2026,6,2026-06-01,2026-06,PER,429655.14,635184545.04
PRG-KESTREL,Kestrel Launcher Development,LAUNCHER,NS20,2026,6,2026-06-01,2026-06,SUB,5575103.39,635184545.04
PRG-KESTREL,Kestrel Launcher Development,LAUNCHER,NS30,2023,1,2023-01-01,2023-01,DEP,24612.77,635184545.04
PRG-KESTREL,Kestrel Launcher Development,LAUNCHER,NS30,2023,1,2023-01-01,2023-01,MAT,407133.85,635184545.04
PRG-KESTREL,Kestrel Launcher Development,LAUNCHER,NS30,2023,1,2023-01-01,2023-01,OTH,11116.93,635184545.04
PRG-KESTREL,Kestrel Launcher Development,LAUNCHER,NS30,2023,1,2023-01-01,2023-01,OVH,69220.5,635184545.04
PRG-KESTREL,Kestrel Launcher Development,LAUNCHER,NS30,2023,1,2023-01-01,2023-01,PER,56957.43,635184545.04
PRG-KESTREL,Kestrel Launcher Development,LAUNCHER,NS30,2023,1,2023-01-01,2023-01,SUB,663676.26,635184545.04
PRG-KESTREL,Kestrel Launcher Development,LAUNCHER,NS30,2023,2,2023-02-01,2023-02,DEP,32322.08,635184545.04
PRG-KESTREL,Kestrel Launcher Development,LAUNCHER,NS30,2023,2,2023-02-01,2023-02,MAT,334359.35,635184545.04
PRG-KESTREL,Kestrel Launcher Development,LAUNCHER,NS30,2023,2,2023-02-01,2023-02,OTH,2979.95,635184545.04
PRG-KESTREL,Kestrel Launcher Development,LAUNCHER,NS30,2023,2,2023-02-01,2023-02,OVH,60131.35,635184545.04
PRG-KESTREL,Kestrel Launcher Development,LAUNCHER,NS30,2023,2,2023-02-01,2023-02,PER,53508.98,635184545.04
PRG-KESTREL,Kestrel Launcher Development,LAUNCHER,NS30,2023,2,2023-02-01,2023-02,SUB,680450.75,635184545.04
PRG-KESTREL,Kestrel Launcher Development,LAUNCHER,NS30,2023,3,2023-03-01,2023-03,DEP,41885.13,635184545.04
PRG-KESTREL,Kestrel Launcher Development,LAUNCHER,NS30,2023,3,2023-03-01,2023-03,MAT,320988.24,635184545.04
PRG-KESTREL,Kestrel Launcher Development,LAUNCHER,NS30,2023,3,2023-03-01,2023-03,OTH,8473.0,635184545.04
PRG-KESTREL,Kestrel Launcher Development,LAUNCHER,NS30,2023,3,2023-03-01,2023-03,OVH,60373.89,635184545.04
PRG-KESTREL,Kestrel Launcher Development,LAUNCHER,NS30,2023,3,2023-03-01,2023-03,PER,39185.16,635184545.04
PRG-KESTREL,Kestrel Launcher Development,LAUNCHER,NS30,2023,3,2023-03-01,2023-03,SUB,504773.75,635184545.04
PRG-KESTREL,Kestrel Launcher Development,LAUNCHER,NS30,2023,4,2023-04-01,2023-04,DEP,33166.01,635184545.04
PRG-KESTREL,Kestrel Launcher Development,LAUNCHER,NS30,2023,4,2023-04-01,2023-04,MAT,437353.86,635184545.04
PRG-KESTREL,Kestrel Launcher Development,LAUNCHER,NS30,2023,4,2023-04-01,2023-04,OTH,7932.8,635184545.04
PRG-KESTREL,Kestrel Launcher Development,LAUNCHER,NS30,2023,4,2023-04-01,2023-04,OVH,70411.44,635184545.04
PRG-KESTREL,Kestrel Launcher Development,LAUNCHER,NS30,2023,4,2023-04-01,2023-04,PER,60253.62,635184545.04
PRG-KESTREL,Kestrel Launcher Development,LAUNCHER,NS30,2023,4,2023-04-01,2023-04,SUB,656321.03,635184545.04
PRG-KESTREL,Kestrel Launcher Development,LAUNCHER,NS30,2023,5,2023-05-01,2023-05,DEP,38194.38,635184545.04
PRG-KESTREL,Kestrel Launcher Development,LAUNCHER,NS30,2023,5,2023-05-01,2023-05,MAT,432372.68,635184545.04
PRG-KESTREL,Kestrel Launcher Development,LAUNCHER,NS30,2023,5,2023-05-01,2023-05,OTH,7767.5,635184545.04
PRG-KESTREL,Kestrel Launcher Development,LAUNCHER,NS30,2023,5,2023-05-01,2023-05,OVH,84118.0,635184545.04
PRG-KESTREL,Kestrel Launcher Development,LAUNCHER,NS30,2023,5,2023-05-01,2023-05,PER,42796.23,635184545.04
PRG-KESTREL,Kestrel Launcher Development,LAUNCHER,NS30,2023,5,2023-05-01,2023-05,SUB,704864.75,635184545.04
PRG-KESTREL,Kestrel Launcher Development,LAUNCHER,NS30,2023,6,2023-06-01,2023-06,DEP,27554.61,635184545.04
PRG-KESTREL,Kestrel Launcher Development,LAUNCHER,NS30,2023,6,2023-06-01,2023-06,MAT,334486.57,635184545.04
PRG-KESTREL,Kestrel Launcher Development,LAUNCHER,NS30,2023,6,2023-06-01,2023-06,OTH,679.22,635184545.04
PRG-KESTREL,Kestrel Launcher Development,LAUNCHER,NS30,2023,6,2023-06-01,2023-06,OVH,71549.04,635184545.04
PRG-KESTREL,Kestrel Launcher Development,LAUNCHER,NS30,2023,6,2023-06-01,2023-06,PER,43617.02,635184545.04
PRG-KESTREL,Kestrel Launcher Development,LAUNCHER,NS30,2023,6,2023-06-01,2023-06,SUB,572459.01,635184545.04
PRG-KESTREL,Kestrel Launcher Development,LAUNCHER,NS30,2023,7,2023-07-01,2023-07,DEP,35004.96,635184545.04
PRG-KESTREL,Kestrel Launcher Development,LAUNCHER,NS30,2023,7,2023-07-01,2023-07,MAT,358536.23,635184545.04
PRG-KESTREL,Kestrel Launcher Development,LAUNCHER,NS30,2023,7,2023-07-01,2023-07,OTH,8465.26,635184545.04
PRG-KESTREL,Kestrel Launcher Development,LAUNCHER,NS30,2023,7,2023-07-01,2023-07,OVH,66060.77,635184545.04
PRG-KESTREL,Kestrel Launcher Development,LAUNCHER,NS30,2023,7,2023-07-01,2023-07,PER,65401.17,635184545.04
PRG-KESTREL,Kestrel Launcher Development,LAUNCHER,NS30,2023,7,2023-07-01,2023-07,SUB,510673.69,635184545.04
PRG-KESTREL,Kestrel Launcher Development,LAUNCHER,NS30,2023,8,2023-08-01,2023-08,DEP,18905.09,635184545.04
PRG-KESTREL,Kestrel Launcher Development,LAUNCHER,NS30,2023,8,2023-08-01,2023-08,MAT,347004.27,635184545.04
PRG-KESTREL,Kestrel Launcher Development,LAUNCHER,NS30,2023,8,2023-08-01,2023-08,OTH,3958.9,635184545.04
PRG-KESTREL,Kestrel Launcher Development,LAUNCHER,NS30,2023,8,2023-08-01,2023-08,OVH,75957.34,635184545.04
PRG-KESTREL,Kestrel Launcher Development,LAUNCHER,NS30,2023,8,2023-08-01,2023-08,PER,45857.67,635184545.04
PRG-KESTREL,Kestrel Launcher Development,LAUNCHER,NS30,2023,8,2023-08-01,2023-08,SUB,563864.3,635184545.04
PRG-KESTREL,Kestrel Launcher Development,LAUNCHER,NS30,2023,9,2023-09-01,2023-09,DEP,42168.8,635184545.04
PRG-KESTREL,Kestrel Launcher Development,LAUNCHER,NS30,2023,9,2023-09-01,2023-09,MAT,427848.59,635184545.04
PRG-KESTREL,Kestrel Launcher Development,LAUNCHER,NS30,2023,9,2023-09-01,2023-09,OTH,17268.12,635184545.04
PRG-KESTREL,Kestrel Launcher Development,LAUNCHER,NS30,2023,9,2023-09-01,2023-09,OVH,72859.49,635184545.04
PRG-KESTREL,Kestrel Launcher Development,LAUNCHER,NS30,2023,9,2023-09-01,2023-09,PER,62397.21,635184545.04
PRG-KESTREL,Kestrel Launcher Development,LAUNCHER,NS30,2023,9,2023-09-01,2023-09,SUB,761166.86,635184545.04
PRG-KESTREL,Kestrel Launcher Development,LAUNCHER,NS30,2023,10,2023-10-01,2023-10,DEP,33966.99,635184545.04
PRG-KESTREL,Kestrel Launcher Development,LAUNCHER,NS30,2023,10,2023-10-01,2023-10,MAT,340298.72,635184545.04
PRG-KESTREL,Kestrel Launcher Development,LAUNCHER,NS30,2023,10,2023-10-01,2023-10,OTH,10106.55,635184545.04
PRG-KESTREL,Kestrel Launcher Development,LAUNCHER,NS30,2023,10,2023-10-01,2023-10,OVH,62862.23,635184545.04
PRG-KESTREL,Kestrel Launcher Development,LAUNCHER,NS30,2023,10,2023-10-01,2023-10,PER,46923.16,635184545.04
PRG-KESTREL,Kestrel Launcher Development,LAUNCHER,NS30,2023,10,2023-10-01,2023-10,SUB,540813.66,635184545.04
PRG-KESTREL,Kestrel Launcher Development,LAUNCHER,NS30,2023,11,2023-11-01,2023-11,DEP,39420.89,635184545.04
PRG-KESTREL,Kestrel Launcher Development,LAUNCHER,NS30,2023,11,2023-11-01,2023-11,MAT,378209.25,635184545.04
PRG-KESTREL,Kestrel Launcher Development,LAUNCHER,NS30,2023,11,2023-11-01,2023-11,OTH,10732.38,635184545.04
PRG-KESTREL,Kestrel Launcher Development,LAUNCHER,NS30,2023,11,2023-11-01,2023-11,OVH,64716.62,635184545.04
PRG-KESTREL,Kestrel Launcher Development,LAUNCHER,NS30,2023,11,2023-11-01,2023-11,PER,53184.96,635184545.04
PRG-KESTREL,Kestrel Launcher Development,LAUNCHER,NS30,2023,11,2023-11-01,2023-11,SUB,486186.32,635184545.04
PRG-KESTREL,Kestrel Launcher Development,LAUNCHER,NS30,2023,12,2023-12-01,2023-12,DEP,45142.58,635184545.04
PRG-KESTREL,Kestrel Launcher Development,LAUNCHER,NS30,2023,12,2023-12-01,2023-12,MAT,434862.54,635184545.04
PRG-KESTREL,Kestrel Launcher Development,LAUNCHER,NS30,2023,12,2023-12-01,2023-12,OTH,3703.12,635184545.04
PRG-KESTREL,Kestrel Launcher Development,LAUNCHER,NS30,2023,12,2023-12-01,2023-12,OVH,77578.37,635184545.04
PRG-KESTREL,Kestrel Launcher Development,LAUNCHER,NS30,2023,12,2023-12-01,2023-12,PER,72265.92,635184545.04
PRG-KESTREL,Kestrel Launcher Development,LAUNCHER,NS30,2023,12,2023-12-01,2023-12,SUB,634756.73,635184545.04
PRG-KESTREL,Kestrel Launcher Development,LAUNCHER,NS30,2023,13,2023-12-01,2023-12,MAT,2584.54,635184545.04
PRG-KESTREL,Kestrel Launcher Development,LAUNCHER,NS30,2023,13,2023-12-01,2023-12,OTH,8252.91,635184545.04
PRG-KESTREL,Kestrel Launcher Development,LAUNCHER,NS30,2023,13,2023-12-01,2023-12,OVH,12859.36,635184545.04
PRG-KESTREL,Kestrel Launcher Development,LAUNCHER,NS30,2023,13,2023-12-01,2023-12,PER,4373.8,635184545.04
PRG-KESTREL,Kestrel Launcher Development,LAUNCHER,NS30,2023,13,2023-12-01,2023-12,SUB,32590.58,635184545.04
PRG-KESTREL,Kestrel Launcher Development,LAUNCHER,NS30,2023,14,2023-12-01,2023-12,MAT,7199.21,635184545.04
PRG-KESTREL,Kestrel Launcher Development,LAUNCHER,NS30,2023,14,2023-12-01,2023-12,OTH,5888.94,635184545.04
PRG-KESTREL,Kestrel Launcher Development,LAUNCHER,NS30,2023,14,2023-12-01,2023-12,OVH,6975.01,635184545.04
PRG-KESTREL,Kestrel Launcher Development,LAUNCHER,NS30,2023,14,2023-12-01,2023-12,PER,2226.3,635184545.04
PRG-KESTREL,Kestrel Launcher Development,LAUNCHER,NS30,2023,14,2023-12-01,2023-12,SUB,83965.64,635184545.04
PRG-KESTREL,Kestrel Launcher Development,LAUNCHER,NS30,2024,1,2024-01-01,2024-01,DEP,25622.84,635184545.04
PRG-KESTREL,Kestrel Launcher Development,LAUNCHER,NS30,2024,1,2024-01-01,2024-01,MAT,445374.34,635184545.04
PRG-KESTREL,Kestrel Launcher Development,LAUNCHER,NS30,2024,1,2024-01-01,2024-01,OTH,12915.1,635184545.04
PRG-KESTREL,Kestrel Launcher Development,LAUNCHER,NS30,2024,1,2024-01-01,2024-01,OVH,65857.82,635184545.04
PRG-KESTREL,Kestrel Launcher Development,LAUNCHER,NS30,2024,1,2024-01-01,2024-01,PER,64863.85,635184545.04
PRG-KESTREL,Kestrel Launcher Development,LAUNCHER,NS30,2024,1,2024-01-01,2024-01,SUB,711530.96,635184545.04
PRG-KESTREL,Kestrel Launcher Development,LAUNCHER,NS30,2024,2,2024-02-01,2024-02,DEP,38508.74,635184545.04
PRG-KESTREL,Kestrel Launcher Development,LAUNCHER,NS30,2024,2,2024-02-01,2024-02,MAT,386242.3,635184545.04
PRG-KESTREL,Kestrel Launcher Development,LAUNCHER,NS30,2024,2,2024-02-01,2024-02,OTH,7870.22,635184545.04
PRG-KESTREL,Kestrel Launcher Development,LAUNCHER,NS30,2024,2,2024-02-01,2024-02,OVH,56867.16,635184545.04
PRG-KESTREL,Kestrel Launcher Development,LAUNCHER,NS30,2024,2,2024-02-01,2024-02,PER,31350.0,635184545.04
PRG-KESTREL,Kestrel Launcher Development,LAUNCHER,NS30,2024,2,2024-02-01,2024-02,SUB,582798.02,635184545.04
PRG-KESTREL,Kestrel Launcher Development,LAUNCHER,NS30,2024,3,2024-03-01,2024-03,DEP,39050.07,635184545.04
PRG-KESTREL,Kestrel Launcher Development,LAUNCHER,NS30,2024,3,2024-03-01,2024-03,MAT,316470.29,635184545.04
PRG-KESTREL,Kestrel Launcher Development,LAUNCHER,NS30,2024,3,2024-03-01,2024-03,OTH,7452.65,635184545.04
PRG-KESTREL,Kestrel Launcher Development,LAUNCHER,NS30,2024,3,2024-03-01,2024-03,OVH,72389.27,635184545.04
PRG-KESTREL,Kestrel Launcher Development,LAUNCHER,NS30,2024,3,2024-03-01,2024-03,PER,54045.97,635184545.04
PRG-KESTREL,Kestrel Launcher Development,LAUNCHER,NS30,2024,3,2024-03-01,2024-03,SUB,810433.46,635184545.04
PRG-KESTREL,Kestrel Launcher Development,LAUNCHER,NS30,2024,4,2024-04-01,2024-04,DEP,45361.29,635184545.04
PRG-KESTREL,Kestrel Launcher Development,LAUNCHER,NS30,2024,4,2024-04-01,2024-04,MAT,502905.26,635184545.04
PRG-KESTREL,Kestrel Launcher Development,LAUNCHER,NS30,2024,4,2024-04-01,2024-04,OTH,12573.42,635184545.04
PRG-KESTREL,Kestrel Launcher Development,LAUNCHER,NS30,2024,4,2024-04-01,2024-04,OVH,82717.57,635184545.04
PRG-KESTREL,Kestrel Launcher Development,LAUNCHER,NS30,2024,4,2024-04-01,2024-04,PER,60758.76,635184545.04
PRG-KESTREL,Kestrel Launcher Development,LAUNCHER,NS30,2024,4,2024-04-01,2024-04,SUB,576391.86,635184545.04
PRG-KESTREL,Kestrel Launcher Development,LAUNCHER,NS30,2024,5,2024-05-01,2024-05,DEP,33255.04,635184545.04
PRG-KESTREL,Kestrel Launcher Development,LAUNCHER,NS30,2024,5,2024-05-01,2024-05,MAT,394249.17,635184545.04
PRG-KESTREL,Kestrel Launcher Development,LAUNCHER,NS30,2024,5,2024-05-01,2024-05,OTH,11173.9,635184545.04
PRG-KESTREL,Kestrel Launcher Development,LAUNCHER,NS30,2024,5,2024-05-01,2024-05,OVH,72976.44,635184545.04
PRG-KESTREL,Kestrel Launcher Development,LAUNCHER,NS30,2024,5,2024-05-01,2024-05,PER,54579.63,635184545.04
PRG-KESTREL,Kestrel Launcher Development,LAUNCHER,NS30,2024,5,2024-05-01,2024-05,SUB,654258.14,635184545.04
PRG-KESTREL,Kestrel Launcher Development,LAUNCHER,NS30,2024,6,2024-06-01,2024-06,DEP,37885.0,635184545.04
PRG-KESTREL,Kestrel Launcher Development,LAUNCHER,NS30,2024,6,2024-06-01,2024-06,MAT,387985.44,635184545.04
PRG-KESTREL,Kestrel Launcher Development,LAUNCHER,NS30,2024,6,2024-06-01,2024-06,OTH,-297.92,635184545.04
PRG-KESTREL,Kestrel Launcher Development,LAUNCHER,NS30,2024,6,2024-06-01,2024-06,OVH,75592.49,635184545.04
PRG-KESTREL,Kestrel Launcher Development,LAUNCHER,NS30,2024,6,2024-06-01,2024-06,PER,40920.44,635184545.04
PRG-KESTREL,Kestrel Launcher Development,LAUNCHER,NS30,2024,6,2024-06-01,2024-06,SUB,613534.14,635184545.04
PRG-KESTREL,Kestrel Launcher Development,LAUNCHER,NS30,2024,7,2024-07-01,2024-07,DEP,33122.06,635184545.04
PRG-KESTREL,Kestrel Launcher Development,LAUNCHER,NS30,2024,7,2024-07-01,2024-07,MAT,345192.65,635184545.04
PRG-KESTREL,Kestrel Launcher Development,LAUNCHER,NS30,2024,7,2024-07-01,2024-07,OTH,4447.75,635184545.04
PRG-KESTREL,Kestrel Launcher Development,LAUNCHER,NS30,2024,7,2024-07-01,2024-07,OVH,60367.89,635184545.04
PRG-KESTREL,Kestrel Launcher Development,LAUNCHER,NS30,2024,7,2024-07-01,2024-07,PER,43901.21,635184545.04
PRG-KESTREL,Kestrel Launcher Development,LAUNCHER,NS30,2024,7,2024-07-01,2024-07,SUB,626172.64,635184545.04
PRG-KESTREL,Kestrel Launcher Development,LAUNCHER,NS30,2024,8,2024-08-01,2024-08,DEP,46349.11,635184545.04
PRG-KESTREL,Kestrel Launcher Development,LAUNCHER,NS30,2024,8,2024-08-01,2024-08,MAT,331281.89,635184545.04
PRG-KESTREL,Kestrel Launcher Development,LAUNCHER,NS30,2024,8,2024-08-01,2024-08,OTH,5698.48,635184545.04
PRG-KESTREL,Kestrel Launcher Development,LAUNCHER,NS30,2024,8,2024-08-01,2024-08,OVH,76825.9,635184545.04
PRG-KESTREL,Kestrel Launcher Development,LAUNCHER,NS30,2024,8,2024-08-01,2024-08,PER,59121.39,635184545.04
PRG-KESTREL,Kestrel Launcher Development,LAUNCHER,NS30,2024,8,2024-08-01,2024-08,SUB,733235.89,635184545.04
PRG-KESTREL,Kestrel Launcher Development,LAUNCHER,NS30,2024,9,2024-09-01,2024-09,DEP,33546.75,635184545.04
PRG-KESTREL,Kestrel Launcher Development,LAUNCHER,NS30,2024,9,2024-09-01,2024-09,MAT,431168.86,635184545.04
PRG-KESTREL,Kestrel Launcher Development,LAUNCHER,NS30,2024,9,2024-09-01,2024-09,OTH,11920.46,635184545.04
PRG-KESTREL,Kestrel Launcher Development,LAUNCHER,NS30,2024,9,2024-09-01,2024-09,OVH,71190.96,635184545.04
PRG-KESTREL,Kestrel Launcher Development,LAUNCHER,NS30,2024,9,2024-09-01,2024-09,PER,64424.15,635184545.04
PRG-KESTREL,Kestrel Launcher Development,LAUNCHER,NS30,2024,9,2024-09-01,2024-09,SUB,591715.68,635184545.04
PRG-KESTREL,Kestrel Launcher Development,LAUNCHER,NS30,2024,10,2024-10-01,2024-10,DEP,35693.55,635184545.04
PRG-KESTREL,Kestrel Launcher Development,LAUNCHER,NS30,2024,10,2024-10-01,2024-10,MAT,359822.15,635184545.04
PRG-KESTREL,Kestrel Launcher Development,LAUNCHER,NS30,2024,10,2024-10-01,2024-10,OTH,6498.97,635184545.04
PRG-KESTREL,Kestrel Launcher Development,LAUNCHER,NS30,2024,10,2024-10-01,2024-10,OVH,80562.84,635184545.04
PRG-KESTREL,Kestrel Launcher Development,LAUNCHER,NS30,2024,10,2024-10-01,2024-10,PER,39794.04,635184545.04
PRG-KESTREL,Kestrel Launcher Development,LAUNCHER,NS30,2024,10,2024-10-01,2024-10,SUB,497419.92,635184545.04
PRG-KESTREL,Kestrel Launcher Development,LAUNCHER,NS30,2024,11,2024-11-01,2024-11,DEP,62148.03,635184545.04
PRG-KESTREL,Kestrel Launcher Development,LAUNCHER,NS30,2024,11,2024-11-01,2024-11,MAT,487830.1,635184545.04
PRG-KESTREL,Kestrel Launcher Development,LAUNCHER,NS30,2024,11,2024-11-01,2024-11,OTH,7765.97,635184545.04
PRG-KESTREL,Kestrel Launcher Development,LAUNCHER,NS30,2024,11,2024-11-01,2024-11,OVH,71077.76,635184545.04
PRG-KESTREL,Kestrel Launcher Development,LAUNCHER,NS30,2024,11,2024-11-01,2024-11,PER,59356.58,635184545.04
PRG-KESTREL,Kestrel Launcher Development,LAUNCHER,NS30,2024,11,2024-11-01,2024-11,SUB,514137.67,635184545.04
PRG-KESTREL,Kestrel Launcher Development,LAUNCHER,NS30,2024,12,2024-12-01,2024-12,DEP,32828.03,635184545.04
PRG-KESTREL,Kestrel Launcher Development,LAUNCHER,NS30,2024,12,2024-12-01,2024-12,MAT,332730.01,635184545.04
PRG-KESTREL,Kestrel Launcher Development,LAUNCHER,NS30,2024,12,2024-12-01,2024-12,OTH,6998.39,635184545.04
PRG-KESTREL,Kestrel Launcher Development,LAUNCHER,NS30,2024,12,2024-12-01,2024-12,OVH,73944.34,635184545.04
PRG-KESTREL,Kestrel Launcher Development,LAUNCHER,NS30,2024,12,2024-12-01,2024-12,PER,73536.43,635184545.04
PRG-KESTREL,Kestrel Launcher Development,LAUNCHER,NS30,2024,12,2024-12-01,2024-12,SUB,640567.93,635184545.04
PRG-KESTREL,Kestrel Launcher Development,LAUNCHER,NS30,2024,13,2024-12-01,2024-12,MAT,8609.99,635184545.04
PRG-KESTREL,Kestrel Launcher Development,LAUNCHER,NS30,2024,13,2024-12-01,2024-12,OTH,5000.1,635184545.04
PRG-KESTREL,Kestrel Launcher Development,LAUNCHER,NS30,2024,13,2024-12-01,2024-12,OVH,9451.73,635184545.04
PRG-KESTREL,Kestrel Launcher Development,LAUNCHER,NS30,2024,13,2024-12-01,2024-12,PER,19364.39,635184545.04
PRG-KESTREL,Kestrel Launcher Development,LAUNCHER,NS30,2024,13,2024-12-01,2024-12,SUB,123645.17,635184545.04
PRG-KESTREL,Kestrel Launcher Development,LAUNCHER,NS30,2024,14,2024-12-01,2024-12,MAT,17287.77,635184545.04
PRG-KESTREL,Kestrel Launcher Development,LAUNCHER,NS30,2024,14,2024-12-01,2024-12,OTH,7675.95,635184545.04
PRG-KESTREL,Kestrel Launcher Development,LAUNCHER,NS30,2024,14,2024-12-01,2024-12,OVH,2562.38,635184545.04
PRG-KESTREL,Kestrel Launcher Development,LAUNCHER,NS30,2024,14,2024-12-01,2024-12,PER,7892.84,635184545.04
PRG-KESTREL,Kestrel Launcher Development,LAUNCHER,NS30,2024,14,2024-12-01,2024-12,SUB,89690.23,635184545.04
PRG-KESTREL,Kestrel Launcher Development,LAUNCHER,NS30,2025,1,2025-01-01,2025-01,DEP,20905.39,635184545.04
PRG-KESTREL,Kestrel Launcher Development,LAUNCHER,NS30,2025,1,2025-01-01,2025-01,MAT,384400.62,635184545.04
PRG-KESTREL,Kestrel Launcher Development,LAUNCHER,NS30,2025,1,2025-01-01,2025-01,OTH,8368.3,635184545.04
PRG-KESTREL,Kestrel Launcher Development,LAUNCHER,NS30,2025,1,2025-01-01,2025-01,OVH,68978.4,635184545.04
PRG-KESTREL,Kestrel Launcher Development,LAUNCHER,NS30,2025,1,2025-01-01,2025-01,PER,26377.04,635184545.04
PRG-KESTREL,Kestrel Launcher Development,LAUNCHER,NS30,2025,1,2025-01-01,2025-01,SUB,548993.2,635184545.04
PRG-KESTREL,Kestrel Launcher Development,LAUNCHER,NS30,2025,2,2025-02-01,2025-02,DEP,36175.79,635184545.04
PRG-KESTREL,Kestrel Launcher Development,LAUNCHER,NS30,2025,2,2025-02-01,2025-02,MAT,357581.75,635184545.04
PRG-KESTREL,Kestrel Launcher Development,LAUNCHER,NS30,2025,2,2025-02-01,2025-02,OTH,8044.18,635184545.04
PRG-KESTREL,Kestrel Launcher Development,LAUNCHER,NS30,2025,2,2025-02-01,2025-02,OVH,84388.66,635184545.04
PRG-KESTREL,Kestrel Launcher Development,LAUNCHER,NS30,2025,2,2025-02-01,2025-02,PER,50093.86,635184545.04
PRG-KESTREL,Kestrel Launcher Development,LAUNCHER,NS30,2025,2,2025-02-01,2025-02,SUB,774712.19,635184545.04
PRG-KESTREL,Kestrel Launcher Development,LAUNCHER,NS30,2025,3,2025-03-01,2025-03,DEP,27493.4,635184545.04
PRG-KESTREL,Kestrel Launcher Development,LAUNCHER,NS30,2025,3,2025-03-01,2025-03,MAT,401462.52,635184545.04
PRG-KESTREL,Kestrel Launcher Development,LAUNCHER,NS30,2025,3,2025-03-01,2025-03,OTH,4744.11,635184545.04
PRG-KESTREL,Kestrel Launcher Development,LAUNCHER,NS30,2025,3,2025-03-01,2025-03,OVH,75456.98,635184545.04
PRG-KESTREL,Kestrel Launcher Development,LAUNCHER,NS30,2025,3,2025-03-01,2025-03,PER,81101.23,635184545.04
PRG-KESTREL,Kestrel Launcher Development,LAUNCHER,NS30,2025,3,2025-03-01,2025-03,SUB,785197.84,635184545.04
PRG-KESTREL,Kestrel Launcher Development,LAUNCHER,NS30,2025,4,2025-04-01,2025-04,DEP,28572.87,635184545.04
PRG-KESTREL,Kestrel Launcher Development,LAUNCHER,NS30,2025,4,2025-04-01,2025-04,MAT,456553.29,635184545.04
PRG-KESTREL,Kestrel Launcher Development,LAUNCHER,NS30,2025,4,2025-04-01,2025-04,OTH,11342.17,635184545.04
PRG-KESTREL,Kestrel Launcher Development,LAUNCHER,NS30,2025,4,2025-04-01,2025-04,OVH,84582.55,635184545.04
PRG-KESTREL,Kestrel Launcher Development,LAUNCHER,NS30,2025,4,2025-04-01,2025-04,PER,64738.92,635184545.04
PRG-KESTREL,Kestrel Launcher Development,LAUNCHER,NS30,2025,4,2025-04-01,2025-04,SUB,629962.67,635184545.04
PRG-KESTREL,Kestrel Launcher Development,LAUNCHER,NS30,2025,5,2025-05-01,2025-05,DEP,28465.87,635184545.04
PRG-KESTREL,Kestrel Launcher Development,LAUNCHER,NS30,2025,5,2025-05-01,2025-05,MAT,334148.62,635184545.04
PRG-KESTREL,Kestrel Launcher Development,LAUNCHER,NS30,2025,5,2025-05-01,2025-05,OTH,8155.57,635184545.04
PRG-KESTREL,Kestrel Launcher Development,LAUNCHER,NS30,2025,5,2025-05-01,2025-05,OVH,53709.45,635184545.04
PRG-KESTREL,Kestrel Launcher Development,LAUNCHER,NS30,2025,5,2025-05-01,2025-05,PER,43784.38,635184545.04
PRG-KESTREL,Kestrel Launcher Development,LAUNCHER,NS30,2025,5,2025-05-01,2025-05,SUB,735520.35,635184545.04
PRG-KESTREL,Kestrel Launcher Development,LAUNCHER,NS30,2025,6,2025-06-01,2025-06,DEP,40135.92,635184545.04
PRG-KESTREL,Kestrel Launcher Development,LAUNCHER,NS30,2025,6,2025-06-01,2025-06,MAT,353250.21,635184545.04
PRG-KESTREL,Kestrel Launcher Development,LAUNCHER,NS30,2025,6,2025-06-01,2025-06,OTH,1907.84,635184545.04
PRG-KESTREL,Kestrel Launcher Development,LAUNCHER,NS30,2025,6,2025-06-01,2025-06,OVH,65657.83,635184545.04
PRG-KESTREL,Kestrel Launcher Development,LAUNCHER,NS30,2025,6,2025-06-01,2025-06,PER,34248.91,635184545.04
PRG-KESTREL,Kestrel Launcher Development,LAUNCHER,NS30,2025,6,2025-06-01,2025-06,SUB,672613.82,635184545.04
PRG-KESTREL,Kestrel Launcher Development,LAUNCHER,NS30,2025,7,2025-07-01,2025-07,DEP,39457.49,635184545.04
PRG-KESTREL,Kestrel Launcher Development,LAUNCHER,NS30,2025,7,2025-07-01,2025-07,MAT,395056.86,635184545.04
PRG-KESTREL,Kestrel Launcher Development,LAUNCHER,NS30,2025,7,2025-07-01,2025-07,OTH,7903.03,635184545.04
PRG-KESTREL,Kestrel Launcher Development,LAUNCHER,NS30,2025,7,2025-07-01,2025-07,OVH,74202.8,635184545.04
PRG-KESTREL,Kestrel Launcher Development,LAUNCHER,NS30,2025,7,2025-07-01,2025-07,PER,54490.47,635184545.04
PRG-KESTREL,Kestrel Launcher Development,LAUNCHER,NS30,2025,7,2025-07-01,2025-07,SUB,570721.99,635184545.04
PRG-KESTREL,Kestrel Launcher Development,LAUNCHER,NS30,2025,8,2025-08-01,2025-08,DEP,67973.64,635184545.04
PRG-KESTREL,Kestrel Launcher Development,LAUNCHER,NS30,2025,8,2025-08-01,2025-08,MAT,418617.84,635184545.04
PRG-KESTREL,Kestrel Launcher Development,LAUNCHER,NS30,2025,8,2025-08-01,2025-08,OTH,6547.42,635184545.04
PRG-KESTREL,Kestrel Launcher Development,LAUNCHER,NS30,2025,8,2025-08-01,2025-08,OVH,69881.43,635184545.04
PRG-KESTREL,Kestrel Launcher Development,LAUNCHER,NS30,2025,8,2025-08-01,2025-08,PER,64943.46,635184545.04
PRG-KESTREL,Kestrel Launcher Development,LAUNCHER,NS30,2025,8,2025-08-01,2025-08,SUB,602299.3,635184545.04
PRG-KESTREL,Kestrel Launcher Development,LAUNCHER,NS30,2025,9,2025-09-01,2025-09,DEP,44882.05,635184545.04
PRG-KESTREL,Kestrel Launcher Development,LAUNCHER,NS30,2025,9,2025-09-01,2025-09,MAT,494924.6,635184545.04
PRG-KESTREL,Kestrel Launcher Development,LAUNCHER,NS30,2025,9,2025-09-01,2025-09,OTH,12234.54,635184545.04
PRG-KESTREL,Kestrel Launcher Development,LAUNCHER,NS30,2025,9,2025-09-01,2025-09,OVH,102191.15,635184545.04
PRG-KESTREL,Kestrel Launcher Development,LAUNCHER,NS30,2025,9,2025-09-01,2025-09,PER,67039.09,635184545.04
PRG-KESTREL,Kestrel Launcher Development,LAUNCHER,NS30,2025,9,2025-09-01,2025-09,SUB,900196.97,635184545.04
PRG-KESTREL,Kestrel Launcher Development,LAUNCHER,NS30,2025,10,2025-10-01,2025-10,DEP,36227.49,635184545.04
PRG-KESTREL,Kestrel Launcher Development,LAUNCHER,NS30,2025,10,2025-10-01,2025-10,MAT,615965.3,635184545.04
PRG-KESTREL,Kestrel Launcher Development,LAUNCHER,NS30,2025,10,2025-10-01,2025-10,OTH,9853.81,635184545.04
PRG-KESTREL,Kestrel Launcher Development,LAUNCHER,NS30,2025,10,2025-10-01,2025-10,OVH,88259.56,635184545.04
PRG-KESTREL,Kestrel Launcher Development,LAUNCHER,NS30,2025,10,2025-10-01,2025-10,PER,64382.3,635184545.04
PRG-KESTREL,Kestrel Launcher Development,LAUNCHER,NS30,2025,10,2025-10-01,2025-10,SUB,682726.18,635184545.04
PRG-KESTREL,Kestrel Launcher Development,LAUNCHER,NS30,2025,11,2025-11-01,2025-11,DEP,55164.32,635184545.04
PRG-KESTREL,Kestrel Launcher Development,LAUNCHER,NS30,2025,11,2025-11-01,2025-11,MAT,506740.31,635184545.04
PRG-KESTREL,Kestrel Launcher Development,LAUNCHER,NS30,2025,11,2025-11-01,2025-11,OTH,15413.58,635184545.04
PRG-KESTREL,Kestrel Launcher Development,LAUNCHER,NS30,2025,11,2025-11-01,2025-11,OVH,110125.41,635184545.04
PRG-KESTREL,Kestrel Launcher Development,LAUNCHER,NS30,2025,11,2025-11-01,2025-11,PER,70863.22,635184545.04
PRG-KESTREL,Kestrel Launcher Development,LAUNCHER,NS30,2025,11,2025-11-01,2025-11,SUB,864089.86,635184545.04
PRG-KESTREL,Kestrel Launcher Development,LAUNCHER,NS30,2025,12,2025-12-01,2025-12,DEP,85389.22,635184545.04
PRG-KESTREL,Kestrel Launcher Development,LAUNCHER,NS30,2025,12,2025-12-01,2025-12,MAT,497161.81,635184545.04
PRG-KESTREL,Kestrel Launcher Development,LAUNCHER,NS30,2025,12,2025-12-01,2025-12,OTH,9271.25,635184545.04
PRG-KESTREL,Kestrel Launcher Development,LAUNCHER,NS30,2025,12,2025-12-01,2025-12,OVH,94484.17,635184545.04
PRG-KESTREL,Kestrel Launcher Development,LAUNCHER,NS30,2025,12,2025-12-01,2025-12,PER,61046.04,635184545.04
PRG-KESTREL,Kestrel Launcher Development,LAUNCHER,NS30,2025,12,2025-12-01,2025-12,SUB,706273.32,635184545.04
PRG-KESTREL,Kestrel Launcher Development,LAUNCHER,NS30,2025,13,2025-12-01,2025-12,MAT,12130.96,635184545.04
PRG-KESTREL,Kestrel Launcher Development,LAUNCHER,NS30,2025,13,2025-12-01,2025-12,OTH,9106.28,635184545.04
PRG-KESTREL,Kestrel Launcher Development,LAUNCHER,NS30,2025,13,2025-12-01,2025-12,OVH,6105.9,635184545.04
PRG-KESTREL,Kestrel Launcher Development,LAUNCHER,NS30,2025,13,2025-12-01,2025-12,PER,14489.38,635184545.04
PRG-KESTREL,Kestrel Launcher Development,LAUNCHER,NS30,2025,13,2025-12-01,2025-12,SUB,124786.25,635184545.04
PRG-KESTREL,Kestrel Launcher Development,LAUNCHER,NS30,2025,14,2025-12-01,2025-12,MAT,5889.7,635184545.04
PRG-KESTREL,Kestrel Launcher Development,LAUNCHER,NS30,2025,14,2025-12-01,2025-12,OTH,4489.95,635184545.04
PRG-KESTREL,Kestrel Launcher Development,LAUNCHER,NS30,2025,14,2025-12-01,2025-12,OVH,14568.56,635184545.04
PRG-KESTREL,Kestrel Launcher Development,LAUNCHER,NS30,2025,14,2025-12-01,2025-12,PER,11030.75,635184545.04
PRG-KESTREL,Kestrel Launcher Development,LAUNCHER,NS30,2025,14,2025-12-01,2025-12,SUB,102372.61,635184545.04
PRG-KESTREL,Kestrel Launcher Development,LAUNCHER,NS30,2026,1,2026-01-01,2026-01,DEP,30313.71,635184545.04
PRG-KESTREL,Kestrel Launcher Development,LAUNCHER,NS30,2026,1,2026-01-01,2026-01,MAT,532963.54,635184545.04
PRG-KESTREL,Kestrel Launcher Development,LAUNCHER,NS30,2026,1,2026-01-01,2026-01,OTH,20994.72,635184545.04
PRG-KESTREL,Kestrel Launcher Development,LAUNCHER,NS30,2026,1,2026-01-01,2026-01,OVH,87423.97,635184545.04
PRG-KESTREL,Kestrel Launcher Development,LAUNCHER,NS30,2026,1,2026-01-01,2026-01,PER,79553.36,635184545.04
PRG-KESTREL,Kestrel Launcher Development,LAUNCHER,NS30,2026,1,2026-01-01,2026-01,SUB,1188203.52,635184545.04
PRG-KESTREL,Kestrel Launcher Development,LAUNCHER,NS30,2026,2,2026-02-01,2026-02,DEP,55428.16,635184545.04
PRG-KESTREL,Kestrel Launcher Development,LAUNCHER,NS30,2026,2,2026-02-01,2026-02,MAT,476386.08,635184545.04
PRG-KESTREL,Kestrel Launcher Development,LAUNCHER,NS30,2026,2,2026-02-01,2026-02,OTH,12509.89,635184545.04
PRG-KESTREL,Kestrel Launcher Development,LAUNCHER,NS30,2026,2,2026-02-01,2026-02,OVH,86162.76,635184545.04
PRG-KESTREL,Kestrel Launcher Development,LAUNCHER,NS30,2026,2,2026-02-01,2026-02,PER,78859.81,635184545.04
PRG-KESTREL,Kestrel Launcher Development,LAUNCHER,NS30,2026,2,2026-02-01,2026-02,SUB,812607.74,635184545.04
PRG-KESTREL,Kestrel Launcher Development,LAUNCHER,NS30,2026,3,2026-03-01,2026-03,DEP,49637.34,635184545.04
PRG-KESTREL,Kestrel Launcher Development,LAUNCHER,NS30,2026,3,2026-03-01,2026-03,MAT,675617.31,635184545.04
PRG-KESTREL,Kestrel Launcher Development,LAUNCHER,NS30,2026,3,2026-03-01,2026-03,OTH,13537.32,635184545.04
PRG-KESTREL,Kestrel Launcher Development,LAUNCHER,NS30,2026,3,2026-03-01,2026-03,OVH,122699.58,635184545.04
PRG-KESTREL,Kestrel Launcher Development,LAUNCHER,NS30,2026,3,2026-03-01,2026-03,PER,72648.78,635184545.04
PRG-KESTREL,Kestrel Launcher Development,LAUNCHER,NS30,2026,3,2026-03-01,2026-03,SUB,1126606.79,635184545.04
PRG-KESTREL,Kestrel Launcher Development,LAUNCHER,NS30,2026,4,2026-04-01,2026-04,DEP,85826.71,635184545.04
PRG-KESTREL,Kestrel Launcher Development,LAUNCHER,NS30,2026,4,2026-04-01,2026-04,MAT,682205.38,635184545.04
PRG-KESTREL,Kestrel Launcher Development,LAUNCHER,NS30,2026,4,2026-04-01,2026-04,OTH,17199.27,635184545.04
PRG-KESTREL,Kestrel Launcher Development,LAUNCHER,NS30,2026,4,2026-04-01,2026-04,OVH,133272.6,635184545.04
PRG-KESTREL,Kestrel Launcher Development,LAUNCHER,NS30,2026,4,2026-04-01,2026-04,PER,132615.74,635184545.04
PRG-KESTREL,Kestrel Launcher Development,LAUNCHER,NS30,2026,4,2026-04-01,2026-04,SUB,1262950.08,635184545.04
PRG-KESTREL,Kestrel Launcher Development,LAUNCHER,NS30,2026,5,2026-05-01,2026-05,DEP,93058.66,635184545.04
PRG-KESTREL,Kestrel Launcher Development,LAUNCHER,NS30,2026,5,2026-05-01,2026-05,MAT,581806.56,635184545.04
PRG-KESTREL,Kestrel Launcher Development,LAUNCHER,NS30,2026,5,2026-05-01,2026-05,OTH,12829.09,635184545.04
PRG-KESTREL,Kestrel Launcher Development,LAUNCHER,NS30,2026,5,2026-05-01,2026-05,OVH,161355.21,635184545.04
PRG-KESTREL,Kestrel Launcher Development,LAUNCHER,NS30,2026,5,2026-05-01,2026-05,PER,118045.55,635184545.04
PRG-KESTREL,Kestrel Launcher Development,LAUNCHER,NS30,2026,5,2026-05-01,2026-05,SUB,945599.39,635184545.04
PRG-KESTREL,Kestrel Launcher Development,LAUNCHER,NS30,2026,6,2026-06-01,2026-06,DEP,70830.77,635184545.04
PRG-KESTREL,Kestrel Launcher Development,LAUNCHER,NS30,2026,6,2026-06-01,2026-06,MAT,771485.71,635184545.04
PRG-KESTREL,Kestrel Launcher Development,LAUNCHER,NS30,2026,6,2026-06-01,2026-06,OTH,16765.52,635184545.04
PRG-KESTREL,Kestrel Launcher Development,LAUNCHER,NS30,2026,6,2026-06-01,2026-06,OVH,138215.96,635184545.04
PRG-KESTREL,Kestrel Launcher Development,LAUNCHER,NS30,2026,6,2026-06-01,2026-06,PER,135703.53,635184545.04
PRG-KESTREL,Kestrel Launcher Development,LAUNCHER,NS30,2026,6,2026-06-01,2026-06,SUB,1026975.45,635184545.04
PRG-KESTREL,Kestrel Launcher Development,LAUNCHER,NS40,2023,1,2023-01-01,2023-01,DEP,63615.59,635184545.04
PRG-KESTREL,Kestrel Launcher Development,LAUNCHER,NS40,2023,1,2023-01-01,2023-01,MAT,470771.12,635184545.04
PRG-KESTREL,Kestrel Launcher Development,LAUNCHER,NS40,2023,1,2023-01-01,2023-01,OTH,10339.12,635184545.04
PRG-KESTREL,Kestrel Launcher Development,LAUNCHER,NS40,2023,1,2023-01-01,2023-01,OVH,117349.58,635184545.04
PRG-KESTREL,Kestrel Launcher Development,LAUNCHER,NS40,2023,1,2023-01-01,2023-01,PER,70591.65,635184545.04
PRG-KESTREL,Kestrel Launcher Development,LAUNCHER,NS40,2023,1,2023-01-01,2023-01,SUB,981256.24,635184545.04
PRG-KESTREL,Kestrel Launcher Development,LAUNCHER,NS40,2023,2,2023-02-01,2023-02,DEP,52758.37,635184545.04
PRG-KESTREL,Kestrel Launcher Development,LAUNCHER,NS40,2023,2,2023-02-01,2023-02,MAT,525418.84,635184545.04
PRG-KESTREL,Kestrel Launcher Development,LAUNCHER,NS40,2023,2,2023-02-01,2023-02,OTH,6867.46,635184545.04
PRG-KESTREL,Kestrel Launcher Development,LAUNCHER,NS40,2023,2,2023-02-01,2023-02,OVH,91809.87,635184545.04
PRG-KESTREL,Kestrel Launcher Development,LAUNCHER,NS40,2023,2,2023-02-01,2023-02,PER,56578.24,635184545.04
PRG-KESTREL,Kestrel Launcher Development,LAUNCHER,NS40,2023,2,2023-02-01,2023-02,SUB,967588.97,635184545.04
PRG-KESTREL,Kestrel Launcher Development,LAUNCHER,NS40,2023,3,2023-03-01,2023-03,DEP,62644.9,635184545.04
PRG-KESTREL,Kestrel Launcher Development,LAUNCHER,NS40,2023,3,2023-03-01,2023-03,MAT,570740.77,635184545.04
PRG-KESTREL,Kestrel Launcher Development,LAUNCHER,NS40,2023,3,2023-03-01,2023-03,OTH,2594.53,635184545.04
PRG-KESTREL,Kestrel Launcher Development,LAUNCHER,NS40,2023,3,2023-03-01,2023-03,OVH,92774.57,635184545.04
PRG-KESTREL,Kestrel Launcher Development,LAUNCHER,NS40,2023,3,2023-03-01,2023-03,PER,84074.31,635184545.04
PRG-KESTREL,Kestrel Launcher Development,LAUNCHER,NS40,2023,3,2023-03-01,2023-03,SUB,893932.73,635184545.04
PRG-KESTREL,Kestrel Launcher Development,LAUNCHER,NS40,2023,4,2023-04-01,2023-04,DEP,72550.07,635184545.04
PRG-KESTREL,Kestrel Launcher Development,LAUNCHER,NS40,2023,4,2023-04-01,2023-04,MAT,494873.53,635184545.04
PRG-KESTREL,Kestrel Launcher Development,LAUNCHER,NS40,2023,4,2023-04-01,2023-04,OTH,4900.41,635184545.04
PRG-KESTREL,Kestrel Launcher Development,LAUNCHER,NS40,2023,4,2023-04-01,2023-04,OVH,88304.57,635184545.04
PRG-KESTREL,Kestrel Launcher Development,LAUNCHER,NS40,2023,4,2023-04-01,2023-04,PER,62653.84,635184545.04
PRG-KESTREL,Kestrel Launcher Development,LAUNCHER,NS40,2023,4,2023-04-01,2023-04,SUB,707722.86,635184545.04
PRG-KESTREL,Kestrel Launcher Development,LAUNCHER,NS40,2023,5,2023-05-01,2023-05,DEP,50145.91,635184545.04
PRG-KESTREL,Kestrel Launcher Development,LAUNCHER,NS40,2023,5,2023-05-01,2023-05,MAT,498511.59,635184545.04
PRG-KESTREL,Kestrel Launcher Development,LAUNCHER,NS40,2023,5,2023-05-01,2023-05,OTH,5076.61,635184545.04
PRG-KESTREL,Kestrel Launcher Development,LAUNCHER,NS40,2023,5,2023-05-01,2023-05,OVH,95961.83,635184545.04
PRG-KESTREL,Kestrel Launcher Development,LAUNCHER,NS40,2023,5,2023-05-01,2023-05,PER,57462.24,635184545.04
PRG-KESTREL,Kestrel Launcher Development,LAUNCHER,NS40,2023,5,2023-05-01,2023-05,SUB,918588.32,635184545.04
PRG-KESTREL,Kestrel Launcher Development,LAUNCHER,NS40,2023,6,2023-06-01,2023-06,DEP,55695.16,635184545.04
PRG-KESTREL,Kestrel Launcher Development,LAUNCHER,NS40,2023,6,2023-06-01,2023-06,MAT,537415.66,635184545.04
PRG-KESTREL,Kestrel Launcher Development,LAUNCHER,NS40,2023,6,2023-06-01,2023-06,OTH,7370.21,635184545.04
PRG-KESTREL,Kestrel Launcher Development,LAUNCHER,NS40,2023,6,2023-06-01,2023-06,OVH,108538.46,635184545.04
PRG-KESTREL,Kestrel Launcher Development,LAUNCHER,NS40,2023,6,2023-06-01,2023-06,PER,66166.59,635184545.04
PRG-KESTREL,Kestrel Launcher Development,LAUNCHER,NS40,2023,6,2023-06-01,2023-06,SUB,916849.4,635184545.04
PRG-KESTREL,Kestrel Launcher Development,LAUNCHER,NS40,2023,7,2023-07-01,2023-07,DEP,50221.14,635184545.04
PRG-KESTREL,Kestrel Launcher Development,LAUNCHER,NS40,2023,7,2023-07-01,2023-07,MAT,599236.98,635184545.04
PRG-KESTREL,Kestrel Launcher Development,LAUNCHER,NS40,2023,7,2023-07-01,2023-07,OTH,8895.58,635184545.04
PRG-KESTREL,Kestrel Launcher Development,LAUNCHER,NS40,2023,7,2023-07-01,2023-07,OVH,95007.37,635184545.04
PRG-KESTREL,Kestrel Launcher Development,LAUNCHER,NS40,2023,7,2023-07-01,2023-07,PER,86458.69,635184545.04
PRG-KESTREL,Kestrel Launcher Development,LAUNCHER,NS40,2023,7,2023-07-01,2023-07,SUB,759326.93,635184545.04
PRG-KESTREL,Kestrel Launcher Development,LAUNCHER,NS40,2023,8,2023-08-01,2023-08,DEP,42845.57,635184545.04
PRG-KESTREL,Kestrel Launcher Development,LAUNCHER,NS40,2023,8,2023-08-01,2023-08,MAT,554187.21,635184545.04
PRG-KESTREL,Kestrel Launcher Development,LAUNCHER,NS40,2023,8,2023-08-01,2023-08,OTH,8453.64,635184545.04
PRG-KESTREL,Kestrel Launcher Development,LAUNCHER,NS40,2023,8,2023-08-01,2023-08,OVH,102269.77,635184545.04
PRG-KESTREL,Kestrel Launcher Development,LAUNCHER,NS40,2023,8,2023-08-01,2023-08,PER,94210.51,635184545.04
PRG-KESTREL,Kestrel Launcher Development,LAUNCHER,NS40,2023,8,2023-08-01,2023-08,SUB,845235.42,635184545.04
PRG-KESTREL,Kestrel Launcher Development,LAUNCHER,NS40,2023,9,2023-09-01,2023-09,DEP,45352.84,635184545.04
PRG-KESTREL,Kestrel Launcher Development,LAUNCHER,NS40,2023,9,2023-09-01,2023-09,MAT,511946.59,635184545.04
PRG-KESTREL,Kestrel Launcher Development,LAUNCHER,NS40,2023,9,2023-09-01,2023-09,OTH,10432.49,635184545.04
PRG-KESTREL,Kestrel Launcher Development,LAUNCHER,NS40,2023,9,2023-09-01,2023-09,OVH,92361.64,635184545.04
PRG-KESTREL,Kestrel Launcher Development,LAUNCHER,NS40,2023,9,2023-09-01,2023-09,PER,71000.31,635184545.04
PRG-KESTREL,Kestrel Launcher Development,LAUNCHER,NS40,2023,9,2023-09-01,2023-09,SUB,1121375.23,635184545.04
PRG-KESTREL,Kestrel Launcher Development,LAUNCHER,NS40,2023,10,2023-10-01,2023-10,DEP,60070.26,635184545.04
PRG-KESTREL,Kestrel Launcher Development,LAUNCHER,NS40,2023,10,2023-10-01,2023-10,MAT,529949.58,635184545.04
PRG-KESTREL,Kestrel Launcher Development,LAUNCHER,NS40,2023,10,2023-10-01,2023-10,OTH,1656.26,635184545.04
PRG-KESTREL,Kestrel Launcher Development,LAUNCHER,NS40,2023,10,2023-10-01,2023-10,OVH,101658.16,635184545.04
PRG-KESTREL,Kestrel Launcher Development,LAUNCHER,NS40,2023,10,2023-10-01,2023-10,PER,59107.32,635184545.04
PRG-KESTREL,Kestrel Launcher Development,LAUNCHER,NS40,2023,10,2023-10-01,2023-10,SUB,734122.4,635184545.04
PRG-KESTREL,Kestrel Launcher Development,LAUNCHER,NS40,2023,11,2023-11-01,2023-11,DEP,73237.44,635184545.04
PRG-KESTREL,Kestrel Launcher Development,LAUNCHER,NS40,2023,11,2023-11-01,2023-11,MAT,537333.74,635184545.04
PRG-KESTREL,Kestrel Launcher Development,LAUNCHER,NS40,2023,11,2023-11-01,2023-11,OTH,6449.31,635184545.04
PRG-KESTREL,Kestrel Launcher Development,LAUNCHER,NS40,2023,11,2023-11-01,2023-11,OVH,77388.72,635184545.04
PRG-KESTREL,Kestrel Launcher Development,LAUNCHER,NS40,2023,11,2023-11-01,2023-11,PER,74482.56,635184545.04
PRG-KESTREL,Kestrel Launcher Development,LAUNCHER,NS40,2023,11,2023-11-01,2023-11,SUB,684001.12,635184545.04
PRG-KESTREL,Kestrel Launcher Development,LAUNCHER,NS40,2023,12,2023-12-01,2023-12,DEP,44164.4,635184545.04
PRG-KESTREL,Kestrel Launcher Development,LAUNCHER,NS40,2023,12,2023-12-01,2023-12,MAT,566690.63,635184545.04
PRG-KESTREL,Kestrel Launcher Development,LAUNCHER,NS40,2023,12,2023-12-01,2023-12,OTH,11138.36,635184545.04
PRG-KESTREL,Kestrel Launcher Development,LAUNCHER,NS40,2023,12,2023-12-01,2023-12,OVH,119753.13,635184545.04
PRG-KESTREL,Kestrel Launcher Development,LAUNCHER,NS40,2023,12,2023-12-01,2023-12,PER,62029.3,635184545.04
PRG-KESTREL,Kestrel Launcher Development,LAUNCHER,NS40,2023,12,2023-12-01,2023-12,SUB,914408.85,635184545.04
PRG-KESTREL,Kestrel Launcher Development,LAUNCHER,NS40,2023,13,2023-12-01,2023-12,MAT,2337.4,635184545.04
PRG-KESTREL,Kestrel Launcher Development,LAUNCHER,NS40,2023,13,2023-12-01,2023-12,OTH,7084.69,635184545.04
PRG-KESTREL,Kestrel Launcher Development,LAUNCHER,NS40,2023,13,2023-12-01,2023-12,OVH,6908.25,635184545.04
PRG-KESTREL,Kestrel Launcher Development,LAUNCHER,NS40,2023,13,2023-12-01,2023-12,PER,16576.25,635184545.04
PRG-KESTREL,Kestrel Launcher Development,LAUNCHER,NS40,2023,13,2023-12-01,2023-12,SUB,126626.82,635184545.04
PRG-KESTREL,Kestrel Launcher Development,LAUNCHER,NS40,2023,14,2023-12-01,2023-12,MAT,16542.2,635184545.04
PRG-KESTREL,Kestrel Launcher Development,LAUNCHER,NS40,2023,14,2023-12-01,2023-12,OTH,12090.63,635184545.04
PRG-KESTREL,Kestrel Launcher Development,LAUNCHER,NS40,2023,14,2023-12-01,2023-12,OVH,5156.07,635184545.04
PRG-KESTREL,Kestrel Launcher Development,LAUNCHER,NS40,2023,14,2023-12-01,2023-12,PER,16471.71,635184545.04
PRG-KESTREL,Kestrel Launcher Development,LAUNCHER,NS40,2023,14,2023-12-01,2023-12,SUB,99360.7,635184545.04
PRG-KESTREL,Kestrel Launcher Development,LAUNCHER,NS40,2024,1,2024-01-01,2024-01,DEP,64271.82,635184545.04
PRG-KESTREL,Kestrel Launcher Development,LAUNCHER,NS40,2024,1,2024-01-01,2024-01,MAT,532059.11,635184545.04
PRG-KESTREL,Kestrel Launcher Development,LAUNCHER,NS40,2024,1,2024-01-01,2024-01,OTH,7661.64,635184545.04
PRG-KESTREL,Kestrel Launcher Development,LAUNCHER,NS40,2024,1,2024-01-01,2024-01,OVH,79161.18,635184545.04
PRG-KESTREL,Kestrel Launcher Development,LAUNCHER,NS40,2024,1,2024-01-01,2024-01,PER,52659.83,635184545.04
PRG-KESTREL,Kestrel Launcher Development,LAUNCHER,NS40,2024,1,2024-01-01,2024-01,SUB,841392.27,635184545.04
PRG-KESTREL,Kestrel Launcher Development,LAUNCHER,NS40,2024,2,2024-02-01,2024-02,DEP,62400.03,635184545.04
PRG-KESTREL,Kestrel Launcher Development,LAUNCHER,NS40,2024,2,2024-02-01,2024-02,MAT,602304.5,635184545.04
PRG-KESTREL,Kestrel Launcher Development,LAUNCHER,NS40,2024,2,2024-02-01,2024-02,OTH,3193.02,635184545.04
PRG-KESTREL,Kestrel Launcher Development,LAUNCHER,NS40,2024,2,2024-02-01,2024-02,OVH,110573.12,635184545.04
PRG-KESTREL,Kestrel Launcher Development,LAUNCHER,NS40,2024,2,2024-02-01,2024-02,PER,65714.6,635184545.04
PRG-KESTREL,Kestrel Launcher Development,LAUNCHER,NS40,2024,2,2024-02-01,2024-02,SUB,1041816.81,635184545.04
PRG-KESTREL,Kestrel Launcher Development,LAUNCHER,NS40,2024,3,2024-03-01,2024-03,DEP,34271.88,635184545.04
PRG-KESTREL,Kestrel Launcher Development,LAUNCHER,NS40,2024,3,2024-03-01,2024-03,MAT,570114.23,635184545.04
PRG-KESTREL,Kestrel Launcher Development,LAUNCHER,NS40,2024,3,2024-03-01,2024-03,OTH,8185.34,635184545.04
PRG-KESTREL,Kestrel Launcher Development,LAUNCHER,NS40,2024,3,2024-03-01,2024-03,OVH,116327.85,635184545.04
PRG-KESTREL,Kestrel Launcher Development,LAUNCHER,NS40,2024,3,2024-03-01,2024-03,PER,62491.55,635184545.04
PRG-KESTREL,Kestrel Launcher Development,LAUNCHER,NS40,2024,3,2024-03-01,2024-03,SUB,953205.74,635184545.04
PRG-KESTREL,Kestrel Launcher Development,LAUNCHER,NS40,2024,4,2024-04-01,2024-04,DEP,49305.62,635184545.04
PRG-KESTREL,Kestrel Launcher Development,LAUNCHER,NS40,2024,4,2024-04-01,2024-04,MAT,602738.4,635184545.04
PRG-KESTREL,Kestrel Launcher Development,LAUNCHER,NS40,2024,4,2024-04-01,2024-04,OTH,9327.13,635184545.04
PRG-KESTREL,Kestrel Launcher Development,LAUNCHER,NS40,2024,4,2024-04-01,2024-04,OVH,99878.47,635184545.04
PRG-KESTREL,Kestrel Launcher Development,LAUNCHER,NS40,2024,4,2024-04-01,2024-04,PER,40219.7,635184545.04
PRG-KESTREL,Kestrel Launcher Development,LAUNCHER,NS40,2024,4,2024-04-01,2024-04,SUB,838051.28,635184545.04
PRG-KESTREL,Kestrel Launcher Development,LAUNCHER,NS40,2024,5,2024-05-01,2024-05,DEP,96501.66,635184545.04
PRG-KESTREL,Kestrel Launcher Development,LAUNCHER,NS40,2024,5,2024-05-01,2024-05,MAT,615674.14,635184545.04
PRG-KESTREL,Kestrel Launcher Development,LAUNCHER,NS40,2024,5,2024-05-01,2024-05,OTH,8983.68,635184545.04
PRG-KESTREL,Kestrel Launcher Development,LAUNCHER,NS40,2024,5,2024-05-01,2024-05,OVH,132300.67,635184545.04
PRG-KESTREL,Kestrel Launcher Development,LAUNCHER,NS40,2024,5,2024-05-01,2024-05,PER,95583.46,635184545.04
PRG-KESTREL,Kestrel Launcher Development,LAUNCHER,NS40,2024,5,2024-05-01,2024-05,SUB,1050090.43,635184545.04
PRG-KESTREL,Kestrel Launcher Development,LAUNCHER,NS40,2024,6,2024-06-01,2024-06,DEP,75138.5,635184545.04
PRG-KESTREL,Kestrel Launcher Development,LAUNCHER,NS40,2024,6,2024-06-01,2024-06,MAT,643715.82,635184545.04
PRG-KESTREL,Kestrel Launcher Development,LAUNCHER,NS40,2024,6,2024-06-01,2024-06,OTH,7012.19,635184545.04
PRG-KESTREL,Kestrel Launcher Development,LAUNCHER,NS40,2024,6,2024-06-01,2024-06,OVH,108396.92,635184545.04
PRG-KESTREL,Kestrel Launcher Development,LAUNCHER,NS40,2024,6,2024-06-01,2024-06,PER,57636.8,635184545.04
PRG-KESTREL,Kestrel Launcher Development,LAUNCHER,NS40,2024,6,2024-06-01,2024-06,SUB,1110018.92,635184545.04
PRG-KESTREL,Kestrel Launcher Development,LAUNCHER,NS40,2024,7,2024-07-01,2024-07,DEP,50516.85,635184545.04
PRG-KESTREL,Kestrel Launcher Development,LAUNCHER,NS40,2024,7,2024-07-01,2024-07,MAT,459161.08,635184545.04
PRG-KESTREL,Kestrel Launcher Development,LAUNCHER,NS40,2024,7,2024-07-01,2024-07,OTH,7321.37,635184545.04
PRG-KESTREL,Kestrel Launcher Development,LAUNCHER,NS40,2024,7,2024-07-01,2024-07,OVH,110916.01,635184545.04
PRG-KESTREL,Kestrel Launcher Development,LAUNCHER,NS40,2024,7,2024-07-01,2024-07,PER,78254.32,635184545.04
PRG-KESTREL,Kestrel Launcher Development,LAUNCHER,NS40,2024,7,2024-07-01,2024-07,SUB,718567.71,635184545.04
PRG-KESTREL,Kestrel Launcher Development,LAUNCHER,NS40,2024,8,2024-08-01,2024-08,DEP,53671.55,635184545.04
PRG-KESTREL,Kestrel Launcher Development,LAUNCHER,NS40,2024,8,2024-08-01,2024-08,MAT,661316.35,635184545.04
PRG-KESTREL,Kestrel Launcher Development,LAUNCHER,NS40,2024,8,2024-08-01,2024-08,OTH,15677.19,635184545.04
PRG-KESTREL,Kestrel Launcher Development,LAUNCHER,NS40,2024,8,2024-08-01,2024-08,OVH,112524.38,635184545.04
PRG-KESTREL,Kestrel Launcher Development,LAUNCHER,NS40,2024,8,2024-08-01,2024-08,PER,60391.2,635184545.04
PRG-KESTREL,Kestrel Launcher Development,LAUNCHER,NS40,2024,8,2024-08-01,2024-08,SUB,928332.17,635184545.04
PRG-KESTREL,Kestrel Launcher Development,LAUNCHER,NS40,2024,9,2024-09-01,2024-09,DEP,67470.13,635184545.04
PRG-KESTREL,Kestrel Launcher Development,LAUNCHER,NS40,2024,9,2024-09-01,2024-09,MAT,497214.03,635184545.04
PRG-KESTREL,Kestrel Launcher Development,LAUNCHER,NS40,2024,9,2024-09-01,2024-09,OTH,1281.89,635184545.04
PRG-KESTREL,Kestrel Launcher Development,LAUNCHER,NS40,2024,9,2024-09-01,2024-09,OVH,98966.01,635184545.04
PRG-KESTREL,Kestrel Launcher Development,LAUNCHER,NS40,2024,9,2024-09-01,2024-09,PER,60083.81,635184545.04
PRG-KESTREL,Kestrel Launcher Development,LAUNCHER,NS40,2024,9,2024-09-01,2024-09,SUB,767788.54,635184545.04
PRG-KESTREL,Kestrel Launcher Development,LAUNCHER,NS40,2024,10,2024-10-01,2024-10,DEP,48284.64,635184545.04
PRG-KESTREL,Kestrel Launcher Development,LAUNCHER,NS40,2024,10,2024-10-01,2024-10,MAT,567865.22,635184545.04
PRG-KESTREL,Kestrel Launcher Development,LAUNCHER,NS40,2024,10,2024-10-01,2024-10,OTH,8677.47,635184545.04
PRG-KESTREL,Kestrel Launcher Development,LAUNCHER,NS40,2024,10,2024-10-01,2024-10,OVH,103457.88,635184545.04
PRG-KESTREL,Kestrel Launcher Development,LAUNCHER,NS40,2024,10,2024-10-01,2024-10,PER,90453.89,635184545.04
PRG-KESTREL,Kestrel Launcher Development,LAUNCHER,NS40,2024,10,2024-10-01,2024-10,SUB,1015170.28,635184545.04
PRG-KESTREL,Kestrel Launcher Development,LAUNCHER,NS40,2024,11,2024-11-01,2024-11,DEP,72261.38,635184545.04
PRG-KESTREL,Kestrel Launcher Development,LAUNCHER,NS40,2024,11,2024-11-01,2024-11,MAT,536393.43,635184545.04
PRG-KESTREL,Kestrel Launcher Development,LAUNCHER,NS40,2024,11,2024-11-01,2024-11,OTH,6558.09,635184545.04
PRG-KESTREL,Kestrel Launcher Development,LAUNCHER,NS40,2024,11,2024-11-01,2024-11,OVH,106420.98,635184545.04
PRG-KESTREL,Kestrel Launcher Development,LAUNCHER,NS40,2024,11,2024-11-01,2024-11,PER,58281.5,635184545.04
PRG-KESTREL,Kestrel Launcher Development,LAUNCHER,NS40,2024,11,2024-11-01,2024-11,SUB,743290.81,635184545.04
PRG-KESTREL,Kestrel Launcher Development,LAUNCHER,NS40,2024,12,2024-12-01,2024-12,DEP,39447.51,635184545.04
PRG-KESTREL,Kestrel Launcher Development,LAUNCHER,NS40,2024,12,2024-12-01,2024-12,MAT,547064.98,635184545.04
PRG-KESTREL,Kestrel Launcher Development,LAUNCHER,NS40,2024,12,2024-12-01,2024-12,OTH,10470.57,635184545.04
PRG-KESTREL,Kestrel Launcher Development,LAUNCHER,NS40,2024,12,2024-12-01,2024-12,OVH,109373.8,635184545.04
PRG-KESTREL,Kestrel Launcher Development,LAUNCHER,NS40,2024,12,2024-12-01,2024-12,PER,61161.9,635184545.04
PRG-KESTREL,Kestrel Launcher Development,LAUNCHER,NS40,2024,12,2024-12-01,2024-12,SUB,1020938.1,635184545.04
PRG-KESTREL,Kestrel Launcher Development,LAUNCHER,NS40,2024,13,2024-12-01,2024-12,MAT,12728.88,635184545.04
PRG-KESTREL,Kestrel Launcher Development,LAUNCHER,NS40,2024,13,2024-12-01,2024-12,OTH,3787.36,635184545.04
PRG-KESTREL,Kestrel Launcher Development,LAUNCHER,NS40,2024,13,2024-12-01,2024-12,OVH,6460.99,635184545.04
PRG-KESTREL,Kestrel Launcher Development,LAUNCHER,NS40,2024,13,2024-12-01,2024-12,PER,12886.6,635184545.04
PRG-KESTREL,Kestrel Launcher Development,LAUNCHER,NS40,2024,13,2024-12-01,2024-12,SUB,85153.51,635184545.04
PRG-KESTREL,Kestrel Launcher Development,LAUNCHER,NS40,2024,14,2024-12-01,2024-12,MAT,28821.29,635184545.04
PRG-KESTREL,Kestrel Launcher Development,LAUNCHER,NS40,2024,14,2024-12-01,2024-12,OTH,7260.23,635184545.04
PRG-KESTREL,Kestrel Launcher Development,LAUNCHER,NS40,2024,14,2024-12-01,2024-12,OVH,11752.48,635184545.04
PRG-KESTREL,Kestrel Launcher Development,LAUNCHER,NS40,2024,14,2024-12-01,2024-12,PER,18544.03,635184545.04
PRG-KESTREL,Kestrel Launcher Development,LAUNCHER,NS40,2024,14,2024-12-01,2024-12,SUB,108582.31,635184545.04
PRG-KESTREL,Kestrel Launcher Development,LAUNCHER,NS40,2025,1,2025-01-01,2025-01,DEP,57069.76,635184545.04
PRG-KESTREL,Kestrel Launcher Development,LAUNCHER,NS40,2025,1,2025-01-01,2025-01,MAT,670376.19,635184545.04
PRG-KESTREL,Kestrel Launcher Development,LAUNCHER,NS40,2025,1,2025-01-01,2025-01,OTH,9508.31,635184545.04
PRG-KESTREL,Kestrel Launcher Development,LAUNCHER,NS40,2025,1,2025-01-01,2025-01,OVH,121540.69,635184545.04
PRG-KESTREL,Kestrel Launcher Development,LAUNCHER,NS40,2025,1,2025-01-01,2025-01,PER,96777.3,635184545.04
PRG-KESTREL,Kestrel Launcher Development,LAUNCHER,NS40,2025,1,2025-01-01,2025-01,SUB,921657.9,635184545.04
PRG-KESTREL,Kestrel Launcher Development,LAUNCHER,NS40,2025,2,2025-02-01,2025-02,DEP,57138.28,635184545.04
PRG-KESTREL,Kestrel Launcher Development,LAUNCHER,NS40,2025,2,2025-02-01,2025-02,MAT,535421.07,635184545.04
PRG-KESTREL,Kestrel Launcher Development,LAUNCHER,NS40,2025,2,2025-02-01,2025-02,OTH,12830.23,635184545.04
PRG-KESTREL,Kestrel Launcher Development,LAUNCHER,NS40,2025,2,2025-02-01,2025-02,OVH,115102.92,635184545.04
PRG-KESTREL,Kestrel Launcher Development,LAUNCHER,NS40,2025,2,2025-02-01,2025-02,PER,83015.08,635184545.04
PRG-KESTREL,Kestrel Launcher Development,LAUNCHER,NS40,2025,2,2025-02-01,2025-02,SUB,1092317.58,635184545.04
PRG-KESTREL,Kestrel Launcher Development,LAUNCHER,NS40,2025,3,2025-03-01,2025-03,DEP,69203.88,635184545.04
PRG-KESTREL,Kestrel Launcher Development,LAUNCHER,NS40,2025,3,2025-03-01,2025-03,MAT,776242.61,635184545.04
PRG-KESTREL,Kestrel Launcher Development,LAUNCHER,NS40,2025,3,2025-03-01,2025-03,OTH,11368.59,635184545.04
PRG-KESTREL,Kestrel Launcher Development,LAUNCHER,NS40,2025,3,2025-03-01,2025-03,OVH,126894.47,635184545.04
PRG-KESTREL,Kestrel Launcher Development,LAUNCHER,NS40,2025,3,2025-03-01,2025-03,PER,96078.51,635184545.04
PRG-KESTREL,Kestrel Launcher Development,LAUNCHER,NS40,2025,3,2025-03-01,2025-03,SUB,1369347.51,635184545.04
PRG-KESTREL,Kestrel Launcher Development,LAUNCHER,NS40,2025,4,2025-04-01,2025-04,DEP,65879.27,635184545.04
PRG-KESTREL,Kestrel Launcher Development,LAUNCHER,NS40,2025,4,2025-04-01,2025-04,MAT,614524.84,635184545.04
PRG-KESTREL,Kestrel Launcher Development,LAUNCHER,NS40,2025,4,2025-04-01,2025-04,OTH,12505.81,635184545.04
PRG-KESTREL,Kestrel Launcher Development,LAUNCHER,NS40,2025,4,2025-04-01,2025-04,OVH,143723.81,635184545.04
PRG-KESTREL,Kestrel Launcher Development,LAUNCHER,NS40,2025,4,2025-04-01,2025-04,PER,92746.39,635184545.04
PRG-KESTREL,Kestrel Launcher Development,LAUNCHER,NS40,2025,4,2025-04-01,2025-04,SUB,865105.6,635184545.04
PRG-KESTREL,Kestrel Launcher Development,LAUNCHER,NS40,2025,5,2025-05-01,2025-05,DEP,79077.16,635184545.04
PRG-KESTREL,Kestrel Launcher Development,LAUNCHER,NS40,2025,5,2025-05-01,2025-05,MAT,449211.33,635184545.04
PRG-KESTREL,Kestrel Launcher Development,LAUNCHER,NS40,2025,5,2025-05-01,2025-05,OTH,4621.65,635184545.04
PRG-KESTREL,Kestrel Launcher Development,LAUNCHER,NS40,2025,5,2025-05-01,2025-05,OVH,119942.94,635184545.04
PRG-KESTREL,Kestrel Launcher Development,LAUNCHER,NS40,2025,5,2025-05-01,2025-05,PER,60936.6,635184545.04
PRG-KESTREL,Kestrel Launcher Development,LAUNCHER,NS40,2025,5,2025-05-01,2025-05,SUB,937557.63,635184545.04
PRG-KESTREL,Kestrel Launcher Development,LAUNCHER,NS40,2025,6,2025-06-01,2025-06,DEP,69809.05,635184545.04
PRG-KESTREL,Kestrel Launcher Development,LAUNCHER,NS40,2025,6,2025-06-01,2025-06,MAT,586918.71,635184545.04
PRG-KESTREL,Kestrel Launcher Development,LAUNCHER,NS40,2025,6,2025-06-01,2025-06,OTH,2484.86,635184545.04
PRG-KESTREL,Kestrel Launcher Development,LAUNCHER,NS40,2025,6,2025-06-01,2025-06,OVH,111576.07,635184545.04
PRG-KESTREL,Kestrel Launcher Development,LAUNCHER,NS40,2025,6,2025-06-01,2025-06,PER,98561.21,635184545.04
PRG-KESTREL,Kestrel Launcher Development,LAUNCHER,NS40,2025,6,2025-06-01,2025-06,SUB,1066513.67,635184545.04
PRG-KESTREL,Kestrel Launcher Development,LAUNCHER,NS40,2025,7,2025-07-01,2025-07,DEP,50196.59,635184545.04
PRG-KESTREL,Kestrel Launcher Development,LAUNCHER,NS40,2025,7,2025-07-01,2025-07,MAT,572728.79,635184545.04
PRG-KESTREL,Kestrel Launcher Development,LAUNCHER,NS40,2025,7,2025-07-01,2025-07,OTH,16210.19,635184545.04
PRG-KESTREL,Kestrel Launcher Development,LAUNCHER,NS40,2025,7,2025-07-01,2025-07,OVH,124547.8,635184545.04
PRG-KESTREL,Kestrel Launcher Development,LAUNCHER,NS40,2025,7,2025-07-01,2025-07,PER,53195.05,635184545.04
PRG-KESTREL,Kestrel Launcher Development,LAUNCHER,NS40,2025,7,2025-07-01,2025-07,SUB,742760.88,635184545.04
PRG-KESTREL,Kestrel Launcher Development,LAUNCHER,NS40,2025,8,2025-08-01,2025-08,DEP,64119.89,635184545.04
PRG-KESTREL,Kestrel Launcher Development,LAUNCHER,NS40,2025,8,2025-08-01,2025-08,MAT,663298.86,635184545.04
PRG-KESTREL,Kestrel Launcher Development,LAUNCHER,NS40,2025,8,2025-08-01,2025-08,OTH,6744.2,635184545.04
PRG-KESTREL,Kestrel Launcher Development,LAUNCHER,NS40,2025,8,2025-08-01,2025-08,OVH,109577.37,635184545.04
PRG-KESTREL,Kestrel Launcher Development,LAUNCHER,NS40,2025,8,2025-08-01,2025-08,PER,62891.99,635184545.04
PRG-KESTREL,Kestrel Launcher Development,LAUNCHER,NS40,2025,8,2025-08-01,2025-08,SUB,1080183.29,635184545.04
PRG-KESTREL,Kestrel Launcher Development,LAUNCHER,NS40,2025,9,2025-09-01,2025-09,DEP,69277.64,635184545.04
PRG-KESTREL,Kestrel Launcher Development,LAUNCHER,NS40,2025,9,2025-09-01,2025-09,MAT,496853.69,635184545.04
PRG-KESTREL,Kestrel Launcher Development,LAUNCHER,NS40,2025,9,2025-09-01,2025-09,OTH,9060.7,635184545.04
PRG-KESTREL,Kestrel Launcher Development,LAUNCHER,NS40,2025,9,2025-09-01,2025-09,OVH,132329.2,635184545.04
PRG-KESTREL,Kestrel Launcher Development,LAUNCHER,NS40,2025,9,2025-09-01,2025-09,PER,87534.34,635184545.04
PRG-KESTREL,Kestrel Launcher Development,LAUNCHER,NS40,2025,9,2025-09-01,2025-09,SUB,1011927.18,635184545.04
PRG-KESTREL,Kestrel Launcher Development,LAUNCHER,NS40,2025,10,2025-10-01,2025-10,DEP,64780.49,635184545.04
PRG-KESTREL,Kestrel Launcher Development,LAUNCHER,NS40,2025,10,2025-10-01,2025-10,MAT,742418.78,635184545.04
PRG-KESTREL,Kestrel Launcher Development,LAUNCHER,NS40,2025,10,2025-10-01,2025-10,OTH,8312.88,635184545.04
PRG-KESTREL,Kestrel Launcher Development,LAUNCHER,NS40,2025,10,2025-10-01,2025-10,OVH,131813.74,635184545.04
PRG-KESTREL,Kestrel Launcher Development,LAUNCHER,NS40,2025,10,2025-10-01,2025-10,PER,93162.95,635184545.04
PRG-KESTREL,Kestrel Launcher Development,LAUNCHER,NS40,2025,10,2025-10-01,2025-10,SUB,1487193.73,635184545.04
PRG-KESTREL,Kestrel Launcher Development,LAUNCHER,NS40,2025,11,2025-11-01,2025-11,DEP,65218.68,635184545.04
PRG-KESTREL,Kestrel Launcher Development,LAUNCHER,NS40,2025,11,2025-11-01,2025-11,MAT,633300.17,635184545.04
PRG-KESTREL,Kestrel Launcher Development,LAUNCHER,NS40,2025,11,2025-11-01,2025-11,OTH,9958.69,635184545.04
PRG-KESTREL,Kestrel Launcher Development,LAUNCHER,NS40,2025,11,2025-11-01,2025-11,OVH,141193.44,635184545.04
PRG-KESTREL,Kestrel Launcher Development,LAUNCHER,NS40,2025,11,2025-11-01,2025-11,PER,100636.73,635184545.04
PRG-KESTREL,Kestrel Launcher Development,LAUNCHER,NS40,2025,11,2025-11-01,2025-11,SUB,1005990.51,635184545.04
PRG-KESTREL,Kestrel Launcher Development,LAUNCHER,NS40,2025,12,2025-12-01,2025-12,DEP,118690.25,635184545.04
PRG-KESTREL,Kestrel Launcher Development,LAUNCHER,NS40,2025,12,2025-12-01,2025-12,MAT,945152.9,635184545.04
PRG-KESTREL,Kestrel Launcher Development,LAUNCHER,NS40,2025,12,2025-12-01,2025-12,OTH,17058.73,635184545.04
PRG-KESTREL,Kestrel Launcher Development,LAUNCHER,NS40,2025,12,2025-12-01,2025-12,OVH,167935.44,635184545.04
PRG-KESTREL,Kestrel Launcher Development,LAUNCHER,NS40,2025,12,2025-12-01,2025-12,PER,133773.88,635184545.04
PRG-KESTREL,Kestrel Launcher Development,LAUNCHER,NS40,2025,12,2025-12-01,2025-12,SUB,1432491.18,635184545.04
PRG-KESTREL,Kestrel Launcher Development,LAUNCHER,NS40,2025,13,2025-12-01,2025-12,MAT,34472.35,635184545.04
PRG-KESTREL,Kestrel Launcher Development,LAUNCHER,NS40,2025,13,2025-12-01,2025-12,OTH,7852.96,635184545.04
PRG-KESTREL,Kestrel Launcher Development,LAUNCHER,NS40,2025,13,2025-12-01,2025-12,OVH,8289.19,635184545.04
PRG-KESTREL,Kestrel Launcher Development,LAUNCHER,NS40,2025,13,2025-12-01,2025-12,PER,27993.99,635184545.04
PRG-KESTREL,Kestrel Launcher Development,LAUNCHER,NS40,2025,13,2025-12-01,2025-12,SUB,90071.96,635184545.04
PRG-KESTREL,Kestrel Launcher Development,LAUNCHER,NS40,2025,14,2025-12-01,2025-12,MAT,10832.04,635184545.04
PRG-KESTREL,Kestrel Launcher Development,LAUNCHER,NS40,2025,14,2025-12-01,2025-12,OTH,8046.04,635184545.04
PRG-KESTREL,Kestrel Launcher Development,LAUNCHER,NS40,2025,14,2025-12-01,2025-12,OVH,9857.27,635184545.04
PRG-KESTREL,Kestrel Launcher Development,LAUNCHER,NS40,2025,14,2025-12-01,2025-12,PER,23412.73,635184545.04
PRG-KESTREL,Kestrel Launcher Development,LAUNCHER,NS40,2025,14,2025-12-01,2025-12,SUB,125730.58,635184545.04
PRG-KESTREL,Kestrel Launcher Development,LAUNCHER,NS40,2026,1,2026-01-01,2026-01,DEP,81756.23,635184545.04
PRG-KESTREL,Kestrel Launcher Development,LAUNCHER,NS40,2026,1,2026-01-01,2026-01,MAT,988679.89,635184545.04
PRG-KESTREL,Kestrel Launcher Development,LAUNCHER,NS40,2026,1,2026-01-01,2026-01,OTH,8526.15,635184545.04
PRG-KESTREL,Kestrel Launcher Development,LAUNCHER,NS40,2026,1,2026-01-01,2026-01,OVH,162311.54,635184545.04
PRG-KESTREL,Kestrel Launcher Development,LAUNCHER,NS40,2026,1,2026-01-01,2026-01,PER,105917.27,635184545.04
PRG-KESTREL,Kestrel Launcher Development,LAUNCHER,NS40,2026,1,2026-01-01,2026-01,SUB,1532709.45,635184545.04
PRG-KESTREL,Kestrel Launcher Development,LAUNCHER,NS40,2026,2,2026-02-01,2026-02,DEP,93482.86,635184545.04
PRG-KESTREL,Kestrel Launcher Development,LAUNCHER,NS40,2026,2,2026-02-01,2026-02,MAT,981920.17,635184545.04
PRG-KESTREL,Kestrel Launcher Development,LAUNCHER,NS40,2026,2,2026-02-01,2026-02,OTH,11148.0,635184545.04
PRG-KESTREL,Kestrel Launcher Development,LAUNCHER,NS40,2026,2,2026-02-01,2026-02,OVH,162128.54,635184545.04
PRG-KESTREL,Kestrel Launcher Development,LAUNCHER,NS40,2026,2,2026-02-01,2026-02,PER,144251.5,635184545.04
PRG-KESTREL,Kestrel Launcher Development,LAUNCHER,NS40,2026,2,2026-02-01,2026-02,SUB,1139129.19,635184545.04
PRG-KESTREL,Kestrel Launcher Development,LAUNCHER,NS40,2026,3,2026-03-01,2026-03,DEP,88656.64,635184545.04
PRG-KESTREL,Kestrel Launcher Development,LAUNCHER,NS40,2026,3,2026-03-01,2026-03,MAT,989830.58,635184545.04
PRG-KESTREL,Kestrel Launcher Development,LAUNCHER,NS40,2026,3,2026-03-01,2026-03,OTH,7775.85,635184545.04
PRG-KESTREL,Kestrel Launcher Development,LAUNCHER,NS40,2026,3,2026-03-01,2026-03,OVH,182000.56,635184545.04
PRG-KESTREL,Kestrel Launcher Development,LAUNCHER,NS40,2026,3,2026-03-01,2026-03,PER,97346.28,635184545.04
PRG-KESTREL,Kestrel Launcher Development,LAUNCHER,NS40,2026,3,2026-03-01,2026-03,SUB,1594973.67,635184545.04
PRG-KESTREL,Kestrel Launcher Development,LAUNCHER,NS40,2026,4,2026-04-01,2026-04,DEP,111396.8,635184545.04
PRG-KESTREL,Kestrel Launcher Development,LAUNCHER,NS40,2026,4,2026-04-01,2026-04,MAT,1239320.75,635184545.04
PRG-KESTREL,Kestrel Launcher Development,LAUNCHER,NS40,2026,4,2026-04-01,2026-04,OTH,12139.3,635184545.04
PRG-KESTREL,Kestrel Launcher Development,LAUNCHER,NS40,2026,4,2026-04-01,2026-04,OVH,181515.49,635184545.04
PRG-KESTREL,Kestrel Launcher Development,LAUNCHER,NS40,2026,4,2026-04-01,2026-04,PER,118902.71,635184545.04
PRG-KESTREL,Kestrel Launcher Development,LAUNCHER,NS40,2026,4,2026-04-01,2026-04,SUB,1604883.26,635184545.04
PRG-KESTREL,Kestrel Launcher Development,LAUNCHER,NS40,2026,5,2026-05-01,2026-05,DEP,81959.46,635184545.04
PRG-KESTREL,Kestrel Launcher Development,LAUNCHER,NS40,2026,5,2026-05-01,2026-05,MAT,814163.81,635184545.04
PRG-KESTREL,Kestrel Launcher Development,LAUNCHER,NS40,2026,5,2026-05-01,2026-05,OTH,21045.2,635184545.04
PRG-KESTREL,Kestrel Launcher Development,LAUNCHER,NS40,2026,5,2026-05-01,2026-05,OVH,176980.01,635184545.04
PRG-KESTREL,Kestrel Launcher Development,LAUNCHER,NS40,2026,5,2026-05-01,2026-05,PER,110620.83,635184545.04
PRG-KESTREL,Kestrel Launcher Development,LAUNCHER,NS40,2026,5,2026-05-01,2026-05,SUB,1615619.21,635184545.04
PRG-KESTREL,Kestrel Launcher Development,LAUNCHER,NS40,2026,6,2026-06-01,2026-06,DEP,120838.11,635184545.04
PRG-KESTREL,Kestrel Launcher Development,LAUNCHER,NS40,2026,6,2026-06-01,2026-06,MAT,1124767.53,635184545.04
PRG-KESTREL,Kestrel Launcher Development,LAUNCHER,NS40,2026,6,2026-06-01,2026-06,OTH,23916.22,635184545.04
PRG-KESTREL,Kestrel Launcher Development,LAUNCHER,NS40,2026,6,2026-06-01,2026-06,OVH,183357.64,635184545.04
PRG-KESTREL,Kestrel Launcher Development,LAUNCHER,NS40,2026,6,2026-06-01,2026-06,PER,111384.39,635184545.04
PRG-KESTREL,Kestrel Launcher Development,LAUNCHER,NS40,2026,6,2026-06-01,2026-06,SUB,1794426.25,635184545.04
PRG-LYRA,Lyra Constellation Operations,GROUND_SEGMENT,NS10,2024,7,2024-07-01,2024-07,DEP,34549.35,336501928.22
PRG-LYRA,Lyra Constellation Operations,GROUND_SEGMENT,NS10,2024,7,2024-07-01,2024-07,MAT,223612.17,336501928.22
PRG-LYRA,Lyra Constellation Operations,GROUND_SEGMENT,NS10,2024,7,2024-07-01,2024-07,OTH,2356.53,336501928.22
PRG-LYRA,Lyra Constellation Operations,GROUND_SEGMENT,NS10,2024,7,2024-07-01,2024-07,OVH,35578.52,336501928.22
PRG-LYRA,Lyra Constellation Operations,GROUND_SEGMENT,NS10,2024,7,2024-07-01,2024-07,PER,28968.05,336501928.22
PRG-LYRA,Lyra Constellation Operations,GROUND_SEGMENT,NS10,2024,7,2024-07-01,2024-07,SUB,425658.72,336501928.22
PRG-LYRA,Lyra Constellation Operations,GROUND_SEGMENT,NS10,2024,8,2024-08-01,2024-08,DEP,21137.91,336501928.22
PRG-LYRA,Lyra Constellation Operations,GROUND_SEGMENT,NS10,2024,8,2024-08-01,2024-08,MAT,235917.62,336501928.22
PRG-LYRA,Lyra Constellation Operations,GROUND_SEGMENT,NS10,2024,8,2024-08-01,2024-08,OTH,319.18,336501928.22
PRG-LYRA,Lyra Constellation Operations,GROUND_SEGMENT,NS10,2024,8,2024-08-01,2024-08,OVH,36733.84,336501928.22
PRG-LYRA,Lyra Constellation Operations,GROUND_SEGMENT,NS10,2024,8,2024-08-01,2024-08,PER,31169.14,336501928.22
PRG-LYRA,Lyra Constellation Operations,GROUND_SEGMENT,NS10,2024,8,2024-08-01,2024-08,SUB,520718.67,336501928.22
PRG-LYRA,Lyra Constellation Operations,GROUND_SEGMENT,NS10,2024,9,2024-09-01,2024-09,DEP,14760.78,336501928.22
PRG-LYRA,Lyra Constellation Operations,GROUND_SEGMENT,NS10,2024,9,2024-09-01,2024-09,MAT,318080.8,336501928.22
PRG-LYRA,Lyra Constellation Operations,GROUND_SEGMENT,NS10,2024,9,2024-09-01,2024-09,OTH,4720.14,336501928.22
PRG-LYRA,Lyra Constellation Operations,GROUND_SEGMENT,NS10,2024,9,2024-09-01,2024-09,OVH,34841.45,336501928.22
PRG-LYRA,Lyra Constellation Operations,GROUND_SEGMENT,NS10,2024,9,2024-09-01,2024-09,PER,21492.72,336501928.22
PRG-LYRA,Lyra Constellation Operations,GROUND_SEGMENT,NS10,2024,9,2024-09-01,2024-09,SUB,328903.39,336501928.22
PRG-LYRA,Lyra Constellation Operations,GROUND_SEGMENT,NS10,2024,10,2024-10-01,2024-10,DEP,39289.56,336501928.22
PRG-LYRA,Lyra Constellation Operations,GROUND_SEGMENT,NS10,2024,10,2024-10-01,2024-10,MAT,180934.3,336501928.22
PRG-LYRA,Lyra Constellation Operations,GROUND_SEGMENT,NS10,2024,10,2024-10-01,2024-10,OTH,2126.57,336501928.22
PRG-LYRA,Lyra Constellation Operations,GROUND_SEGMENT,NS10,2024,10,2024-10-01,2024-10,OVH,35734.24,336501928.22
PRG-LYRA,Lyra Constellation Operations,GROUND_SEGMENT,NS10,2024,10,2024-10-01,2024-10,PER,39828.82,336501928.22
PRG-LYRA,Lyra Constellation Operations,GROUND_SEGMENT,NS10,2024,10,2024-10-01,2024-10,SUB,425813.86,336501928.22
PRG-LYRA,Lyra Constellation Operations,GROUND_SEGMENT,NS10,2024,11,2024-11-01,2024-11,DEP,12478.96,336501928.22
PRG-LYRA,Lyra Constellation Operations,GROUND_SEGMENT,NS10,2024,11,2024-11-01,2024-11,MAT,276228.94,336501928.22
PRG-LYRA,Lyra Constellation Operations,GROUND_SEGMENT,NS10,2024,11,2024-11-01,2024-11,OTH,449.84,336501928.22
PRG-LYRA,Lyra Constellation Operations,GROUND_SEGMENT,NS10,2024,11,2024-11-01,2024-11,OVH,38622.77,336501928.22
PRG-LYRA,Lyra Constellation Operations,GROUND_SEGMENT,NS10,2024,11,2024-11-01,2024-11,PER,32713.28,336501928.22
PRG-LYRA,Lyra Constellation Operations,GROUND_SEGMENT,NS10,2024,11,2024-11-01,2024-11,SUB,389289.9,336501928.22
PRG-LYRA,Lyra Constellation Operations,GROUND_SEGMENT,NS10,2024,12,2024-12-01,2024-12,DEP,15828.44,336501928.22
PRG-LYRA,Lyra Constellation Operations,GROUND_SEGMENT,NS10,2024,12,2024-12-01,2024-12,MAT,192266.79,336501928.22
PRG-LYRA,Lyra Constellation Operations,GROUND_SEGMENT,NS10,2024,12,2024-12-01,2024-12,OTH,2592.23,336501928.22
PRG-LYRA,Lyra Constellation Operations,GROUND_SEGMENT,NS10,2024,12,2024-12-01,2024-12,OVH,23831.33,336501928.22
PRG-LYRA,Lyra Constellation Operations,GROUND_SEGMENT,NS10,2024,12,2024-12-01,2024-12,PER,18095.89,336501928.22
PRG-LYRA,Lyra Constellation Operations,GROUND_SEGMENT,NS10,2024,12,2024-12-01,2024-12,SUB,361397.85,336501928.22
PRG-LYRA,Lyra Constellation Operations,GROUND_SEGMENT,NS10,2024,13,2024-12-01,2024-12,MAT,4223.31,336501928.22
PRG-LYRA,Lyra Constellation Operations,GROUND_SEGMENT,NS10,2024,13,2024-12-01,2024-12,OTH,1108.15,336501928.22
PRG-LYRA,Lyra Constellation Operations,GROUND_SEGMENT,NS10,2024,13,2024-12-01,2024-12,OVH,5117.93,336501928.22
PRG-LYRA,Lyra Constellation Operations,GROUND_SEGMENT,NS10,2024,13,2024-12-01,2024-12,PER,7066.35,336501928.22
PRG-LYRA,Lyra Constellation Operations,GROUND_SEGMENT,NS10,2024,13,2024-12-01,2024-12,SUB,91967.49,336501928.22
PRG-LYRA,Lyra Constellation Operations,GROUND_SEGMENT,NS10,2024,14,2024-12-01,2024-12,MAT,1349.69,336501928.22
PRG-LYRA,Lyra Constellation Operations,GROUND_SEGMENT,NS10,2024,14,2024-12-01,2024-12,OTH,2921.26,336501928.22
PRG-LYRA,Lyra Constellation Operations,GROUND_SEGMENT,NS10,2024,14,2024-12-01,2024-12,OVH,3659.57,336501928.22
PRG-LYRA,Lyra Constellation Operations,GROUND_SEGMENT,NS10,2024,14,2024-12-01,2024-12,PER,6078.7,336501928.22
PRG-LYRA,Lyra Constellation Operations,GROUND_SEGMENT,NS10,2024,14,2024-12-01,2024-12,SUB,45259.73,336501928.22
PRG-LYRA,Lyra Constellation Operations,GROUND_SEGMENT,NS10,2025,1,2025-01-01,2025-01,DEP,29836.94,336501928.22
PRG-LYRA,Lyra Constellation Operations,GROUND_SEGMENT,NS10,2025,1,2025-01-01,2025-01,MAT,239630.29,336501928.22
PRG-LYRA,Lyra Constellation Operations,GROUND_SEGMENT,NS10,2025,1,2025-01-01,2025-01,OTH,1592.08,336501928.22
PRG-LYRA,Lyra Constellation Operations,GROUND_SEGMENT,NS10,2025,1,2025-01-01,2025-01,OVH,42058.93,336501928.22
PRG-LYRA,Lyra Constellation Operations,GROUND_SEGMENT,NS10,2025,1,2025-01-01,2025-01,PER,31648.59,336501928.22
PRG-LYRA,Lyra Constellation Operations,GROUND_SEGMENT,NS10,2025,1,2025-01-01,2025-01,SUB,418420.05,336501928.22
PRG-LYRA,Lyra Constellation Operations,GROUND_SEGMENT,NS10,2025,2,2025-02-01,2025-02,DEP,30267.5,336501928.22
PRG-LYRA,Lyra Constellation Operations,GROUND_SEGMENT,NS10,2025,2,2025-02-01,2025-02,MAT,286234.38,336501928.22
PRG-LYRA,Lyra Constellation Operations,GROUND_SEGMENT,NS10,2025,2,2025-02-01,2025-02,OTH,3713.76,336501928.22
PRG-LYRA,Lyra Constellation Operations,GROUND_SEGMENT,NS10,2025,2,2025-02-01,2025-02,OVH,45588.91,336501928.22
PRG-LYRA,Lyra Constellation Operations,GROUND_SEGMENT,NS10,2025,2,2025-02-01,2025-02,PER,25412.37,336501928.22
PRG-LYRA,Lyra Constellation Operations,GROUND_SEGMENT,NS10,2025,2,2025-02-01,2025-02,SUB,462290.91,336501928.22
PRG-LYRA,Lyra Constellation Operations,GROUND_SEGMENT,NS10,2025,3,2025-03-01,2025-03,DEP,19340.47,336501928.22
PRG-LYRA,Lyra Constellation Operations,GROUND_SEGMENT,NS10,2025,3,2025-03-01,2025-03,MAT,313563.85,336501928.22
PRG-LYRA,Lyra Constellation Operations,GROUND_SEGMENT,NS10,2025,3,2025-03-01,2025-03,OTH,2676.77,336501928.22
PRG-LYRA,Lyra Constellation Operations,GROUND_SEGMENT,NS10,2025,3,2025-03-01,2025-03,OVH,32512.27,336501928.22
PRG-LYRA,Lyra Constellation Operations,GROUND_SEGMENT,NS10,2025,3,2025-03-01,2025-03,PER,24369.08,336501928.22
PRG-LYRA,Lyra Constellation Operations,GROUND_SEGMENT,NS10,2025,3,2025-03-01,2025-03,SUB,322293.37,336501928.22
PRG-LYRA,Lyra Constellation Operations,GROUND_SEGMENT,NS10,2025,4,2025-04-01,2025-04,DEP,19672.02,336501928.22
PRG-LYRA,Lyra Constellation Operations,GROUND_SEGMENT,NS10,2025,4,2025-04-01,2025-04,MAT,296650.46,336501928.22
PRG-LYRA,Lyra Constellation Operations,GROUND_SEGMENT,NS10,2025,4,2025-04-01,2025-04,OTH,6442.2,336501928.22
PRG-LYRA,Lyra Constellation Operations,GROUND_SEGMENT,NS10,2025,4,2025-04-01,2025-04,OVH,38320.7,336501928.22
PRG-LYRA,Lyra Constellation Operations,GROUND_SEGMENT,NS10,2025,4,2025-04-01,2025-04,PER,28470.73,336501928.22
PRG-LYRA,Lyra Constellation Operations,GROUND_SEGMENT,NS10,2025,4,2025-04-01,2025-04,SUB,511514.72,336501928.22
PRG-LYRA,Lyra Constellation Operations,GROUND_SEGMENT,NS10,2025,5,2025-05-01,2025-05,DEP,22136.94,336501928.22
PRG-LYRA,Lyra Constellation Operations,GROUND_SEGMENT,NS10,2025,5,2025-05-01,2025-05,MAT,287759.61,336501928.22
PRG-LYRA,Lyra Constellation Operations,GROUND_SEGMENT,NS10,2025,5,2025-05-01,2025-05,OTH,5794.91,336501928.22
PRG-LYRA,Lyra Constellation Operations,GROUND_SEGMENT,NS10,2025,5,2025-05-01,2025-05,OVH,33898.73,336501928.22
PRG-LYRA,Lyra Constellation Operations,GROUND_SEGMENT,NS10,2025,5,2025-05-01,2025-05,PER,26383.8,336501928.22
PRG-LYRA,Lyra Constellation Operations,GROUND_SEGMENT,NS10,2025,5,2025-05-01,2025-05,SUB,320073.11,336501928.22
PRG-LYRA,Lyra Constellation Operations,GROUND_SEGMENT,NS10,2025,6,2025-06-01,2025-06,DEP,28983.38,336501928.22
PRG-LYRA,Lyra Constellation Operations,GROUND_SEGMENT,NS10,2025,6,2025-06-01,2025-06,MAT,224757.18,336501928.22
PRG-LYRA,Lyra Constellation Operations,GROUND_SEGMENT,NS10,2025,6,2025-06-01,2025-06,OTH,7559.27,336501928.22
PRG-LYRA,Lyra Constellation Operations,GROUND_SEGMENT,NS10,2025,6,2025-06-01,2025-06,OVH,29637.07,336501928.22
PRG-LYRA,Lyra Constellation Operations,GROUND_SEGMENT,NS10,2025,6,2025-06-01,2025-06,PER,30937.15,336501928.22
PRG-LYRA,Lyra Constellation Operations,GROUND_SEGMENT,NS10,2025,6,2025-06-01,2025-06,SUB,322763.2,336501928.22
PRG-LYRA,Lyra Constellation Operations,GROUND_SEGMENT,NS10,2025,7,2025-07-01,2025-07,DEP,35820.46,336501928.22
PRG-LYRA,Lyra Constellation Operations,GROUND_SEGMENT,NS10,2025,7,2025-07-01,2025-07,MAT,281803.64,336501928.22
PRG-LYRA,Lyra Constellation Operations,GROUND_SEGMENT,NS10,2025,7,2025-07-01,2025-07,OTH,1215.21,336501928.22
PRG-LYRA,Lyra Constellation Operations,GROUND_SEGMENT,NS10,2025,7,2025-07-01,2025-07,OVH,32611.6,336501928.22
PRG-LYRA,Lyra Constellation Operations,GROUND_SEGMENT,NS10,2025,7,2025-07-01,2025-07,PER,24269.88,336501928.22
PRG-LYRA,Lyra Constellation Operations,GROUND_SEGMENT,NS10,2025,7,2025-07-01,2025-07,SUB,501591.05,336501928.22
PRG-LYRA,Lyra Constellation Operations,GROUND_SEGMENT,NS10,2025,8,2025-08-01,2025-08,DEP,36023.36,336501928.22
PRG-LYRA,Lyra Constellation Operations,GROUND_SEGMENT,NS10,2025,8,2025-08-01,2025-08,MAT,226048.67,336501928.22
PRG-LYRA,Lyra Constellation Operations,GROUND_SEGMENT,NS10,2025,8,2025-08-01,2025-08,OTH,1082.17,336501928.22
PRG-LYRA,Lyra Constellation Operations,GROUND_SEGMENT,NS10,2025,8,2025-08-01,2025-08,OVH,50484.78,336501928.22
PRG-LYRA,Lyra Constellation Operations,GROUND_SEGMENT,NS10,2025,8,2025-08-01,2025-08,PER,42140.11,336501928.22
PRG-LYRA,Lyra Constellation Operations,GROUND_SEGMENT,NS10,2025,8,2025-08-01,2025-08,SUB,445232.4,336501928.22
PRG-LYRA,Lyra Constellation Operations,GROUND_SEGMENT,NS10,2025,9,2025-09-01,2025-09,DEP,12954.23,336501928.22
PRG-LYRA,Lyra Constellation Operations,GROUND_SEGMENT,NS10,2025,9,2025-09-01,2025-09,MAT,259657.85,336501928.22
PRG-LYRA,Lyra Constellation Operations,GROUND_SEGMENT,NS10,2025,9,2025-09-01,2025-09,OTH,1258.91,336501928.22
PRG-LYRA,Lyra Constellation Operations,GROUND_SEGMENT,NS10,2025,9,2025-09-01,2025-09,OVH,43619.76,336501928.22
PRG-LYRA,Lyra Constellation Operations,GROUND_SEGMENT,NS10,2025,9,2025-09-01,2025-09,PER,38847.37,336501928.22
PRG-LYRA,Lyra Constellation Operations,GROUND_SEGMENT,NS10,2025,9,2025-09-01,2025-09,SUB,470244.65,336501928.22
PRG-LYRA,Lyra Constellation Operations,GROUND_SEGMENT,NS10,2025,10,2025-10-01,2025-10,DEP,22644.35,336501928.22
PRG-LYRA,Lyra Constellation Operations,GROUND_SEGMENT,NS10,2025,10,2025-10-01,2025-10,MAT,233567.68,336501928.22
PRG-LYRA,Lyra Constellation Operations,GROUND_SEGMENT,NS10,2025,10,2025-10-01,2025-10,OTH,4153.78,336501928.22
PRG-LYRA,Lyra Constellation Operations,GROUND_SEGMENT,NS10,2025,10,2025-10-01,2025-10,OVH,33569.67,336501928.22
PRG-LYRA,Lyra Constellation Operations,GROUND_SEGMENT,NS10,2025,10,2025-10-01,2025-10,PER,18441.19,336501928.22
PRG-LYRA,Lyra Constellation Operations,GROUND_SEGMENT,NS10,2025,10,2025-10-01,2025-10,SUB,488466.87,336501928.22
PRG-LYRA,Lyra Constellation Operations,GROUND_SEGMENT,NS10,2025,11,2025-11-01,2025-11,DEP,22209.84,336501928.22
PRG-LYRA,Lyra Constellation Operations,GROUND_SEGMENT,NS10,2025,11,2025-11-01,2025-11,MAT,284137.98,336501928.22
PRG-LYRA,Lyra Constellation Operations,GROUND_SEGMENT,NS10,2025,11,2025-11-01,2025-11,OTH,8821.46,336501928.22
PRG-LYRA,Lyra Constellation Operations,GROUND_SEGMENT,NS10,2025,11,2025-11-01,2025-11,OVH,31208.88,336501928.22
PRG-LYRA,Lyra Constellation Operations,GROUND_SEGMENT,NS10,2025,11,2025-11-01,2025-11,PER,38441.62,336501928.22
PRG-LYRA,Lyra Constellation Operations,GROUND_SEGMENT,NS10,2025,11,2025-11-01,2025-11,SUB,451455.15,336501928.22
PRG-LYRA,Lyra Constellation Operations,GROUND_SEGMENT,NS10,2025,12,2025-12-01,2025-12,DEP,22636.9,336501928.22
PRG-LYRA,Lyra Constellation Operations,GROUND_SEGMENT,NS10,2025,12,2025-12-01,2025-12,MAT,261097.83,336501928.22
PRG-LYRA,Lyra Constellation Operations,GROUND_SEGMENT,NS10,2025,12,2025-12-01,2025-12,OTH,2549.71,336501928.22
PRG-LYRA,Lyra Constellation Operations,GROUND_SEGMENT,NS10,2025,12,2025-12-01,2025-12,OVH,28772.0,336501928.22
PRG-LYRA,Lyra Constellation Operations,GROUND_SEGMENT,NS10,2025,12,2025-12-01,2025-12,PER,35594.11,336501928.22
PRG-LYRA,Lyra Constellation Operations,GROUND_SEGMENT,NS10,2025,12,2025-12-01,2025-12,SUB,427904.15,336501928.22
PRG-LYRA,Lyra Constellation Operations,GROUND_SEGMENT,NS10,2025,13,2025-12-01,2025-12,MAT,14031.94,336501928.22
PRG-LYRA,Lyra Constellation Operations,GROUND_SEGMENT,NS10,2025,13,2025-12-01,2025-12,OTH,1867.92,336501928.22
PRG-LYRA,Lyra Constellation Operations,GROUND_SEGMENT,NS10,2025,13,2025-12-01,2025-12,OVH,6560.91,336501928.22
PRG-LYRA,Lyra Constellation Operations,GROUND_SEGMENT,NS10,2025,13,2025-12-01,2025-12,PER,7424.66,336501928.22
PRG-LYRA,Lyra Constellation Operations,GROUND_SEGMENT,NS10,2025,13,2025-12-01,2025-12,SUB,42773.7,336501928.22
PRG-LYRA,Lyra Constellation Operations,GROUND_SEGMENT,NS10,2025,14,2025-12-01,2025-12,MAT,11532.42,336501928.22
PRG-LYRA,Lyra Constellation Operations,GROUND_SEGMENT,NS10,2025,14,2025-12-01,2025-12,OTH,5737.44,336501928.22
PRG-LYRA,Lyra Constellation Operations,GROUND_SEGMENT,NS10,2025,14,2025-12-01,2025-12,OVH,5294.34,336501928.22
PRG-LYRA,Lyra Constellation Operations,GROUND_SEGMENT,NS10,2025,14,2025-12-01,2025-12,PER,4474.54,336501928.22
PRG-LYRA,Lyra Constellation Operations,GROUND_SEGMENT,NS10,2025,14,2025-12-01,2025-12,SUB,99507.85,336501928.22
PRG-LYRA,Lyra Constellation Operations,GROUND_SEGMENT,NS10,2026,1,2026-01-01,2026-01,DEP,36353.31,336501928.22
PRG-LYRA,Lyra Constellation Operations,GROUND_SEGMENT,NS10,2026,1,2026-01-01,2026-01,MAT,330385.98,336501928.22
PRG-LYRA,Lyra Constellation Operations,GROUND_SEGMENT,NS10,2026,1,2026-01-01,2026-01,OTH,7295.78,336501928.22
PRG-LYRA,Lyra Constellation Operations,GROUND_SEGMENT,NS10,2026,1,2026-01-01,2026-01,OVH,33936.57,336501928.22
PRG-LYRA,Lyra Constellation Operations,GROUND_SEGMENT,NS10,2026,1,2026-01-01,2026-01,PER,20030.28,336501928.22
PRG-LYRA,Lyra Constellation Operations,GROUND_SEGMENT,NS10,2026,1,2026-01-01,2026-01,SUB,429381.91,336501928.22
PRG-LYRA,Lyra Constellation Operations,GROUND_SEGMENT,NS10,2026,2,2026-02-01,2026-02,DEP,27702.38,336501928.22
PRG-LYRA,Lyra Constellation Operations,GROUND_SEGMENT,NS10,2026,2,2026-02-01,2026-02,MAT,215432.78,336501928.22
PRG-LYRA,Lyra Constellation Operations,GROUND_SEGMENT,NS10,2026,2,2026-02-01,2026-02,OTH,-294.11,336501928.22
PRG-LYRA,Lyra Constellation Operations,GROUND_SEGMENT,NS10,2026,2,2026-02-01,2026-02,OVH,42516.7,336501928.22
PRG-LYRA,Lyra Constellation Operations,GROUND_SEGMENT,NS10,2026,2,2026-02-01,2026-02,PER,38476.5,336501928.22
PRG-LYRA,Lyra Constellation Operations,GROUND_SEGMENT,NS10,2026,2,2026-02-01,2026-02,SUB,402505.48,336501928.22
PRG-LYRA,Lyra Constellation Operations,GROUND_SEGMENT,NS10,2026,3,2026-03-01,2026-03,DEP,9453.86,336501928.22
PRG-LYRA,Lyra Constellation Operations,GROUND_SEGMENT,NS10,2026,3,2026-03-01,2026-03,MAT,341653.76,336501928.22
PRG-LYRA,Lyra Constellation Operations,GROUND_SEGMENT,NS10,2026,3,2026-03-01,2026-03,OTH,6167.72,336501928.22
PRG-LYRA,Lyra Constellation Operations,GROUND_SEGMENT,NS10,2026,3,2026-03-01,2026-03,OVH,46952.04,336501928.22
PRG-LYRA,Lyra Constellation Operations,GROUND_SEGMENT,NS10,2026,3,2026-03-01,2026-03,PER,23339.33,336501928.22
PRG-LYRA,Lyra Constellation Operations,GROUND_SEGMENT,NS10,2026,3,2026-03-01,2026-03,SUB,422338.81,336501928.22
PRG-LYRA,Lyra Constellation Operations,GROUND_SEGMENT,NS10,2026,4,2026-04-01,2026-04,DEP,27520.31,336501928.22
PRG-LYRA,Lyra Constellation Operations,GROUND_SEGMENT,NS10,2026,4,2026-04-01,2026-04,MAT,307341.04,336501928.22
PRG-LYRA,Lyra Constellation Operations,GROUND_SEGMENT,NS10,2026,4,2026-04-01,2026-04,OTH,5200.15,336501928.22
PRG-LYRA,Lyra Constellation Operations,GROUND_SEGMENT,NS10,2026,4,2026-04-01,2026-04,OVH,49664.35,336501928.22
PRG-LYRA,Lyra Constellation Operations,GROUND_SEGMENT,NS10,2026,4,2026-04-01,2026-04,PER,22682.97,336501928.22
PRG-LYRA,Lyra Constellation Operations,GROUND_SEGMENT,NS10,2026,4,2026-04-01,2026-04,SUB,441675.31,336501928.22
PRG-LYRA,Lyra Constellation Operations,GROUND_SEGMENT,NS10,2026,5,2026-05-01,2026-05,DEP,24942.3,336501928.22
PRG-LYRA,Lyra Constellation Operations,GROUND_SEGMENT,NS10,2026,5,2026-05-01,2026-05,MAT,296617.35,336501928.22
PRG-LYRA,Lyra Constellation Operations,GROUND_SEGMENT,NS10,2026,5,2026-05-01,2026-05,OTH,1574.14,336501928.22
PRG-LYRA,Lyra Constellation Operations,GROUND_SEGMENT,NS10,2026,5,2026-05-01,2026-05,OVH,32139.25,336501928.22
PRG-LYRA,Lyra Constellation Operations,GROUND_SEGMENT,NS10,2026,5,2026-05-01,2026-05,PER,37356.3,336501928.22
PRG-LYRA,Lyra Constellation Operations,GROUND_SEGMENT,NS10,2026,5,2026-05-01,2026-05,SUB,434097.36,336501928.22
PRG-LYRA,Lyra Constellation Operations,GROUND_SEGMENT,NS10,2026,6,2026-06-01,2026-06,DEP,25131.87,336501928.22
PRG-LYRA,Lyra Constellation Operations,GROUND_SEGMENT,NS10,2026,6,2026-06-01,2026-06,MAT,215470.63,336501928.22
PRG-LYRA,Lyra Constellation Operations,GROUND_SEGMENT,NS10,2026,6,2026-06-01,2026-06,OTH,3403.36,336501928.22
PRG-LYRA,Lyra Constellation Operations,GROUND_SEGMENT,NS10,2026,6,2026-06-01,2026-06,OVH,44095.5,336501928.22
PRG-LYRA,Lyra Constellation Operations,GROUND_SEGMENT,NS10,2026,6,2026-06-01,2026-06,PER,27828.67,336501928.22
PRG-LYRA,Lyra Constellation Operations,GROUND_SEGMENT,NS10,2026,6,2026-06-01,2026-06,SUB,454094.85,336501928.22
PRG-LYRA,Lyra Constellation Operations,GROUND_SEGMENT,NS20,2024,7,2024-07-01,2024-07,DEP,20202.53,336501928.22
PRG-LYRA,Lyra Constellation Operations,GROUND_SEGMENT,NS20,2024,7,2024-07-01,2024-07,MAT,220837.63,336501928.22
PRG-LYRA,Lyra Constellation Operations,GROUND_SEGMENT,NS20,2024,7,2024-07-01,2024-07,OTH,3718.7,336501928.22
PRG-LYRA,Lyra Constellation Operations,GROUND_SEGMENT,NS20,2024,7,2024-07-01,2024-07,OVH,55668.59,336501928.22
PRG-LYRA,Lyra Constellation Operations,GROUND_SEGMENT,NS20,2024,7,2024-07-01,2024-07,PER,19197.54,336501928.22
PRG-LYRA,Lyra Constellation Operations,GROUND_SEGMENT,NS20,2024,7,2024-07-01,2024-07,SUB,373059.34,336501928.22
PRG-LYRA,Lyra Constellation Operations,GROUND_SEGMENT,NS20,2024,8,2024-08-01,2024-08,DEP,17250.94,336501928.22
PRG-LYRA,Lyra Constellation Operations,GROUND_SEGMENT,NS20,2024,8,2024-08-01,2024-08,MAT,198920.09,336501928.22
PRG-LYRA,Lyra Constellation Operations,GROUND_SEGMENT,NS20,2024,8,2024-08-01,2024-08,OTH,216.13,336501928.22
PRG-LYRA,Lyra Constellation Operations,GROUND_SEGMENT,NS20,2024,8,2024-08-01,2024-08,OVH,46836.41,336501928.22
PRG-LYRA,Lyra Constellation Operations,GROUND_SEGMENT,NS20,2024,8,2024-08-01,2024-08,PER,17489.57,336501928.22
PRG-LYRA,Lyra Constellation Operations,GROUND_SEGMENT,NS20,2024,8,2024-08-01,2024-08,SUB,402973.54,336501928.22
PRG-LYRA,Lyra Constellation Operations,GROUND_SEGMENT,NS20,2024,9,2024-09-01,2024-09,DEP,21405.56,336501928.22
PRG-LYRA,Lyra Constellation Operations,GROUND_SEGMENT,NS20,2024,9,2024-09-01,2024-09,MAT,185511.9,336501928.22
PRG-LYRA,Lyra Constellation Operations,GROUND_SEGMENT,NS20,2024,9,2024-09-01,2024-09,OTH,3663.79,336501928.22
PRG-LYRA,Lyra Constellation Operations,GROUND_SEGMENT,NS20,2024,9,2024-09-01,2024-09,OVH,49682.95,336501928.22
PRG-LYRA,Lyra Constellation Operations,GROUND_SEGMENT,NS20,2024,9,2024-09-01,2024-09,PER,27587.32,336501928.22
PRG-LYRA,Lyra Constellation Operations,GROUND_SEGMENT,NS20,2024,9,2024-09-01,2024-09,SUB,305278.82,336501928.22
PRG-LYRA,Lyra Constellation Operations,GROUND_SEGMENT,NS20,2024,10,2024-10-01,2024-10,DEP,17403.93,336501928.22
PRG-LYRA,Lyra Constellation Operations,GROUND_SEGMENT,NS20,2024,10,2024-10-01,2024-10,MAT,223017.97,336501928.22
PRG-LYRA,Lyra Constellation Operations,GROUND_SEGMENT,NS20,2024,10,2024-10-01,2024-10,OTH,4258.78,336501928.22
PRG-LYRA,Lyra Constellation Operations,GROUND_SEGMENT,NS20,2024,10,2024-10-01,2024-10,OVH,59781.33,336501928.22
PRG-LYRA,Lyra Constellation Operations,GROUND_SEGMENT,NS20,2024,10,2024-10-01,2024-10,PER,32069.67,336501928.22
PRG-LYRA,Lyra Constellation Operations,GROUND_SEGMENT,NS20,2024,10,2024-10-01,2024-10,SUB,320332.38,336501928.22
PRG-LYRA,Lyra Constellation Operations,GROUND_SEGMENT,NS20,2024,11,2024-11-01,2024-11,DEP,8834.13,336501928.22
PRG-LYRA,Lyra Constellation Operations,GROUND_SEGMENT,NS20,2024,11,2024-11-01,2024-11,MAT,230088.32,336501928.22
PRG-LYRA,Lyra Constellation Operations,GROUND_SEGMENT,NS20,2024,11,2024-11-01,2024-11,OTH,-607.41,336501928.22
PRG-LYRA,Lyra Constellation Operations,GROUND_SEGMENT,NS20,2024,11,2024-11-01,2024-11,OVH,54758.0,336501928.22
PRG-LYRA,Lyra Constellation Operations,GROUND_SEGMENT,NS20,2024,11,2024-11-01,2024-11,PER,12080.57,336501928.22
PRG-LYRA,Lyra Constellation Operations,GROUND_SEGMENT,NS20,2024,11,2024-11-01,2024-11,SUB,350060.26,336501928.22
PRG-LYRA,Lyra Constellation Operations,GROUND_SEGMENT,NS20,2024,12,2024-12-01,2024-12,DEP,9263.45,336501928.22
PRG-LYRA,Lyra Constellation Operations,GROUND_SEGMENT,NS20,2024,12,2024-12-01,2024-12,MAT,177262.69,336501928.22
PRG-LYRA,Lyra Constellation Operations,GROUND_SEGMENT,NS20,2024,12,2024-12-01,2024-12,OTH,6636.66,336501928.22
PRG-LYRA,Lyra Constellation Operations,GROUND_SEGMENT,NS20,2024,12,2024-12-01,2024-12,OVH,52714.62,336501928.22
PRG-LYRA,Lyra Constellation Operations,GROUND_SEGMENT,NS20,2024,12,2024-12-01,2024-12,PER,24904.82,336501928.22
PRG-LYRA,Lyra Constellation Operations,GROUND_SEGMENT,NS20,2024,12,2024-12-01,2024-12,SUB,381924.23,336501928.22
PRG-LYRA,Lyra Constellation Operations,GROUND_SEGMENT,NS20,2024,13,2024-12-01,2024-12,MAT,15650.04,336501928.22
PRG-LYRA,Lyra Constellation Operations,GROUND_SEGMENT,NS20,2024,13,2024-12-01,2024-12,OVH,6629.75,336501928.22
PRG-LYRA,Lyra Constellation Operations,GROUND_SEGMENT,NS20,2024,13,2024-12-01,2024-12,PER,5024.02,336501928.22
PRG-LYRA,Lyra Constellation Operations,GROUND_SEGMENT,NS20,2024,13,2024-12-01,2024-12,SUB,26686.66,336501928.22
PRG-LYRA,Lyra Constellation Operations,GROUND_SEGMENT,NS20,2024,14,2024-12-01,2024-12,OTH,510.88,336501928.22
PRG-LYRA,Lyra Constellation Operations,GROUND_SEGMENT,NS20,2024,14,2024-12-01,2024-12,OVH,2654.02,336501928.22
PRG-LYRA,Lyra Constellation Operations,GROUND_SEGMENT,NS20,2024,14,2024-12-01,2024-12,PER,8572.91,336501928.22
PRG-LYRA,Lyra Constellation Operations,GROUND_SEGMENT,NS20,2024,14,2024-12-01,2024-12,SUB,28678.99,336501928.22
PRG-LYRA,Lyra Constellation Operations,GROUND_SEGMENT,NS20,2025,1,2025-01-01,2025-01,DEP,16477.99,336501928.22
PRG-LYRA,Lyra Constellation Operations,GROUND_SEGMENT,NS20,2025,1,2025-01-01,2025-01,MAT,177744.1,336501928.22
PRG-LYRA,Lyra Constellation Operations,GROUND_SEGMENT,NS20,2025,1,2025-01-01,2025-01,OTH,883.99,336501928.22
PRG-LYRA,Lyra Constellation Operations,GROUND_SEGMENT,NS20,2025,1,2025-01-01,2025-01,OVH,43999.48,336501928.22
PRG-LYRA,Lyra Constellation Operations,GROUND_SEGMENT,NS20,2025,1,2025-01-01,2025-01,PER,27663.61,336501928.22
PRG-LYRA,Lyra Constellation Operations,GROUND_SEGMENT,NS20,2025,1,2025-01-01,2025-01,SUB,322874.84,336501928.22
PRG-LYRA,Lyra Constellation Operations,GROUND_SEGMENT,NS20,2025,2,2025-02-01,2025-02,DEP,15087.34,336501928.22
PRG-LYRA,Lyra Constellation Operations,GROUND_SEGMENT,NS20,2025,2,2025-02-01,2025-02,MAT,202409.84,336501928.22
PRG-LYRA,Lyra Constellation Operations,GROUND_SEGMENT,NS20,2025,2,2025-02-01,2025-02,OTH,2894.25,336501928.22
PRG-LYRA,Lyra Constellation Operations,GROUND_SEGMENT,NS20,2025,2,2025-02-01,2025-02,OVH,59186.85,336501928.22
PRG-LYRA,Lyra Constellation Operations,GROUND_SEGMENT,NS20,2025,2,2025-02-01,2025-02,PER,32310.02,336501928.22
PRG-LYRA,Lyra Constellation Operations,GROUND_SEGMENT,NS20,2025,2,2025-02-01,2025-02,SUB,505702.35,336501928.22
PRG-LYRA,Lyra Constellation Operations,GROUND_SEGMENT,NS20,2025,3,2025-03-01,2025-03,DEP,37478.51,336501928.22
PRG-LYRA,Lyra Constellation Operations,GROUND_SEGMENT,NS20,2025,3,2025-03-01,2025-03,MAT,236606.1,336501928.22
PRG-LYRA,Lyra Constellation Operations,GROUND_SEGMENT,NS20,2025,3,2025-03-01,2025-03,OTH,1352.19,336501928.22
PRG-LYRA,Lyra Constellation Operations,GROUND_SEGMENT,NS20,2025,3,2025-03-01,2025-03,OVH,69405.14,336501928.22
PRG-LYRA,Lyra Constellation Operations,GROUND_SEGMENT,NS20,2025,3,2025-03-01,2025-03,PER,20291.26,336501928.22
PRG-LYRA,Lyra Constellation Operations,GROUND_SEGMENT,NS20,2025,3,2025-03-01,2025-03,SUB,142745.69,336501928.22
PRG-LYRA,Lyra Constellation Operations,GROUND_SEGMENT,NS20,2025,4,2025-04-01,2025-04,DEP,38811.69,336501928.22
PRG-LYRA,Lyra Constellation Operations,GROUND_SEGMENT,NS20,2025,4,2025-04-01,2025-04,MAT,167914.58,336501928.22
PRG-LYRA,Lyra Constellation Operations,GROUND_SEGMENT,NS20,2025,4,2025-04-01,2025-04,OTH,1631.97,336501928.22
PRG-LYRA,Lyra Constellation Operations,GROUND_SEGMENT,NS20,2025,4,2025-04-01,2025-04,OVH,57449.51,336501928.22
PRG-LYRA,Lyra Constellation Operations,GROUND_SEGMENT,NS20,2025,4,2025-04-01,2025-04,PER,38764.25,336501928.22
PRG-LYRA,Lyra Constellation Operations,GROUND_SEGMENT,NS20,2025,4,2025-04-01,2025-04,SUB,281954.49,336501928.22
PRG-LYRA,Lyra Constellation Operations,GROUND_SEGMENT,NS20,2025,5,2025-05-01,2025-05,DEP,21411.29,336501928.22
PRG-LYRA,Lyra Constellation Operations,GROUND_SEGMENT,NS20,2025,5,2025-05-01,2025-05,MAT,201268.34,336501928.22
PRG-LYRA,Lyra Constellation Operations,GROUND_SEGMENT,NS20,2025,5,2025-05-01,2025-05,OTH,-1163.45,336501928.22
PRG-LYRA,Lyra Constellation Operations,GROUND_SEGMENT,NS20,2025,5,2025-05-01,2025-05,OVH,50588.44,336501928.22
PRG-LYRA,Lyra Constellation Operations,GROUND_SEGMENT,NS20,2025,5,2025-05-01,2025-05,PER,23262.58,336501928.22
PRG-LYRA,Lyra Constellation Operations,GROUND_SEGMENT,NS20,2025,5,2025-05-01,2025-05,SUB,344293.31,336501928.22
PRG-LYRA,Lyra Constellation Operations,GROUND_SEGMENT,NS20,2025,6,2025-06-01,2025-06,DEP,38745.98,336501928.22
PRG-LYRA,Lyra Constellation Operations,GROUND_SEGMENT,NS20,2025,6,2025-06-01,2025-06,MAT,241274.02,336501928.22
PRG-LYRA,Lyra Constellation Operations,GROUND_SEGMENT,NS20,2025,6,2025-06-01,2025-06,OTH,5740.28,336501928.22
PRG-LYRA,Lyra Constellation Operations,GROUND_SEGMENT,NS20,2025,6,2025-06-01,2025-06,OVH,50877.16,336501928.22
PRG-LYRA,Lyra Constellation Operations,GROUND_SEGMENT,NS20,2025,6,2025-06-01,2025-06,PER,23106.12,336501928.22
PRG-LYRA,Lyra Constellation Operations,GROUND_SEGMENT,NS20,2025,6,2025-06-01,2025-06,SUB,579232.32,336501928.22
PRG-LYRA,Lyra Constellation Operations,GROUND_SEGMENT,NS20,2025,7,2025-07-01,2025-07,DEP,23321.05,336501928.22
PRG-LYRA,Lyra Constellation Operations,GROUND_SEGMENT,NS20,2025,7,2025-07-01,2025-07,MAT,198015.47,336501928.22
PRG-LYRA,Lyra Constellation Operations,GROUND_SEGMENT,NS20,2025,7,2025-07-01,2025-07,OTH,3399.15,336501928.22
PRG-LYRA,Lyra Constellation Operations,GROUND_SEGMENT,NS20,2025,7,2025-07-01,2025-07,OVH,55879.74,336501928.22
PRG-LYRA,Lyra Constellation Operations,GROUND_SEGMENT,NS20,2025,7,2025-07-01,2025-07,PER,32754.1,336501928.22
PRG-LYRA,Lyra Constellation Operations,GROUND_SEGMENT,NS20,2025,7,2025-07-01,2025-07,SUB,350517.53,336501928.22
PRG-LYRA,Lyra Constellation Operations,GROUND_SEGMENT,NS20,2025,8,2025-08-01,2025-08,DEP,17639.7,336501928.22
PRG-LYRA,Lyra Constellation Operations,GROUND_SEGMENT,NS20,2025,8,2025-08-01,2025-08,MAT,282499.5,336501928.22
PRG-LYRA,Lyra Constellation Operations,GROUND_SEGMENT,NS20,2025,8,2025-08-01,2025-08,OTH,2929.85,336501928.22
PRG-LYRA,Lyra Constellation Operations,GROUND_SEGMENT,NS20,2025,8,2025-08-01,2025-08,OVH,52652.78,336501928.22
PRG-LYRA,Lyra Constellation Operations,GROUND_SEGMENT,NS20,2025,8,2025-08-01,2025-08,PER,20799.03,336501928.22
PRG-LYRA,Lyra Constellation Operations,GROUND_SEGMENT,NS20,2025,8,2025-08-01,2025-08,SUB,413971.89,336501928.22
PRG-LYRA,Lyra Constellation Operations,GROUND_SEGMENT,NS20,2025,9,2025-09-01,2025-09,DEP,30419.33,336501928.22
PRG-LYRA,Lyra Constellation Operations,GROUND_SEGMENT,NS20,2025,9,2025-09-01,2025-09,MAT,269005.43,336501928.22
PRG-LYRA,Lyra Constellation Operations,GROUND_SEGMENT,NS20,2025,9,2025-09-01,2025-09,OTH,2762.74,336501928.22
PRG-LYRA,Lyra Constellation Operations,GROUND_SEGMENT,NS20,2025,9,2025-09-01,2025-09,OVH,75792.31,336501928.22
PRG-LYRA,Lyra Constellation Operations,GROUND_SEGMENT,NS20,2025,9,2025-09-01,2025-09,PER,23180.3,336501928.22
PRG-LYRA,Lyra Constellation Operations,GROUND_SEGMENT,NS20,2025,9,2025-09-01,2025-09,SUB,384321.16,336501928.22
PRG-LYRA,Lyra Constellation Operations,GROUND_SEGMENT,NS20,2025,10,2025-10-01,2025-10,DEP,15309.34,336501928.22
PRG-LYRA,Lyra Constellation Operations,GROUND_SEGMENT,NS20,2025,10,2025-10-01,2025-10,MAT,209213.99,336501928.22
PRG-LYRA,Lyra Constellation Operations,GROUND_SEGMENT,NS20,2025,10,2025-10-01,2025-10,OTH,3758.61,336501928.22
PRG-LYRA,Lyra Constellation Operations,GROUND_SEGMENT,NS20,2025,10,2025-10-01,2025-10,OVH,59890.97,336501928.22
PRG-LYRA,Lyra Constellation Operations,GROUND_SEGMENT,NS20,2025,10,2025-10-01,2025-10,PER,41057.55,336501928.22
PRG-LYRA,Lyra Constellation Operations,GROUND_SEGMENT,NS20,2025,10,2025-10-01,2025-10,SUB,211923.16,336501928.22
PRG-LYRA,Lyra Constellation Operations,GROUND_SEGMENT,NS20,2025,11,2025-11-01,2025-11,DEP,10695.18,336501928.22
PRG-LYRA,Lyra Constellation Operations,GROUND_SEGMENT,NS20,2025,11,2025-11-01,2025-11,MAT,156874.89,336501928.22
PRG-LYRA,Lyra Constellation Operations,GROUND_SEGMENT,NS20,2025,11,2025-11-01,2025-11,OTH,-890.05,336501928.22
PRG-LYRA,Lyra Constellation Operations,GROUND_SEGMENT,NS20,2025,11,2025-11-01,2025-11,OVH,50407.92,336501928.22
PRG-LYRA,Lyra Constellation Operations,GROUND_SEGMENT,NS20,2025,11,2025-11-01,2025-11,PER,37229.12,336501928.22
PRG-LYRA,Lyra Constellation Operations,GROUND_SEGMENT,NS20,2025,11,2025-11-01,2025-11,SUB,302458.14,336501928.22
PRG-LYRA,Lyra Constellation Operations,GROUND_SEGMENT,NS20,2025,12,2025-12-01,2025-12,DEP,27803.23,336501928.22
PRG-LYRA,Lyra Constellation Operations,GROUND_SEGMENT,NS20,2025,12,2025-12-01,2025-12,MAT,251077.71,336501928.22
PRG-LYRA,Lyra Constellation Operations,GROUND_SEGMENT,NS20,2025,12,2025-12-01,2025-12,OTH,4494.47,336501928.22
PRG-LYRA,Lyra Constellation Operations,GROUND_SEGMENT,NS20,2025,12,2025-12-01,2025-12,OVH,50515.28,336501928.22
PRG-LYRA,Lyra Constellation Operations,GROUND_SEGMENT,NS20,2025,12,2025-12-01,2025-12,PER,26963.79,336501928.22
PRG-LYRA,Lyra Constellation Operations,GROUND_SEGMENT,NS20,2025,12,2025-12-01,2025-12,SUB,429482.63,336501928.22
PRG-LYRA,Lyra Constellation Operations,GROUND_SEGMENT,NS20,2025,13,2025-12-01,2025-12,OTH,888.76,336501928.22
PRG-LYRA,Lyra Constellation Operations,GROUND_SEGMENT,NS20,2025,13,2025-12-01,2025-12,OVH,6958.95,336501928.22
PRG-LYRA,Lyra Constellation Operations,GROUND_SEGMENT,NS20,2025,13,2025-12-01,2025-12,PER,3048.56,336501928.22
PRG-LYRA,Lyra Constellation Operations,GROUND_SEGMENT,NS20,2025,13,2025-12-01,2025-12,SUB,37350.32,336501928.22
PRG-LYRA,Lyra Constellation Operations,GROUND_SEGMENT,NS20,2025,14,2025-12-01,2025-12,MAT,4608.28,336501928.22
PRG-LYRA,Lyra Constellation Operations,GROUND_SEGMENT,NS20,2025,14,2025-12-01,2025-12,OTH,1174.97,336501928.22
PRG-LYRA,Lyra Constellation Operations,GROUND_SEGMENT,NS20,2025,14,2025-12-01,2025-12,OVH,5026.07,336501928.22
PRG-LYRA,Lyra Constellation Operations,GROUND_SEGMENT,NS20,2025,14,2025-12-01,2025-12,PER,6401.33,336501928.22
PRG-LYRA,Lyra Constellation Operations,GROUND_SEGMENT,NS20,2026,1,2026-01-01,2026-01,DEP,17522.01,336501928.22
PRG-LYRA,Lyra Constellation Operations,GROUND_SEGMENT,NS20,2026,1,2026-01-01,2026-01,MAT,221740.0,336501928.22
PRG-LYRA,Lyra Constellation Operations,GROUND_SEGMENT,NS20,2026,1,2026-01-01,2026-01,OTH,1142.3,336501928.22
PRG-LYRA,Lyra Constellation Operations,GROUND_SEGMENT,NS20,2026,1,2026-01-01,2026-01,OVH,67489.22,336501928.22
PRG-LYRA,Lyra Constellation Operations,GROUND_SEGMENT,NS20,2026,1,2026-01-01,2026-01,PER,20130.3,336501928.22
PRG-LYRA,Lyra Constellation Operations,GROUND_SEGMENT,NS20,2026,1,2026-01-01,2026-01,SUB,446912.89,336501928.22
PRG-LYRA,Lyra Constellation Operations,GROUND_SEGMENT,NS20,2026,2,2026-02-01,2026-02,DEP,27870.6,336501928.22
PRG-LYRA,Lyra Constellation Operations,GROUND_SEGMENT,NS20,2026,2,2026-02-01,2026-02,MAT,249518.06,336501928.22
PRG-LYRA,Lyra Constellation Operations,GROUND_SEGMENT,NS20,2026,2,2026-02-01,2026-02,OTH,3889.69,336501928.22
PRG-LYRA,Lyra Constellation Operations,GROUND_SEGMENT,NS20,2026,2,2026-02-01,2026-02,OVH,61775.7,336501928.22
PRG-LYRA,Lyra Constellation Operations,GROUND_SEGMENT,NS20,2026,2,2026-02-01,2026-02,PER,31231.02,336501928.22
PRG-LYRA,Lyra Constellation Operations,GROUND_SEGMENT,NS20,2026,2,2026-02-01,2026-02,SUB,370865.71,336501928.22
PRG-LYRA,Lyra Constellation Operations,GROUND_SEGMENT,NS20,2026,3,2026-03-01,2026-03,DEP,24190.28,336501928.22
PRG-LYRA,Lyra Constellation Operations,GROUND_SEGMENT,NS20,2026,3,2026-03-01,2026-03,MAT,214204.99,336501928.22
PRG-LYRA,Lyra Constellation Operations,GROUND_SEGMENT,NS20,2026,3,2026-03-01,2026-03,OTH,2276.19,336501928.22
PRG-LYRA,Lyra Constellation Operations,GROUND_SEGMENT,NS20,2026,3,2026-03-01,2026-03,OVH,62479.81,336501928.22
PRG-LYRA,Lyra Constellation Operations,GROUND_SEGMENT,NS20,2026,3,2026-03-01,2026-03,PER,30056.59,336501928.22
PRG-LYRA,Lyra Constellation Operations,GROUND_SEGMENT,NS20,2026,3,2026-03-01,2026-03,SUB,274445.57,336501928.22
PRG-LYRA,Lyra Constellation Operations,GROUND_SEGMENT,NS20,2026,4,2026-04-01,2026-04,DEP,26726.29,336501928.22
PRG-LYRA,Lyra Constellation Operations,GROUND_SEGMENT,NS20,2026,4,2026-04-01,2026-04,MAT,227195.6,336501928.22
PRG-LYRA,Lyra Constellation Operations,GROUND_SEGMENT,NS20,2026,4,2026-04-01,2026-04,OTH,5667.84,336501928.22
PRG-LYRA,Lyra Constellation Operations,GROUND_SEGMENT,NS20,2026,4,2026-04-01,2026-04,OVH,52815.82,336501928.22
PRG-LYRA,Lyra Constellation Operations,GROUND_SEGMENT,NS20,2026,4,2026-04-01,2026-04,PER,37209.6,336501928.22
PRG-LYRA,Lyra Constellation Operations,GROUND_SEGMENT,NS20,2026,4,2026-04-01,2026-04,SUB,258041.14,336501928.22
PRG-LYRA,Lyra Constellation Operations,GROUND_SEGMENT,NS20,2026,5,2026-05-01,2026-05,DEP,28238.53,336501928.22
PRG-LYRA,Lyra Constellation Operations,GROUND_SEGMENT,NS20,2026,5,2026-05-01,2026-05,MAT,200140.09,336501928.22
PRG-LYRA,Lyra Constellation Operations,GROUND_SEGMENT,NS20,2026,5,2026-05-01,2026-05,OTH,1072.5,336501928.22
PRG-LYRA,Lyra Constellation Operations,GROUND_SEGMENT,NS20,2026,5,2026-05-01,2026-05,OVH,52031.02,336501928.22
PRG-LYRA,Lyra Constellation Operations,GROUND_SEGMENT,NS20,2026,5,2026-05-01,2026-05,PER,24280.35,336501928.22
PRG-LYRA,Lyra Constellation Operations,GROUND_SEGMENT,NS20,2026,5,2026-05-01,2026-05,SUB,257202.22,336501928.22
PRG-LYRA,Lyra Constellation Operations,GROUND_SEGMENT,NS20,2026,6,2026-06-01,2026-06,DEP,15060.36,336501928.22
PRG-LYRA,Lyra Constellation Operations,GROUND_SEGMENT,NS20,2026,6,2026-06-01,2026-06,MAT,214255.25,336501928.22
PRG-LYRA,Lyra Constellation Operations,GROUND_SEGMENT,NS20,2026,6,2026-06-01,2026-06,OTH,2762.68,336501928.22
PRG-LYRA,Lyra Constellation Operations,GROUND_SEGMENT,NS20,2026,6,2026-06-01,2026-06,OVH,57338.92,336501928.22
PRG-LYRA,Lyra Constellation Operations,GROUND_SEGMENT,NS20,2026,6,2026-06-01,2026-06,PER,49351.74,336501928.22
PRG-LYRA,Lyra Constellation Operations,GROUND_SEGMENT,NS20,2026,6,2026-06-01,2026-06,SUB,371327.13,336501928.22
PRG-LYRA,Lyra Constellation Operations,GROUND_SEGMENT,NS30,2024,7,2024-07-01,2024-07,DEP,24230.82,336501928.22
PRG-LYRA,Lyra Constellation Operations,GROUND_SEGMENT,NS30,2024,7,2024-07-01,2024-07,MAT,220438.49,336501928.22
PRG-LYRA,Lyra Constellation Operations,GROUND_SEGMENT,NS30,2024,7,2024-07-01,2024-07,OTH,2910.69,336501928.22
PRG-LYRA,Lyra Constellation Operations,GROUND_SEGMENT,NS30,2024,7,2024-07-01,2024-07,OVH,39944.45,336501928.22
PRG-LYRA,Lyra Constellation Operations,GROUND_SEGMENT,NS30,2024,7,2024-07-01,2024-07,PER,52725.07,336501928.22
PRG-LYRA,Lyra Constellation Operations,GROUND_SEGMENT,NS30,2024,7,2024-07-01,2024-07,SUB,502928.72,336501928.22
PRG-LYRA,Lyra Constellation Operations,GROUND_SEGMENT,NS30,2024,8,2024-08-01,2024-08,DEP,20476.33,336501928.22
PRG-LYRA,Lyra Constellation Operations,GROUND_SEGMENT,NS30,2024,8,2024-08-01,2024-08,MAT,240135.36,336501928.22
PRG-LYRA,Lyra Constellation Operations,GROUND_SEGMENT,NS30,2024,8,2024-08-01,2024-08,OTH,887.53,336501928.22
PRG-LYRA,Lyra Constellation Operations,GROUND_SEGMENT,NS30,2024,8,2024-08-01,2024-08,OVH,59007.92,336501928.22
PRG-LYRA,Lyra Constellation Operations,GROUND_SEGMENT,NS30,2024,8,2024-08-01,2024-08,PER,36969.5,336501928.22
PRG-LYRA,Lyra Constellation Operations,GROUND_SEGMENT,NS30,2024,8,2024-08-01,2024-08,SUB,537344.05,336501928.22
PRG-LYRA,Lyra Constellation Operations,GROUND_SEGMENT,NS30,2024,9,2024-09-01,2024-09,DEP,23852.09,336501928.22
PRG-LYRA,Lyra Constellation Operations,GROUND_SEGMENT,NS30,2024,9,2024-09-01,2024-09,MAT,281709.47,336501928.22
PRG-LYRA,Lyra Constellation Operations,GROUND_SEGMENT,NS30,2024,9,2024-09-01,2024-09,OTH,11838.23,336501928.22
PRG-LYRA,Lyra Constellation Operations,GROUND_SEGMENT,NS30,2024,9,2024-09-01,2024-09,OVH,43431.55,336501928.22
PRG-LYRA,Lyra Constellation Operations,GROUND_SEGMENT,NS30,2024,9,2024-09-01,2024-09,PER,35021.4,336501928.22
PRG-LYRA,Lyra Constellation Operations,GROUND_SEGMENT,NS30,2024,9,2024-09-01,2024-09,SUB,378921.95,336501928.22
PRG-LYRA,Lyra Constellation Operations,GROUND_SEGMENT,NS30,2024,10,2024-10-01,2024-10,DEP,22804.58,336501928.22
PRG-LYRA,Lyra Constellation Operations,GROUND_SEGMENT,NS30,2024,10,2024-10-01,2024-10,MAT,253899.5,336501928.22
PRG-LYRA,Lyra Constellation Operations,GROUND_SEGMENT,NS30,2024,10,2024-10-01,2024-10,OTH,492.07,336501928.22
PRG-LYRA,Lyra Constellation Operations,GROUND_SEGMENT,NS30,2024,10,2024-10-01,2024-10,OVH,39816.8,336501928.22
PRG-LYRA,Lyra Constellation Operations,GROUND_SEGMENT,NS30,2024,10,2024-10-01,2024-10,PER,30692.82,336501928.22
PRG-LYRA,Lyra Constellation Operations,GROUND_SEGMENT,NS30,2024,10,2024-10-01,2024-10,SUB,359923.52,336501928.22
PRG-LYRA,Lyra Constellation Operations,GROUND_SEGMENT,NS30,2024,11,2024-11-01,2024-11,DEP,22357.33,336501928.22
PRG-LYRA,Lyra Constellation Operations,GROUND_SEGMENT,NS30,2024,11,2024-11-01,2024-11,MAT,236883.99,336501928.22
PRG-LYRA,Lyra Constellation Operations,GROUND_SEGMENT,NS30,2024,11,2024-11-01,2024-11,OTH,12063.14,336501928.22
PRG-LYRA,Lyra Constellation Operations,GROUND_SEGMENT,NS30,2024,11,2024-11-01,2024-11,OVH,47891.55,336501928.22
PRG-LYRA,Lyra Constellation Operations,GROUND_SEGMENT,NS30,2024,11,2024-11-01,2024-11,PER,30883.39,336501928.22
PRG-LYRA,Lyra Constellation Operations,GROUND_SEGMENT,NS30,2024,11,2024-11-01,2024-11,SUB,425121.05,336501928.22
PRG-LYRA,Lyra Constellation Operations,GROUND_SEGMENT,NS30,2024,12,2024-12-01,2024-12,DEP,49304.34,336501928.22
PRG-LYRA,Lyra Constellation Operations,GROUND_SEGMENT,NS30,2024,12,2024-12-01,2024-12,MAT,226091.53,336501928.22
PRG-LYRA,Lyra Constellation Operations,GROUND_SEGMENT,NS30,2024,12,2024-12-01,2024-12,OTH,3764.43,336501928.22
PRG-LYRA,Lyra Constellation Operations,GROUND_SEGMENT,NS30,2024,12,2024-12-01,2024-12,OVH,54829.28,336501928.22
PRG-LYRA,Lyra Constellation Operations,GROUND_SEGMENT,NS30,2024,12,2024-12-01,2024-12,PER,23116.64,336501928.22
PRG-LYRA,Lyra Constellation Operations,GROUND_SEGMENT,NS30,2024,12,2024-12-01,2024-12,SUB,407413.32,336501928.22
PRG-LYRA,Lyra Constellation Operations,GROUND_SEGMENT,NS30,2024,13,2024-12-01,2024-12,MAT,752.68,336501928.22
PRG-LYRA,Lyra Constellation Operations,GROUND_SEGMENT,NS30,2024,13,2024-12-01,2024-12,OTH,4878.16,336501928.22
PRG-LYRA,Lyra Constellation Operations,GROUND_SEGMENT,NS30,2024,13,2024-12-01,2024-12,OVH,2676.92,336501928.22
PRG-LYRA,Lyra Constellation Operations,GROUND_SEGMENT,NS30,2024,13,2024-12-01,2024-12,PER,11892.05,336501928.22
PRG-LYRA,Lyra Constellation Operations,GROUND_SEGMENT,NS30,2024,13,2024-12-01,2024-12,SUB,57159.62,336501928.22
PRG-LYRA,Lyra Constellation Operations,GROUND_SEGMENT,NS30,2024,14,2024-12-01,2024-12,MAT,7294.15,336501928.22
PRG-LYRA,Lyra Constellation Operations,GROUND_SEGMENT,NS30,2024,14,2024-12-01,2024-12,OTH,3669.64,336501928.22
PRG-LYRA,Lyra Constellation Operations,GROUND_SEGMENT,NS30,2024,14,2024-12-01,2024-12,OVH,3332.91,336501928.22
PRG-LYRA,Lyra Constellation Operations,GROUND_SEGMENT,NS30,2024,14,2024-12-01,2024-12,PER,3970.57,336501928.22
PRG-LYRA,Lyra Constellation Operations,GROUND_SEGMENT,NS30,2024,14,2024-12-01,2024-12,SUB,44417.46,336501928.22
PRG-LYRA,Lyra Constellation Operations,GROUND_SEGMENT,NS30,2025,1,2025-01-01,2025-01,DEP,39996.74,336501928.22
PRG-LYRA,Lyra Constellation Operations,GROUND_SEGMENT,NS30,2025,1,2025-01-01,2025-01,MAT,250229.21,336501928.22
PRG-LYRA,Lyra Constellation Operations,GROUND_SEGMENT,NS30,2025,1,2025-01-01,2025-01,OTH,6154.3,336501928.22
PRG-LYRA,Lyra Constellation Operations,GROUND_SEGMENT,NS30,2025,1,2025-01-01,2025-01,OVH,37255.42,336501928.22
PRG-LYRA,Lyra Constellation Operations,GROUND_SEGMENT,NS30,2025,1,2025-01-01,2025-01,PER,51686.28,336501928.22
PRG-LYRA,Lyra Constellation Operations,GROUND_SEGMENT,NS30,2025,1,2025-01-01,2025-01,SUB,431678.64,336501928.22
PRG-LYRA,Lyra Constellation Operations,GROUND_SEGMENT,NS30,2025,2,2025-02-01,2025-02,DEP,23371.64,336501928.22
PRG-LYRA,Lyra Constellation Operations,GROUND_SEGMENT,NS30,2025,2,2025-02-01,2025-02,MAT,321624.32,336501928.22
PRG-LYRA,Lyra Constellation Operations,GROUND_SEGMENT,NS30,2025,2,2025-02-01,2025-02,OTH,2890.48,336501928.22
PRG-LYRA,Lyra Constellation Operations,GROUND_SEGMENT,NS30,2025,2,2025-02-01,2025-02,OVH,53725.43,336501928.22
PRG-LYRA,Lyra Constellation Operations,GROUND_SEGMENT,NS30,2025,2,2025-02-01,2025-02,PER,32304.67,336501928.22
PRG-LYRA,Lyra Constellation Operations,GROUND_SEGMENT,NS30,2025,2,2025-02-01,2025-02,SUB,482251.43,336501928.22
PRG-LYRA,Lyra Constellation Operations,GROUND_SEGMENT,NS30,2025,3,2025-03-01,2025-03,DEP,19310.34,336501928.22
PRG-LYRA,Lyra Constellation Operations,GROUND_SEGMENT,NS30,2025,3,2025-03-01,2025-03,MAT,303301.18,336501928.22
PRG-LYRA,Lyra Constellation Operations,GROUND_SEGMENT,NS30,2025,3,2025-03-01,2025-03,OTH,3790.75,336501928.22
PRG-LYRA,Lyra Constellation Operations,GROUND_SEGMENT,NS30,2025,3,2025-03-01,2025-03,OVH,45475.99,336501928.22
PRG-LYRA,Lyra Constellation Operations,GROUND_SEGMENT,NS30,2025,3,2025-03-01,2025-03,PER,15548.42,336501928.22
PRG-LYRA,Lyra Constellation Operations,GROUND_SEGMENT,NS30,2025,3,2025-03-01,2025-03,SUB,458946.01,336501928.22
PRG-LYRA,Lyra Constellation Operations,GROUND_SEGMENT,NS30,2025,4,2025-04-01,2025-04,DEP,14121.1,336501928.22
PRG-LYRA,Lyra Constellation Operations,GROUND_SEGMENT,NS30,2025,4,2025-04-01,2025-04,MAT,319033.52,336501928.22
PRG-LYRA,Lyra Constellation Operations,GROUND_SEGMENT,NS30,2025,4,2025-04-01,2025-04,OTH,6524.84,336501928.22
PRG-LYRA,Lyra Constellation Operations,GROUND_SEGMENT,NS30,2025,4,2025-04-01,2025-04,OVH,49652.72,336501928.22
PRG-LYRA,Lyra Constellation Operations,GROUND_SEGMENT,NS30,2025,4,2025-04-01,2025-04,PER,59219.28,336501928.22
PRG-LYRA,Lyra Constellation Operations,GROUND_SEGMENT,NS30,2025,4,2025-04-01,2025-04,SUB,578905.99,336501928.22
PRG-LYRA,Lyra Constellation Operations,GROUND_SEGMENT,NS30,2025,5,2025-05-01,2025-05,DEP,32553.36,336501928.22
PRG-LYRA,Lyra Constellation Operations,GROUND_SEGMENT,NS30,2025,5,2025-05-01,2025-05,MAT,230457.33,336501928.22
PRG-LYRA,Lyra Constellation Operations,GROUND_SEGMENT,NS30,2025,5,2025-05-01,2025-05,OTH,6288.03,336501928.22
PRG-LYRA,Lyra Constellation Operations,GROUND_SEGMENT,NS30,2025,5,2025-05-01,2025-05,OVH,43441.6,336501928.22
PRG-LYRA,Lyra Constellation Operations,GROUND_SEGMENT,NS30,2025,5,2025-05-01,2025-05,PER,27175.87,336501928.22
PRG-LYRA,Lyra Constellation Operations,GROUND_SEGMENT,NS30,2025,5,2025-05-01,2025-05,SUB,441139.99,336501928.22
PRG-LYRA,Lyra Constellation Operations,GROUND_SEGMENT,NS30,2025,6,2025-06-01,2025-06,DEP,25819.47,336501928.22
PRG-LYRA,Lyra Constellation Operations,GROUND_SEGMENT,NS30,2025,6,2025-06-01,2025-06,MAT,312207.86,336501928.22
PRG-LYRA,Lyra Constellation Operations,GROUND_SEGMENT,NS30,2025,6,2025-06-01,2025-06,OTH,6575.24,336501928.22
PRG-LYRA,Lyra Constellation Operations,GROUND_SEGMENT,NS30,2025,6,2025-06-01,2025-06,OVH,48861.06,336501928.22
PRG-LYRA,Lyra Constellation Operations,GROUND_SEGMENT,NS30,2025,6,2025-06-01,2025-06,PER,39366.72,336501928.22
PRG-LYRA,Lyra Constellation Operations,GROUND_SEGMENT,NS30,2025,6,2025-06-01,2025-06,SUB,419146.91,336501928.22
PRG-LYRA,Lyra Constellation Operations,GROUND_SEGMENT,NS30,2025,7,2025-07-01,2025-07,DEP,9900.76,336501928.22
PRG-LYRA,Lyra Constellation Operations,GROUND_SEGMENT,NS30,2025,7,2025-07-01,2025-07,MAT,288782.43,336501928.22
PRG-LYRA,Lyra Constellation Operations,GROUND_SEGMENT,NS30,2025,7,2025-07-01,2025-07,OTH,7348.21,336501928.22
PRG-LYRA,Lyra Constellation Operations,GROUND_SEGMENT,NS30,2025,7,2025-07-01,2025-07,OVH,56087.09,336501928.22
PRG-LYRA,Lyra Constellation Operations,GROUND_SEGMENT,NS30,2025,7,2025-07-01,2025-07,PER,59005.09,336501928.22
PRG-LYRA,Lyra Constellation Operations,GROUND_SEGMENT,NS30,2025,7,2025-07-01,2025-07,SUB,454531.2,336501928.22
PRG-LYRA,Lyra Constellation Operations,GROUND_SEGMENT,NS30,2025,8,2025-08-01,2025-08,DEP,26150.3,336501928.22
PRG-LYRA,Lyra Constellation Operations,GROUND_SEGMENT,NS30,2025,8,2025-08-01,2025-08,MAT,222966.96,336501928.22
PRG-LYRA,Lyra Constellation Operations,GROUND_SEGMENT,NS30,2025,8,2025-08-01,2025-08,OTH,2422.6,336501928.22
PRG-LYRA,Lyra Constellation Operations,GROUND_SEGMENT,NS30,2025,8,2025-08-01,2025-08,OVH,49362.19,336501928.22
PRG-LYRA,Lyra Constellation Operations,GROUND_SEGMENT,NS30,2025,8,2025-08-01,2025-08,PER,37541.92,336501928.22
PRG-LYRA,Lyra Constellation Operations,GROUND_SEGMENT,NS30,2025,8,2025-08-01,2025-08,SUB,402553.41,336501928.22
PRG-LYRA,Lyra Constellation Operations,GROUND_SEGMENT,NS30,2025,9,2025-09-01,2025-09,DEP,27923.33,336501928.22
PRG-LYRA,Lyra Constellation Operations,GROUND_SEGMENT,NS30,2025,9,2025-09-01,2025-09,MAT,342882.51,336501928.22
PRG-LYRA,Lyra Constellation Operations,GROUND_SEGMENT,NS30,2025,9,2025-09-01,2025-09,OTH,3878.33,336501928.22
PRG-LYRA,Lyra Constellation Operations,GROUND_SEGMENT,NS30,2025,9,2025-09-01,2025-09,OVH,46256.43,336501928.22
PRG-LYRA,Lyra Constellation Operations,GROUND_SEGMENT,NS30,2025,9,2025-09-01,2025-09,PER,55074.48,336501928.22
PRG-LYRA,Lyra Constellation Operations,GROUND_SEGMENT,NS30,2025,9,2025-09-01,2025-09,SUB,444028.54,336501928.22
PRG-LYRA,Lyra Constellation Operations,GROUND_SEGMENT,NS30,2025,10,2025-10-01,2025-10,DEP,24067.69,336501928.22
PRG-LYRA,Lyra Constellation Operations,GROUND_SEGMENT,NS30,2025,10,2025-10-01,2025-10,MAT,357889.4,336501928.22
PRG-LYRA,Lyra Constellation Operations,GROUND_SEGMENT,NS30,2025,10,2025-10-01,2025-10,OTH,12960.1,336501928.22
PRG-LYRA,Lyra Constellation Operations,GROUND_SEGMENT,NS30,2025,10,2025-10-01,2025-10,OVH,46611.97,336501928.22
PRG-LYRA,Lyra Constellation Operations,GROUND_SEGMENT,NS30,2025,10,2025-10-01,2025-10,PER,61182.93,336501928.22
PRG-LYRA,Lyra Constellation Operations,GROUND_SEGMENT,NS30,2025,10,2025-10-01,2025-10,SUB,718994.9,336501928.22
PRG-LYRA,Lyra Constellation Operations,GROUND_SEGMENT,NS30,2025,11,2025-11-01,2025-11,DEP,34346.89,336501928.22
PRG-LYRA,Lyra Constellation Operations,GROUND_SEGMENT,NS30,2025,11,2025-11-01,2025-11,MAT,267307.24,336501928.22
PRG-LYRA,Lyra Constellation Operations,GROUND_SEGMENT,NS30,2025,11,2025-11-01,2025-11,OTH,1461.54,336501928.22
PRG-LYRA,Lyra Constellation Operations,GROUND_SEGMENT,NS30,2025,11,2025-11-01,2025-11,OVH,53159.52,336501928.22
PRG-LYRA,Lyra Constellation Operations,GROUND_SEGMENT,NS30,2025,11,2025-11-01,2025-11,PER,35669.1,336501928.22
PRG-LYRA,Lyra Constellation Operations,GROUND_SEGMENT,NS30,2025,11,2025-11-01,2025-11,SUB,470656.06,336501928.22
PRG-LYRA,Lyra Constellation Operations,GROUND_SEGMENT,NS30,2025,12,2025-12-01,2025-12,DEP,19975.23,336501928.22
PRG-LYRA,Lyra Constellation Operations,GROUND_SEGMENT,NS30,2025,12,2025-12-01,2025-12,MAT,213423.86,336501928.22
PRG-LYRA,Lyra Constellation Operations,GROUND_SEGMENT,NS30,2025,12,2025-12-01,2025-12,OTH,4821.73,336501928.22
PRG-LYRA,Lyra Constellation Operations,GROUND_SEGMENT,NS30,2025,12,2025-12-01,2025-12,OVH,36106.92,336501928.22
PRG-LYRA,Lyra Constellation Operations,GROUND_SEGMENT,NS30,2025,12,2025-12-01,2025-12,PER,34565.54,336501928.22
PRG-LYRA,Lyra Constellation Operations,GROUND_SEGMENT,NS30,2025,12,2025-12-01,2025-12,SUB,467856.96,336501928.22
PRG-LYRA,Lyra Constellation Operations,GROUND_SEGMENT,NS30,2025,13,2025-12-01,2025-12,MAT,13536.42,336501928.22
PRG-LYRA,Lyra Constellation Operations,GROUND_SEGMENT,NS30,2025,13,2025-12-01,2025-12,OTH,1962.01,336501928.22
PRG-LYRA,Lyra Constellation Operations,GROUND_SEGMENT,NS30,2025,13,2025-12-01,2025-12,OVH,4916.01,336501928.22
PRG-LYRA,Lyra Constellation Operations,GROUND_SEGMENT,NS30,2025,13,2025-12-01,2025-12,PER,11943.28,336501928.22
PRG-LYRA,Lyra Constellation Operations,GROUND_SEGMENT,NS30,2025,13,2025-12-01,2025-12,SUB,17501.36,336501928.22
PRG-LYRA,Lyra Constellation Operations,GROUND_SEGMENT,NS30,2025,14,2025-12-01,2025-12,MAT,9682.89,336501928.22
PRG-LYRA,Lyra Constellation Operations,GROUND_SEGMENT,NS30,2025,14,2025-12-01,2025-12,OTH,4580.72,336501928.22
PRG-LYRA,Lyra Constellation Operations,GROUND_SEGMENT,NS30,2025,14,2025-12-01,2025-12,OVH,9998.04,336501928.22
PRG-LYRA,Lyra Constellation Operations,GROUND_SEGMENT,NS30,2025,14,2025-12-01,2025-12,PER,7125.8,336501928.22
PRG-LYRA,Lyra Constellation Operations,GROUND_SEGMENT,NS30,2025,14,2025-12-01,2025-12,SUB,40153.85,336501928.22
PRG-LYRA,Lyra Constellation Operations,GROUND_SEGMENT,NS30,2026,1,2026-01-01,2026-01,DEP,22838.76,336501928.22
PRG-LYRA,Lyra Constellation Operations,GROUND_SEGMENT,NS30,2026,1,2026-01-01,2026-01,MAT,289392.55,336501928.22
PRG-LYRA,Lyra Constellation Operations,GROUND_SEGMENT,NS30,2026,1,2026-01-01,2026-01,OTH,6914.94,336501928.22
PRG-LYRA,Lyra Constellation Operations,GROUND_SEGMENT,NS30,2026,1,2026-01-01,2026-01,OVH,51885.66,336501928.22
PRG-LYRA,Lyra Constellation Operations,GROUND_SEGMENT,NS30,2026,1,2026-01-01,2026-01,PER,39371.99,336501928.22
PRG-LYRA,Lyra Constellation Operations,GROUND_SEGMENT,NS30,2026,1,2026-01-01,2026-01,SUB,444106.45,336501928.22
PRG-LYRA,Lyra Constellation Operations,GROUND_SEGMENT,NS30,2026,2,2026-02-01,2026-02,DEP,44209.45,336501928.22
PRG-LYRA,Lyra Constellation Operations,GROUND_SEGMENT,NS30,2026,2,2026-02-01,2026-02,MAT,247052.51,336501928.22
PRG-LYRA,Lyra Constellation Operations,GROUND_SEGMENT,NS30,2026,2,2026-02-01,2026-02,OTH,5970.18,336501928.22
PRG-LYRA,Lyra Constellation Operations,GROUND_SEGMENT,NS30,2026,2,2026-02-01,2026-02,OVH,46209.71,336501928.22
PRG-LYRA,Lyra Constellation Operations,GROUND_SEGMENT,NS30,2026,2,2026-02-01,2026-02,PER,41677.97,336501928.22
PRG-LYRA,Lyra Constellation Operations,GROUND_SEGMENT,NS30,2026,2,2026-02-01,2026-02,SUB,318339.58,336501928.22
PRG-LYRA,Lyra Constellation Operations,GROUND_SEGMENT,NS30,2026,3,2026-03-01,2026-03,DEP,55701.6,336501928.22
PRG-LYRA,Lyra Constellation Operations,GROUND_SEGMENT,NS30,2026,3,2026-03-01,2026-03,MAT,350916.18,336501928.22
PRG-LYRA,Lyra Constellation Operations,GROUND_SEGMENT,NS30,2026,3,2026-03-01,2026-03,OTH,2372.44,336501928.22
PRG-LYRA,Lyra Constellation Operations,GROUND_SEGMENT,NS30,2026,3,2026-03-01,2026-03,OVH,62614.39,336501928.22
PRG-LYRA,Lyra Constellation Operations,GROUND_SEGMENT,NS30,2026,3,2026-03-01,2026-03,PER,67831.95,336501928.22
PRG-LYRA,Lyra Constellation Operations,GROUND_SEGMENT,NS30,2026,3,2026-03-01,2026-03,SUB,346418.25,336501928.22
PRG-LYRA,Lyra Constellation Operations,GROUND_SEGMENT,NS30,2026,4,2026-04-01,2026-04,DEP,29718.95,336501928.22
PRG-LYRA,Lyra Constellation Operations,GROUND_SEGMENT,NS30,2026,4,2026-04-01,2026-04,MAT,253481.46,336501928.22
PRG-LYRA,Lyra Constellation Operations,GROUND_SEGMENT,NS30,2026,4,2026-04-01,2026-04,OTH,7511.99,336501928.22
PRG-LYRA,Lyra Constellation Operations,GROUND_SEGMENT,NS30,2026,4,2026-04-01,2026-04,OVH,32222.38,336501928.22
PRG-LYRA,Lyra Constellation Operations,GROUND_SEGMENT,NS30,2026,4,2026-04-01,2026-04,PER,25420.55,336501928.22
PRG-LYRA,Lyra Constellation Operations,GROUND_SEGMENT,NS30,2026,4,2026-04-01,2026-04,SUB,507237.17,336501928.22
PRG-LYRA,Lyra Constellation Operations,GROUND_SEGMENT,NS30,2026,5,2026-05-01,2026-05,DEP,39489.69,336501928.22
PRG-LYRA,Lyra Constellation Operations,GROUND_SEGMENT,NS30,2026,5,2026-05-01,2026-05,MAT,322679.61,336501928.22
PRG-LYRA,Lyra Constellation Operations,GROUND_SEGMENT,NS30,2026,5,2026-05-01,2026-05,OTH,6448.51,336501928.22
PRG-LYRA,Lyra Constellation Operations,GROUND_SEGMENT,NS30,2026,5,2026-05-01,2026-05,OVH,61359.15,336501928.22
PRG-LYRA,Lyra Constellation Operations,GROUND_SEGMENT,NS30,2026,5,2026-05-01,2026-05,PER,31088.83,336501928.22
PRG-LYRA,Lyra Constellation Operations,GROUND_SEGMENT,NS30,2026,5,2026-05-01,2026-05,SUB,550613.82,336501928.22
PRG-LYRA,Lyra Constellation Operations,GROUND_SEGMENT,NS30,2026,6,2026-06-01,2026-06,DEP,35020.9,336501928.22
PRG-LYRA,Lyra Constellation Operations,GROUND_SEGMENT,NS30,2026,6,2026-06-01,2026-06,MAT,351330.88,336501928.22
PRG-LYRA,Lyra Constellation Operations,GROUND_SEGMENT,NS30,2026,6,2026-06-01,2026-06,OTH,7575.74,336501928.22
PRG-LYRA,Lyra Constellation Operations,GROUND_SEGMENT,NS30,2026,6,2026-06-01,2026-06,OVH,48711.24,336501928.22
PRG-LYRA,Lyra Constellation Operations,GROUND_SEGMENT,NS30,2026,6,2026-06-01,2026-06,PER,40532.69,336501928.22
PRG-LYRA,Lyra Constellation Operations,GROUND_SEGMENT,NS30,2026,6,2026-06-01,2026-06,SUB,620437.84,336501928.22
PRG-LYRA,Lyra Constellation Operations,GROUND_SEGMENT,NS40,2024,7,2024-07-01,2024-07,DEP,91704.88,336501928.22
PRG-LYRA,Lyra Constellation Operations,GROUND_SEGMENT,NS40,2024,7,2024-07-01,2024-07,MAT,887299.33,336501928.22
PRG-LYRA,Lyra Constellation Operations,GROUND_SEGMENT,NS40,2024,7,2024-07-01,2024-07,OTH,10199.18,336501928.22
PRG-LYRA,Lyra Constellation Operations,GROUND_SEGMENT,NS40,2024,7,2024-07-01,2024-07,OVH,121925.51,336501928.22
PRG-LYRA,Lyra Constellation Operations,GROUND_SEGMENT,NS40,2024,7,2024-07-01,2024-07,PER,94564.54,336501928.22
PRG-LYRA,Lyra Constellation Operations,GROUND_SEGMENT,NS40,2024,7,2024-07-01,2024-07,SUB,970304.15,336501928.22
PRG-LYRA,Lyra Constellation Operations,GROUND_SEGMENT,NS40,2024,8,2024-08-01,2024-08,DEP,86730.31,336501928.22
PRG-LYRA,Lyra Constellation Operations,GROUND_SEGMENT,NS40,2024,8,2024-08-01,2024-08,MAT,921283.51,336501928.22
PRG-LYRA,Lyra Constellation Operations,GROUND_SEGMENT,NS40,2024,8,2024-08-01,2024-08,OTH,23849.2,336501928.22
PRG-LYRA,Lyra Constellation Operations,GROUND_SEGMENT,NS40,2024,8,2024-08-01,2024-08,OVH,106424.81,336501928.22
PRG-LYRA,Lyra Constellation Operations,GROUND_SEGMENT,NS40,2024,8,2024-08-01,2024-08,PER,107225.27,336501928.22
PRG-LYRA,Lyra Constellation Operations,GROUND_SEGMENT,NS40,2024,8,2024-08-01,2024-08,SUB,1645269.42,336501928.22
PRG-LYRA,Lyra Constellation Operations,GROUND_SEGMENT,NS40,2024,9,2024-09-01,2024-09,DEP,111677.79,336501928.22
PRG-LYRA,Lyra Constellation Operations,GROUND_SEGMENT,NS40,2024,9,2024-09-01,2024-09,MAT,651935.88,336501928.22
PRG-LYRA,Lyra Constellation Operations,GROUND_SEGMENT,NS40,2024,9,2024-09-01,2024-09,OTH,6298.12,336501928.22
PRG-LYRA,Lyra Constellation Operations,GROUND_SEGMENT,NS40,2024,9,2024-09-01,2024-09,OVH,86559.5,336501928.22
PRG-LYRA,Lyra Constellation Operations,GROUND_SEGMENT,NS40,2024,9,2024-09-01,2024-09,PER,99628.07,336501928.22
PRG-LYRA,Lyra Constellation Operations,GROUND_SEGMENT,NS40,2024,9,2024-09-01,2024-09,SUB,1094315.34,336501928.22
PRG-LYRA,Lyra Constellation Operations,GROUND_SEGMENT,NS40,2024,10,2024-10-01,2024-10,DEP,90910.03,336501928.22
PRG-LYRA,Lyra Constellation Operations,GROUND_SEGMENT,NS40,2024,10,2024-10-01,2024-10,MAT,900509.74,336501928.22
PRG-LYRA,Lyra Constellation Operations,GROUND_SEGMENT,NS40,2024,10,2024-10-01,2024-10,OTH,11208.74,336501928.22
PRG-LYRA,Lyra Constellation Operations,GROUND_SEGMENT,NS40,2024,10,2024-10-01,2024-10,OVH,113377.02,336501928.22
PRG-LYRA,Lyra Constellation Operations,GROUND_SEGMENT,NS40,2024,10,2024-10-01,2024-10,PER,79916.78,336501928.22
PRG-LYRA,Lyra Constellation Operations,GROUND_SEGMENT,NS40,2024,10,2024-10-01,2024-10,SUB,1237327.92,336501928.22
PRG-LYRA,Lyra Constellation Operations,GROUND_SEGMENT,NS40,2024,11,2024-11-01,2024-11,DEP,86208.03,336501928.22
PRG-LYRA,Lyra Constellation Operations,GROUND_SEGMENT,NS40,2024,11,2024-11-01,2024-11,MAT,894050.47,336501928.22
PRG-LYRA,Lyra Constellation Operations,GROUND_SEGMENT,NS40,2024,11,2024-11-01,2024-11,OTH,5576.45,336501928.22
PRG-LYRA,Lyra Constellation Operations,GROUND_SEGMENT,NS40,2024,11,2024-11-01,2024-11,OVH,123035.4,336501928.22
PRG-LYRA,Lyra Constellation Operations,GROUND_SEGMENT,NS40,2024,11,2024-11-01,2024-11,PER,114098.27,336501928.22
PRG-LYRA,Lyra Constellation Operations,GROUND_SEGMENT,NS40,2024,11,2024-11-01,2024-11,SUB,1636564.03,336501928.22
PRG-LYRA,Lyra Constellation Operations,GROUND_SEGMENT,NS40,2024,12,2024-12-01,2024-12,DEP,64904.96,336501928.22
PRG-LYRA,Lyra Constellation Operations,GROUND_SEGMENT,NS40,2024,12,2024-12-01,2024-12,MAT,890628.54,336501928.22
PRG-LYRA,Lyra Constellation Operations,GROUND_SEGMENT,NS40,2024,12,2024-12-01,2024-12,OTH,12571.87,336501928.22
PRG-LYRA,Lyra Constellation Operations,GROUND_SEGMENT,NS40,2024,12,2024-12-01,2024-12,OVH,91431.69,336501928.22
PRG-LYRA,Lyra Constellation Operations,GROUND_SEGMENT,NS40,2024,12,2024-12-01,2024-12,PER,79172.95,336501928.22
PRG-LYRA,Lyra Constellation Operations,GROUND_SEGMENT,NS40,2024,12,2024-12-01,2024-12,SUB,1508905.22,336501928.22
PRG-LYRA,Lyra Constellation Operations,GROUND_SEGMENT,NS40,2024,13,2024-12-01,2024-12,MAT,24071.48,336501928.22
PRG-LYRA,Lyra Constellation Operations,GROUND_SEGMENT,NS40,2024,13,2024-12-01,2024-12,OTH,6297.83,336501928.22
PRG-LYRA,Lyra Constellation Operations,GROUND_SEGMENT,NS40,2024,13,2024-12-01,2024-12,OVH,11475.73,336501928.22
PRG-LYRA,Lyra Constellation Operations,GROUND_SEGMENT,NS40,2024,13,2024-12-01,2024-12,PER,17881.22,336501928.22
PRG-LYRA,Lyra Constellation Operations,GROUND_SEGMENT,NS40,2024,13,2024-12-01,2024-12,SUB,91647.65,336501928.22
PRG-LYRA,Lyra Constellation Operations,GROUND_SEGMENT,NS40,2024,14,2024-12-01,2024-12,MAT,29882.23,336501928.22
PRG-LYRA,Lyra Constellation Operations,GROUND_SEGMENT,NS40,2024,14,2024-12-01,2024-12,OTH,8867.97,336501928.22
PRG-LYRA,Lyra Constellation Operations,GROUND_SEGMENT,NS40,2024,14,2024-12-01,2024-12,OVH,18843.24,336501928.22
PRG-LYRA,Lyra Constellation Operations,GROUND_SEGMENT,NS40,2024,14,2024-12-01,2024-12,PER,24382.79,336501928.22
PRG-LYRA,Lyra Constellation Operations,GROUND_SEGMENT,NS40,2024,14,2024-12-01,2024-12,SUB,145192.93,336501928.22
PRG-LYRA,Lyra Constellation Operations,GROUND_SEGMENT,NS40,2025,1,2025-01-01,2025-01,DEP,105511.79,336501928.22
PRG-LYRA,Lyra Constellation Operations,GROUND_SEGMENT,NS40,2025,1,2025-01-01,2025-01,MAT,848284.52,336501928.22
PRG-LYRA,Lyra Constellation Operations,GROUND_SEGMENT,NS40,2025,1,2025-01-01,2025-01,OTH,11568.55,336501928.22
PRG-LYRA,Lyra Constellation Operations,GROUND_SEGMENT,NS40,2025,1,2025-01-01,2025-01,OVH,133483.22,336501928.22
PRG-LYRA,Lyra Constellation Operations,GROUND_SEGMENT,NS40,2025,1,2025-01-01,2025-01,PER,113631.52,336501928.22
PRG-LYRA,Lyra Constellation Operations,GROUND_SEGMENT,NS40,2025,1,2025-01-01,2025-01,SUB,1351551.49,336501928.22
PRG-LYRA,Lyra Constellation Operations,GROUND_SEGMENT,NS40,2025,2,2025-02-01,2025-02,DEP,60148.0,336501928.22
PRG-LYRA,Lyra Constellation Operations,GROUND_SEGMENT,NS40,2025,2,2025-02-01,2025-02,MAT,889503.08,336501928.22
PRG-LYRA,Lyra Constellation Operations,GROUND_SEGMENT,NS40,2025,2,2025-02-01,2025-02,OTH,11842.12,336501928.22
PRG-LYRA,Lyra Constellation Operations,GROUND_SEGMENT,NS40,2025,2,2025-02-01,2025-02,OVH,98929.93,336501928.22
PRG-LYRA,Lyra Constellation Operations,GROUND_SEGMENT,NS40,2025,2,2025-02-01,2025-02,PER,93615.03,336501928.22
PRG-LYRA,Lyra Constellation Operations,GROUND_SEGMENT,NS40,2025,2,2025-02-01,2025-02,SUB,1236309.8,336501928.22
PRG-LYRA,Lyra Constellation Operations,GROUND_SEGMENT,NS40,2025,3,2025-03-01,2025-03,DEP,115353.9,336501928.22
PRG-LYRA,Lyra Constellation Operations,GROUND_SEGMENT,NS40,2025,3,2025-03-01,2025-03,MAT,982717.89,336501928.22
PRG-LYRA,Lyra Constellation Operations,GROUND_SEGMENT,NS40,2025,3,2025-03-01,2025-03,OTH,6793.59,336501928.22
PRG-LYRA,Lyra Constellation Operations,GROUND_SEGMENT,NS40,2025,3,2025-03-01,2025-03,OVH,115051.05,336501928.22
PRG-LYRA,Lyra Constellation Operations,GROUND_SEGMENT,NS40,2025,3,2025-03-01,2025-03,PER,115658.93,336501928.22
PRG-LYRA,Lyra Constellation Operations,GROUND_SEGMENT,NS40,2025,3,2025-03-01,2025-03,SUB,1415176.82,336501928.22
PRG-LYRA,Lyra Constellation Operations,GROUND_SEGMENT,NS40,2025,4,2025-04-01,2025-04,DEP,94263.22,336501928.22
PRG-LYRA,Lyra Constellation Operations,GROUND_SEGMENT,NS40,2025,4,2025-04-01,2025-04,MAT,915848.77,336501928.22
PRG-LYRA,Lyra Constellation Operations,GROUND_SEGMENT,NS40,2025,4,2025-04-01,2025-04,OTH,10091.62,336501928.22
PRG-LYRA,Lyra Constellation Operations,GROUND_SEGMENT,NS40,2025,4,2025-04-01,2025-04,OVH,126414.31,336501928.22
PRG-LYRA,Lyra Constellation Operations,GROUND_SEGMENT,NS40,2025,4,2025-04-01,2025-04,PER,138603.21,336501928.22
PRG-LYRA,Lyra Constellation Operations,GROUND_SEGMENT,NS40,2025,4,2025-04-01,2025-04,SUB,1501695.97,336501928.22
PRG-LYRA,Lyra Constellation Operations,GROUND_SEGMENT,NS40,2025,5,2025-05-01,2025-05,DEP,71727.68,336501928.22
PRG-LYRA,Lyra Constellation Operations,GROUND_SEGMENT,NS40,2025,5,2025-05-01,2025-05,MAT,803593.77,336501928.22
PRG-LYRA,Lyra Constellation Operations,GROUND_SEGMENT,NS40,2025,5,2025-05-01,2025-05,OTH,12593.1,336501928.22
PRG-LYRA,Lyra Constellation Operations,GROUND_SEGMENT,NS40,2025,5,2025-05-01,2025-05,OVH,103319.73,336501928.22
PRG-LYRA,Lyra Constellation Operations,GROUND_SEGMENT,NS40,2025,5,2025-05-01,2025-05,PER,89783.08,336501928.22
PRG-LYRA,Lyra Constellation Operations,GROUND_SEGMENT,NS40,2025,5,2025-05-01,2025-05,SUB,1082477.87,336501928.22
PRG-LYRA,Lyra Constellation Operations,GROUND_SEGMENT,NS40,2025,6,2025-06-01,2025-06,DEP,91021.74,336501928.22
PRG-LYRA,Lyra Constellation Operations,GROUND_SEGMENT,NS40,2025,6,2025-06-01,2025-06,MAT,912062.18,336501928.22
PRG-LYRA,Lyra Constellation Operations,GROUND_SEGMENT,NS40,2025,6,2025-06-01,2025-06,OTH,12491.58,336501928.22
PRG-LYRA,Lyra Constellation Operations,GROUND_SEGMENT,NS40,2025,6,2025-06-01,2025-06,OVH,113187.9,336501928.22
PRG-LYRA,Lyra Constellation Operations,GROUND_SEGMENT,NS40,2025,6,2025-06-01,2025-06,PER,81227.51,336501928.22
PRG-LYRA,Lyra Constellation Operations,GROUND_SEGMENT,NS40,2025,6,2025-06-01,2025-06,SUB,1152858.72,336501928.22
PRG-LYRA,Lyra Constellation Operations,GROUND_SEGMENT,NS40,2025,7,2025-07-01,2025-07,DEP,84342.5,336501928.22
PRG-LYRA,Lyra Constellation Operations,GROUND_SEGMENT,NS40,2025,7,2025-07-01,2025-07,MAT,899544.02,336501928.22
PRG-LYRA,Lyra Constellation Operations,GROUND_SEGMENT,NS40,2025,7,2025-07-01,2025-07,OTH,15931.97,336501928.22
PRG-LYRA,Lyra Constellation Operations,GROUND_SEGMENT,NS40,2025,7,2025-07-01,2025-07,OVH,98831.41,336501928.22
PRG-LYRA,Lyra Constellation Operations,GROUND_SEGMENT,NS40,2025,7,2025-07-01,2025-07,PER,111945.98,336501928.22
PRG-LYRA,Lyra Constellation Operations,GROUND_SEGMENT,NS40,2025,7,2025-07-01,2025-07,SUB,1231207.14,336501928.22
PRG-LYRA,Lyra Constellation Operations,GROUND_SEGMENT,NS40,2025,8,2025-08-01,2025-08,DEP,75994.04,336501928.22
PRG-LYRA,Lyra Constellation Operations,GROUND_SEGMENT,NS40,2025,8,2025-08-01,2025-08,MAT,950538.6,336501928.22
PRG-LYRA,Lyra Constellation Operations,GROUND_SEGMENT,NS40,2025,8,2025-08-01,2025-08,OTH,5994.47,336501928.22
PRG-LYRA,Lyra Constellation Operations,GROUND_SEGMENT,NS40,2025,8,2025-08-01,2025-08,OVH,118479.38,336501928.22
PRG-LYRA,Lyra Constellation Operations,GROUND_SEGMENT,NS40,2025,8,2025-08-01,2025-08,PER,113101.04,336501928.22
PRG-LYRA,Lyra Constellation Operations,GROUND_SEGMENT,NS40,2025,8,2025-08-01,2025-08,SUB,1496921.59,336501928.22
PRG-LYRA,Lyra Constellation Operations,GROUND_SEGMENT,NS40,2025,9,2025-09-01,2025-09,DEP,79932.54,336501928.22
PRG-LYRA,Lyra Constellation Operations,GROUND_SEGMENT,NS40,2025,9,2025-09-01,2025-09,MAT,856697.03,336501928.22
PRG-LYRA,Lyra Constellation Operations,GROUND_SEGMENT,NS40,2025,9,2025-09-01,2025-09,OTH,10963.64,336501928.22
PRG-LYRA,Lyra Constellation Operations,GROUND_SEGMENT,NS40,2025,9,2025-09-01,2025-09,OVH,97988.96,336501928.22
PRG-LYRA,Lyra Constellation Operations,GROUND_SEGMENT,NS40,2025,9,2025-09-01,2025-09,PER,94956.54,336501928.22
PRG-LYRA,Lyra Constellation Operations,GROUND_SEGMENT,NS40,2025,9,2025-09-01,2025-09,SUB,1011538.15,336501928.22
PRG-LYRA,Lyra Constellation Operations,GROUND_SEGMENT,NS40,2025,10,2025-10-01,2025-10,DEP,113409.47,336501928.22
PRG-LYRA,Lyra Constellation Operations,GROUND_SEGMENT,NS40,2025,10,2025-10-01,2025-10,MAT,977482.69,336501928.22
PRG-LYRA,Lyra Constellation Operations,GROUND_SEGMENT,NS40,2025,10,2025-10-01,2025-10,OTH,13713.02,336501928.22
PRG-LYRA,Lyra Constellation Operations,GROUND_SEGMENT,NS40,2025,10,2025-10-01,2025-10,OVH,113071.01,336501928.22
PRG-LYRA,Lyra Constellation Operations,GROUND_SEGMENT,NS40,2025,10,2025-10-01,2025-10,PER,115365.85,336501928.22
PRG-LYRA,Lyra Constellation Operations,GROUND_SEGMENT,NS40,2025,10,2025-10-01,2025-10,SUB,1260370.08,336501928.22
PRG-LYRA,Lyra Constellation Operations,GROUND_SEGMENT,NS40,2025,11,2025-11-01,2025-11,DEP,85001.96,336501928.22
PRG-LYRA,Lyra Constellation Operations,GROUND_SEGMENT,NS40,2025,11,2025-11-01,2025-11,MAT,824805.4,336501928.22
PRG-LYRA,Lyra Constellation Operations,GROUND_SEGMENT,NS40,2025,11,2025-11-01,2025-11,OTH,3884.44,336501928.22
PRG-LYRA,Lyra Constellation Operations,GROUND_SEGMENT,NS40,2025,11,2025-11-01,2025-11,OVH,95653.79,336501928.22
PRG-LYRA,Lyra Constellation Operations,GROUND_SEGMENT,NS40,2025,11,2025-11-01,2025-11,PER,89277.0,336501928.22
PRG-LYRA,Lyra Constellation Operations,GROUND_SEGMENT,NS40,2025,11,2025-11-01,2025-11,SUB,1244826.4,336501928.22
PRG-LYRA,Lyra Constellation Operations,GROUND_SEGMENT,NS40,2025,12,2025-12-01,2025-12,DEP,103470.97,336501928.22
PRG-LYRA,Lyra Constellation Operations,GROUND_SEGMENT,NS40,2025,12,2025-12-01,2025-12,MAT,933802.63,336501928.22
PRG-LYRA,Lyra Constellation Operations,GROUND_SEGMENT,NS40,2025,12,2025-12-01,2025-12,OTH,4831.46,336501928.22
PRG-LYRA,Lyra Constellation Operations,GROUND_SEGMENT,NS40,2025,12,2025-12-01,2025-12,OVH,121458.03,336501928.22
PRG-LYRA,Lyra Constellation Operations,GROUND_SEGMENT,NS40,2025,12,2025-12-01,2025-12,PER,148587.37,336501928.22
PRG-LYRA,Lyra Constellation Operations,GROUND_SEGMENT,NS40,2025,12,2025-12-01,2025-12,SUB,1485148.91,336501928.22
PRG-LYRA,Lyra Constellation Operations,GROUND_SEGMENT,NS40,2025,13,2025-12-01,2025-12,MAT,18680.88,336501928.22
PRG-LYRA,Lyra Constellation Operations,GROUND_SEGMENT,NS40,2025,13,2025-12-01,2025-12,OTH,10884.68,336501928.22
PRG-LYRA,Lyra Constellation Operations,GROUND_SEGMENT,NS40,2025,13,2025-12-01,2025-12,OVH,15590.37,336501928.22
PRG-LYRA,Lyra Constellation Operations,GROUND_SEGMENT,NS40,2025,13,2025-12-01,2025-12,PER,46018.28,336501928.22
PRG-LYRA,Lyra Constellation Operations,GROUND_SEGMENT,NS40,2025,13,2025-12-01,2025-12,SUB,117387.43,336501928.22
PRG-LYRA,Lyra Constellation Operations,GROUND_SEGMENT,NS40,2025,14,2025-12-01,2025-12,MAT,34815.89,336501928.22
PRG-LYRA,Lyra Constellation Operations,GROUND_SEGMENT,NS40,2025,14,2025-12-01,2025-12,OTH,8067.13,336501928.22
PRG-LYRA,Lyra Constellation Operations,GROUND_SEGMENT,NS40,2025,14,2025-12-01,2025-12,OVH,14604.79,336501928.22
PRG-LYRA,Lyra Constellation Operations,GROUND_SEGMENT,NS40,2025,14,2025-12-01,2025-12,PER,35613.26,336501928.22
PRG-LYRA,Lyra Constellation Operations,GROUND_SEGMENT,NS40,2025,14,2025-12-01,2025-12,SUB,168896.12,336501928.22
PRG-LYRA,Lyra Constellation Operations,GROUND_SEGMENT,NS40,2026,1,2026-01-01,2026-01,DEP,75018.79,336501928.22
PRG-LYRA,Lyra Constellation Operations,GROUND_SEGMENT,NS40,2026,1,2026-01-01,2026-01,MAT,1033454.02,336501928.22
PRG-LYRA,Lyra Constellation Operations,GROUND_SEGMENT,NS40,2026,1,2026-01-01,2026-01,OTH,7355.25,336501928.22
PRG-LYRA,Lyra Constellation Operations,GROUND_SEGMENT,NS40,2026,1,2026-01-01,2026-01,OVH,113302.26,336501928.22
PRG-LYRA,Lyra Constellation Operations,GROUND_SEGMENT,NS40,2026,1,2026-01-01,2026-01,PER,112422.85,336501928.22
PRG-LYRA,Lyra Constellation Operations,GROUND_SEGMENT,NS40,2026,1,2026-01-01,2026-01,SUB,1726635.91,336501928.22
PRG-LYRA,Lyra Constellation Operations,GROUND_SEGMENT,NS40,2026,2,2026-02-01,2026-02,DEP,99042.65,336501928.22
PRG-LYRA,Lyra Constellation Operations,GROUND_SEGMENT,NS40,2026,2,2026-02-01,2026-02,MAT,817320.33,336501928.22
PRG-LYRA,Lyra Constellation Operations,GROUND_SEGMENT,NS40,2026,2,2026-02-01,2026-02,OTH,12984.91,336501928.22
PRG-LYRA,Lyra Constellation Operations,GROUND_SEGMENT,NS40,2026,2,2026-02-01,2026-02,OVH,91273.63,336501928.22
PRG-LYRA,Lyra Constellation Operations,GROUND_SEGMENT,NS40,2026,2,2026-02-01,2026-02,PER,89915.3,336501928.22
PRG-LYRA,Lyra Constellation Operations,GROUND_SEGMENT,NS40,2026,2,2026-02-01,2026-02,SUB,1554449.03,336501928.22
PRG-LYRA,Lyra Constellation Operations,GROUND_SEGMENT,NS40,2026,3,2026-03-01,2026-03,DEP,64963.79,336501928.22
PRG-LYRA,Lyra Constellation Operations,GROUND_SEGMENT,NS40,2026,3,2026-03-01,2026-03,MAT,897347.58,336501928.22
PRG-LYRA,Lyra Constellation Operations,GROUND_SEGMENT,NS40,2026,3,2026-03-01,2026-03,OTH,13986.24,336501928.22
PRG-LYRA,Lyra Constellation Operations,GROUND_SEGMENT,NS40,2026,3,2026-03-01,2026-03,OVH,125179.86,336501928.22
PRG-LYRA,Lyra Constellation Operations,GROUND_SEGMENT,NS40,2026,3,2026-03-01,2026-03,PER,119971.86,336501928.22
PRG-LYRA,Lyra Constellation Operations,GROUND_SEGMENT,NS40,2026,3,2026-03-01,2026-03,SUB,1339578.33,336501928.22
PRG-LYRA,Lyra Constellation Operations,GROUND_SEGMENT,NS40,2026,4,2026-04-01,2026-04,DEP,93166.06,336501928.22
PRG-LYRA,Lyra Constellation Operations,GROUND_SEGMENT,NS40,2026,4,2026-04-01,2026-04,MAT,795153.49,336501928.22
PRG-LYRA,Lyra Constellation Operations,GROUND_SEGMENT,NS40,2026,4,2026-04-01,2026-04,OTH,11927.7,336501928.22
PRG-LYRA,Lyra Constellation Operations,GROUND_SEGMENT,NS40,2026,4,2026-04-01,2026-04,OVH,113475.68,336501928.22
PRG-LYRA,Lyra Constellation Operations,GROUND_SEGMENT,NS40,2026,4,2026-04-01,2026-04,PER,117278.42,336501928.22
PRG-LYRA,Lyra Constellation Operations,GROUND_SEGMENT,NS40,2026,4,2026-04-01,2026-04,SUB,1098301.05,336501928.22
PRG-LYRA,Lyra Constellation Operations,GROUND_SEGMENT,NS40,2026,5,2026-05-01,2026-05,DEP,102867.41,336501928.22
PRG-LYRA,Lyra Constellation Operations,GROUND_SEGMENT,NS40,2026,5,2026-05-01,2026-05,MAT,944492.35,336501928.22
PRG-LYRA,Lyra Constellation Operations,GROUND_SEGMENT,NS40,2026,5,2026-05-01,2026-05,OTH,14360.41,336501928.22
PRG-LYRA,Lyra Constellation Operations,GROUND_SEGMENT,NS40,2026,5,2026-05-01,2026-05,OVH,90064.18,336501928.22
PRG-LYRA,Lyra Constellation Operations,GROUND_SEGMENT,NS40,2026,5,2026-05-01,2026-05,PER,83556.97,336501928.22
PRG-LYRA,Lyra Constellation Operations,GROUND_SEGMENT,NS40,2026,5,2026-05-01,2026-05,SUB,1516774.09,336501928.22
PRG-LYRA,Lyra Constellation Operations,GROUND_SEGMENT,NS40,2026,6,2026-06-01,2026-06,DEP,90038.53,336501928.22
PRG-LYRA,Lyra Constellation Operations,GROUND_SEGMENT,NS40,2026,6,2026-06-01,2026-06,MAT,876688.92,336501928.22
PRG-LYRA,Lyra Constellation Operations,GROUND_SEGMENT,NS40,2026,6,2026-06-01,2026-06,OTH,4556.39,336501928.22
PRG-LYRA,Lyra Constellation Operations,GROUND_SEGMENT,NS40,2026,6,2026-06-01,2026-06,OVH,100892.61,336501928.22
PRG-LYRA,Lyra Constellation Operations,GROUND_SEGMENT,NS40,2026,6,2026-06-01,2026-06,PER,92679.69,336501928.22
PRG-LYRA,Lyra Constellation Operations,GROUND_SEGMENT,NS40,2026,6,2026-06-01,2026-06,SUB,1182878.34,336501928.22
PRG-MERIDIAN,Meridian Navigation Payload,SATELLITE,NS10,2023,7,2023-07-01,2023-07,DEP,39234.87,221525127.29
PRG-MERIDIAN,Meridian Navigation Payload,SATELLITE,NS10,2023,7,2023-07-01,2023-07,MAT,229132.27,221525127.29
PRG-MERIDIAN,Meridian Navigation Payload,SATELLITE,NS10,2023,7,2023-07-01,2023-07,OTH,3146.95,221525127.29
PRG-MERIDIAN,Meridian Navigation Payload,SATELLITE,NS10,2023,7,2023-07-01,2023-07,OVH,56021.01,221525127.29
PRG-MERIDIAN,Meridian Navigation Payload,SATELLITE,NS10,2023,7,2023-07-01,2023-07,PER,27577.34,221525127.29
PRG-MERIDIAN,Meridian Navigation Payload,SATELLITE,NS10,2023,7,2023-07-01,2023-07,SUB,389716.23,221525127.29
PRG-MERIDIAN,Meridian Navigation Payload,SATELLITE,NS10,2023,8,2023-08-01,2023-08,DEP,17775.74,221525127.29
PRG-MERIDIAN,Meridian Navigation Payload,SATELLITE,NS10,2023,8,2023-08-01,2023-08,MAT,205112.75,221525127.29
PRG-MERIDIAN,Meridian Navigation Payload,SATELLITE,NS10,2023,8,2023-08-01,2023-08,OTH,6953.73,221525127.29
PRG-MERIDIAN,Meridian Navigation Payload,SATELLITE,NS10,2023,8,2023-08-01,2023-08,OVH,52817.14,221525127.29
PRG-MERIDIAN,Meridian Navigation Payload,SATELLITE,NS10,2023,8,2023-08-01,2023-08,PER,18934.89,221525127.29
PRG-MERIDIAN,Meridian Navigation Payload,SATELLITE,NS10,2023,8,2023-08-01,2023-08,SUB,345617.91,221525127.29
PRG-MERIDIAN,Meridian Navigation Payload,SATELLITE,NS10,2023,9,2023-09-01,2023-09,DEP,23730.39,221525127.29
PRG-MERIDIAN,Meridian Navigation Payload,SATELLITE,NS10,2023,9,2023-09-01,2023-09,MAT,248272.85,221525127.29
PRG-MERIDIAN,Meridian Navigation Payload,SATELLITE,NS10,2023,9,2023-09-01,2023-09,OTH,-327.97,221525127.29
PRG-MERIDIAN,Meridian Navigation Payload,SATELLITE,NS10,2023,9,2023-09-01,2023-09,OVH,60227.89,221525127.29
PRG-MERIDIAN,Meridian Navigation Payload,SATELLITE,NS10,2023,9,2023-09-01,2023-09,PER,33074.84,221525127.29
PRG-MERIDIAN,Meridian Navigation Payload,SATELLITE,NS10,2023,9,2023-09-01,2023-09,SUB,235389.19,221525127.29
PRG-MERIDIAN,Meridian Navigation Payload,SATELLITE,NS10,2023,10,2023-10-01,2023-10,DEP,26267.23,221525127.29
PRG-MERIDIAN,Meridian Navigation Payload,SATELLITE,NS10,2023,10,2023-10-01,2023-10,MAT,289275.19,221525127.29
PRG-MERIDIAN,Meridian Navigation Payload,SATELLITE,NS10,2023,10,2023-10-01,2023-10,OTH,2260.87,221525127.29
PRG-MERIDIAN,Meridian Navigation Payload,SATELLITE,NS10,2023,10,2023-10-01,2023-10,OVH,44020.48,221525127.29
PRG-MERIDIAN,Meridian Navigation Payload,SATELLITE,NS10,2023,10,2023-10-01,2023-10,PER,19411.17,221525127.29
PRG-MERIDIAN,Meridian Navigation Payload,SATELLITE,NS10,2023,10,2023-10-01,2023-10,SUB,359891.61,221525127.29
PRG-MERIDIAN,Meridian Navigation Payload,SATELLITE,NS10,2023,11,2023-11-01,2023-11,DEP,10145.08,221525127.29
PRG-MERIDIAN,Meridian Navigation Payload,SATELLITE,NS10,2023,11,2023-11-01,2023-11,MAT,216144.25,221525127.29
PRG-MERIDIAN,Meridian Navigation Payload,SATELLITE,NS10,2023,11,2023-11-01,2023-11,OTH,4010.88,221525127.29
PRG-MERIDIAN,Meridian Navigation Payload,SATELLITE,NS10,2023,11,2023-11-01,2023-11,OVH,41964.2,221525127.29
PRG-MERIDIAN,Meridian Navigation Payload,SATELLITE,NS10,2023,11,2023-11-01,2023-11,PER,27136.88,221525127.29
PRG-MERIDIAN,Meridian Navigation Payload,SATELLITE,NS10,2023,11,2023-11-01,2023-11,SUB,248666.5,221525127.29
PRG-MERIDIAN,Meridian Navigation Payload,SATELLITE,NS10,2023,12,2023-12-01,2023-12,DEP,30712.73,221525127.29
PRG-MERIDIAN,Meridian Navigation Payload,SATELLITE,NS10,2023,12,2023-12-01,2023-12,MAT,191656.02,221525127.29
PRG-MERIDIAN,Meridian Navigation Payload,SATELLITE,NS10,2023,12,2023-12-01,2023-12,OTH,884.19,221525127.29
PRG-MERIDIAN,Meridian Navigation Payload,SATELLITE,NS10,2023,12,2023-12-01,2023-12,OVH,56800.03,221525127.29
PRG-MERIDIAN,Meridian Navigation Payload,SATELLITE,NS10,2023,12,2023-12-01,2023-12,PER,21354.96,221525127.29
PRG-MERIDIAN,Meridian Navigation Payload,SATELLITE,NS10,2023,12,2023-12-01,2023-12,SUB,413771.75,221525127.29
PRG-MERIDIAN,Meridian Navigation Payload,SATELLITE,NS10,2023,13,2023-12-01,2023-12,MAT,6670.62,221525127.29
PRG-MERIDIAN,Meridian Navigation Payload,SATELLITE,NS10,2023,13,2023-12-01,2023-12,OTH,8578.75,221525127.29
PRG-MERIDIAN,Meridian Navigation Payload,SATELLITE,NS10,2023,13,2023-12-01,2023-12,OVH,5883.09,221525127.29
PRG-MERIDIAN,Meridian Navigation Payload,SATELLITE,NS10,2023,13,2023-12-01,2023-12,PER,10045.89,221525127.29
PRG-MERIDIAN,Meridian Navigation Payload,SATELLITE,NS10,2023,13,2023-12-01,2023-12,SUB,4059.45,221525127.29
PRG-MERIDIAN,Meridian Navigation Payload,SATELLITE,NS10,2023,14,2023-12-01,2023-12,MAT,2540.46,221525127.29
PRG-MERIDIAN,Meridian Navigation Payload,SATELLITE,NS10,2023,14,2023-12-01,2023-12,OTH,529.09,221525127.29
PRG-MERIDIAN,Meridian Navigation Payload,SATELLITE,NS10,2023,14,2023-12-01,2023-12,OVH,6143.38,221525127.29
PRG-MERIDIAN,Meridian Navigation Payload,SATELLITE,NS10,2023,14,2023-12-01,2023-12,PER,6935.8,221525127.29
PRG-MERIDIAN,Meridian Navigation Payload,SATELLITE,NS10,2023,14,2023-12-01,2023-12,SUB,20356.98,221525127.29
PRG-MERIDIAN,Meridian Navigation Payload,SATELLITE,NS10,2024,1,2024-01-01,2024-01,DEP,14801.6,221525127.29
PRG-MERIDIAN,Meridian Navigation Payload,SATELLITE,NS10,2024,1,2024-01-01,2024-01,MAT,185330.0,221525127.29
PRG-MERIDIAN,Meridian Navigation Payload,SATELLITE,NS10,2024,1,2024-01-01,2024-01,OTH,1898.44,221525127.29
PRG-MERIDIAN,Meridian Navigation Payload,SATELLITE,NS10,2024,1,2024-01-01,2024-01,OVH,42780.18,221525127.29
PRG-MERIDIAN,Meridian Navigation Payload,SATELLITE,NS10,2024,1,2024-01-01,2024-01,PER,16795.94,221525127.29
PRG-MERIDIAN,Meridian Navigation Payload,SATELLITE,NS10,2024,1,2024-01-01,2024-01,SUB,363890.99,221525127.29
PRG-MERIDIAN,Meridian Navigation Payload,SATELLITE,NS10,2024,2,2024-02-01,2024-02,DEP,14347.36,221525127.29
PRG-MERIDIAN,Meridian Navigation Payload,SATELLITE,NS10,2024,2,2024-02-01,2024-02,MAT,236929.59,221525127.29
PRG-MERIDIAN,Meridian Navigation Payload,SATELLITE,NS10,2024,2,2024-02-01,2024-02,OTH,3937.2,221525127.29
PRG-MERIDIAN,Meridian Navigation Payload,SATELLITE,NS10,2024,2,2024-02-01,2024-02,OVH,53796.74,221525127.29
PRG-MERIDIAN,Meridian Navigation Payload,SATELLITE,NS10,2024,2,2024-02-01,2024-02,PER,29953.54,221525127.29
PRG-MERIDIAN,Meridian Navigation Payload,SATELLITE,NS10,2024,2,2024-02-01,2024-02,SUB,343133.6,221525127.29
PRG-MERIDIAN,Meridian Navigation Payload,SATELLITE,NS10,2024,3,2024-03-01,2024-03,DEP,13034.16,221525127.29
PRG-MERIDIAN,Meridian Navigation Payload,SATELLITE,NS10,2024,3,2024-03-01,2024-03,MAT,162256.98,221525127.29
PRG-MERIDIAN,Meridian Navigation Payload,SATELLITE,NS10,2024,3,2024-03-01,2024-03,OTH,652.3,221525127.29
PRG-MERIDIAN,Meridian Navigation Payload,SATELLITE,NS10,2024,3,2024-03-01,2024-03,OVH,42168.49,221525127.29
PRG-MERIDIAN,Meridian Navigation Payload,SATELLITE,NS10,2024,3,2024-03-01,2024-03,PER,19270.23,221525127.29
PRG-MERIDIAN,Meridian Navigation Payload,SATELLITE,NS10,2024,3,2024-03-01,2024-03,SUB,411730.3,221525127.29
PRG-MERIDIAN,Meridian Navigation Payload,SATELLITE,NS10,2024,4,2024-04-01,2024-04,DEP,27021.7,221525127.29
PRG-MERIDIAN,Meridian Navigation Payload,SATELLITE,NS10,2024,4,2024-04-01,2024-04,MAT,185817.09,221525127.29
PRG-MERIDIAN,Meridian Navigation Payload,SATELLITE,NS10,2024,4,2024-04-01,2024-04,OTH,2116.41,221525127.29
PRG-MERIDIAN,Meridian Navigation Payload,SATELLITE,NS10,2024,4,2024-04-01,2024-04,OVH,42464.26,221525127.29
PRG-MERIDIAN,Meridian Navigation Payload,SATELLITE,NS10,2024,4,2024-04-01,2024-04,PER,32194.02,221525127.29
PRG-MERIDIAN,Meridian Navigation Payload,SATELLITE,NS10,2024,4,2024-04-01,2024-04,SUB,272486.53,221525127.29
PRG-MERIDIAN,Meridian Navigation Payload,SATELLITE,NS10,2024,5,2024-05-01,2024-05,DEP,36461.46,221525127.29
PRG-MERIDIAN,Meridian Navigation Payload,SATELLITE,NS10,2024,5,2024-05-01,2024-05,MAT,189062.87,221525127.29
PRG-MERIDIAN,Meridian Navigation Payload,SATELLITE,NS10,2024,5,2024-05-01,2024-05,OTH,5769.21,221525127.29
PRG-MERIDIAN,Meridian Navigation Payload,SATELLITE,NS10,2024,5,2024-05-01,2024-05,OVH,37369.83,221525127.29
PRG-MERIDIAN,Meridian Navigation Payload,SATELLITE,NS10,2024,5,2024-05-01,2024-05,PER,30251.67,221525127.29
PRG-MERIDIAN,Meridian Navigation Payload,SATELLITE,NS10,2024,5,2024-05-01,2024-05,SUB,324219.21,221525127.29
PRG-MERIDIAN,Meridian Navigation Payload,SATELLITE,NS10,2024,6,2024-06-01,2024-06,DEP,8009.68,221525127.29
PRG-MERIDIAN,Meridian Navigation Payload,SATELLITE,NS10,2024,6,2024-06-01,2024-06,MAT,175523.2,221525127.29
PRG-MERIDIAN,Meridian Navigation Payload,SATELLITE,NS10,2024,6,2024-06-01,2024-06,OTH,2749.37,221525127.29
PRG-MERIDIAN,Meridian Navigation Payload,SATELLITE,NS10,2024,6,2024-06-01,2024-06,OVH,45851.02,221525127.29
PRG-MERIDIAN,Meridian Navigation Payload,SATELLITE,NS10,2024,6,2024-06-01,2024-06,PER,17657.51,221525127.29
PRG-MERIDIAN,Meridian Navigation Payload,SATELLITE,NS10,2024,6,2024-06-01,2024-06,SUB,310191.61,221525127.29
PRG-MERIDIAN,Meridian Navigation Payload,SATELLITE,NS10,2024,7,2024-07-01,2024-07,DEP,30655.49,221525127.29
PRG-MERIDIAN,Meridian Navigation Payload,SATELLITE,NS10,2024,7,2024-07-01,2024-07,MAT,187688.68,221525127.29
PRG-MERIDIAN,Meridian Navigation Payload,SATELLITE,NS10,2024,7,2024-07-01,2024-07,OTH,3676.35,221525127.29
PRG-MERIDIAN,Meridian Navigation Payload,SATELLITE,NS10,2024,7,2024-07-01,2024-07,OVH,45156.03,221525127.29
PRG-MERIDIAN,Meridian Navigation Payload,SATELLITE,NS10,2024,7,2024-07-01,2024-07,PER,32923.28,221525127.29
PRG-MERIDIAN,Meridian Navigation Payload,SATELLITE,NS10,2024,7,2024-07-01,2024-07,SUB,359152.17,221525127.29
PRG-MERIDIAN,Meridian Navigation Payload,SATELLITE,NS10,2024,8,2024-08-01,2024-08,DEP,20360.1,221525127.29
PRG-MERIDIAN,Meridian Navigation Payload,SATELLITE,NS10,2024,8,2024-08-01,2024-08,MAT,257603.56,221525127.29
PRG-MERIDIAN,Meridian Navigation Payload,SATELLITE,NS10,2024,8,2024-08-01,2024-08,OTH,2036.44,221525127.29
PRG-MERIDIAN,Meridian Navigation Payload,SATELLITE,NS10,2024,8,2024-08-01,2024-08,OVH,62997.51,221525127.29
PRG-MERIDIAN,Meridian Navigation Payload,SATELLITE,NS10,2024,8,2024-08-01,2024-08,PER,27233.58,221525127.29
PRG-MERIDIAN,Meridian Navigation Payload,SATELLITE,NS10,2024,8,2024-08-01,2024-08,SUB,370343.03,221525127.29
PRG-MERIDIAN,Meridian Navigation Payload,SATELLITE,NS10,2024,9,2024-09-01,2024-09,DEP,31614.52,221525127.29
PRG-MERIDIAN,Meridian Navigation Payload,SATELLITE,NS10,2024,9,2024-09-01,2024-09,MAT,230451.01,221525127.29
PRG-MERIDIAN,Meridian Navigation Payload,SATELLITE,NS10,2024,9,2024-09-01,2024-09,OTH,6125.96,221525127.29
PRG-MERIDIAN,Meridian Navigation Payload,SATELLITE,NS10,2024,9,2024-09-01,2024-09,OVH,29818.33,221525127.29
PRG-MERIDIAN,Meridian Navigation Payload,SATELLITE,NS10,2024,9,2024-09-01,2024-09,PER,34150.48,221525127.29
PRG-MERIDIAN,Meridian Navigation Payload,SATELLITE,NS10,2024,9,2024-09-01,2024-09,SUB,316104.08,221525127.29
PRG-MERIDIAN,Meridian Navigation Payload,SATELLITE,NS10,2024,10,2024-10-01,2024-10,DEP,16845.55,221525127.29
PRG-MERIDIAN,Meridian Navigation Payload,SATELLITE,NS10,2024,10,2024-10-01,2024-10,MAT,205018.5,221525127.29
PRG-MERIDIAN,Meridian Navigation Payload,SATELLITE,NS10,2024,10,2024-10-01,2024-10,OTH,2767.52,221525127.29
PRG-MERIDIAN,Meridian Navigation Payload,SATELLITE,NS10,2024,10,2024-10-01,2024-10,OVH,46381.31,221525127.29
PRG-MERIDIAN,Meridian Navigation Payload,SATELLITE,NS10,2024,10,2024-10-01,2024-10,PER,37882.25,221525127.29
PRG-MERIDIAN,Meridian Navigation Payload,SATELLITE,NS10,2024,10,2024-10-01,2024-10,SUB,394858.16,221525127.29
PRG-MERIDIAN,Meridian Navigation Payload,SATELLITE,NS10,2024,11,2024-11-01,2024-11,DEP,20223.89,221525127.29
PRG-MERIDIAN,Meridian Navigation Payload,SATELLITE,NS10,2024,11,2024-11-01,2024-11,MAT,255063.84,221525127.29
PRG-MERIDIAN,Meridian Navigation Payload,SATELLITE,NS10,2024,11,2024-11-01,2024-11,OTH,11010.24,221525127.29
PRG-MERIDIAN,Meridian Navigation Payload,SATELLITE,NS10,2024,11,2024-11-01,2024-11,OVH,45785.2,221525127.29
PRG-MERIDIAN,Meridian Navigation Payload,SATELLITE,NS10,2024,11,2024-11-01,2024-11,PER,20410.76,221525127.29
PRG-MERIDIAN,Meridian Navigation Payload,SATELLITE,NS10,2024,11,2024-11-01,2024-11,SUB,333464.16,221525127.29
PRG-MERIDIAN,Meridian Navigation Payload,SATELLITE,NS10,2024,12,2024-12-01,2024-12,DEP,16798.75,221525127.29
PRG-MERIDIAN,Meridian Navigation Payload,SATELLITE,NS10,2024,12,2024-12-01,2024-12,MAT,195258.0,221525127.29
PRG-MERIDIAN,Meridian Navigation Payload,SATELLITE,NS10,2024,12,2024-12-01,2024-12,OTH,1794.99,221525127.29
PRG-MERIDIAN,Meridian Navigation Payload,SATELLITE,NS10,2024,12,2024-12-01,2024-12,OVH,45326.25,221525127.29
PRG-MERIDIAN,Meridian Navigation Payload,SATELLITE,NS10,2024,12,2024-12-01,2024-12,PER,35221.63,221525127.29
PRG-MERIDIAN,Meridian Navigation Payload,SATELLITE,NS10,2024,12,2024-12-01,2024-12,SUB,329783.05,221525127.29
PRG-MERIDIAN,Meridian Navigation Payload,SATELLITE,NS10,2024,13,2024-12-01,2024-12,OTH,1497.95,221525127.29
PRG-MERIDIAN,Meridian Navigation Payload,SATELLITE,NS10,2024,13,2024-12-01,2024-12,OVH,1319.34,221525127.29
PRG-MERIDIAN,Meridian Navigation Payload,SATELLITE,NS10,2024,13,2024-12-01,2024-12,PER,11326.19,221525127.29
PRG-MERIDIAN,Meridian Navigation Payload,SATELLITE,NS10,2024,13,2024-12-01,2024-12,SUB,42145.9,221525127.29
PRG-MERIDIAN,Meridian Navigation Payload,SATELLITE,NS10,2024,14,2024-12-01,2024-12,MAT,942.76,221525127.29
PRG-MERIDIAN,Meridian Navigation Payload,SATELLITE,NS10,2024,14,2024-12-01,2024-12,OTH,3159.41,221525127.29
PRG-MERIDIAN,Meridian Navigation Payload,SATELLITE,NS10,2024,14,2024-12-01,2024-12,OVH,3968.58,221525127.29
PRG-MERIDIAN,Meridian Navigation Payload,SATELLITE,NS10,2024,14,2024-12-01,2024-12,PER,1068.73,221525127.29
PRG-MERIDIAN,Meridian Navigation Payload,SATELLITE,NS10,2024,14,2024-12-01,2024-12,SUB,28396.44,221525127.29
PRG-MERIDIAN,Meridian Navigation Payload,SATELLITE,NS10,2025,1,2025-01-01,2025-01,DEP,33748.83,221525127.29
PRG-MERIDIAN,Meridian Navigation Payload,SATELLITE,NS10,2025,1,2025-01-01,2025-01,MAT,240800.39,221525127.29
PRG-MERIDIAN,Meridian Navigation Payload,SATELLITE,NS10,2025,1,2025-01-01,2025-01,OTH,2120.16,221525127.29
PRG-MERIDIAN,Meridian Navigation Payload,SATELLITE,NS10,2025,1,2025-01-01,2025-01,OVH,53163.18,221525127.29
PRG-MERIDIAN,Meridian Navigation Payload,SATELLITE,NS10,2025,1,2025-01-01,2025-01,PER,41312.2,221525127.29
PRG-MERIDIAN,Meridian Navigation Payload,SATELLITE,NS10,2025,1,2025-01-01,2025-01,SUB,405001.39,221525127.29
PRG-MERIDIAN,Meridian Navigation Payload,SATELLITE,NS10,2025,2,2025-02-01,2025-02,DEP,24092.71,221525127.29
PRG-MERIDIAN,Meridian Navigation Payload,SATELLITE,NS10,2025,2,2025-02-01,2025-02,MAT,230029.71,221525127.29
PRG-MERIDIAN,Meridian Navigation Payload,SATELLITE,NS10,2025,2,2025-02-01,2025-02,OTH,4072.75,221525127.29
PRG-MERIDIAN,Meridian Navigation Payload,SATELLITE,NS10,2025,2,2025-02-01,2025-02,OVH,60343.97,221525127.29
PRG-MERIDIAN,Meridian Navigation Payload,SATELLITE,NS10,2025,2,2025-02-01,2025-02,PER,27891.14,221525127.29
PRG-MERIDIAN,Meridian Navigation Payload,SATELLITE,NS10,2025,2,2025-02-01,2025-02,SUB,315240.9,221525127.29
PRG-MERIDIAN,Meridian Navigation Payload,SATELLITE,NS10,2025,3,2025-03-01,2025-03,DEP,25680.68,221525127.29
PRG-MERIDIAN,Meridian Navigation Payload,SATELLITE,NS10,2025,3,2025-03-01,2025-03,MAT,230152.26,221525127.29
PRG-MERIDIAN,Meridian Navigation Payload,SATELLITE,NS10,2025,3,2025-03-01,2025-03,OTH,2973.72,221525127.29
PRG-MERIDIAN,Meridian Navigation Payload,SATELLITE,NS10,2025,3,2025-03-01,2025-03,OVH,44423.78,221525127.29
PRG-MERIDIAN,Meridian Navigation Payload,SATELLITE,NS10,2025,3,2025-03-01,2025-03,PER,26900.06,221525127.29
PRG-MERIDIAN,Meridian Navigation Payload,SATELLITE,NS10,2025,3,2025-03-01,2025-03,SUB,315063.1,221525127.29
PRG-MERIDIAN,Meridian Navigation Payload,SATELLITE,NS10,2025,4,2025-04-01,2025-04,DEP,30836.25,221525127.29
PRG-MERIDIAN,Meridian Navigation Payload,SATELLITE,NS10,2025,4,2025-04-01,2025-04,MAT,236573.91,221525127.29
PRG-MERIDIAN,Meridian Navigation Payload,SATELLITE,NS10,2025,4,2025-04-01,2025-04,OTH,3895.16,221525127.29
PRG-MERIDIAN,Meridian Navigation Payload,SATELLITE,NS10,2025,4,2025-04-01,2025-04,OVH,63545.36,221525127.29
PRG-MERIDIAN,Meridian Navigation Payload,SATELLITE,NS10,2025,4,2025-04-01,2025-04,PER,27013.14,221525127.29
PRG-MERIDIAN,Meridian Navigation Payload,SATELLITE,NS10,2025,4,2025-04-01,2025-04,SUB,488492.66,221525127.29
PRG-MERIDIAN,Meridian Navigation Payload,SATELLITE,NS10,2025,5,2025-05-01,2025-05,DEP,28494.03,221525127.29
PRG-MERIDIAN,Meridian Navigation Payload,SATELLITE,NS10,2025,5,2025-05-01,2025-05,MAT,185838.53,221525127.29
PRG-MERIDIAN,Meridian Navigation Payload,SATELLITE,NS10,2025,5,2025-05-01,2025-05,OTH,2465.42,221525127.29
PRG-MERIDIAN,Meridian Navigation Payload,SATELLITE,NS10,2025,5,2025-05-01,2025-05,OVH,39251.51,221525127.29
PRG-MERIDIAN,Meridian Navigation Payload,SATELLITE,NS10,2025,5,2025-05-01,2025-05,PER,17215.18,221525127.29
PRG-MERIDIAN,Meridian Navigation Payload,SATELLITE,NS10,2025,5,2025-05-01,2025-05,SUB,416558.54,221525127.29
PRG-MERIDIAN,Meridian Navigation Payload,SATELLITE,NS10,2025,6,2025-06-01,2025-06,DEP,6622.03,221525127.29
PRG-MERIDIAN,Meridian Navigation Payload,SATELLITE,NS10,2025,6,2025-06-01,2025-06,MAT,256403.87,221525127.29
PRG-MERIDIAN,Meridian Navigation Payload,SATELLITE,NS10,2025,6,2025-06-01,2025-06,OTH,4920.37,221525127.29
PRG-MERIDIAN,Meridian Navigation Payload,SATELLITE,NS10,2025,6,2025-06-01,2025-06,OVH,53106.69,221525127.29
PRG-MERIDIAN,Meridian Navigation Payload,SATELLITE,NS10,2025,6,2025-06-01,2025-06,PER,45332.76,221525127.29
PRG-MERIDIAN,Meridian Navigation Payload,SATELLITE,NS10,2025,6,2025-06-01,2025-06,SUB,522197.05,221525127.29
PRG-MERIDIAN,Meridian Navigation Payload,SATELLITE,NS10,2025,7,2025-07-01,2025-07,DEP,23120.68,221525127.29
PRG-MERIDIAN,Meridian Navigation Payload,SATELLITE,NS10,2025,7,2025-07-01,2025-07,MAT,190241.36,221525127.29
PRG-MERIDIAN,Meridian Navigation Payload,SATELLITE,NS10,2025,7,2025-07-01,2025-07,OTH,1059.03,221525127.29
PRG-MERIDIAN,Meridian Navigation Payload,SATELLITE,NS10,2025,7,2025-07-01,2025-07,OVH,54702.95,221525127.29
PRG-MERIDIAN,Meridian Navigation Payload,SATELLITE,NS10,2025,7,2025-07-01,2025-07,PER,14669.48,221525127.29
PRG-MERIDIAN,Meridian Navigation Payload,SATELLITE,NS10,2025,7,2025-07-01,2025-07,SUB,450172.96,221525127.29
PRG-MERIDIAN,Meridian Navigation Payload,SATELLITE,NS10,2025,8,2025-08-01,2025-08,DEP,26754.3,221525127.29
PRG-MERIDIAN,Meridian Navigation Payload,SATELLITE,NS10,2025,8,2025-08-01,2025-08,MAT,225452.9,221525127.29
PRG-MERIDIAN,Meridian Navigation Payload,SATELLITE,NS10,2025,8,2025-08-01,2025-08,OTH,7147.38,221525127.29
PRG-MERIDIAN,Meridian Navigation Payload,SATELLITE,NS10,2025,8,2025-08-01,2025-08,OVH,48434.94,221525127.29
PRG-MERIDIAN,Meridian Navigation Payload,SATELLITE,NS10,2025,8,2025-08-01,2025-08,PER,37829.81,221525127.29
PRG-MERIDIAN,Meridian Navigation Payload,SATELLITE,NS10,2025,8,2025-08-01,2025-08,SUB,463504.65,221525127.29
PRG-MERIDIAN,Meridian Navigation Payload,SATELLITE,NS10,2025,9,2025-09-01,2025-09,DEP,42373.16,221525127.29
PRG-MERIDIAN,Meridian Navigation Payload,SATELLITE,NS10,2025,9,2025-09-01,2025-09,MAT,230896.6,221525127.29
PRG-MERIDIAN,Meridian Navigation Payload,SATELLITE,NS10,2025,9,2025-09-01,2025-09,OTH,3647.69,221525127.29
PRG-MERIDIAN,Meridian Navigation Payload,SATELLITE,NS10,2025,9,2025-09-01,2025-09,OVH,51883.1,221525127.29
PRG-MERIDIAN,Meridian Navigation Payload,SATELLITE,NS10,2025,9,2025-09-01,2025-09,PER,17610.31,221525127.29
PRG-MERIDIAN,Meridian Navigation Payload,SATELLITE,NS10,2025,9,2025-09-01,2025-09,SUB,285608.6,221525127.29
PRG-MERIDIAN,Meridian Navigation Payload,SATELLITE,NS10,2025,10,2025-10-01,2025-10,DEP,11481.01,221525127.29
PRG-MERIDIAN,Meridian Navigation Payload,SATELLITE,NS10,2025,10,2025-10-01,2025-10,MAT,215140.93,221525127.29
PRG-MERIDIAN,Meridian Navigation Payload,SATELLITE,NS10,2025,10,2025-10-01,2025-10,OTH,-2781.16,221525127.29
PRG-MERIDIAN,Meridian Navigation Payload,SATELLITE,NS10,2025,10,2025-10-01,2025-10,OVH,62659.66,221525127.29
PRG-MERIDIAN,Meridian Navigation Payload,SATELLITE,NS10,2025,10,2025-10-01,2025-10,PER,29865.87,221525127.29
PRG-MERIDIAN,Meridian Navigation Payload,SATELLITE,NS10,2025,10,2025-10-01,2025-10,SUB,445716.21,221525127.29
PRG-MERIDIAN,Meridian Navigation Payload,SATELLITE,NS10,2025,11,2025-11-01,2025-11,DEP,18674.2,221525127.29
PRG-MERIDIAN,Meridian Navigation Payload,SATELLITE,NS10,2025,11,2025-11-01,2025-11,MAT,209421.61,221525127.29
PRG-MERIDIAN,Meridian Navigation Payload,SATELLITE,NS10,2025,11,2025-11-01,2025-11,OTH,4742.73,221525127.29
PRG-MERIDIAN,Meridian Navigation Payload,SATELLITE,NS10,2025,11,2025-11-01,2025-11,OVH,57017.93,221525127.29
PRG-MERIDIAN,Meridian Navigation Payload,SATELLITE,NS10,2025,11,2025-11-01,2025-11,PER,28622.45,221525127.29
PRG-MERIDIAN,Meridian Navigation Payload,SATELLITE,NS10,2025,11,2025-11-01,2025-11,SUB,384508.34,221525127.29
PRG-MERIDIAN,Meridian Navigation Payload,SATELLITE,NS10,2025,12,2025-12-01,2025-12,DEP,24670.74,221525127.29
PRG-MERIDIAN,Meridian Navigation Payload,SATELLITE,NS10,2025,12,2025-12-01,2025-12,MAT,258039.38,221525127.29
PRG-MERIDIAN,Meridian Navigation Payload,SATELLITE,NS10,2025,12,2025-12-01,2025-12,OTH,4045.42,221525127.29
PRG-MERIDIAN,Meridian Navigation Payload,SATELLITE,NS10,2025,12,2025-12-01,2025-12,OVH,33122.67,221525127.29
PRG-MERIDIAN,Meridian Navigation Payload,SATELLITE,NS10,2025,12,2025-12-01,2025-12,PER,23128.37,221525127.29
PRG-MERIDIAN,Meridian Navigation Payload,SATELLITE,NS10,2025,12,2025-12-01,2025-12,SUB,251985.06,221525127.29
PRG-MERIDIAN,Meridian Navigation Payload,SATELLITE,NS10,2025,13,2025-12-01,2025-12,MAT,10558.42,221525127.29
PRG-MERIDIAN,Meridian Navigation Payload,SATELLITE,NS10,2025,13,2025-12-01,2025-12,OTH,1906.11,221525127.29
PRG-MERIDIAN,Meridian Navigation Payload,SATELLITE,NS10,2025,13,2025-12-01,2025-12,OVH,4443.29,221525127.29
PRG-MERIDIAN,Meridian Navigation Payload,SATELLITE,NS10,2025,13,2025-12-01,2025-12,PER,5425.28,221525127.29
PRG-MERIDIAN,Meridian Navigation Payload,SATELLITE,NS10,2025,13,2025-12-01,2025-12,SUB,6207.47,221525127.29
PRG-MERIDIAN,Meridian Navigation Payload,SATELLITE,NS10,2025,14,2025-12-01,2025-12,MAT,16950.05,221525127.29
PRG-MERIDIAN,Meridian Navigation Payload,SATELLITE,NS10,2025,14,2025-12-01,2025-12,OTH,2206.44,221525127.29
PRG-MERIDIAN,Meridian Navigation Payload,SATELLITE,NS10,2025,14,2025-12-01,2025-12,OVH,3889.93,221525127.29
PRG-MERIDIAN,Meridian Navigation Payload,SATELLITE,NS10,2025,14,2025-12-01,2025-12,PER,2654.26,221525127.29
PRG-MERIDIAN,Meridian Navigation Payload,SATELLITE,NS10,2025,14,2025-12-01,2025-12,SUB,5786.57,221525127.29
PRG-MERIDIAN,Meridian Navigation Payload,SATELLITE,NS10,2026,1,2026-01-01,2026-01,DEP,29958.18,221525127.29
PRG-MERIDIAN,Meridian Navigation Payload,SATELLITE,NS10,2026,1,2026-01-01,2026-01,MAT,273997.72,221525127.29
PRG-MERIDIAN,Meridian Navigation Payload,SATELLITE,NS10,2026,1,2026-01-01,2026-01,OTH,5154.23,221525127.29
PRG-MERIDIAN,Meridian Navigation Payload,SATELLITE,NS10,2026,1,2026-01-01,2026-01,OVH,66520.68,221525127.29
PRG-MERIDIAN,Meridian Navigation Payload,SATELLITE,NS10,2026,1,2026-01-01,2026-01,PER,23525.69,221525127.29
PRG-MERIDIAN,Meridian Navigation Payload,SATELLITE,NS10,2026,1,2026-01-01,2026-01,SUB,471245.24,221525127.29
PRG-MERIDIAN,Meridian Navigation Payload,SATELLITE,NS10,2026,2,2026-02-01,2026-02,DEP,15120.38,221525127.29
PRG-MERIDIAN,Meridian Navigation Payload,SATELLITE,NS10,2026,2,2026-02-01,2026-02,MAT,193515.01,221525127.29
PRG-MERIDIAN,Meridian Navigation Payload,SATELLITE,NS10,2026,2,2026-02-01,2026-02,OTH,1893.98,221525127.29
PRG-MERIDIAN,Meridian Navigation Payload,SATELLITE,NS10,2026,2,2026-02-01,2026-02,OVH,40193.07,221525127.29
PRG-MERIDIAN,Meridian Navigation Payload,SATELLITE,NS10,2026,2,2026-02-01,2026-02,PER,31055.0,221525127.29
PRG-MERIDIAN,Meridian Navigation Payload,SATELLITE,NS10,2026,2,2026-02-01,2026-02,SUB,284925.6,221525127.29
PRG-MERIDIAN,Meridian Navigation Payload,SATELLITE,NS10,2026,3,2026-03-01,2026-03,DEP,23294.95,221525127.29
PRG-MERIDIAN,Meridian Navigation Payload,SATELLITE,NS10,2026,3,2026-03-01,2026-03,MAT,266650.68,221525127.29
PRG-MERIDIAN,Meridian Navigation Payload,SATELLITE,NS10,2026,3,2026-03-01,2026-03,OTH,4509.94,221525127.29
PRG-MERIDIAN,Meridian Navigation Payload,SATELLITE,NS10,2026,3,2026-03-01,2026-03,OVH,52731.87,221525127.29
PRG-MERIDIAN,Meridian Navigation Payload,SATELLITE,NS10,2026,3,2026-03-01,2026-03,PER,23505.34,221525127.29
PRG-MERIDIAN,Meridian Navigation Payload,SATELLITE,NS10,2026,3,2026-03-01,2026-03,SUB,252598.75,221525127.29
PRG-MERIDIAN,Meridian Navigation Payload,SATELLITE,NS10,2026,4,2026-04-01,2026-04,DEP,21135.52,221525127.29
PRG-MERIDIAN,Meridian Navigation Payload,SATELLITE,NS10,2026,4,2026-04-01,2026-04,MAT,193422.62,221525127.29
PRG-MERIDIAN,Meridian Navigation Payload,SATELLITE,NS10,2026,4,2026-04-01,2026-04,OTH,1400.76,221525127.29
PRG-MERIDIAN,Meridian Navigation Payload,SATELLITE,NS10,2026,4,2026-04-01,2026-04,OVH,47414.1,221525127.29
PRG-MERIDIAN,Meridian Navigation Payload,SATELLITE,NS10,2026,4,2026-04-01,2026-04,PER,22441.68,221525127.29
PRG-MERIDIAN,Meridian Navigation Payload,SATELLITE,NS10,2026,4,2026-04-01,2026-04,SUB,415953.9,221525127.29
PRG-MERIDIAN,Meridian Navigation Payload,SATELLITE,NS10,2026,5,2026-05-01,2026-05,DEP,10469.98,221525127.29
PRG-MERIDIAN,Meridian Navigation Payload,SATELLITE,NS10,2026,5,2026-05-01,2026-05,MAT,264834.97,221525127.29
PRG-MERIDIAN,Meridian Navigation Payload,SATELLITE,NS10,2026,5,2026-05-01,2026-05,OTH,2313.01,221525127.29
PRG-MERIDIAN,Meridian Navigation Payload,SATELLITE,NS10,2026,5,2026-05-01,2026-05,OVH,50168.38,221525127.29
PRG-MERIDIAN,Meridian Navigation Payload,SATELLITE,NS10,2026,5,2026-05-01,2026-05,PER,40049.76,221525127.29
PRG-MERIDIAN,Meridian Navigation Payload,SATELLITE,NS10,2026,5,2026-05-01,2026-05,SUB,469926.24,221525127.29
PRG-MERIDIAN,Meridian Navigation Payload,SATELLITE,NS10,2026,6,2026-06-01,2026-06,DEP,21556.17,221525127.29
PRG-MERIDIAN,Meridian Navigation Payload,SATELLITE,NS10,2026,6,2026-06-01,2026-06,MAT,210051.06,221525127.29
PRG-MERIDIAN,Meridian Navigation Payload,SATELLITE,NS10,2026,6,2026-06-01,2026-06,OTH,283.73,221525127.29
PRG-MERIDIAN,Meridian Navigation Payload,SATELLITE,NS10,2026,6,2026-06-01,2026-06,OVH,49619.92,221525127.29
PRG-MERIDIAN,Meridian Navigation Payload,SATELLITE,NS10,2026,6,2026-06-01,2026-06,PER,22816.97,221525127.29
PRG-MERIDIAN,Meridian Navigation Payload,SATELLITE,NS10,2026,6,2026-06-01,2026-06,SUB,336621.03,221525127.29
PRG-MERIDIAN,Meridian Navigation Payload,SATELLITE,NS20,2023,7,2023-07-01,2023-07,DEP,59431.99,221525127.29
PRG-MERIDIAN,Meridian Navigation Payload,SATELLITE,NS20,2023,7,2023-07-01,2023-07,MAT,588725.39,221525127.29
PRG-MERIDIAN,Meridian Navigation Payload,SATELLITE,NS20,2023,7,2023-07-01,2023-07,OTH,12646.3,221525127.29
PRG-MERIDIAN,Meridian Navigation Payload,SATELLITE,NS20,2023,7,2023-07-01,2023-07,OVH,94956.07,221525127.29
PRG-MERIDIAN,Meridian Navigation Payload,SATELLITE,NS20,2023,7,2023-07-01,2023-07,PER,81520.18,221525127.29
PRG-MERIDIAN,Meridian Navigation Payload,SATELLITE,NS20,2023,7,2023-07-01,2023-07,SUB,1094442.58,221525127.29
PRG-MERIDIAN,Meridian Navigation Payload,SATELLITE,NS20,2023,8,2023-08-01,2023-08,DEP,80474.2,221525127.29
PRG-MERIDIAN,Meridian Navigation Payload,SATELLITE,NS20,2023,8,2023-08-01,2023-08,MAT,690608.34,221525127.29
PRG-MERIDIAN,Meridian Navigation Payload,SATELLITE,NS20,2023,8,2023-08-01,2023-08,OTH,3316.91,221525127.29
PRG-MERIDIAN,Meridian Navigation Payload,SATELLITE,NS20,2023,8,2023-08-01,2023-08,OVH,125080.33,221525127.29
PRG-MERIDIAN,Meridian Navigation Payload,SATELLITE,NS20,2023,8,2023-08-01,2023-08,PER,79529.31,221525127.29
PRG-MERIDIAN,Meridian Navigation Payload,SATELLITE,NS20,2023,8,2023-08-01,2023-08,SUB,1277690.87,221525127.29
PRG-MERIDIAN,Meridian Navigation Payload,SATELLITE,NS20,2023,9,2023-09-01,2023-09,DEP,94052.28,221525127.29
PRG-MERIDIAN,Meridian Navigation Payload,SATELLITE,NS20,2023,9,2023-09-01,2023-09,MAT,687375.56,221525127.29
PRG-MERIDIAN,Meridian Navigation Payload,SATELLITE,NS20,2023,9,2023-09-01,2023-09,OTH,9716.18,221525127.29
PRG-MERIDIAN,Meridian Navigation Payload,SATELLITE,NS20,2023,9,2023-09-01,2023-09,OVH,127849.79,221525127.29
PRG-MERIDIAN,Meridian Navigation Payload,SATELLITE,NS20,2023,9,2023-09-01,2023-09,PER,105683.68,221525127.29
PRG-MERIDIAN,Meridian Navigation Payload,SATELLITE,NS20,2023,9,2023-09-01,2023-09,SUB,1298847.33,221525127.29
PRG-MERIDIAN,Meridian Navigation Payload,SATELLITE,NS20,2023,10,2023-10-01,2023-10,DEP,59581.45,221525127.29
PRG-MERIDIAN,Meridian Navigation Payload,SATELLITE,NS20,2023,10,2023-10-01,2023-10,MAT,640635.63,221525127.29
PRG-MERIDIAN,Meridian Navigation Payload,SATELLITE,NS20,2023,10,2023-10-01,2023-10,OTH,10616.8,221525127.29
PRG-MERIDIAN,Meridian Navigation Payload,SATELLITE,NS20,2023,10,2023-10-01,2023-10,OVH,109798.9,221525127.29
PRG-MERIDIAN,Meridian Navigation Payload,SATELLITE,NS20,2023,10,2023-10-01,2023-10,PER,84818.0,221525127.29
PRG-MERIDIAN,Meridian Navigation Payload,SATELLITE,NS20,2023,10,2023-10-01,2023-10,SUB,1026295.22,221525127.29
PRG-MERIDIAN,Meridian Navigation Payload,SATELLITE,NS20,2023,11,2023-11-01,2023-11,DEP,74619.97,221525127.29
PRG-MERIDIAN,Meridian Navigation Payload,SATELLITE,NS20,2023,11,2023-11-01,2023-11,MAT,766576.41,221525127.29
PRG-MERIDIAN,Meridian Navigation Payload,SATELLITE,NS20,2023,11,2023-11-01,2023-11,OTH,5343.94,221525127.29
PRG-MERIDIAN,Meridian Navigation Payload,SATELLITE,NS20,2023,11,2023-11-01,2023-11,OVH,99622.88,221525127.29
PRG-MERIDIAN,Meridian Navigation Payload,SATELLITE,NS20,2023,11,2023-11-01,2023-11,PER,96141.77,221525127.29
PRG-MERIDIAN,Meridian Navigation Payload,SATELLITE,NS20,2023,11,2023-11-01,2023-11,SUB,1281981.36,221525127.29
PRG-MERIDIAN,Meridian Navigation Payload,SATELLITE,NS20,2023,12,2023-12-01,2023-12,DEP,84169.74,221525127.29
PRG-MERIDIAN,Meridian Navigation Payload,SATELLITE,NS20,2023,12,2023-12-01,2023-12,MAT,709819.43,221525127.29
PRG-MERIDIAN,Meridian Navigation Payload,SATELLITE,NS20,2023,12,2023-12-01,2023-12,OTH,16247.89,221525127.29
PRG-MERIDIAN,Meridian Navigation Payload,SATELLITE,NS20,2023,12,2023-12-01,2023-12,OVH,130500.52,221525127.29
PRG-MERIDIAN,Meridian Navigation Payload,SATELLITE,NS20,2023,12,2023-12-01,2023-12,PER,124035.94,221525127.29
PRG-MERIDIAN,Meridian Navigation Payload,SATELLITE,NS20,2023,12,2023-12-01,2023-12,SUB,1023446.89,221525127.29
PRG-MERIDIAN,Meridian Navigation Payload,SATELLITE,NS20,2023,13,2023-12-01,2023-12,MAT,5456.49,221525127.29
PRG-MERIDIAN,Meridian Navigation Payload,SATELLITE,NS20,2023,13,2023-12-01,2023-12,OTH,15866.73,221525127.29
PRG-MERIDIAN,Meridian Navigation Payload,SATELLITE,NS20,2023,13,2023-12-01,2023-12,OVH,9919.13,221525127.29
PRG-MERIDIAN,Meridian Navigation Payload,SATELLITE,NS20,2023,13,2023-12-01,2023-12,PER,21017.38,221525127.29
PRG-MERIDIAN,Meridian Navigation Payload,SATELLITE,NS20,2023,13,2023-12-01,2023-12,SUB,69193.07,221525127.29
PRG-MERIDIAN,Meridian Navigation Payload,SATELLITE,NS20,2023,14,2023-12-01,2023-12,MAT,36995.3,221525127.29
PRG-MERIDIAN,Meridian Navigation Payload,SATELLITE,NS20,2023,14,2023-12-01,2023-12,OTH,8501.94,221525127.29
PRG-MERIDIAN,Meridian Navigation Payload,SATELLITE,NS20,2023,14,2023-12-01,2023-12,OVH,13311.13,221525127.29
PRG-MERIDIAN,Meridian Navigation Payload,SATELLITE,NS20,2023,14,2023-12-01,2023-12,PER,19804.85,221525127.29
PRG-MERIDIAN,Meridian Navigation Payload,SATELLITE,NS20,2023,14,2023-12-01,2023-12,SUB,106730.28,221525127.29
PRG-MERIDIAN,Meridian Navigation Payload,SATELLITE,NS20,2024,1,2024-01-01,2024-01,DEP,52964.33,221525127.29
PRG-MERIDIAN,Meridian Navigation Payload,SATELLITE,NS20,2024,1,2024-01-01,2024-01,MAT,727973.52,221525127.29
PRG-MERIDIAN,Meridian Navigation Payload,SATELLITE,NS20,2024,1,2024-01-01,2024-01,OTH,7152.62,221525127.29
PRG-MERIDIAN,Meridian Navigation Payload,SATELLITE,NS20,2024,1,2024-01-01,2024-01,OVH,104829.61,221525127.29
PRG-MERIDIAN,Meridian Navigation Payload,SATELLITE,NS20,2024,1,2024-01-01,2024-01,PER,65243.92,221525127.29
PRG-MERIDIAN,Meridian Navigation Payload,SATELLITE,NS20,2024,1,2024-01-01,2024-01,SUB,1159659.03,221525127.29
PRG-MERIDIAN,Meridian Navigation Payload,SATELLITE,NS20,2024,2,2024-02-01,2024-02,DEP,75982.47,221525127.29
PRG-MERIDIAN,Meridian Navigation Payload,SATELLITE,NS20,2024,2,2024-02-01,2024-02,MAT,763095.65,221525127.29
PRG-MERIDIAN,Meridian Navigation Payload,SATELLITE,NS20,2024,2,2024-02-01,2024-02,OTH,12503.81,221525127.29
PRG-MERIDIAN,Meridian Navigation Payload,SATELLITE,NS20,2024,2,2024-02-01,2024-02,OVH,99266.74,221525127.29
PRG-MERIDIAN,Meridian Navigation Payload,SATELLITE,NS20,2024,2,2024-02-01,2024-02,PER,98990.69,221525127.29
PRG-MERIDIAN,Meridian Navigation Payload,SATELLITE,NS20,2024,2,2024-02-01,2024-02,SUB,1258471.67,221525127.29
PRG-MERIDIAN,Meridian Navigation Payload,SATELLITE,NS20,2024,3,2024-03-01,2024-03,DEP,78685.87,221525127.29
PRG-MERIDIAN,Meridian Navigation Payload,SATELLITE,NS20,2024,3,2024-03-01,2024-03,MAT,678360.34,221525127.29
PRG-MERIDIAN,Meridian Navigation Payload,SATELLITE,NS20,2024,3,2024-03-01,2024-03,OTH,10151.39,221525127.29
PRG-MERIDIAN,Meridian Navigation Payload,SATELLITE,NS20,2024,3,2024-03-01,2024-03,OVH,110898.75,221525127.29
PRG-MERIDIAN,Meridian Navigation Payload,SATELLITE,NS20,2024,3,2024-03-01,2024-03,PER,79240.26,221525127.29
PRG-MERIDIAN,Meridian Navigation Payload,SATELLITE,NS20,2024,3,2024-03-01,2024-03,SUB,1105237.61,221525127.29
PRG-MERIDIAN,Meridian Navigation Payload,SATELLITE,NS20,2024,4,2024-04-01,2024-04,DEP,74341.05,221525127.29
PRG-MERIDIAN,Meridian Navigation Payload,SATELLITE,NS20,2024,4,2024-04-01,2024-04,MAT,678618.41,221525127.29
PRG-MERIDIAN,Meridian Navigation Payload,SATELLITE,NS20,2024,4,2024-04-01,2024-04,OTH,4062.78,221525127.29
PRG-MERIDIAN,Meridian Navigation Payload,SATELLITE,NS20,2024,4,2024-04-01,2024-04,OVH,120199.04,221525127.29
PRG-MERIDIAN,Meridian Navigation Payload,SATELLITE,NS20,2024,4,2024-04-01,2024-04,PER,113973.01,221525127.29
PRG-MERIDIAN,Meridian Navigation Payload,SATELLITE,NS20,2024,4,2024-04-01,2024-04,SUB,1044872.4,221525127.29
PRG-MERIDIAN,Meridian Navigation Payload,SATELLITE,NS20,2024,5,2024-05-01,2024-05,DEP,79525.23,221525127.29
PRG-MERIDIAN,Meridian Navigation Payload,SATELLITE,NS20,2024,5,2024-05-01,2024-05,MAT,713387.8,221525127.29
PRG-MERIDIAN,Meridian Navigation Payload,SATELLITE,NS20,2024,5,2024-05-01,2024-05,OTH,13668.13,221525127.29
PRG-MERIDIAN,Meridian Navigation Payload,SATELLITE,NS20,2024,5,2024-05-01,2024-05,OVH,133375.23,221525127.29
PRG-MERIDIAN,Meridian Navigation Payload,SATELLITE,NS20,2024,5,2024-05-01,2024-05,PER,96422.65,221525127.29
PRG-MERIDIAN,Meridian Navigation Payload,SATELLITE,NS20,2024,5,2024-05-01,2024-05,SUB,1271204.57,221525127.29
PRG-MERIDIAN,Meridian Navigation Payload,SATELLITE,NS20,2024,6,2024-06-01,2024-06,DEP,80851.31,221525127.29
PRG-MERIDIAN,Meridian Navigation Payload,SATELLITE,NS20,2024,6,2024-06-01,2024-06,MAT,723833.42,221525127.29
PRG-MERIDIAN,Meridian Navigation Payload,SATELLITE,NS20,2024,6,2024-06-01,2024-06,OTH,12919.92,221525127.29
PRG-MERIDIAN,Meridian Navigation Payload,SATELLITE,NS20,2024,6,2024-06-01,2024-06,OVH,111618.49,221525127.29
PRG-MERIDIAN,Meridian Navigation Payload,SATELLITE,NS20,2024,6,2024-06-01,2024-06,PER,97313.93,221525127.29
PRG-MERIDIAN,Meridian Navigation Payload,SATELLITE,NS20,2024,6,2024-06-01,2024-06,SUB,1139118.11,221525127.29
PRG-MERIDIAN,Meridian Navigation Payload,SATELLITE,NS20,2024,7,2024-07-01,2024-07,DEP,74200.16,221525127.29
PRG-MERIDIAN,Meridian Navigation Payload,SATELLITE,NS20,2024,7,2024-07-01,2024-07,MAT,646582.71,221525127.29
PRG-MERIDIAN,Meridian Navigation Payload,SATELLITE,NS20,2024,7,2024-07-01,2024-07,OTH,9904.84,221525127.29
PRG-MERIDIAN,Meridian Navigation Payload,SATELLITE,NS20,2024,7,2024-07-01,2024-07,OVH,95227.59,221525127.29
PRG-MERIDIAN,Meridian Navigation Payload,SATELLITE,NS20,2024,7,2024-07-01,2024-07,PER,91883.31,221525127.29
PRG-MERIDIAN,Meridian Navigation Payload,SATELLITE,NS20,2024,7,2024-07-01,2024-07,SUB,1297645.97,221525127.29
PRG-MERIDIAN,Meridian Navigation Payload,SATELLITE,NS20,2024,8,2024-08-01,2024-08,DEP,69681.09,221525127.29
PRG-MERIDIAN,Meridian Navigation Payload,SATELLITE,NS20,2024,8,2024-08-01,2024-08,MAT,689823.09,221525127.29
PRG-MERIDIAN,Meridian Navigation Payload,SATELLITE,NS20,2024,8,2024-08-01,2024-08,OTH,8709.84,221525127.29
PRG-MERIDIAN,Meridian Navigation Payload,SATELLITE,NS20,2024,8,2024-08-01,2024-08,OVH,119587.53,221525127.29
PRG-MERIDIAN,Meridian Navigation Payload,SATELLITE,NS20,2024,8,2024-08-01,2024-08,PER,97580.9,221525127.29
PRG-MERIDIAN,Meridian Navigation Payload,SATELLITE,NS20,2024,8,2024-08-01,2024-08,SUB,1299696.77,221525127.29
PRG-MERIDIAN,Meridian Navigation Payload,SATELLITE,NS20,2024,9,2024-09-01,2024-09,DEP,90926.78,221525127.29
PRG-MERIDIAN,Meridian Navigation Payload,SATELLITE,NS20,2024,9,2024-09-01,2024-09,MAT,695963.11,221525127.29
PRG-MERIDIAN,Meridian Navigation Payload,SATELLITE,NS20,2024,9,2024-09-01,2024-09,OTH,8737.87,221525127.29
PRG-MERIDIAN,Meridian Navigation Payload,SATELLITE,NS20,2024,9,2024-09-01,2024-09,OVH,108729.6,221525127.29
PRG-MERIDIAN,Meridian Navigation Payload,SATELLITE,NS20,2024,9,2024-09-01,2024-09,PER,57575.0,221525127.29
PRG-MERIDIAN,Meridian Navigation Payload,SATELLITE,NS20,2024,9,2024-09-01,2024-09,SUB,943687.02,221525127.29
PRG-MERIDIAN,Meridian Navigation Payload,SATELLITE,NS20,2024,10,2024-10-01,2024-10,DEP,84576.3,221525127.29
PRG-MERIDIAN,Meridian Navigation Payload,SATELLITE,NS20,2024,10,2024-10-01,2024-10,MAT,770977.99,221525127.29
PRG-MERIDIAN,Meridian Navigation Payload,SATELLITE,NS20,2024,10,2024-10-01,2024-10,OTH,17623.46,221525127.29
PRG-MERIDIAN,Meridian Navigation Payload,SATELLITE,NS20,2024,10,2024-10-01,2024-10,OVH,133086.15,221525127.29
PRG-MERIDIAN,Meridian Navigation Payload,SATELLITE,NS20,2024,10,2024-10-01,2024-10,PER,97502.05,221525127.29
PRG-MERIDIAN,Meridian Navigation Payload,SATELLITE,NS20,2024,10,2024-10-01,2024-10,SUB,1250828.7,221525127.29
PRG-MERIDIAN,Meridian Navigation Payload,SATELLITE,NS20,2024,11,2024-11-01,2024-11,DEP,89832.24,221525127.29
PRG-MERIDIAN,Meridian Navigation Payload,SATELLITE,NS20,2024,11,2024-11-01,2024-11,MAT,731408.84,221525127.29
PRG-MERIDIAN,Meridian Navigation Payload,SATELLITE,NS20,2024,11,2024-11-01,2024-11,OTH,3700.74,221525127.29
PRG-MERIDIAN,Meridian Navigation Payload,SATELLITE,NS20,2024,11,2024-11-01,2024-11,OVH,119359.84,221525127.29
PRG-MERIDIAN,Meridian Navigation Payload,SATELLITE,NS20,2024,11,2024-11-01,2024-11,PER,81161.29,221525127.29
PRG-MERIDIAN,Meridian Navigation Payload,SATELLITE,NS20,2024,11,2024-11-01,2024-11,SUB,1193872.56,221525127.29
PRG-MERIDIAN,Meridian Navigation Payload,SATELLITE,NS20,2024,12,2024-12-01,2024-12,DEP,75999.18,221525127.29
PRG-MERIDIAN,Meridian Navigation Payload,SATELLITE,NS20,2024,12,2024-12-01,2024-12,MAT,643970.31,221525127.29
PRG-MERIDIAN,Meridian Navigation Payload,SATELLITE,NS20,2024,12,2024-12-01,2024-12,OTH,14623.47,221525127.29
PRG-MERIDIAN,Meridian Navigation Payload,SATELLITE,NS20,2024,12,2024-12-01,2024-12,OVH,128010.11,221525127.29
PRG-MERIDIAN,Meridian Navigation Payload,SATELLITE,NS20,2024,12,2024-12-01,2024-12,PER,72322.97,221525127.29
PRG-MERIDIAN,Meridian Navigation Payload,SATELLITE,NS20,2024,12,2024-12-01,2024-12,SUB,1380026.74,221525127.29
PRG-MERIDIAN,Meridian Navigation Payload,SATELLITE,NS20,2024,13,2024-12-01,2024-12,MAT,18292.02,221525127.29
PRG-MERIDIAN,Meridian Navigation Payload,SATELLITE,NS20,2024,13,2024-12-01,2024-12,OTH,7934.53,221525127.29
PRG-MERIDIAN,Meridian Navigation Payload,SATELLITE,NS20,2024,13,2024-12-01,2024-12,OVH,10820.44,221525127.29
PRG-MERIDIAN,Meridian Navigation Payload,SATELLITE,NS20,2024,13,2024-12-01,2024-12,PER,26527.62,221525127.29
PRG-MERIDIAN,Meridian Navigation Payload,SATELLITE,NS20,2024,13,2024-12-01,2024-12,SUB,92600.66,221525127.29
PRG-MERIDIAN,Meridian Navigation Payload,SATELLITE,NS20,2024,14,2024-12-01,2024-12,MAT,9734.72,221525127.29
PRG-MERIDIAN,Meridian Navigation Payload,SATELLITE,NS20,2024,14,2024-12-01,2024-12,OTH,14453.21,221525127.29
PRG-MERIDIAN,Meridian Navigation Payload,SATELLITE,NS20,2024,14,2024-12-01,2024-12,OVH,17550.44,221525127.29
PRG-MERIDIAN,Meridian Navigation Payload,SATELLITE,NS20,2024,14,2024-12-01,2024-12,PER,13333.22,221525127.29
PRG-MERIDIAN,Meridian Navigation Payload,SATELLITE,NS20,2024,14,2024-12-01,2024-12,SUB,69943.22,221525127.29
PRG-MERIDIAN,Meridian Navigation Payload,SATELLITE,NS20,2025,1,2025-01-01,2025-01,DEP,71547.51,221525127.29
PRG-MERIDIAN,Meridian Navigation Payload,SATELLITE,NS20,2025,1,2025-01-01,2025-01,MAT,713201.83,221525127.29
PRG-MERIDIAN,Meridian Navigation Payload,SATELLITE,NS20,2025,1,2025-01-01,2025-01,OTH,8792.68,221525127.29
PRG-MERIDIAN,Meridian Navigation Payload,SATELLITE,NS20,2025,1,2025-01-01,2025-01,OVH,106368.91,221525127.29
PRG-MERIDIAN,Meridian Navigation Payload,SATELLITE,NS20,2025,1,2025-01-01,2025-01,PER,89892.04,221525127.29
PRG-MERIDIAN,Meridian Navigation Payload,SATELLITE,NS20,2025,1,2025-01-01,2025-01,SUB,1194107.02,221525127.29
PRG-MERIDIAN,Meridian Navigation Payload,SATELLITE,NS20,2025,2,2025-02-01,2025-02,DEP,90050.54,221525127.29
PRG-MERIDIAN,Meridian Navigation Payload,SATELLITE,NS20,2025,2,2025-02-01,2025-02,MAT,740559.92,221525127.29
PRG-MERIDIAN,Meridian Navigation Payload,SATELLITE,NS20,2025,2,2025-02-01,2025-02,OTH,7867.16,221525127.29
PRG-MERIDIAN,Meridian Navigation Payload,SATELLITE,NS20,2025,2,2025-02-01,2025-02,OVH,107617.74,221525127.29
PRG-MERIDIAN,Meridian Navigation Payload,SATELLITE,NS20,2025,2,2025-02-01,2025-02,PER,107035.13,221525127.29
PRG-MERIDIAN,Meridian Navigation Payload,SATELLITE,NS20,2025,2,2025-02-01,2025-02,SUB,1041449.62,221525127.29
PRG-MERIDIAN,Meridian Navigation Payload,SATELLITE,NS20,2025,3,2025-03-01,2025-03,DEP,62039.38,221525127.29
PRG-MERIDIAN,Meridian Navigation Payload,SATELLITE,NS20,2025,3,2025-03-01,2025-03,MAT,680579.2,221525127.29
PRG-MERIDIAN,Meridian Navigation Payload,SATELLITE,NS20,2025,3,2025-03-01,2025-03,OTH,9682.0,221525127.29
PRG-MERIDIAN,Meridian Navigation Payload,SATELLITE,NS20,2025,3,2025-03-01,2025-03,OVH,126107.09,221525127.29
PRG-MERIDIAN,Meridian Navigation Payload,SATELLITE,NS20,2025,3,2025-03-01,2025-03,PER,78894.89,221525127.29
PRG-MERIDIAN,Meridian Navigation Payload,SATELLITE,NS20,2025,3,2025-03-01,2025-03,SUB,1146159.85,221525127.29
PRG-MERIDIAN,Meridian Navigation Payload,SATELLITE,NS20,2025,4,2025-04-01,2025-04,DEP,89910.61,221525127.29
PRG-MERIDIAN,Meridian Navigation Payload,SATELLITE,NS20,2025,4,2025-04-01,2025-04,MAT,690053.69,221525127.29
PRG-MERIDIAN,Meridian Navigation Payload,SATELLITE,NS20,2025,4,2025-04-01,2025-04,OTH,5428.31,221525127.29
PRG-MERIDIAN,Meridian Navigation Payload,SATELLITE,NS20,2025,4,2025-04-01,2025-04,OVH,106802.31,221525127.29
PRG-MERIDIAN,Meridian Navigation Payload,SATELLITE,NS20,2025,4,2025-04-01,2025-04,PER,90494.08,221525127.29
PRG-MERIDIAN,Meridian Navigation Payload,SATELLITE,NS20,2025,4,2025-04-01,2025-04,SUB,1159078.13,221525127.29
PRG-MERIDIAN,Meridian Navigation Payload,SATELLITE,NS20,2025,5,2025-05-01,2025-05,DEP,89549.11,221525127.29
PRG-MERIDIAN,Meridian Navigation Payload,SATELLITE,NS20,2025,5,2025-05-01,2025-05,MAT,732162.88,221525127.29
PRG-MERIDIAN,Meridian Navigation Payload,SATELLITE,NS20,2025,5,2025-05-01,2025-05,OTH,6887.2,221525127.29
PRG-MERIDIAN,Meridian Navigation Payload,SATELLITE,NS20,2025,5,2025-05-01,2025-05,OVH,90863.96,221525127.29
PRG-MERIDIAN,Meridian Navigation Payload,SATELLITE,NS20,2025,5,2025-05-01,2025-05,PER,73476.58,221525127.29
PRG-MERIDIAN,Meridian Navigation Payload,SATELLITE,NS20,2025,5,2025-05-01,2025-05,SUB,1096694.64,221525127.29
PRG-MERIDIAN,Meridian Navigation Payload,SATELLITE,NS20,2025,6,2025-06-01,2025-06,DEP,76193.27,221525127.29
PRG-MERIDIAN,Meridian Navigation Payload,SATELLITE,NS20,2025,6,2025-06-01,2025-06,MAT,850488.58,221525127.29
PRG-MERIDIAN,Meridian Navigation Payload,SATELLITE,NS20,2025,6,2025-06-01,2025-06,OTH,12234.74,221525127.29
PRG-MERIDIAN,Meridian Navigation Payload,SATELLITE,NS20,2025,6,2025-06-01,2025-06,OVH,113916.0,221525127.29
PRG-MERIDIAN,Meridian Navigation Payload,SATELLITE,NS20,2025,6,2025-06-01,2025-06,PER,98631.3,221525127.29
PRG-MERIDIAN,Meridian Navigation Payload,SATELLITE,NS20,2025,6,2025-06-01,2025-06,SUB,1195669.73,221525127.29
PRG-MERIDIAN,Meridian Navigation Payload,SATELLITE,NS20,2025,7,2025-07-01,2025-07,DEP,77098.77,221525127.29
PRG-MERIDIAN,Meridian Navigation Payload,SATELLITE,NS20,2025,7,2025-07-01,2025-07,MAT,811083.95,221525127.29
PRG-MERIDIAN,Meridian Navigation Payload,SATELLITE,NS20,2025,7,2025-07-01,2025-07,OTH,9586.87,221525127.29
PRG-MERIDIAN,Meridian Navigation Payload,SATELLITE,NS20,2025,7,2025-07-01,2025-07,OVH,128484.71,221525127.29
PRG-MERIDIAN,Meridian Navigation Payload,SATELLITE,NS20,2025,7,2025-07-01,2025-07,PER,81778.63,221525127.29
PRG-MERIDIAN,Meridian Navigation Payload,SATELLITE,NS20,2025,7,2025-07-01,2025-07,SUB,1238130.06,221525127.29
PRG-MERIDIAN,Meridian Navigation Payload,SATELLITE,NS20,2025,8,2025-08-01,2025-08,DEP,50253.78,221525127.29
PRG-MERIDIAN,Meridian Navigation Payload,SATELLITE,NS20,2025,8,2025-08-01,2025-08,MAT,774242.71,221525127.29
PRG-MERIDIAN,Meridian Navigation Payload,SATELLITE,NS20,2025,8,2025-08-01,2025-08,OTH,7825.29,221525127.29
PRG-MERIDIAN,Meridian Navigation Payload,SATELLITE,NS20,2025,8,2025-08-01,2025-08,OVH,111506.65,221525127.29
PRG-MERIDIAN,Meridian Navigation Payload,SATELLITE,NS20,2025,8,2025-08-01,2025-08,PER,107119.97,221525127.29
PRG-MERIDIAN,Meridian Navigation Payload,SATELLITE,NS20,2025,8,2025-08-01,2025-08,SUB,1176712.43,221525127.29
PRG-MERIDIAN,Meridian Navigation Payload,SATELLITE,NS20,2025,9,2025-09-01,2025-09,DEP,75068.32,221525127.29
PRG-MERIDIAN,Meridian Navigation Payload,SATELLITE,NS20,2025,9,2025-09-01,2025-09,MAT,805551.6,221525127.29
PRG-MERIDIAN,Meridian Navigation Payload,SATELLITE,NS20,2025,9,2025-09-01,2025-09,OTH,12200.37,221525127.29
PRG-MERIDIAN,Meridian Navigation Payload,SATELLITE,NS20,2025,9,2025-09-01,2025-09,OVH,120526.57,221525127.29
PRG-MERIDIAN,Meridian Navigation Payload,SATELLITE,NS20,2025,9,2025-09-01,2025-09,PER,119188.15,221525127.29
PRG-MERIDIAN,Meridian Navigation Payload,SATELLITE,NS20,2025,9,2025-09-01,2025-09,SUB,1514389.56,221525127.29
PRG-MERIDIAN,Meridian Navigation Payload,SATELLITE,NS20,2025,10,2025-10-01,2025-10,DEP,85789.86,221525127.29
PRG-MERIDIAN,Meridian Navigation Payload,SATELLITE,NS20,2025,10,2025-10-01,2025-10,MAT,704924.24,221525127.29
PRG-MERIDIAN,Meridian Navigation Payload,SATELLITE,NS20,2025,10,2025-10-01,2025-10,OTH,8013.7,221525127.29
PRG-MERIDIAN,Meridian Navigation Payload,SATELLITE,NS20,2025,10,2025-10-01,2025-10,OVH,127493.45,221525127.29
PRG-MERIDIAN,Meridian Navigation Payload,SATELLITE,NS20,2025,10,2025-10-01,2025-10,PER,67318.2,221525127.29
PRG-MERIDIAN,Meridian Navigation Payload,SATELLITE,NS20,2025,10,2025-10-01,2025-10,SUB,1354229.77,221525127.29
PRG-MERIDIAN,Meridian Navigation Payload,SATELLITE,NS20,2025,11,2025-11-01,2025-11,DEP,71388.65,221525127.29
PRG-MERIDIAN,Meridian Navigation Payload,SATELLITE,NS20,2025,11,2025-11-01,2025-11,MAT,662110.74,221525127.29
PRG-MERIDIAN,Meridian Navigation Payload,SATELLITE,NS20,2025,11,2025-11-01,2025-11,OTH,14542.72,221525127.29
PRG-MERIDIAN,Meridian Navigation Payload,SATELLITE,NS20,2025,11,2025-11-01,2025-11,OVH,127879.12,221525127.29
PRG-MERIDIAN,Meridian Navigation Payload,SATELLITE,NS20,2025,11,2025-11-01,2025-11,PER,81683.2,221525127.29
PRG-MERIDIAN,Meridian Navigation Payload,SATELLITE,NS20,2025,11,2025-11-01,2025-11,SUB,1316043.95,221525127.29
PRG-MERIDIAN,Meridian Navigation Payload,SATELLITE,NS20,2025,12,2025-12-01,2025-12,DEP,114586.32,221525127.29
PRG-MERIDIAN,Meridian Navigation Payload,SATELLITE,NS20,2025,12,2025-12-01,2025-12,MAT,703968.1,221525127.29
PRG-MERIDIAN,Meridian Navigation Payload,SATELLITE,NS20,2025,12,2025-12-01,2025-12,OTH,9011.16,221525127.29
PRG-MERIDIAN,Meridian Navigation Payload,SATELLITE,NS20,2025,12,2025-12-01,2025-12,OVH,105510.31,221525127.29
PRG-MERIDIAN,Meridian Navigation Payload,SATELLITE,NS20,2025,12,2025-12-01,2025-12,PER,89457.46,221525127.29
PRG-MERIDIAN,Meridian Navigation Payload,SATELLITE,NS20,2025,12,2025-12-01,2025-12,SUB,1320515.38,221525127.29
PRG-MERIDIAN,Meridian Navigation Payload,SATELLITE,NS20,2025,13,2025-12-01,2025-12,MAT,5649.15,221525127.29
PRG-MERIDIAN,Meridian Navigation Payload,SATELLITE,NS20,2025,13,2025-12-01,2025-12,OTH,17811.18,221525127.29
PRG-MERIDIAN,Meridian Navigation Payload,SATELLITE,NS20,2025,13,2025-12-01,2025-12,OVH,9636.49,221525127.29
PRG-MERIDIAN,Meridian Navigation Payload,SATELLITE,NS20,2025,13,2025-12-01,2025-12,PER,19293.51,221525127.29
PRG-MERIDIAN,Meridian Navigation Payload,SATELLITE,NS20,2025,13,2025-12-01,2025-12,SUB,84576.21,221525127.29
PRG-MERIDIAN,Meridian Navigation Payload,SATELLITE,NS20,2025,14,2025-12-01,2025-12,MAT,16872.2,221525127.29
PRG-MERIDIAN,Meridian Navigation Payload,SATELLITE,NS20,2025,14,2025-12-01,2025-12,OTH,13629.03,221525127.29
PRG-MERIDIAN,Meridian Navigation Payload,SATELLITE,NS20,2025,14,2025-12-01,2025-12,OVH,11082.22,221525127.29
PRG-MERIDIAN,Meridian Navigation Payload,SATELLITE,NS20,2025,14,2025-12-01,2025-12,PER,18884.69,221525127.29
PRG-MERIDIAN,Meridian Navigation Payload,SATELLITE,NS20,2025,14,2025-12-01,2025-12,SUB,70575.52,221525127.29
PRG-MERIDIAN,Meridian Navigation Payload,SATELLITE,NS20,2026,1,2026-01-01,2026-01,DEP,91672.28,221525127.29
PRG-MERIDIAN,Meridian Navigation Payload,SATELLITE,NS20,2026,1,2026-01-01,2026-01,MAT,830530.59,221525127.29
PRG-MERIDIAN,Meridian Navigation Payload,SATELLITE,NS20,2026,1,2026-01-01,2026-01,OTH,5085.39,221525127.29
PRG-MERIDIAN,Meridian Navigation Payload,SATELLITE,NS20,2026,1,2026-01-01,2026-01,OVH,104509.68,221525127.29
PRG-MERIDIAN,Meridian Navigation Payload,SATELLITE,NS20,2026,1,2026-01-01,2026-01,PER,79481.24,221525127.29
PRG-MERIDIAN,Meridian Navigation Payload,SATELLITE,NS20,2026,1,2026-01-01,2026-01,SUB,1141663.75,221525127.29
PRG-MERIDIAN,Meridian Navigation Payload,SATELLITE,NS20,2026,2,2026-02-01,2026-02,DEP,54472.14,221525127.29
PRG-MERIDIAN,Meridian Navigation Payload,SATELLITE,NS20,2026,2,2026-02-01,2026-02,MAT,811597.74,221525127.29
PRG-MERIDIAN,Meridian Navigation Payload,SATELLITE,NS20,2026,2,2026-02-01,2026-02,OTH,16380.05,221525127.29
PRG-MERIDIAN,Meridian Navigation Payload,SATELLITE,NS20,2026,2,2026-02-01,2026-02,OVH,115650.3,221525127.29
PRG-MERIDIAN,Meridian Navigation Payload,SATELLITE,NS20,2026,2,2026-02-01,2026-02,PER,110020.09,221525127.29
PRG-MERIDIAN,Meridian Navigation Payload,SATELLITE,NS20,2026,2,2026-02-01,2026-02,SUB,1305720.3,221525127.29
PRG-MERIDIAN,Meridian Navigation Payload,SATELLITE,NS20,2026,3,2026-03-01,2026-03,DEP,90638.05,221525127.29
PRG-MERIDIAN,Meridian Navigation Payload,SATELLITE,NS20,2026,3,2026-03-01,2026-03,MAT,886559.0,221525127.29
PRG-MERIDIAN,Meridian Navigation Payload,SATELLITE,NS20,2026,3,2026-03-01,2026-03,OTH,10426.12,221525127.29
PRG-MERIDIAN,Meridian Navigation Payload,SATELLITE,NS20,2026,3,2026-03-01,2026-03,OVH,126229.2,221525127.29
PRG-MERIDIAN,Meridian Navigation Payload,SATELLITE,NS20,2026,3,2026-03-01,2026-03,PER,88662.98,221525127.29
PRG-MERIDIAN,Meridian Navigation Payload,SATELLITE,NS20,2026,3,2026-03-01,2026-03,SUB,1312312.03,221525127.29
PRG-MERIDIAN,Meridian Navigation Payload,SATELLITE,NS20,2026,4,2026-04-01,2026-04,DEP,96966.43,221525127.29
PRG-MERIDIAN,Meridian Navigation Payload,SATELLITE,NS20,2026,4,2026-04-01,2026-04,MAT,854249.29,221525127.29
PRG-MERIDIAN,Meridian Navigation Payload,SATELLITE,NS20,2026,4,2026-04-01,2026-04,OTH,8306.28,221525127.29
PRG-MERIDIAN,Meridian Navigation Payload,SATELLITE,NS20,2026,4,2026-04-01,2026-04,OVH,101424.66,221525127.29
PRG-MERIDIAN,Meridian Navigation Payload,SATELLITE,NS20,2026,4,2026-04-01,2026-04,PER,124428.94,221525127.29
PRG-MERIDIAN,Meridian Navigation Payload,SATELLITE,NS20,2026,4,2026-04-01,2026-04,SUB,1410311.16,221525127.29
PRG-MERIDIAN,Meridian Navigation Payload,SATELLITE,NS20,2026,5,2026-05-01,2026-05,DEP,79185.17,221525127.29
PRG-MERIDIAN,Meridian Navigation Payload,SATELLITE,NS20,2026,5,2026-05-01,2026-05,MAT,566945.46,221525127.29
PRG-MERIDIAN,Meridian Navigation Payload,SATELLITE,NS20,2026,5,2026-05-01,2026-05,OTH,12953.98,221525127.29
PRG-MERIDIAN,Meridian Navigation Payload,SATELLITE,NS20,2026,5,2026-05-01,2026-05,OVH,118622.43,221525127.29
PRG-MERIDIAN,Meridian Navigation Payload,SATELLITE,NS20,2026,5,2026-05-01,2026-05,PER,93650.82,221525127.29
PRG-MERIDIAN,Meridian Navigation Payload,SATELLITE,NS20,2026,5,2026-05-01,2026-05,SUB,1294283.26,221525127.29
PRG-MERIDIAN,Meridian Navigation Payload,SATELLITE,NS20,2026,6,2026-06-01,2026-06,DEP,70249.75,221525127.29
PRG-MERIDIAN,Meridian Navigation Payload,SATELLITE,NS20,2026,6,2026-06-01,2026-06,MAT,711143.7,221525127.29
PRG-MERIDIAN,Meridian Navigation Payload,SATELLITE,NS20,2026,6,2026-06-01,2026-06,OTH,4641.48,221525127.29
PRG-MERIDIAN,Meridian Navigation Payload,SATELLITE,NS20,2026,6,2026-06-01,2026-06,OVH,93568.14,221525127.29
PRG-MERIDIAN,Meridian Navigation Payload,SATELLITE,NS20,2026,6,2026-06-01,2026-06,PER,91133.77,221525127.29
PRG-MERIDIAN,Meridian Navigation Payload,SATELLITE,NS20,2026,6,2026-06-01,2026-06,SUB,1117397.28,221525127.29
PRG-MERIDIAN,Meridian Navigation Payload,SATELLITE,NS30,2023,7,2023-07-01,2023-07,DEP,6244.51,221525127.29
PRG-MERIDIAN,Meridian Navigation Payload,SATELLITE,NS30,2023,7,2023-07-01,2023-07,MAT,105414.34,221525127.29
PRG-MERIDIAN,Meridian Navigation Payload,SATELLITE,NS30,2023,7,2023-07-01,2023-07,OTH,4027.78,221525127.29
PRG-MERIDIAN,Meridian Navigation Payload,SATELLITE,NS30,2023,7,2023-07-01,2023-07,OVH,6495.68,221525127.29
PRG-MERIDIAN,Meridian Navigation Payload,SATELLITE,NS30,2023,7,2023-07-01,2023-07,PER,27816.34,221525127.29
PRG-MERIDIAN,Meridian Navigation Payload,SATELLITE,NS30,2023,7,2023-07-01,2023-07,SUB,208460.82,221525127.29
PRG-MERIDIAN,Meridian Navigation Payload,SATELLITE,NS30,2023,8,2023-08-01,2023-08,DEP,11327.01,221525127.29
PRG-MERIDIAN,Meridian Navigation Payload,SATELLITE,NS30,2023,8,2023-08-01,2023-08,MAT,142012.51,221525127.29
PRG-MERIDIAN,Meridian Navigation Payload,SATELLITE,NS30,2023,8,2023-08-01,2023-08,OTH,-348.04,221525127.29
PRG-MERIDIAN,Meridian Navigation Payload,SATELLITE,NS30,2023,8,2023-08-01,2023-08,OVH,8186.27,221525127.29
PRG-MERIDIAN,Meridian Navigation Payload,SATELLITE,NS30,2023,8,2023-08-01,2023-08,PER,12310.49,221525127.29
PRG-MERIDIAN,Meridian Navigation Payload,SATELLITE,NS30,2023,8,2023-08-01,2023-08,SUB,301302.11,221525127.29
PRG-MERIDIAN,Meridian Navigation Payload,SATELLITE,NS30,2023,9,2023-09-01,2023-09,DEP,20233.18,221525127.29
PRG-MERIDIAN,Meridian Navigation Payload,SATELLITE,NS30,2023,9,2023-09-01,2023-09,MAT,128129.04,221525127.29
PRG-MERIDIAN,Meridian Navigation Payload,SATELLITE,NS30,2023,9,2023-09-01,2023-09,OTH,2192.16,221525127.29
PRG-MERIDIAN,Meridian Navigation Payload,SATELLITE,NS30,2023,9,2023-09-01,2023-09,OVH,11141.28,221525127.29
PRG-MERIDIAN,Meridian Navigation Payload,SATELLITE,NS30,2023,9,2023-09-01,2023-09,PER,26245.9,221525127.29
PRG-MERIDIAN,Meridian Navigation Payload,SATELLITE,NS30,2023,9,2023-09-01,2023-09,SUB,240539.88,221525127.29
PRG-MERIDIAN,Meridian Navigation Payload,SATELLITE,NS30,2023,10,2023-10-01,2023-10,DEP,14408.06,221525127.29
PRG-MERIDIAN,Meridian Navigation Payload,SATELLITE,NS30,2023,10,2023-10-01,2023-10,MAT,102064.3,221525127.29
PRG-MERIDIAN,Meridian Navigation Payload,SATELLITE,NS30,2023,10,2023-10-01,2023-10,OTH,2504.97,221525127.29
PRG-MERIDIAN,Meridian Navigation Payload,SATELLITE,NS30,2023,10,2023-10-01,2023-10,OVH,9136.0,221525127.29
PRG-MERIDIAN,Meridian Navigation Payload,SATELLITE,NS30,2023,10,2023-10-01,2023-10,PER,38299.26,221525127.29
PRG-MERIDIAN,Meridian Navigation Payload,SATELLITE,NS30,2023,10,2023-10-01,2023-10,SUB,273934.4,221525127.29
PRG-MERIDIAN,Meridian Navigation Payload,SATELLITE,NS30,2023,11,2023-11-01,2023-11,DEP,29946.89,221525127.29
PRG-MERIDIAN,Meridian Navigation Payload,SATELLITE,NS30,2023,11,2023-11-01,2023-11,MAT,161975.42,221525127.29
PRG-MERIDIAN,Meridian Navigation Payload,SATELLITE,NS30,2023,11,2023-11-01,2023-11,OTH,2186.21,221525127.29
PRG-MERIDIAN,Meridian Navigation Payload,SATELLITE,NS30,2023,11,2023-11-01,2023-11,OVH,9075.96,221525127.29
PRG-MERIDIAN,Meridian Navigation Payload,SATELLITE,NS30,2023,11,2023-11-01,2023-11,PER,24670.86,221525127.29
PRG-MERIDIAN,Meridian Navigation Payload,SATELLITE,NS30,2023,11,2023-11-01,2023-11,SUB,204787.03,221525127.29
PRG-MERIDIAN,Meridian Navigation Payload,SATELLITE,NS30,2023,12,2023-12-01,2023-12,DEP,15854.96,221525127.29
PRG-MERIDIAN,Meridian Navigation Payload,SATELLITE,NS30,2023,12,2023-12-01,2023-12,MAT,190506.57,221525127.29
PRG-MERIDIAN,Meridian Navigation Payload,SATELLITE,NS30,2023,12,2023-12-01,2023-12,OTH,5379.3,221525127.29
PRG-MERIDIAN,Meridian Navigation Payload,SATELLITE,NS30,2023,12,2023-12-01,2023-12,OVH,11245.17,221525127.29
PRG-MERIDIAN,Meridian Navigation Payload,SATELLITE,NS30,2023,12,2023-12-01,2023-12,PER,28826.4,221525127.29
PRG-MERIDIAN,Meridian Navigation Payload,SATELLITE,NS30,2023,12,2023-12-01,2023-12,SUB,355214.82,221525127.29
PRG-MERIDIAN,Meridian Navigation Payload,SATELLITE,NS30,2023,13,2023-12-01,2023-12,MAT,6015.49,221525127.29
PRG-MERIDIAN,Meridian Navigation Payload,SATELLITE,NS30,2023,13,2023-12-01,2023-12,OTH,3749.63,221525127.29
PRG-MERIDIAN,Meridian Navigation Payload,SATELLITE,NS30,2023,13,2023-12-01,2023-12,PER,6298.38,221525127.29
PRG-MERIDIAN,Meridian Navigation Payload,SATELLITE,NS30,2023,13,2023-12-01,2023-12,SUB,34265.93,221525127.29
PRG-MERIDIAN,Meridian Navigation Payload,SATELLITE,NS30,2023,14,2023-12-01,2023-12,OTH,1271.26,221525127.29
PRG-MERIDIAN,Meridian Navigation Payload,SATELLITE,NS30,2023,14,2023-12-01,2023-12,OVH,600.92,221525127.29
PRG-MERIDIAN,Meridian Navigation Payload,SATELLITE,NS30,2023,14,2023-12-01,2023-12,PER,5169.99,221525127.29
PRG-MERIDIAN,Meridian Navigation Payload,SATELLITE,NS30,2023,14,2023-12-01,2023-12,SUB,2439.77,221525127.29
PRG-MERIDIAN,Meridian Navigation Payload,SATELLITE,NS30,2024,1,2024-01-01,2024-01,DEP,19196.38,221525127.29
PRG-MERIDIAN,Meridian Navigation Payload,SATELLITE,NS30,2024,1,2024-01-01,2024-01,MAT,138007.52,221525127.29
PRG-MERIDIAN,Meridian Navigation Payload,SATELLITE,NS30,2024,1,2024-01-01,2024-01,OTH,510.29,221525127.29
PRG-MERIDIAN,Meridian Navigation Payload,SATELLITE,NS30,2024,1,2024-01-01,2024-01,OVH,16522.12,221525127.29
PRG-MERIDIAN,Meridian Navigation Payload,SATELLITE,NS30,2024,1,2024-01-01,2024-01,PER,20295.31,221525127.29
PRG-MERIDIAN,Meridian Navigation Payload,SATELLITE,NS30,2024,1,2024-01-01,2024-01,SUB,332593.7,221525127.29
PRG-MERIDIAN,Meridian Navigation Payload,SATELLITE,NS30,2024,2,2024-02-01,2024-02,DEP,7742.97,221525127.29
PRG-MERIDIAN,Meridian Navigation Payload,SATELLITE,NS30,2024,2,2024-02-01,2024-02,MAT,152379.07,221525127.29
PRG-MERIDIAN,Meridian Navigation Payload,SATELLITE,NS30,2024,2,2024-02-01,2024-02,OTH,4216.07,221525127.29
PRG-MERIDIAN,Meridian Navigation Payload,SATELLITE,NS30,2024,2,2024-02-01,2024-02,OVH,3867.15,221525127.29
PRG-MERIDIAN,Meridian Navigation Payload,SATELLITE,NS30,2024,2,2024-02-01,2024-02,PER,28243.43,221525127.29
PRG-MERIDIAN,Meridian Navigation Payload,SATELLITE,NS30,2024,2,2024-02-01,2024-02,SUB,154096.76,221525127.29
PRG-MERIDIAN,Meridian Navigation Payload,SATELLITE,NS30,2024,3,2024-03-01,2024-03,DEP,15380.72,221525127.29
PRG-MERIDIAN,Meridian Navigation Payload,SATELLITE,NS30,2024,3,2024-03-01,2024-03,MAT,122629.83,221525127.29
PRG-MERIDIAN,Meridian Navigation Payload,SATELLITE,NS30,2024,3,2024-03-01,2024-03,OTH,2395.71,221525127.29
PRG-MERIDIAN,Meridian Navigation Payload,SATELLITE,NS30,2024,3,2024-03-01,2024-03,OVH,11521.99,221525127.29
PRG-MERIDIAN,Meridian Navigation Payload,SATELLITE,NS30,2024,3,2024-03-01,2024-03,PER,19472.67,221525127.29
PRG-MERIDIAN,Meridian Navigation Payload,SATELLITE,NS30,2024,3,2024-03-01,2024-03,SUB,252987.5,221525127.29
PRG-MERIDIAN,Meridian Navigation Payload,SATELLITE,NS30,2024,4,2024-04-01,2024-04,DEP,12167.38,221525127.29
PRG-MERIDIAN,Meridian Navigation Payload,SATELLITE,NS30,2024,4,2024-04-01,2024-04,MAT,151956.69,221525127.29
PRG-MERIDIAN,Meridian Navigation Payload,SATELLITE,NS30,2024,4,2024-04-01,2024-04,OTH,3582.13,221525127.29
PRG-MERIDIAN,Meridian Navigation Payload,SATELLITE,NS30,2024,4,2024-04-01,2024-04,OVH,15099.15,221525127.29
PRG-MERIDIAN,Meridian Navigation Payload,SATELLITE,NS30,2024,4,2024-04-01,2024-04,PER,23528.27,221525127.29
PRG-MERIDIAN,Meridian Navigation Payload,SATELLITE,NS30,2024,4,2024-04-01,2024-04,SUB,194393.32,221525127.29
PRG-MERIDIAN,Meridian Navigation Payload,SATELLITE,NS30,2024,5,2024-05-01,2024-05,DEP,20929.25,221525127.29
PRG-MERIDIAN,Meridian Navigation Payload,SATELLITE,NS30,2024,5,2024-05-01,2024-05,MAT,188787.12,221525127.29
PRG-MERIDIAN,Meridian Navigation Payload,SATELLITE,NS30,2024,5,2024-05-01,2024-05,OTH,5905.74,221525127.29
PRG-MERIDIAN,Meridian Navigation Payload,SATELLITE,NS30,2024,5,2024-05-01,2024-05,OVH,13808.98,221525127.29
PRG-MERIDIAN,Meridian Navigation Payload,SATELLITE,NS30,2024,5,2024-05-01,2024-05,PER,26606.76,221525127.29
PRG-MERIDIAN,Meridian Navigation Payload,SATELLITE,NS30,2024,5,2024-05-01,2024-05,SUB,294808.81,221525127.29
PRG-MERIDIAN,Meridian Navigation Payload,SATELLITE,NS30,2024,6,2024-06-01,2024-06,DEP,20674.56,221525127.29
PRG-MERIDIAN,Meridian Navigation Payload,SATELLITE,NS30,2024,6,2024-06-01,2024-06,MAT,205349.31,221525127.29
PRG-MERIDIAN,Meridian Navigation Payload,SATELLITE,NS30,2024,6,2024-06-01,2024-06,OTH,-2533.28,221525127.29
PRG-MERIDIAN,Meridian Navigation Payload,SATELLITE,NS30,2024,6,2024-06-01,2024-06,OVH,4750.04,221525127.29
PRG-MERIDIAN,Meridian Navigation Payload,SATELLITE,NS30,2024,6,2024-06-01,2024-06,PER,20719.22,221525127.29
PRG-MERIDIAN,Meridian Navigation Payload,SATELLITE,NS30,2024,6,2024-06-01,2024-06,SUB,193717.36,221525127.29
PRG-MERIDIAN,Meridian Navigation Payload,SATELLITE,NS30,2024,7,2024-07-01,2024-07,DEP,12746.45,221525127.29
PRG-MERIDIAN,Meridian Navigation Payload,SATELLITE,NS30,2024,7,2024-07-01,2024-07,MAT,154437.72,221525127.29
PRG-MERIDIAN,Meridian Navigation Payload,SATELLITE,NS30,2024,7,2024-07-01,2024-07,OTH,2069.04,221525127.29
PRG-MERIDIAN,Meridian Navigation Payload,SATELLITE,NS30,2024,7,2024-07-01,2024-07,OVH,6008.55,221525127.29
PRG-MERIDIAN,Meridian Navigation Payload,SATELLITE,NS30,2024,7,2024-07-01,2024-07,PER,15150.99,221525127.29
PRG-MERIDIAN,Meridian Navigation Payload,SATELLITE,NS30,2024,7,2024-07-01,2024-07,SUB,203715.11,221525127.29
PRG-MERIDIAN,Meridian Navigation Payload,SATELLITE,NS30,2024,8,2024-08-01,2024-08,DEP,17458.9,221525127.29
PRG-MERIDIAN,Meridian Navigation Payload,SATELLITE,NS30,2024,8,2024-08-01,2024-08,MAT,140031.63,221525127.29
PRG-MERIDIAN,Meridian Navigation Payload,SATELLITE,NS30,2024,8,2024-08-01,2024-08,OTH,1378.28,221525127.29
PRG-MERIDIAN,Meridian Navigation Payload,SATELLITE,NS30,2024,8,2024-08-01,2024-08,OVH,11048.29,221525127.29
PRG-MERIDIAN,Meridian Navigation Payload,SATELLITE,NS30,2024,8,2024-08-01,2024-08,PER,42381.35,221525127.29
PRG-MERIDIAN,Meridian Navigation Payload,SATELLITE,NS30,2024,8,2024-08-01,2024-08,SUB,208946.73,221525127.29
PRG-MERIDIAN,Meridian Navigation Payload,SATELLITE,NS30,2024,9,2024-09-01,2024-09,DEP,26275.26,221525127.29
PRG-MERIDIAN,Meridian Navigation Payload,SATELLITE,NS30,2024,9,2024-09-01,2024-09,MAT,189092.3,221525127.29
PRG-MERIDIAN,Meridian Navigation Payload,SATELLITE,NS30,2024,9,2024-09-01,2024-09,OTH,592.39,221525127.29
PRG-MERIDIAN,Meridian Navigation Payload,SATELLITE,NS30,2024,9,2024-09-01,2024-09,OVH,6236.85,221525127.29
PRG-MERIDIAN,Meridian Navigation Payload,SATELLITE,NS30,2024,9,2024-09-01,2024-09,PER,11714.39,221525127.29
PRG-MERIDIAN,Meridian Navigation Payload,SATELLITE,NS30,2024,9,2024-09-01,2024-09,SUB,184996.81,221525127.29
PRG-MERIDIAN,Meridian Navigation Payload,SATELLITE,NS30,2024,10,2024-10-01,2024-10,DEP,39008.23,221525127.29
PRG-MERIDIAN,Meridian Navigation Payload,SATELLITE,NS30,2024,10,2024-10-01,2024-10,MAT,161356.53,221525127.29
PRG-MERIDIAN,Meridian Navigation Payload,SATELLITE,NS30,2024,10,2024-10-01,2024-10,OTH,1010.45,221525127.29
PRG-MERIDIAN,Meridian Navigation Payload,SATELLITE,NS30,2024,10,2024-10-01,2024-10,OVH,15711.39,221525127.29
PRG-MERIDIAN,Meridian Navigation Payload,SATELLITE,NS30,2024,10,2024-10-01,2024-10,PER,17497.49,221525127.29
PRG-MERIDIAN,Meridian Navigation Payload,SATELLITE,NS30,2024,10,2024-10-01,2024-10,SUB,380581.34,221525127.29
PRG-MERIDIAN,Meridian Navigation Payload,SATELLITE,NS30,2024,11,2024-11-01,2024-11,DEP,17037.66,221525127.29
PRG-MERIDIAN,Meridian Navigation Payload,SATELLITE,NS30,2024,11,2024-11-01,2024-11,MAT,172882.64,221525127.29
PRG-MERIDIAN,Meridian Navigation Payload,SATELLITE,NS30,2024,11,2024-11-01,2024-11,OTH,1521.36,221525127.29
PRG-MERIDIAN,Meridian Navigation Payload,SATELLITE,NS30,2024,11,2024-11-01,2024-11,OVH,11034.73,221525127.29
PRG-MERIDIAN,Meridian Navigation Payload,SATELLITE,NS30,2024,11,2024-11-01,2024-11,PER,23021.77,221525127.29
PRG-MERIDIAN,Meridian Navigation Payload,SATELLITE,NS30,2024,11,2024-11-01,2024-11,SUB,225382.58,221525127.29
PRG-MERIDIAN,Meridian Navigation Payload,SATELLITE,NS30,2024,12,2024-12-01,2024-12,DEP,4055.89,221525127.29
PRG-MERIDIAN,Meridian Navigation Payload,SATELLITE,NS30,2024,12,2024-12-01,2024-12,MAT,135781.49,221525127.29
PRG-MERIDIAN,Meridian Navigation Payload,SATELLITE,NS30,2024,12,2024-12-01,2024-12,OTH,1880.73,221525127.29
PRG-MERIDIAN,Meridian Navigation Payload,SATELLITE,NS30,2024,12,2024-12-01,2024-12,OVH,12000.77,221525127.29
PRG-MERIDIAN,Meridian Navigation Payload,SATELLITE,NS30,2024,12,2024-12-01,2024-12,PER,26407.39,221525127.29
PRG-MERIDIAN,Meridian Navigation Payload,SATELLITE,NS30,2024,12,2024-12-01,2024-12,SUB,272938.17,221525127.29
PRG-MERIDIAN,Meridian Navigation Payload,SATELLITE,NS30,2024,13,2024-12-01,2024-12,MAT,1598.35,221525127.29
PRG-MERIDIAN,Meridian Navigation Payload,SATELLITE,NS30,2024,13,2024-12-01,2024-12,OTH,2893.65,221525127.29
PRG-MERIDIAN,Meridian Navigation Payload,SATELLITE,NS30,2024,13,2024-12-01,2024-12,OVH,462.27,221525127.29
PRG-MERIDIAN,Meridian Navigation Payload,SATELLITE,NS30,2024,13,2024-12-01,2024-12,PER,2218.59,221525127.29
PRG-MERIDIAN,Meridian Navigation Payload,SATELLITE,NS30,2024,13,2024-12-01,2024-12,SUB,14534.58,221525127.29
PRG-MERIDIAN,Meridian Navigation Payload,SATELLITE,NS30,2024,14,2024-12-01,2024-12,MAT,2253.97,221525127.29
PRG-MERIDIAN,Meridian Navigation Payload,SATELLITE,NS30,2024,14,2024-12-01,2024-12,OTH,671.52,221525127.29
PRG-MERIDIAN,Meridian Navigation Payload,SATELLITE,NS30,2024,14,2024-12-01,2024-12,OVH,1485.02,221525127.29
PRG-MERIDIAN,Meridian Navigation Payload,SATELLITE,NS30,2024,14,2024-12-01,2024-12,PER,5442.59,221525127.29
PRG-MERIDIAN,Meridian Navigation Payload,SATELLITE,NS30,2024,14,2024-12-01,2024-12,SUB,53655.24,221525127.29
PRG-MERIDIAN,Meridian Navigation Payload,SATELLITE,NS30,2025,1,2025-01-01,2025-01,DEP,24627.13,221525127.29
PRG-MERIDIAN,Meridian Navigation Payload,SATELLITE,NS30,2025,1,2025-01-01,2025-01,MAT,157166.58,221525127.29
PRG-MERIDIAN,Meridian Navigation Payload,SATELLITE,NS30,2025,1,2025-01-01,2025-01,OTH,4818.78,221525127.29
PRG-MERIDIAN,Meridian Navigation Payload,SATELLITE,NS30,2025,1,2025-01-01,2025-01,OVH,13915.25,221525127.29
PRG-MERIDIAN,Meridian Navigation Payload,SATELLITE,NS30,2025,1,2025-01-01,2025-01,PER,25055.89,221525127.29
PRG-MERIDIAN,Meridian Navigation Payload,SATELLITE,NS30,2025,1,2025-01-01,2025-01,SUB,260217.76,221525127.29
PRG-MERIDIAN,Meridian Navigation Payload,SATELLITE,NS30,2025,2,2025-02-01,2025-02,DEP,24395.3,221525127.29
PRG-MERIDIAN,Meridian Navigation Payload,SATELLITE,NS30,2025,2,2025-02-01,2025-02,MAT,179549.96,221525127.29
PRG-MERIDIAN,Meridian Navigation Payload,SATELLITE,NS30,2025,2,2025-02-01,2025-02,OTH,2263.68,221525127.29
PRG-MERIDIAN,Meridian Navigation Payload,SATELLITE,NS30,2025,2,2025-02-01,2025-02,OVH,5525.56,221525127.29
PRG-MERIDIAN,Meridian Navigation Payload,SATELLITE,NS30,2025,2,2025-02-01,2025-02,PER,26788.46,221525127.29
PRG-MERIDIAN,Meridian Navigation Payload,SATELLITE,NS30,2025,2,2025-02-01,2025-02,SUB,290921.24,221525127.29
PRG-MERIDIAN,Meridian Navigation Payload,SATELLITE,NS30,2025,3,2025-03-01,2025-03,DEP,23404.99,221525127.29
PRG-MERIDIAN,Meridian Navigation Payload,SATELLITE,NS30,2025,3,2025-03-01,2025-03,MAT,171601.34,221525127.29
PRG-MERIDIAN,Meridian Navigation Payload,SATELLITE,NS30,2025,3,2025-03-01,2025-03,OTH,4780.02,221525127.29
PRG-MERIDIAN,Meridian Navigation Payload,SATELLITE,NS30,2025,3,2025-03-01,2025-03,OVH,10111.57,221525127.29
PRG-MERIDIAN,Meridian Navigation Payload,SATELLITE,NS30,2025,3,2025-03-01,2025-03,PER,32430.97,221525127.29
PRG-MERIDIAN,Meridian Navigation Payload,SATELLITE,NS30,2025,3,2025-03-01,2025-03,SUB,247959.02,221525127.29
PRG-MERIDIAN,Meridian Navigation Payload,SATELLITE,NS30,2025,4,2025-04-01,2025-04,DEP,17265.83,221525127.29
PRG-MERIDIAN,Meridian Navigation Payload,SATELLITE,NS30,2025,4,2025-04-01,2025-04,MAT,164165.09,221525127.29
PRG-MERIDIAN,Meridian Navigation Payload,SATELLITE,NS30,2025,4,2025-04-01,2025-04,OTH,4159.68,221525127.29
PRG-MERIDIAN,Meridian Navigation Payload,SATELLITE,NS30,2025,4,2025-04-01,2025-04,OVH,11895.49,221525127.29
PRG-MERIDIAN,Meridian Navigation Payload,SATELLITE,NS30,2025,4,2025-04-01,2025-04,PER,33960.61,221525127.29
PRG-MERIDIAN,Meridian Navigation Payload,SATELLITE,NS30,2025,4,2025-04-01,2025-04,SUB,330878.91,221525127.29
PRG-MERIDIAN,Meridian Navigation Payload,SATELLITE,NS30,2025,5,2025-05-01,2025-05,DEP,17115.85,221525127.29
PRG-MERIDIAN,Meridian Navigation Payload,SATELLITE,NS30,2025,5,2025-05-01,2025-05,MAT,210109.65,221525127.29
PRG-MERIDIAN,Meridian Navigation Payload,SATELLITE,NS30,2025,5,2025-05-01,2025-05,OTH,625.93,221525127.29
PRG-MERIDIAN,Meridian Navigation Payload,SATELLITE,NS30,2025,5,2025-05-01,2025-05,OVH,5684.08,221525127.29
PRG-MERIDIAN,Meridian Navigation Payload,SATELLITE,NS30,2025,5,2025-05-01,2025-05,PER,17634.97,221525127.29
PRG-MERIDIAN,Meridian Navigation Payload,SATELLITE,NS30,2025,5,2025-05-01,2025-05,SUB,228565.53,221525127.29
PRG-MERIDIAN,Meridian Navigation Payload,SATELLITE,NS30,2025,6,2025-06-01,2025-06,DEP,23961.23,221525127.29
PRG-MERIDIAN,Meridian Navigation Payload,SATELLITE,NS30,2025,6,2025-06-01,2025-06,MAT,180212.52,221525127.29
PRG-MERIDIAN,Meridian Navigation Payload,SATELLITE,NS30,2025,6,2025-06-01,2025-06,OTH,1631.09,221525127.29
PRG-MERIDIAN,Meridian Navigation Payload,SATELLITE,NS30,2025,6,2025-06-01,2025-06,OVH,8601.73,221525127.29
PRG-MERIDIAN,Meridian Navigation Payload,SATELLITE,NS30,2025,6,2025-06-01,2025-06,PER,13216.04,221525127.29
PRG-MERIDIAN,Meridian Navigation Payload,SATELLITE,NS30,2025,6,2025-06-01,2025-06,SUB,213818.86,221525127.29
PRG-MERIDIAN,Meridian Navigation Payload,SATELLITE,NS30,2025,7,2025-07-01,2025-07,DEP,14966.49,221525127.29
PRG-MERIDIAN,Meridian Navigation Payload,SATELLITE,NS30,2025,7,2025-07-01,2025-07,MAT,173484.78,221525127.29
PRG-MERIDIAN,Meridian Navigation Payload,SATELLITE,NS30,2025,7,2025-07-01,2025-07,OTH,5875.28,221525127.29
PRG-MERIDIAN,Meridian Navigation Payload,SATELLITE,NS30,2025,7,2025-07-01,2025-07,OVH,14856.74,221525127.29
PRG-MERIDIAN,Meridian Navigation Payload,SATELLITE,NS30,2025,7,2025-07-01,2025-07,PER,35048.99,221525127.29
PRG-MERIDIAN,Meridian Navigation Payload,SATELLITE,NS30,2025,7,2025-07-01,2025-07,SUB,266116.18,221525127.29
PRG-MERIDIAN,Meridian Navigation Payload,SATELLITE,NS30,2025,8,2025-08-01,2025-08,DEP,17398.75,221525127.29
PRG-MERIDIAN,Meridian Navigation Payload,SATELLITE,NS30,2025,8,2025-08-01,2025-08,MAT,173231.58,221525127.29
PRG-MERIDIAN,Meridian Navigation Payload,SATELLITE,NS30,2025,8,2025-08-01,2025-08,OTH,-58.33,221525127.29
PRG-MERIDIAN,Meridian Navigation Payload,SATELLITE,NS30,2025,8,2025-08-01,2025-08,OVH,12852.71,221525127.29
PRG-MERIDIAN,Meridian Navigation Payload,SATELLITE,NS30,2025,8,2025-08-01,2025-08,PER,31897.62,221525127.29
PRG-MERIDIAN,Meridian Navigation Payload,SATELLITE,NS30,2025,8,2025-08-01,2025-08,SUB,227386.37,221525127.29
PRG-MERIDIAN,Meridian Navigation Payload,SATELLITE,NS30,2025,9,2025-09-01,2025-09,DEP,15705.73,221525127.29
PRG-MERIDIAN,Meridian Navigation Payload,SATELLITE,NS30,2025,9,2025-09-01,2025-09,MAT,189968.47,221525127.29
PRG-MERIDIAN,Meridian Navigation Payload,SATELLITE,NS30,2025,9,2025-09-01,2025-09,OTH,1169.36,221525127.29
PRG-MERIDIAN,Meridian Navigation Payload,SATELLITE,NS30,2025,9,2025-09-01,2025-09,OVH,12385.55,221525127.29
PRG-MERIDIAN,Meridian Navigation Payload,SATELLITE,NS30,2025,9,2025-09-01,2025-09,PER,24715.38,221525127.29
PRG-MERIDIAN,Meridian Navigation Payload,SATELLITE,NS30,2025,9,2025-09-01,2025-09,SUB,314007.41,221525127.29
PRG-MERIDIAN,Meridian Navigation Payload,SATELLITE,NS30,2025,10,2025-10-01,2025-10,DEP,9039.45,221525127.29
PRG-MERIDIAN,Meridian Navigation Payload,SATELLITE,NS30,2025,10,2025-10-01,2025-10,MAT,234228.75,221525127.29
PRG-MERIDIAN,Meridian Navigation Payload,SATELLITE,NS30,2025,10,2025-10-01,2025-10,OTH,4526.65,221525127.29
PRG-MERIDIAN,Meridian Navigation Payload,SATELLITE,NS30,2025,10,2025-10-01,2025-10,OVH,25147.48,221525127.29
PRG-MERIDIAN,Meridian Navigation Payload,SATELLITE,NS30,2025,10,2025-10-01,2025-10,PER,29357.38,221525127.29
PRG-MERIDIAN,Meridian Navigation Payload,SATELLITE,NS30,2025,10,2025-10-01,2025-10,SUB,340182.1,221525127.29
PRG-MERIDIAN,Meridian Navigation Payload,SATELLITE,NS30,2025,11,2025-11-01,2025-11,DEP,16771.5,221525127.29
PRG-MERIDIAN,Meridian Navigation Payload,SATELLITE,NS30,2025,11,2025-11-01,2025-11,MAT,182357.21,221525127.29
PRG-MERIDIAN,Meridian Navigation Payload,SATELLITE,NS30,2025,11,2025-11-01,2025-11,OTH,1366.75,221525127.29
PRG-MERIDIAN,Meridian Navigation Payload,SATELLITE,NS30,2025,11,2025-11-01,2025-11,OVH,4870.07,221525127.29
PRG-MERIDIAN,Meridian Navigation Payload,SATELLITE,NS30,2025,11,2025-11-01,2025-11,PER,19138.73,221525127.29
PRG-MERIDIAN,Meridian Navigation Payload,SATELLITE,NS30,2025,11,2025-11-01,2025-11,SUB,259726.88,221525127.29
PRG-MERIDIAN,Meridian Navigation Payload,SATELLITE,NS30,2025,12,2025-12-01,2025-12,DEP,20000.37,221525127.29
PRG-MERIDIAN,Meridian Navigation Payload,SATELLITE,NS30,2025,12,2025-12-01,2025-12,MAT,224791.68,221525127.29
PRG-MERIDIAN,Meridian Navigation Payload,SATELLITE,NS30,2025,12,2025-12-01,2025-12,OTH,8392.89,221525127.29
PRG-MERIDIAN,Meridian Navigation Payload,SATELLITE,NS30,2025,12,2025-12-01,2025-12,OVH,16632.15,221525127.29
PRG-MERIDIAN,Meridian Navigation Payload,SATELLITE,NS30,2025,12,2025-12-01,2025-12,PER,12506.23,221525127.29
PRG-MERIDIAN,Meridian Navigation Payload,SATELLITE,NS30,2025,12,2025-12-01,2025-12,SUB,314419.19,221525127.29
PRG-MERIDIAN,Meridian Navigation Payload,SATELLITE,NS30,2025,13,2025-12-01,2025-12,MAT,5608.54,221525127.29
PRG-MERIDIAN,Meridian Navigation Payload,SATELLITE,NS30,2025,13,2025-12-01,2025-12,OTH,275.54,221525127.29
PRG-MERIDIAN,Meridian Navigation Payload,SATELLITE,NS30,2025,13,2025-12-01,2025-12,PER,10596.47,221525127.29
PRG-MERIDIAN,Meridian Navigation Payload,SATELLITE,NS30,2025,13,2025-12-01,2025-12,SUB,8733.07,221525127.29
PRG-MERIDIAN,Meridian Navigation Payload,SATELLITE,NS30,2025,14,2025-12-01,2025-12,OTH,1359.83,221525127.29
PRG-MERIDIAN,Meridian Navigation Payload,SATELLITE,NS30,2025,14,2025-12-01,2025-12,OVH,2020.71,221525127.29
PRG-MERIDIAN,Meridian Navigation Payload,SATELLITE,NS30,2025,14,2025-12-01,2025-12,PER,8965.13,221525127.29
PRG-MERIDIAN,Meridian Navigation Payload,SATELLITE,NS30,2025,14,2025-12-01,2025-12,SUB,13890.44,221525127.29
PRG-MERIDIAN,Meridian Navigation Payload,SATELLITE,NS30,2026,1,2026-01-01,2026-01,DEP,11500.3,221525127.29
PRG-MERIDIAN,Meridian Navigation Payload,SATELLITE,NS30,2026,1,2026-01-01,2026-01,MAT,142273.82,221525127.29
PRG-MERIDIAN,Meridian Navigation Payload,SATELLITE,NS30,2026,1,2026-01-01,2026-01,OTH,6.96,221525127.29
PRG-MERIDIAN,Meridian Navigation Payload,SATELLITE,NS30,2026,1,2026-01-01,2026-01,OVH,11675.37,221525127.29
PRG-MERIDIAN,Meridian Navigation Payload,SATELLITE,NS30,2026,1,2026-01-01,2026-01,PER,29758.43,221525127.29
PRG-MERIDIAN,Meridian Navigation Payload,SATELLITE,NS30,2026,1,2026-01-01,2026-01,SUB,382788.47,221525127.29
PRG-MERIDIAN,Meridian Navigation Payload,SATELLITE,NS30,2026,2,2026-02-01,2026-02,DEP,27587.63,221525127.29
PRG-MERIDIAN,Meridian Navigation Payload,SATELLITE,NS30,2026,2,2026-02-01,2026-02,MAT,147438.88,221525127.29
PRG-MERIDIAN,Meridian Navigation Payload,SATELLITE,NS30,2026,2,2026-02-01,2026-02,OTH,1561.4,221525127.29
PRG-MERIDIAN,Meridian Navigation Payload,SATELLITE,NS30,2026,2,2026-02-01,2026-02,OVH,5553.75,221525127.29
PRG-MERIDIAN,Meridian Navigation Payload,SATELLITE,NS30,2026,2,2026-02-01,2026-02,PER,30130.59,221525127.29
PRG-MERIDIAN,Meridian Navigation Payload,SATELLITE,NS30,2026,2,2026-02-01,2026-02,SUB,353642.01,221525127.29
PRG-MERIDIAN,Meridian Navigation Payload,SATELLITE,NS30,2026,3,2026-03-01,2026-03,DEP,3395.69,221525127.29
PRG-MERIDIAN,Meridian Navigation Payload,SATELLITE,NS30,2026,3,2026-03-01,2026-03,MAT,183745.66,221525127.29
PRG-MERIDIAN,Meridian Navigation Payload,SATELLITE,NS30,2026,3,2026-03-01,2026-03,OTH,2272.08,221525127.29
PRG-MERIDIAN,Meridian Navigation Payload,SATELLITE,NS30,2026,3,2026-03-01,2026-03,OVH,11586.75,221525127.29
PRG-MERIDIAN,Meridian Navigation Payload,SATELLITE,NS30,2026,3,2026-03-01,2026-03,PER,21031.33,221525127.29
PRG-MERIDIAN,Meridian Navigation Payload,SATELLITE,NS30,2026,3,2026-03-01,2026-03,SUB,322780.39,221525127.29
PRG-MERIDIAN,Meridian Navigation Payload,SATELLITE,NS30,2026,4,2026-04-01,2026-04,DEP,23289.85,221525127.29
PRG-MERIDIAN,Meridian Navigation Payload,SATELLITE,NS30,2026,4,2026-04-01,2026-04,MAT,270879.3,221525127.29
PRG-MERIDIAN,Meridian Navigation Payload,SATELLITE,NS30,2026,4,2026-04-01,2026-04,OTH,8515.94,221525127.29
PRG-MERIDIAN,Meridian Navigation Payload,SATELLITE,NS30,2026,4,2026-04-01,2026-04,OVH,20139.49,221525127.29
PRG-MERIDIAN,Meridian Navigation Payload,SATELLITE,NS30,2026,4,2026-04-01,2026-04,PER,25361.45,221525127.29
PRG-MERIDIAN,Meridian Navigation Payload,SATELLITE,NS30,2026,4,2026-04-01,2026-04,SUB,315765.08,221525127.29
PRG-MERIDIAN,Meridian Navigation Payload,SATELLITE,NS30,2026,5,2026-05-01,2026-05,DEP,14019.4,221525127.29
PRG-MERIDIAN,Meridian Navigation Payload,SATELLITE,NS30,2026,5,2026-05-01,2026-05,MAT,155756.73,221525127.29
PRG-MERIDIAN,Meridian Navigation Payload,SATELLITE,NS30,2026,5,2026-05-01,2026-05,OTH,594.7,221525127.29
PRG-MERIDIAN,Meridian Navigation Payload,SATELLITE,NS30,2026,5,2026-05-01,2026-05,OVH,9407.34,221525127.29
PRG-MERIDIAN,Meridian Navigation Payload,SATELLITE,NS30,2026,5,2026-05-01,2026-05,PER,33268.53,221525127.29
PRG-MERIDIAN,Meridian Navigation Payload,SATELLITE,NS30,2026,5,2026-05-01,2026-05,SUB,339054.77,221525127.29
PRG-MERIDIAN,Meridian Navigation Payload,SATELLITE,NS30,2026,6,2026-06-01,2026-06,DEP,13435.16,221525127.29
PRG-MERIDIAN,Meridian Navigation Payload,SATELLITE,NS30,2026,6,2026-06-01,2026-06,MAT,211506.34,221525127.29
PRG-MERIDIAN,Meridian Navigation Payload,SATELLITE,NS30,2026,6,2026-06-01,2026-06,OTH,4453.97,221525127.29
PRG-MERIDIAN,Meridian Navigation Payload,SATELLITE,NS30,2026,6,2026-06-01,2026-06,OVH,15169.0,221525127.29
PRG-MERIDIAN,Meridian Navigation Payload,SATELLITE,NS30,2026,6,2026-06-01,2026-06,PER,31167.22,221525127.29
PRG-MERIDIAN,Meridian Navigation Payload,SATELLITE,NS30,2026,6,2026-06-01,2026-06,SUB,283059.34,221525127.29
PRG-MERIDIAN,Meridian Navigation Payload,SATELLITE,NS40,2023,7,2023-07-01,2023-07,DEP,25542.49,221525127.29
PRG-MERIDIAN,Meridian Navigation Payload,SATELLITE,NS40,2023,7,2023-07-01,2023-07,MAT,310246.81,221525127.29
PRG-MERIDIAN,Meridian Navigation Payload,SATELLITE,NS40,2023,7,2023-07-01,2023-07,OTH,2984.75,221525127.29
PRG-MERIDIAN,Meridian Navigation Payload,SATELLITE,NS40,2023,7,2023-07-01,2023-07,OVH,26066.34,221525127.29
PRG-MERIDIAN,Meridian Navigation Payload,SATELLITE,NS40,2023,7,2023-07-01,2023-07,PER,48783.07,221525127.29
PRG-MERIDIAN,Meridian Navigation Payload,SATELLITE,NS40,2023,7,2023-07-01,2023-07,SUB,497555.04,221525127.29
PRG-MERIDIAN,Meridian Navigation Payload,SATELLITE,NS40,2023,8,2023-08-01,2023-08,DEP,18325.84,221525127.29
PRG-MERIDIAN,Meridian Navigation Payload,SATELLITE,NS40,2023,8,2023-08-01,2023-08,MAT,339224.78,221525127.29
PRG-MERIDIAN,Meridian Navigation Payload,SATELLITE,NS40,2023,8,2023-08-01,2023-08,OTH,4066.81,221525127.29
PRG-MERIDIAN,Meridian Navigation Payload,SATELLITE,NS40,2023,8,2023-08-01,2023-08,OVH,28558.56,221525127.29
PRG-MERIDIAN,Meridian Navigation Payload,SATELLITE,NS40,2023,8,2023-08-01,2023-08,PER,35419.17,221525127.29
PRG-MERIDIAN,Meridian Navigation Payload,SATELLITE,NS40,2023,8,2023-08-01,2023-08,SUB,558627.21,221525127.29
PRG-MERIDIAN,Meridian Navigation Payload,SATELLITE,NS40,2023,9,2023-09-01,2023-09,DEP,41784.43,221525127.29
PRG-MERIDIAN,Meridian Navigation Payload,SATELLITE,NS40,2023,9,2023-09-01,2023-09,MAT,317258.52,221525127.29
PRG-MERIDIAN,Meridian Navigation Payload,SATELLITE,NS40,2023,9,2023-09-01,2023-09,OTH,7113.01,221525127.29
PRG-MERIDIAN,Meridian Navigation Payload,SATELLITE,NS40,2023,9,2023-09-01,2023-09,OVH,35657.9,221525127.29
PRG-MERIDIAN,Meridian Navigation Payload,SATELLITE,NS40,2023,9,2023-09-01,2023-09,PER,44768.53,221525127.29
PRG-MERIDIAN,Meridian Navigation Payload,SATELLITE,NS40,2023,9,2023-09-01,2023-09,SUB,464242.08,221525127.29
PRG-MERIDIAN,Meridian Navigation Payload,SATELLITE,NS40,2023,10,2023-10-01,2023-10,DEP,36219.96,221525127.29
PRG-MERIDIAN,Meridian Navigation Payload,SATELLITE,NS40,2023,10,2023-10-01,2023-10,MAT,247435.43,221525127.29
PRG-MERIDIAN,Meridian Navigation Payload,SATELLITE,NS40,2023,10,2023-10-01,2023-10,OTH,1916.41,221525127.29
PRG-MERIDIAN,Meridian Navigation Payload,SATELLITE,NS40,2023,10,2023-10-01,2023-10,OVH,47259.71,221525127.29
PRG-MERIDIAN,Meridian Navigation Payload,SATELLITE,NS40,2023,10,2023-10-01,2023-10,PER,30738.75,221525127.29
PRG-MERIDIAN,Meridian Navigation Payload,SATELLITE,NS40,2023,10,2023-10-01,2023-10,SUB,505884.39,221525127.29
PRG-MERIDIAN,Meridian Navigation Payload,SATELLITE,NS40,2023,11,2023-11-01,2023-11,DEP,25601.11,221525127.29
PRG-MERIDIAN,Meridian Navigation Payload,SATELLITE,NS40,2023,11,2023-11-01,2023-11,MAT,340685.65,221525127.29
PRG-MERIDIAN,Meridian Navigation Payload,SATELLITE,NS40,2023,11,2023-11-01,2023-11,OTH,5310.62,221525127.29
PRG-MERIDIAN,Meridian Navigation Payload,SATELLITE,NS40,2023,11,2023-11-01,2023-11,OVH,22238.27,221525127.29
PRG-MERIDIAN,Meridian Navigation Payload,SATELLITE,NS40,2023,11,2023-11-01,2023-11,PER,65620.59,221525127.29
PRG-MERIDIAN,Meridian Navigation Payload,SATELLITE,NS40,2023,11,2023-11-01,2023-11,SUB,564608.05,221525127.29
PRG-MERIDIAN,Meridian Navigation Payload,SATELLITE,NS40,2023,12,2023-12-01,2023-12,DEP,35472.42,221525127.29
PRG-MERIDIAN,Meridian Navigation Payload,SATELLITE,NS40,2023,12,2023-12-01,2023-12,MAT,290427.04,221525127.29
PRG-MERIDIAN,Meridian Navigation Payload,SATELLITE,NS40,2023,12,2023-12-01,2023-12,OTH,-178.79,221525127.29
PRG-MERIDIAN,Meridian Navigation Payload,SATELLITE,NS40,2023,12,2023-12-01,2023-12,OVH,37503.32,221525127.29
PRG-MERIDIAN,Meridian Navigation Payload,SATELLITE,NS40,2023,12,2023-12-01,2023-12,PER,53523.14,221525127.29
PRG-MERIDIAN,Meridian Navigation Payload,SATELLITE,NS40,2023,12,2023-12-01,2023-12,SUB,593848.73,221525127.29
PRG-MERIDIAN,Meridian Navigation Payload,SATELLITE,NS40,2023,13,2023-12-01,2023-12,MAT,13343.13,221525127.29
PRG-MERIDIAN,Meridian Navigation Payload,SATELLITE,NS40,2023,13,2023-12-01,2023-12,OTH,1610.18,221525127.29
PRG-MERIDIAN,Meridian Navigation Payload,SATELLITE,NS40,2023,13,2023-12-01,2023-12,OVH,3244.68,221525127.29
PRG-MERIDIAN,Meridian Navigation Payload,SATELLITE,NS40,2023,13,2023-12-01,2023-12,PER,11244.53,221525127.29
PRG-MERIDIAN,Meridian Navigation Payload,SATELLITE,NS40,2023,13,2023-12-01,2023-12,SUB,38032.68,221525127.29
PRG-MERIDIAN,Meridian Navigation Payload,SATELLITE,NS40,2023,14,2023-12-01,2023-12,MAT,7439.57,221525127.29
PRG-MERIDIAN,Meridian Navigation Payload,SATELLITE,NS40,2023,14,2023-12-01,2023-12,OTH,1917.56,221525127.29
PRG-MERIDIAN,Meridian Navigation Payload,SATELLITE,NS40,2023,14,2023-12-01,2023-12,OVH,4984.31,221525127.29
PRG-MERIDIAN,Meridian Navigation Payload,SATELLITE,NS40,2023,14,2023-12-01,2023-12,PER,6675.31,221525127.29
PRG-MERIDIAN,Meridian Navigation Payload,SATELLITE,NS40,2023,14,2023-12-01,2023-12,SUB,55973.51,221525127.29
PRG-MERIDIAN,Meridian Navigation Payload,SATELLITE,NS40,2024,1,2024-01-01,2024-01,DEP,19423.99,221525127.29
PRG-MERIDIAN,Meridian Navigation Payload,SATELLITE,NS40,2024,1,2024-01-01,2024-01,MAT,303114.7,221525127.29
PRG-MERIDIAN,Meridian Navigation Payload,SATELLITE,NS40,2024,1,2024-01-01,2024-01,OTH,952.12,221525127.29
PRG-MERIDIAN,Meridian Navigation Payload,SATELLITE,NS40,2024,1,2024-01-01,2024-01,OVH,30495.9,221525127.29
PRG-MERIDIAN,Meridian Navigation Payload,SATELLITE,NS40,2024,1,2024-01-01,2024-01,PER,20816.0,221525127.29
PRG-MERIDIAN,Meridian Navigation Payload,SATELLITE,NS40,2024,1,2024-01-01,2024-01,SUB,412260.47,221525127.29
PRG-MERIDIAN,Meridian Navigation Payload,SATELLITE,NS40,2024,2,2024-02-01,2024-02,DEP,25994.09,221525127.29
PRG-MERIDIAN,Meridian Navigation Payload,SATELLITE,NS40,2024,2,2024-02-01,2024-02,MAT,312632.57,221525127.29
PRG-MERIDIAN,Meridian Navigation Payload,SATELLITE,NS40,2024,2,2024-02-01,2024-02,OTH,7533.03,221525127.29
PRG-MERIDIAN,Meridian Navigation Payload,SATELLITE,NS40,2024,2,2024-02-01,2024-02,OVH,54803.93,221525127.29
PRG-MERIDIAN,Meridian Navigation Payload,SATELLITE,NS40,2024,2,2024-02-01,2024-02,PER,27759.75,221525127.29
PRG-MERIDIAN,Meridian Navigation Payload,SATELLITE,NS40,2024,2,2024-02-01,2024-02,SUB,550067.59,221525127.29
PRG-MERIDIAN,Meridian Navigation Payload,SATELLITE,NS40,2024,3,2024-03-01,2024-03,DEP,24482.24,221525127.29
PRG-MERIDIAN,Meridian Navigation Payload,SATELLITE,NS40,2024,3,2024-03-01,2024-03,MAT,265809.27,221525127.29
PRG-MERIDIAN,Meridian Navigation Payload,SATELLITE,NS40,2024,3,2024-03-01,2024-03,OTH,4305.32,221525127.29
PRG-MERIDIAN,Meridian Navigation Payload,SATELLITE,NS40,2024,3,2024-03-01,2024-03,OVH,38717.35,221525127.29
PRG-MERIDIAN,Meridian Navigation Payload,SATELLITE,NS40,2024,3,2024-03-01,2024-03,PER,47799.0,221525127.29
PRG-MERIDIAN,Meridian Navigation Payload,SATELLITE,NS40,2024,3,2024-03-01,2024-03,SUB,656326.08,221525127.29
PRG-MERIDIAN,Meridian Navigation Payload,SATELLITE,NS40,2024,4,2024-04-01,2024-04,DEP,34485.81,221525127.29
PRG-MERIDIAN,Meridian Navigation Payload,SATELLITE,NS40,2024,4,2024-04-01,2024-04,MAT,347918.16,221525127.29
PRG-MERIDIAN,Meridian Navigation Payload,SATELLITE,NS40,2024,4,2024-04-01,2024-04,OTH,3758.8,221525127.29
PRG-MERIDIAN,Meridian Navigation Payload,SATELLITE,NS40,2024,4,2024-04-01,2024-04,OVH,43980.68,221525127.29
PRG-MERIDIAN,Meridian Navigation Payload,SATELLITE,NS40,2024,4,2024-04-01,2024-04,PER,49371.37,221525127.29
PRG-MERIDIAN,Meridian Navigation Payload,SATELLITE,NS40,2024,4,2024-04-01,2024-04,SUB,582439.29,221525127.29
PRG-MERIDIAN,Meridian Navigation Payload,SATELLITE,NS40,2024,5,2024-05-01,2024-05,DEP,48411.53,221525127.29
PRG-MERIDIAN,Meridian Navigation Payload,SATELLITE,NS40,2024,5,2024-05-01,2024-05,MAT,332258.4,221525127.29
PRG-MERIDIAN,Meridian Navigation Payload,SATELLITE,NS40,2024,5,2024-05-01,2024-05,OTH,3101.6,221525127.29
PRG-MERIDIAN,Meridian Navigation Payload,SATELLITE,NS40,2024,5,2024-05-01,2024-05,OVH,52588.22,221525127.29
PRG-MERIDIAN,Meridian Navigation Payload,SATELLITE,NS40,2024,5,2024-05-01,2024-05,PER,50151.12,221525127.29
PRG-MERIDIAN,Meridian Navigation Payload,SATELLITE,NS40,2024,5,2024-05-01,2024-05,SUB,517669.75,221525127.29
PRG-MERIDIAN,Meridian Navigation Payload,SATELLITE,NS40,2024,6,2024-06-01,2024-06,DEP,31809.36,221525127.29
PRG-MERIDIAN,Meridian Navigation Payload,SATELLITE,NS40,2024,6,2024-06-01,2024-06,MAT,327635.88,221525127.29
PRG-MERIDIAN,Meridian Navigation Payload,SATELLITE,NS40,2024,6,2024-06-01,2024-06,OTH,4424.35,221525127.29
PRG-MERIDIAN,Meridian Navigation Payload,SATELLITE,NS40,2024,6,2024-06-01,2024-06,OVH,47087.69,221525127.29
PRG-MERIDIAN,Meridian Navigation Payload,SATELLITE,NS40,2024,6,2024-06-01,2024-06,PER,26021.44,221525127.29
PRG-MERIDIAN,Meridian Navigation Payload,SATELLITE,NS40,2024,6,2024-06-01,2024-06,SUB,528549.8,221525127.29
PRG-MERIDIAN,Meridian Navigation Payload,SATELLITE,NS40,2024,7,2024-07-01,2024-07,DEP,19674.85,221525127.29
PRG-MERIDIAN,Meridian Navigation Payload,SATELLITE,NS40,2024,7,2024-07-01,2024-07,MAT,266245.09,221525127.29
PRG-MERIDIAN,Meridian Navigation Payload,SATELLITE,NS40,2024,7,2024-07-01,2024-07,OTH,4344.45,221525127.29
PRG-MERIDIAN,Meridian Navigation Payload,SATELLITE,NS40,2024,7,2024-07-01,2024-07,OVH,33016.27,221525127.29
PRG-MERIDIAN,Meridian Navigation Payload,SATELLITE,NS40,2024,7,2024-07-01,2024-07,PER,36509.3,221525127.29
PRG-MERIDIAN,Meridian Navigation Payload,SATELLITE,NS40,2024,7,2024-07-01,2024-07,SUB,457979.7,221525127.29
PRG-MERIDIAN,Meridian Navigation Payload,SATELLITE,NS40,2024,8,2024-08-01,2024-08,DEP,26593.53,221525127.29
PRG-MERIDIAN,Meridian Navigation Payload,SATELLITE,NS40,2024,8,2024-08-01,2024-08,MAT,369108.06,221525127.29
PRG-MERIDIAN,Meridian Navigation Payload,SATELLITE,NS40,2024,8,2024-08-01,2024-08,OTH,2025.3,221525127.29
PRG-MERIDIAN,Meridian Navigation Payload,SATELLITE,NS40,2024,8,2024-08-01,2024-08,OVH,49251.36,221525127.29
PRG-MERIDIAN,Meridian Navigation Payload,SATELLITE,NS40,2024,8,2024-08-01,2024-08,PER,47035.14,221525127.29
PRG-MERIDIAN,Meridian Navigation Payload,SATELLITE,NS40,2024,8,2024-08-01,2024-08,SUB,510461.63,221525127.29
PRG-MERIDIAN,Meridian Navigation Payload,SATELLITE,NS40,2024,9,2024-09-01,2024-09,DEP,24358.51,221525127.29
PRG-MERIDIAN,Meridian Navigation Payload,SATELLITE,NS40,2024,9,2024-09-01,2024-09,MAT,226854.89,221525127.29
PRG-MERIDIAN,Meridian Navigation Payload,SATELLITE,NS40,2024,9,2024-09-01,2024-09,OTH,3319.36,221525127.29
PRG-MERIDIAN,Meridian Navigation Payload,SATELLITE,NS40,2024,9,2024-09-01,2024-09,OVH,33118.12,221525127.29
PRG-MERIDIAN,Meridian Navigation Payload,SATELLITE,NS40,2024,9,2024-09-01,2024-09,PER,28542.82,221525127.29
PRG-MERIDIAN,Meridian Navigation Payload,SATELLITE,NS40,2024,9,2024-09-01,2024-09,SUB,438007.62,221525127.29
PRG-MERIDIAN,Meridian Navigation Payload,SATELLITE,NS40,2024,10,2024-10-01,2024-10,DEP,45470.33,221525127.29
PRG-MERIDIAN,Meridian Navigation Payload,SATELLITE,NS40,2024,10,2024-10-01,2024-10,MAT,328791.65,221525127.29
PRG-MERIDIAN,Meridian Navigation Payload,SATELLITE,NS40,2024,10,2024-10-01,2024-10,OTH,804.54,221525127.29
PRG-MERIDIAN,Meridian Navigation Payload,SATELLITE,NS40,2024,10,2024-10-01,2024-10,OVH,34588.68,221525127.29
PRG-MERIDIAN,Meridian Navigation Payload,SATELLITE,NS40,2024,10,2024-10-01,2024-10,PER,48913.46,221525127.29
PRG-MERIDIAN,Meridian Navigation Payload,SATELLITE,NS40,2024,10,2024-10-01,2024-10,SUB,473268.03,221525127.29
PRG-MERIDIAN,Meridian Navigation Payload,SATELLITE,NS40,2024,11,2024-11-01,2024-11,DEP,24775.51,221525127.29
PRG-MERIDIAN,Meridian Navigation Payload,SATELLITE,NS40,2024,11,2024-11-01,2024-11,MAT,317142.43,221525127.29
PRG-MERIDIAN,Meridian Navigation Payload,SATELLITE,NS40,2024,11,2024-11-01,2024-11,OTH,8351.77,221525127.29
PRG-MERIDIAN,Meridian Navigation Payload,SATELLITE,NS40,2024,11,2024-11-01,2024-11,OVH,25147.39,221525127.29
PRG-MERIDIAN,Meridian Navigation Payload,SATELLITE,NS40,2024,11,2024-11-01,2024-11,PER,45481.38,221525127.29
PRG-MERIDIAN,Meridian Navigation Payload,SATELLITE,NS40,2024,11,2024-11-01,2024-11,SUB,382613.87,221525127.29
PRG-MERIDIAN,Meridian Navigation Payload,SATELLITE,NS40,2024,12,2024-12-01,2024-12,DEP,18059.69,221525127.29
PRG-MERIDIAN,Meridian Navigation Payload,SATELLITE,NS40,2024,12,2024-12-01,2024-12,MAT,354057.99,221525127.29
PRG-MERIDIAN,Meridian Navigation Payload,SATELLITE,NS40,2024,12,2024-12-01,2024-12,OTH,5244.14,221525127.29
PRG-MERIDIAN,Meridian Navigation Payload,SATELLITE,NS40,2024,12,2024-12-01,2024-12,OVH,36924.46,221525127.29
PRG-MERIDIAN,Meridian Navigation Payload,SATELLITE,NS40,2024,12,2024-12-01,2024-12,PER,26148.55,221525127.29
PRG-MERIDIAN,Meridian Navigation Payload,SATELLITE,NS40,2024,12,2024-12-01,2024-12,SUB,496800.17,221525127.29
PRG-MERIDIAN,Meridian Navigation Payload,SATELLITE,NS40,2024,13,2024-12-01,2024-12,OTH,4497.06,221525127.29
PRG-MERIDIAN,Meridian Navigation Payload,SATELLITE,NS40,2024,13,2024-12-01,2024-12,OVH,3258.89,221525127.29
PRG-MERIDIAN,Meridian Navigation Payload,SATELLITE,NS40,2024,13,2024-12-01,2024-12,PER,7831.39,221525127.29
PRG-MERIDIAN,Meridian Navigation Payload,SATELLITE,NS40,2024,13,2024-12-01,2024-12,SUB,33093.28,221525127.29
PRG-MERIDIAN,Meridian Navigation Payload,SATELLITE,NS40,2024,14,2024-12-01,2024-12,MAT,3377.73,221525127.29
PRG-MERIDIAN,Meridian Navigation Payload,SATELLITE,NS40,2024,14,2024-12-01,2024-12,OTH,2010.87,221525127.29
PRG-MERIDIAN,Meridian Navigation Payload,SATELLITE,NS40,2024,14,2024-12-01,2024-12,OVH,960.1,221525127.29
PRG-MERIDIAN,Meridian Navigation Payload,SATELLITE,NS40,2024,14,2024-12-01,2024-12,PER,12478.41,221525127.29
PRG-MERIDIAN,Meridian Navigation Payload,SATELLITE,NS40,2024,14,2024-12-01,2024-12,SUB,29897.27,221525127.29
PRG-MERIDIAN,Meridian Navigation Payload,SATELLITE,NS40,2025,1,2025-01-01,2025-01,DEP,34912.02,221525127.29
PRG-MERIDIAN,Meridian Navigation Payload,SATELLITE,NS40,2025,1,2025-01-01,2025-01,MAT,302528.09,221525127.29
PRG-MERIDIAN,Meridian Navigation Payload,SATELLITE,NS40,2025,1,2025-01-01,2025-01,OTH,2883.93,221525127.29
PRG-MERIDIAN,Meridian Navigation Payload,SATELLITE,NS40,2025,1,2025-01-01,2025-01,OVH,42689.52,221525127.29
PRG-MERIDIAN,Meridian Navigation Payload,SATELLITE,NS40,2025,1,2025-01-01,2025-01,PER,54085.48,221525127.29
PRG-MERIDIAN,Meridian Navigation Payload,SATELLITE,NS40,2025,1,2025-01-01,2025-01,SUB,469405.07,221525127.29
PRG-MERIDIAN,Meridian Navigation Payload,SATELLITE,NS40,2025,2,2025-02-01,2025-02,DEP,42040.7,221525127.29
PRG-MERIDIAN,Meridian Navigation Payload,SATELLITE,NS40,2025,2,2025-02-01,2025-02,MAT,322419.41,221525127.29
PRG-MERIDIAN,Meridian Navigation Payload,SATELLITE,NS40,2025,2,2025-02-01,2025-02,OTH,908.87,221525127.29
PRG-MERIDIAN,Meridian Navigation Payload,SATELLITE,NS40,2025,2,2025-02-01,2025-02,OVH,39162.36,221525127.29
PRG-MERIDIAN,Meridian Navigation Payload,SATELLITE,NS40,2025,2,2025-02-01,2025-02,PER,39376.39,221525127.29
PRG-MERIDIAN,Meridian Navigation Payload,SATELLITE,NS40,2025,2,2025-02-01,2025-02,SUB,588516.15,221525127.29
PRG-MERIDIAN,Meridian Navigation Payload,SATELLITE,NS40,2025,3,2025-03-01,2025-03,DEP,29475.83,221525127.29
PRG-MERIDIAN,Meridian Navigation Payload,SATELLITE,NS40,2025,3,2025-03-01,2025-03,MAT,415606.52,221525127.29
PRG-MERIDIAN,Meridian Navigation Payload,SATELLITE,NS40,2025,3,2025-03-01,2025-03,OTH,3472.62,221525127.29
PRG-MERIDIAN,Meridian Navigation Payload,SATELLITE,NS40,2025,3,2025-03-01,2025-03,OVH,43949.04,221525127.29
PRG-MERIDIAN,Meridian Navigation Payload,SATELLITE,NS40,2025,3,2025-03-01,2025-03,PER,34032.55,221525127.29
PRG-MERIDIAN,Meridian Navigation Payload,SATELLITE,NS40,2025,3,2025-03-01,2025-03,SUB,649298.7,221525127.29
PRG-MERIDIAN,Meridian Navigation Payload,SATELLITE,NS40,2025,4,2025-04-01,2025-04,DEP,42683.56,221525127.29
PRG-MERIDIAN,Meridian Navigation Payload,SATELLITE,NS40,2025,4,2025-04-01,2025-04,MAT,298727.38,221525127.29
PRG-MERIDIAN,Meridian Navigation Payload,SATELLITE,NS40,2025,4,2025-04-01,2025-04,OTH,3189.59,221525127.29
PRG-MERIDIAN,Meridian Navigation Payload,SATELLITE,NS40,2025,4,2025-04-01,2025-04,OVH,50067.26,221525127.29
PRG-MERIDIAN,Meridian Navigation Payload,SATELLITE,NS40,2025,4,2025-04-01,2025-04,PER,42931.13,221525127.29
PRG-MERIDIAN,Meridian Navigation Payload,SATELLITE,NS40,2025,4,2025-04-01,2025-04,SUB,724805.7,221525127.29
PRG-MERIDIAN,Meridian Navigation Payload,SATELLITE,NS40,2025,5,2025-05-01,2025-05,DEP,21623.15,221525127.29
PRG-MERIDIAN,Meridian Navigation Payload,SATELLITE,NS40,2025,5,2025-05-01,2025-05,MAT,359836.95,221525127.29
PRG-MERIDIAN,Meridian Navigation Payload,SATELLITE,NS40,2025,5,2025-05-01,2025-05,OTH,1600.25,221525127.29
PRG-MERIDIAN,Meridian Navigation Payload,SATELLITE,NS40,2025,5,2025-05-01,2025-05,OVH,30391.44,221525127.29
PRG-MERIDIAN,Meridian Navigation Payload,SATELLITE,NS40,2025,5,2025-05-01,2025-05,PER,41151.27,221525127.29
PRG-MERIDIAN,Meridian Navigation Payload,SATELLITE,NS40,2025,5,2025-05-01,2025-05,SUB,468023.79,221525127.29
PRG-MERIDIAN,Meridian Navigation Payload,SATELLITE,NS40,2025,6,2025-06-01,2025-06,DEP,37046.06,221525127.29
PRG-MERIDIAN,Meridian Navigation Payload,SATELLITE,NS40,2025,6,2025-06-01,2025-06,MAT,340492.59,221525127.29
PRG-MERIDIAN,Meridian Navigation Payload,SATELLITE,NS40,2025,6,2025-06-01,2025-06,OTH,8071.01,221525127.29
PRG-MERIDIAN,Meridian Navigation Payload,SATELLITE,NS40,2025,6,2025-06-01,2025-06,OVH,36666.23,221525127.29
PRG-MERIDIAN,Meridian Navigation Payload,SATELLITE,NS40,2025,6,2025-06-01,2025-06,PER,58708.72,221525127.29
PRG-MERIDIAN,Meridian Navigation Payload,SATELLITE,NS40,2025,6,2025-06-01,2025-06,SUB,620733.82,221525127.29
PRG-MERIDIAN,Meridian Navigation Payload,SATELLITE,NS40,2025,7,2025-07-01,2025-07,DEP,37497.06,221525127.29
PRG-MERIDIAN,Meridian Navigation Payload,SATELLITE,NS40,2025,7,2025-07-01,2025-07,MAT,330680.24,221525127.29
PRG-MERIDIAN,Meridian Navigation Payload,SATELLITE,NS40,2025,7,2025-07-01,2025-07,OTH,5360.57,221525127.29
PRG-MERIDIAN,Meridian Navigation Payload,SATELLITE,NS40,2025,7,2025-07-01,2025-07,OVH,23881.75,221525127.29
PRG-MERIDIAN,Meridian Navigation Payload,SATELLITE,NS40,2025,7,2025-07-01,2025-07,PER,33661.86,221525127.29
PRG-MERIDIAN,Meridian Navigation Payload,SATELLITE,NS40,2025,7,2025-07-01,2025-07,SUB,550305.32,221525127.29
PRG-MERIDIAN,Meridian Navigation Payload,SATELLITE,NS40,2025,8,2025-08-01,2025-08,DEP,32925.29,221525127.29
PRG-MERIDIAN,Meridian Navigation Payload,SATELLITE,NS40,2025,8,2025-08-01,2025-08,MAT,316407.37,221525127.29
PRG-MERIDIAN,Meridian Navigation Payload,SATELLITE,NS40,2025,8,2025-08-01,2025-08,OTH,-567.95,221525127.29
PRG-MERIDIAN,Meridian Navigation Payload,SATELLITE,NS40,2025,8,2025-08-01,2025-08,OVH,38296.05,221525127.29
PRG-MERIDIAN,Meridian Navigation Payload,SATELLITE,NS40,2025,8,2025-08-01,2025-08,PER,33572.58,221525127.29
PRG-MERIDIAN,Meridian Navigation Payload,SATELLITE,NS40,2025,8,2025-08-01,2025-08,SUB,566172.31,221525127.29
PRG-MERIDIAN,Meridian Navigation Payload,SATELLITE,NS40,2025,9,2025-09-01,2025-09,DEP,22722.58,221525127.29
PRG-MERIDIAN,Meridian Navigation Payload,SATELLITE,NS40,2025,9,2025-09-01,2025-09,MAT,278755.18,221525127.29
PRG-MERIDIAN,Meridian Navigation Payload,SATELLITE,NS40,2025,9,2025-09-01,2025-09,OTH,3302.43,221525127.29
PRG-MERIDIAN,Meridian Navigation Payload,SATELLITE,NS40,2025,9,2025-09-01,2025-09,OVH,25379.03,221525127.29
PRG-MERIDIAN,Meridian Navigation Payload,SATELLITE,NS40,2025,9,2025-09-01,2025-09,PER,29114.23,221525127.29
PRG-MERIDIAN,Meridian Navigation Payload,SATELLITE,NS40,2025,9,2025-09-01,2025-09,SUB,540930.06,221525127.29
PRG-MERIDIAN,Meridian Navigation Payload,SATELLITE,NS40,2025,10,2025-10-01,2025-10,DEP,18960.34,221525127.29
PRG-MERIDIAN,Meridian Navigation Payload,SATELLITE,NS40,2025,10,2025-10-01,2025-10,MAT,378942.68,221525127.29
PRG-MERIDIAN,Meridian Navigation Payload,SATELLITE,NS40,2025,10,2025-10-01,2025-10,OTH,5266.24,221525127.29
PRG-MERIDIAN,Meridian Navigation Payload,SATELLITE,NS40,2025,10,2025-10-01,2025-10,OVH,37064.66,221525127.29
PRG-MERIDIAN,Meridian Navigation Payload,SATELLITE,NS40,2025,10,2025-10-01,2025-10,PER,42751.22,221525127.29
PRG-MERIDIAN,Meridian Navigation Payload,SATELLITE,NS40,2025,10,2025-10-01,2025-10,SUB,555546.15,221525127.29
PRG-MERIDIAN,Meridian Navigation Payload,SATELLITE,NS40,2025,11,2025-11-01,2025-11,DEP,29228.7,221525127.29
PRG-MERIDIAN,Meridian Navigation Payload,SATELLITE,NS40,2025,11,2025-11-01,2025-11,MAT,269926.19,221525127.29
PRG-MERIDIAN,Meridian Navigation Payload,SATELLITE,NS40,2025,11,2025-11-01,2025-11,OTH,5271.77,221525127.29
PRG-MERIDIAN,Meridian Navigation Payload,SATELLITE,NS40,2025,11,2025-11-01,2025-11,OVH,50519.56,221525127.29
PRG-MERIDIAN,Meridian Navigation Payload,SATELLITE,NS40,2025,11,2025-11-01,2025-11,PER,44651.74,221525127.29
PRG-MERIDIAN,Meridian Navigation Payload,SATELLITE,NS40,2025,11,2025-11-01,2025-11,SUB,499197.5,221525127.29
PRG-MERIDIAN,Meridian Navigation Payload,SATELLITE,NS40,2025,12,2025-12-01,2025-12,DEP,44966.8,221525127.29
PRG-MERIDIAN,Meridian Navigation Payload,SATELLITE,NS40,2025,12,2025-12-01,2025-12,MAT,324625.18,221525127.29
PRG-MERIDIAN,Meridian Navigation Payload,SATELLITE,NS40,2025,12,2025-12-01,2025-12,OTH,4543.06,221525127.29
PRG-MERIDIAN,Meridian Navigation Payload,SATELLITE,NS40,2025,12,2025-12-01,2025-12,OVH,45471.69,221525127.29
PRG-MERIDIAN,Meridian Navigation Payload,SATELLITE,NS40,2025,12,2025-12-01,2025-12,PER,66735.95,221525127.29
PRG-MERIDIAN,Meridian Navigation Payload,SATELLITE,NS40,2025,12,2025-12-01,2025-12,SUB,545217.07,221525127.29
PRG-MERIDIAN,Meridian Navigation Payload,SATELLITE,NS40,2025,13,2025-12-01,2025-12,MAT,8215.5,221525127.29
PRG-MERIDIAN,Meridian Navigation Payload,SATELLITE,NS40,2025,13,2025-12-01,2025-12,OTH,3901.18,221525127.29
PRG-MERIDIAN,Meridian Navigation Payload,SATELLITE,NS40,2025,13,2025-12-01,2025-12,OVH,4189.67,221525127.29
PRG-MERIDIAN,Meridian Navigation Payload,SATELLITE,NS40,2025,13,2025-12-01,2025-12,PER,7590.2,221525127.29
PRG-MERIDIAN,Meridian Navigation Payload,SATELLITE,NS40,2025,13,2025-12-01,2025-12,SUB,28029.3,221525127.29
PRG-MERIDIAN,Meridian Navigation Payload,SATELLITE,NS40,2025,14,2025-12-01,2025-12,MAT,6879.55,221525127.29
PRG-MERIDIAN,Meridian Navigation Payload,SATELLITE,NS40,2025,14,2025-12-01,2025-12,OTH,4220.33,221525127.29
PRG-MERIDIAN,Meridian Navigation Payload,SATELLITE,NS40,2025,14,2025-12-01,2025-12,OVH,3431.42,221525127.29
PRG-MERIDIAN,Meridian Navigation Payload,SATELLITE,NS40,2025,14,2025-12-01,2025-12,PER,11894.75,221525127.29
PRG-MERIDIAN,Meridian Navigation Payload,SATELLITE,NS40,2025,14,2025-12-01,2025-12,SUB,74370.42,221525127.29
PRG-MERIDIAN,Meridian Navigation Payload,SATELLITE,NS40,2026,1,2026-01-01,2026-01,DEP,42715.89,221525127.29
PRG-MERIDIAN,Meridian Navigation Payload,SATELLITE,NS40,2026,1,2026-01-01,2026-01,MAT,402488.14,221525127.29
PRG-MERIDIAN,Meridian Navigation Payload,SATELLITE,NS40,2026,1,2026-01-01,2026-01,OTH,1563.32,221525127.29
PRG-MERIDIAN,Meridian Navigation Payload,SATELLITE,NS40,2026,1,2026-01-01,2026-01,OVH,45265.73,221525127.29
PRG-MERIDIAN,Meridian Navigation Payload,SATELLITE,NS40,2026,1,2026-01-01,2026-01,PER,33029.12,221525127.29
PRG-MERIDIAN,Meridian Navigation Payload,SATELLITE,NS40,2026,1,2026-01-01,2026-01,SUB,665046.84,221525127.29
PRG-MERIDIAN,Meridian Navigation Payload,SATELLITE,NS40,2026,2,2026-02-01,2026-02,DEP,40967.4,221525127.29
PRG-MERIDIAN,Meridian Navigation Payload,SATELLITE,NS40,2026,2,2026-02-01,2026-02,MAT,374055.26,221525127.29
PRG-MERIDIAN,Meridian Navigation Payload,SATELLITE,NS40,2026,2,2026-02-01,2026-02,OTH,2821.56,221525127.29
PRG-MERIDIAN,Meridian Navigation Payload,SATELLITE,NS40,2026,2,2026-02-01,2026-02,OVH,28709.25,221525127.29
PRG-MERIDIAN,Meridian Navigation Payload,SATELLITE,NS40,2026,2,2026-02-01,2026-02,PER,30047.62,221525127.29
PRG-MERIDIAN,Meridian Navigation Payload,SATELLITE,NS40,2026,2,2026-02-01,2026-02,SUB,560354.92,221525127.29
PRG-MERIDIAN,Meridian Navigation Payload,SATELLITE,NS40,2026,3,2026-03-01,2026-03,DEP,36790.73,221525127.29
PRG-MERIDIAN,Meridian Navigation Payload,SATELLITE,NS40,2026,3,2026-03-01,2026-03,MAT,397182.63,221525127.29
PRG-MERIDIAN,Meridian Navigation Payload,SATELLITE,NS40,2026,3,2026-03-01,2026-03,OTH,2000.0,221525127.29
PRG-MERIDIAN,Meridian Navigation Payload,SATELLITE,NS40,2026,3,2026-03-01,2026-03,OVH,37872.38,221525127.29
PRG-MERIDIAN,Meridian Navigation Payload,SATELLITE,NS40,2026,3,2026-03-01,2026-03,PER,39853.11,221525127.29
PRG-MERIDIAN,Meridian Navigation Payload,SATELLITE,NS40,2026,3,2026-03-01,2026-03,SUB,502377.37,221525127.29
PRG-MERIDIAN,Meridian Navigation Payload,SATELLITE,NS40,2026,4,2026-04-01,2026-04,DEP,45013.72,221525127.29
PRG-MERIDIAN,Meridian Navigation Payload,SATELLITE,NS40,2026,4,2026-04-01,2026-04,MAT,333476.47,221525127.29
PRG-MERIDIAN,Meridian Navigation Payload,SATELLITE,NS40,2026,4,2026-04-01,2026-04,OTH,3649.29,221525127.29
PRG-MERIDIAN,Meridian Navigation Payload,SATELLITE,NS40,2026,4,2026-04-01,2026-04,OVH,32001.26,221525127.29
PRG-MERIDIAN,Meridian Navigation Payload,SATELLITE,NS40,2026,4,2026-04-01,2026-04,PER,31556.34,221525127.29
PRG-MERIDIAN,Meridian Navigation Payload,SATELLITE,NS40,2026,4,2026-04-01,2026-04,SUB,419436.01,221525127.29
PRG-MERIDIAN,Meridian Navigation Payload,SATELLITE,NS40,2026,5,2026-05-01,2026-05,DEP,51113.9,221525127.29
PRG-MERIDIAN,Meridian Navigation Payload,SATELLITE,NS40,2026,5,2026-05-01,2026-05,MAT,360856.22,221525127.29
PRG-MERIDIAN,Meridian Navigation Payload,SATELLITE,NS40,2026,5,2026-05-01,2026-05,OTH,722.21,221525127.29
PRG-MERIDIAN,Meridian Navigation Payload,SATELLITE,NS40,2026,5,2026-05-01,2026-05,OVH,32994.04,221525127.29
PRG-MERIDIAN,Meridian Navigation Payload,SATELLITE,NS40,2026,5,2026-05-01,2026-05,PER,51480.06,221525127.29
PRG-MERIDIAN,Meridian Navigation Payload,SATELLITE,NS40,2026,5,2026-05-01,2026-05,SUB,708284.1,221525127.29
PRG-MERIDIAN,Meridian Navigation Payload,SATELLITE,NS40,2026,6,2026-06-01,2026-06,DEP,33873.51,221525127.29
PRG-MERIDIAN,Meridian Navigation Payload,SATELLITE,NS40,2026,6,2026-06-01,2026-06,MAT,349189.38,221525127.29
PRG-MERIDIAN,Meridian Navigation Payload,SATELLITE,NS40,2026,6,2026-06-01,2026-06,OTH,4300.33,221525127.29
PRG-MERIDIAN,Meridian Navigation Payload,SATELLITE,NS40,2026,6,2026-06-01,2026-06,OVH,31726.0,221525127.29
PRG-MERIDIAN,Meridian Navigation Payload,SATELLITE,NS40,2026,6,2026-06-01,2026-06,PER,31511.34,221525127.29
PRG-MERIDIAN,Meridian Navigation Payload,SATELLITE,NS40,2026,6,2026-06-01,2026-06,SUB,561735.18,221525127.29
PRG-PHAROS,Pharos Optical Comms Demonstrator,TECHNOLOGY,NS10,2023,1,2023-01-01,2023-01,DEP,6539.44,13333534.93
PRG-PHAROS,Pharos Optical Comms Demonstrator,TECHNOLOGY,NS10,2023,1,2023-01-01,2023-01,MAT,30448.19,13333534.93
PRG-PHAROS,Pharos Optical Comms Demonstrator,TECHNOLOGY,NS10,2023,1,2023-01-01,2023-01,OTH,839.22,13333534.93
PRG-PHAROS,Pharos Optical Comms Demonstrator,TECHNOLOGY,NS10,2023,1,2023-01-01,2023-01,OVH,488.53,13333534.93
PRG-PHAROS,Pharos Optical Comms Demonstrator,TECHNOLOGY,NS10,2023,1,2023-01-01,2023-01,PER,1578.77,13333534.93
PRG-PHAROS,Pharos Optical Comms Demonstrator,TECHNOLOGY,NS10,2023,1,2023-01-01,2023-01,SUB,111149.41,13333534.93
PRG-PHAROS,Pharos Optical Comms Demonstrator,TECHNOLOGY,NS10,2023,2,2023-02-01,2023-02,DEP,7652.71,13333534.93
PRG-PHAROS,Pharos Optical Comms Demonstrator,TECHNOLOGY,NS10,2023,2,2023-02-01,2023-02,MAT,9707.15,13333534.93
PRG-PHAROS,Pharos Optical Comms Demonstrator,TECHNOLOGY,NS10,2023,2,2023-02-01,2023-02,OTH,699.49,13333534.93
PRG-PHAROS,Pharos Optical Comms Demonstrator,TECHNOLOGY,NS10,2023,2,2023-02-01,2023-02,OVH,4169.96,13333534.93
PRG-PHAROS,Pharos Optical Comms Demonstrator,TECHNOLOGY,NS10,2023,2,2023-02-01,2023-02,PER,837.37,13333534.93
PRG-PHAROS,Pharos Optical Comms Demonstrator,TECHNOLOGY,NS10,2023,2,2023-02-01,2023-02,SUB,48673.21,13333534.93
PRG-PHAROS,Pharos Optical Comms Demonstrator,TECHNOLOGY,NS10,2023,3,2023-03-01,2023-03,DEP,3422.43,13333534.93
PRG-PHAROS,Pharos Optical Comms Demonstrator,TECHNOLOGY,NS10,2023,3,2023-03-01,2023-03,MAT,33547.16,13333534.93
PRG-PHAROS,Pharos Optical Comms Demonstrator,TECHNOLOGY,NS10,2023,3,2023-03-01,2023-03,OVH,664.4,13333534.93
PRG-PHAROS,Pharos Optical Comms Demonstrator,TECHNOLOGY,NS10,2023,3,2023-03-01,2023-03,PER,1203.32,13333534.93
PRG-PHAROS,Pharos Optical Comms Demonstrator,TECHNOLOGY,NS10,2023,3,2023-03-01,2023-03,SUB,45334.7,13333534.93
PRG-PHAROS,Pharos Optical Comms Demonstrator,TECHNOLOGY,NS10,2023,4,2023-04-01,2023-04,DEP,2177.65,13333534.93
PRG-PHAROS,Pharos Optical Comms Demonstrator,TECHNOLOGY,NS10,2023,4,2023-04-01,2023-04,MAT,11195.3,13333534.93
PRG-PHAROS,Pharos Optical Comms Demonstrator,TECHNOLOGY,NS10,2023,4,2023-04-01,2023-04,OTH,1266.17,13333534.93
PRG-PHAROS,Pharos Optical Comms Demonstrator,TECHNOLOGY,NS10,2023,4,2023-04-01,2023-04,OVH,1150.79,13333534.93
PRG-PHAROS,Pharos Optical Comms Demonstrator,TECHNOLOGY,NS10,2023,4,2023-04-01,2023-04,PER,2503.18,13333534.93
PRG-PHAROS,Pharos Optical Comms Demonstrator,TECHNOLOGY,NS10,2023,4,2023-04-01,2023-04,SUB,59284.82,13333534.93
PRG-PHAROS,Pharos Optical Comms Demonstrator,TECHNOLOGY,NS10,2023,5,2023-05-01,2023-05,DEP,1751.09,13333534.93
PRG-PHAROS,Pharos Optical Comms Demonstrator,TECHNOLOGY,NS10,2023,5,2023-05-01,2023-05,MAT,18483.37,13333534.93
PRG-PHAROS,Pharos Optical Comms Demonstrator,TECHNOLOGY,NS10,2023,5,2023-05-01,2023-05,PER,2080.51,13333534.93
PRG-PHAROS,Pharos Optical Comms Demonstrator,TECHNOLOGY,NS10,2023,5,2023-05-01,2023-05,SUB,9568.46,13333534.93
PRG-PHAROS,Pharos Optical Comms Demonstrator,TECHNOLOGY,NS10,2023,6,2023-06-01,2023-06,DEP,4583.15,13333534.93
PRG-PHAROS,Pharos Optical Comms Demonstrator,TECHNOLOGY,NS10,2023,6,2023-06-01,2023-06,MAT,52497.13,13333534.93
PRG-PHAROS,Pharos Optical Comms Demonstrator,TECHNOLOGY,NS10,2023,6,2023-06-01,2023-06,OVH,3312.28,13333534.93
PRG-PHAROS,Pharos Optical Comms Demonstrator,TECHNOLOGY,NS10,2023,6,2023-06-01,2023-06,PER,903.8,13333534.93
PRG-PHAROS,Pharos Optical Comms Demonstrator,TECHNOLOGY,NS10,2023,6,2023-06-01,2023-06,SUB,61874.06,13333534.93
PRG-PHAROS,Pharos Optical Comms Demonstrator,TECHNOLOGY,NS10,2023,7,2023-07-01,2023-07,MAT,43108.16,13333534.93
PRG-PHAROS,Pharos Optical Comms Demonstrator,TECHNOLOGY,NS10,2023,7,2023-07-01,2023-07,OTH,268.56,13333534.93
PRG-PHAROS,Pharos Optical Comms Demonstrator,TECHNOLOGY,NS10,2023,7,2023-07-01,2023-07,OVH,1322.7,13333534.93
PRG-PHAROS,Pharos Optical Comms Demonstrator,TECHNOLOGY,NS10,2023,7,2023-07-01,2023-07,PER,521.74,13333534.93
PRG-PHAROS,Pharos Optical Comms Demonstrator,TECHNOLOGY,NS10,2023,7,2023-07-01,2023-07,SUB,71555.86,13333534.93
PRG-PHAROS,Pharos Optical Comms Demonstrator,TECHNOLOGY,NS10,2023,8,2023-08-01,2023-08,DEP,4444.05,13333534.93
PRG-PHAROS,Pharos Optical Comms Demonstrator,TECHNOLOGY,NS10,2023,8,2023-08-01,2023-08,MAT,34813.77,13333534.93
PRG-PHAROS,Pharos Optical Comms Demonstrator,TECHNOLOGY,NS10,2023,8,2023-08-01,2023-08,OVH,1050.46,13333534.93
PRG-PHAROS,Pharos Optical Comms Demonstrator,TECHNOLOGY,NS10,2023,8,2023-08-01,2023-08,PER,5010.59,13333534.93
PRG-PHAROS,Pharos Optical Comms Demonstrator,TECHNOLOGY,NS10,2023,8,2023-08-01,2023-08,SUB,35221.36,13333534.93
PRG-PHAROS,Pharos Optical Comms Demonstrator,TECHNOLOGY,NS10,2023,9,2023-09-01,2023-09,DEP,3772.11,13333534.93
PRG-PHAROS,Pharos Optical Comms Demonstrator,TECHNOLOGY,NS10,2023,9,2023-09-01,2023-09,MAT,28422.98,13333534.93
PRG-PHAROS,Pharos Optical Comms Demonstrator,TECHNOLOGY,NS10,2023,9,2023-09-01,2023-09,OTH,335.67,13333534.93
PRG-PHAROS,Pharos Optical Comms Demonstrator,TECHNOLOGY,NS10,2023,9,2023-09-01,2023-09,OVH,2951.22,13333534.93
PRG-PHAROS,Pharos Optical Comms Demonstrator,TECHNOLOGY,NS10,2023,9,2023-09-01,2023-09,PER,2095.63,13333534.93
PRG-PHAROS,Pharos Optical Comms Demonstrator,TECHNOLOGY,NS10,2023,9,2023-09-01,2023-09,SUB,84950.97,13333534.93
PRG-PHAROS,Pharos Optical Comms Demonstrator,TECHNOLOGY,NS10,2023,10,2023-10-01,2023-10,MAT,32560.8,13333534.93
PRG-PHAROS,Pharos Optical Comms Demonstrator,TECHNOLOGY,NS10,2023,10,2023-10-01,2023-10,OVH,1635.15,13333534.93
PRG-PHAROS,Pharos Optical Comms Demonstrator,TECHNOLOGY,NS10,2023,10,2023-10-01,2023-10,PER,3765.03,13333534.93
PRG-PHAROS,Pharos Optical Comms Demonstrator,TECHNOLOGY,NS10,2023,10,2023-10-01,2023-10,SUB,13528.07,13333534.93
PRG-PHAROS,Pharos Optical Comms Demonstrator,TECHNOLOGY,NS10,2023,11,2023-11-01,2023-11,DEP,3859.3,13333534.93
PRG-PHAROS,Pharos Optical Comms Demonstrator,TECHNOLOGY,NS10,2023,11,2023-11-01,2023-11,MAT,30349.66,13333534.93
PRG-PHAROS,Pharos Optical Comms Demonstrator,TECHNOLOGY,NS10,2023,11,2023-11-01,2023-11,OTH,312.75,13333534.93
PRG-PHAROS,Pharos Optical Comms Demonstrator,TECHNOLOGY,NS10,2023,11,2023-11-01,2023-11,OVH,491.72,13333534.93
PRG-PHAROS,Pharos Optical Comms Demonstrator,TECHNOLOGY,NS10,2023,11,2023-11-01,2023-11,PER,4891.09,13333534.93
PRG-PHAROS,Pharos Optical Comms Demonstrator,TECHNOLOGY,NS10,2023,11,2023-11-01,2023-11,SUB,25449.94,13333534.93
PRG-PHAROS,Pharos Optical Comms Demonstrator,TECHNOLOGY,NS10,2023,12,2023-12-01,2023-12,DEP,2905.9,13333534.93
PRG-PHAROS,Pharos Optical Comms Demonstrator,TECHNOLOGY,NS10,2023,12,2023-12-01,2023-12,MAT,35080.09,13333534.93
PRG-PHAROS,Pharos Optical Comms Demonstrator,TECHNOLOGY,NS10,2023,12,2023-12-01,2023-12,OVH,960.46,13333534.93
PRG-PHAROS,Pharos Optical Comms Demonstrator,TECHNOLOGY,NS10,2023,12,2023-12-01,2023-12,PER,6643.17,13333534.93
PRG-PHAROS,Pharos Optical Comms Demonstrator,TECHNOLOGY,NS10,2023,12,2023-12-01,2023-12,SUB,54841.57,13333534.93
PRG-PHAROS,Pharos Optical Comms Demonstrator,TECHNOLOGY,NS10,2023,13,2023-12-01,2023-12,OTH,1314.28,13333534.93
PRG-PHAROS,Pharos Optical Comms Demonstrator,TECHNOLOGY,NS10,2023,14,2023-12-01,2023-12,OTH,175.03,13333534.93
PRG-PHAROS,Pharos Optical Comms Demonstrator,TECHNOLOGY,NS10,2023,14,2023-12-01,2023-12,PER,1163.75,13333534.93
PRG-PHAROS,Pharos Optical Comms Demonstrator,TECHNOLOGY,NS10,2023,14,2023-12-01,2023-12,SUB,19602.91,13333534.93
PRG-PHAROS,Pharos Optical Comms Demonstrator,TECHNOLOGY,NS10,2024,1,2024-01-01,2024-01,DEP,4133.52,13333534.93
PRG-PHAROS,Pharos Optical Comms Demonstrator,TECHNOLOGY,NS10,2024,1,2024-01-01,2024-01,MAT,62586.98,13333534.93
PRG-PHAROS,Pharos Optical Comms Demonstrator,TECHNOLOGY,NS10,2024,1,2024-01-01,2024-01,OVH,581.14,13333534.93
PRG-PHAROS,Pharos Optical Comms Demonstrator,TECHNOLOGY,NS10,2024,1,2024-01-01,2024-01,PER,1688.88,13333534.93
PRG-PHAROS,Pharos Optical Comms Demonstrator,TECHNOLOGY,NS10,2024,1,2024-01-01,2024-01,SUB,33993.03,13333534.93
PRG-PHAROS,Pharos Optical Comms Demonstrator,TECHNOLOGY,NS10,2024,2,2024-02-01,2024-02,DEP,3867.52,13333534.93
PRG-PHAROS,Pharos Optical Comms Demonstrator,TECHNOLOGY,NS10,2024,2,2024-02-01,2024-02,MAT,21662.74,13333534.93
PRG-PHAROS,Pharos Optical Comms Demonstrator,TECHNOLOGY,NS10,2024,2,2024-02-01,2024-02,PER,5714.31,13333534.93
PRG-PHAROS,Pharos Optical Comms Demonstrator,TECHNOLOGY,NS10,2024,2,2024-02-01,2024-02,SUB,7238.9,13333534.93
PRG-PHAROS,Pharos Optical Comms Demonstrator,TECHNOLOGY,NS10,2024,3,2024-03-01,2024-03,DEP,1808.88,13333534.93
PRG-PHAROS,Pharos Optical Comms Demonstrator,TECHNOLOGY,NS10,2024,3,2024-03-01,2024-03,MAT,22419.09,13333534.93
PRG-PHAROS,Pharos Optical Comms Demonstrator,TECHNOLOGY,NS10,2024,3,2024-03-01,2024-03,OVH,2207.19,13333534.93
PRG-PHAROS,Pharos Optical Comms Demonstrator,TECHNOLOGY,NS10,2024,3,2024-03-01,2024-03,PER,5149.25,13333534.93
PRG-PHAROS,Pharos Optical Comms Demonstrator,TECHNOLOGY,NS10,2024,3,2024-03-01,2024-03,SUB,30035.35,13333534.93
PRG-PHAROS,Pharos Optical Comms Demonstrator,TECHNOLOGY,NS10,2024,4,2024-04-01,2024-04,DEP,7437.9,13333534.93
PRG-PHAROS,Pharos Optical Comms Demonstrator,TECHNOLOGY,NS10,2024,4,2024-04-01,2024-04,MAT,15343.94,13333534.93
PRG-PHAROS,Pharos Optical Comms Demonstrator,TECHNOLOGY,NS10,2024,4,2024-04-01,2024-04,OVH,4697.64,13333534.93
PRG-PHAROS,Pharos Optical Comms Demonstrator,TECHNOLOGY,NS10,2024,4,2024-04-01,2024-04,PER,916.45,13333534.93
PRG-PHAROS,Pharos Optical Comms Demonstrator,TECHNOLOGY,NS10,2024,4,2024-04-01,2024-04,SUB,-1092.35,13333534.93
PRG-PHAROS,Pharos Optical Comms Demonstrator,TECHNOLOGY,NS10,2024,5,2024-05-01,2024-05,DEP,1397.6,13333534.93
PRG-PHAROS,Pharos Optical Comms Demonstrator,TECHNOLOGY,NS10,2024,5,2024-05-01,2024-05,MAT,17310.26,13333534.93
PRG-PHAROS,Pharos Optical Comms Demonstrator,TECHNOLOGY,NS10,2024,5,2024-05-01,2024-05,OTH,1371.18,13333534.93
PRG-PHAROS,Pharos Optical Comms Demonstrator,TECHNOLOGY,NS10,2024,5,2024-05-01,2024-05,OVH,900.32,13333534.93
PRG-PHAROS,Pharos Optical Comms Demonstrator,TECHNOLOGY,NS10,2024,5,2024-05-01,2024-05,PER,4716.16,13333534.93
PRG-PHAROS,Pharos Optical Comms Demonstrator,TECHNOLOGY,NS10,2024,5,2024-05-01,2024-05,SUB,37452.1,13333534.93
PRG-PHAROS,Pharos Optical Comms Demonstrator,TECHNOLOGY,NS10,2024,6,2024-06-01,2024-06,DEP,2138.8,13333534.93
PRG-PHAROS,Pharos Optical Comms Demonstrator,TECHNOLOGY,NS10,2024,6,2024-06-01,2024-06,MAT,25962.93,13333534.93
PRG-PHAROS,Pharos Optical Comms Demonstrator,TECHNOLOGY,NS10,2024,6,2024-06-01,2024-06,OTH,456.73,13333534.93
PRG-PHAROS,Pharos Optical Comms Demonstrator,TECHNOLOGY,NS10,2024,6,2024-06-01,2024-06,OVH,1196.51,13333534.93
PRG-PHAROS,Pharos Optical Comms Demonstrator,TECHNOLOGY,NS10,2024,6,2024-06-01,2024-06,PER,3625.15,13333534.93
PRG-PHAROS,Pharos Optical Comms Demonstrator,TECHNOLOGY,NS10,2024,6,2024-06-01,2024-06,SUB,29352.65,13333534.93
PRG-PHAROS,Pharos Optical Comms Demonstrator,TECHNOLOGY,NS10,2024,7,2024-07-01,2024-07,DEP,7888.41,13333534.93
PRG-PHAROS,Pharos Optical Comms Demonstrator,TECHNOLOGY,NS10,2024,7,2024-07-01,2024-07,MAT,20326.41,13333534.93
PRG-PHAROS,Pharos Optical Comms Demonstrator,TECHNOLOGY,NS10,2024,7,2024-07-01,2024-07,OTH,314.94,13333534.93
PRG-PHAROS,Pharos Optical Comms Demonstrator,TECHNOLOGY,NS10,2024,7,2024-07-01,2024-07,OVH,1256.47,13333534.93
PRG-PHAROS,Pharos Optical Comms Demonstrator,TECHNOLOGY,NS10,2024,7,2024-07-01,2024-07,PER,1176.4,13333534.93
PRG-PHAROS,Pharos Optical Comms Demonstrator,TECHNOLOGY,NS10,2024,7,2024-07-01,2024-07,SUB,29599.96,13333534.93
PRG-PHAROS,Pharos Optical Comms Demonstrator,TECHNOLOGY,NS10,2024,8,2024-08-01,2024-08,MAT,19018.44,13333534.93
PRG-PHAROS,Pharos Optical Comms Demonstrator,TECHNOLOGY,NS10,2024,8,2024-08-01,2024-08,OTH,-314.94,13333534.93
PRG-PHAROS,Pharos Optical Comms Demonstrator,TECHNOLOGY,NS10,2024,8,2024-08-01,2024-08,OVH,1384.61,13333534.93
PRG-PHAROS,Pharos Optical Comms Demonstrator,TECHNOLOGY,NS10,2024,8,2024-08-01,2024-08,PER,5719.87,13333534.93
PRG-PHAROS,Pharos Optical Comms Demonstrator,TECHNOLOGY,NS10,2024,8,2024-08-01,2024-08,SUB,48162.54,13333534.93
PRG-PHAROS,Pharos Optical Comms Demonstrator,TECHNOLOGY,NS10,2024,9,2024-09-01,2024-09,DEP,2511.08,13333534.93
PRG-PHAROS,Pharos Optical Comms Demonstrator,TECHNOLOGY,NS10,2024,9,2024-09-01,2024-09,MAT,9484.72,13333534.93
PRG-PHAROS,Pharos Optical Comms Demonstrator,TECHNOLOGY,NS10,2024,9,2024-09-01,2024-09,OVH,4056.74,13333534.93
PRG-PHAROS,Pharos Optical Comms Demonstrator,TECHNOLOGY,NS10,2024,9,2024-09-01,2024-09,PER,1618.3,13333534.93
PRG-PHAROS,Pharos Optical Comms Demonstrator,TECHNOLOGY,NS10,2024,9,2024-09-01,2024-09,SUB,45500.96,13333534.93
PRG-PHAROS,Pharos Optical Comms Demonstrator,TECHNOLOGY,NS10,2024,10,2024-10-01,2024-10,MAT,12045.3,13333534.93
PRG-PHAROS,Pharos Optical Comms Demonstrator,TECHNOLOGY,NS10,2024,10,2024-10-01,2024-10,OTH,335.41,13333534.93
PRG-PHAROS,Pharos Optical Comms Demonstrator,TECHNOLOGY,NS10,2024,10,2024-10-01,2024-10,OVH,4102.43,13333534.93
PRG-PHAROS,Pharos Optical Comms Demonstrator,TECHNOLOGY,NS10,2024,10,2024-10-01,2024-10,PER,787.97,13333534.93
PRG-PHAROS,Pharos Optical Comms Demonstrator,TECHNOLOGY,NS10,2024,11,2024-11-01,2024-11,DEP,4165.82,13333534.93
PRG-PHAROS,Pharos Optical Comms Demonstrator,TECHNOLOGY,NS10,2024,11,2024-11-01,2024-11,MAT,34595.66,13333534.93
PRG-PHAROS,Pharos Optical Comms Demonstrator,TECHNOLOGY,NS10,2024,11,2024-11-01,2024-11,OTH,418.41,13333534.93
PRG-PHAROS,Pharos Optical Comms Demonstrator,TECHNOLOGY,NS10,2024,11,2024-11-01,2024-11,OVH,3004.96,13333534.93
PRG-PHAROS,Pharos Optical Comms Demonstrator,TECHNOLOGY,NS10,2024,11,2024-11-01,2024-11,PER,1712.58,13333534.93
PRG-PHAROS,Pharos Optical Comms Demonstrator,TECHNOLOGY,NS10,2024,11,2024-11-01,2024-11,SUB,74284.73,13333534.93
PRG-PHAROS,Pharos Optical Comms Demonstrator,TECHNOLOGY,NS10,2024,12,2024-12-01,2024-12,MAT,27348.53,13333534.93
PRG-PHAROS,Pharos Optical Comms Demonstrator,TECHNOLOGY,NS10,2024,12,2024-12-01,2024-12,PER,696.39,13333534.93
PRG-PHAROS,Pharos Optical Comms Demonstrator,TECHNOLOGY,NS10,2024,12,2024-12-01,2024-12,SUB,40508.38,13333534.93
PRG-PHAROS,Pharos Optical Comms Demonstrator,TECHNOLOGY,NS10,2024,13,2024-12-01,2024-12,PER,1661.36,13333534.93
PRG-PHAROS,Pharos Optical Comms Demonstrator,TECHNOLOGY,NS10,2024,13,2024-12-01,2024-12,SUB,3865.06,13333534.93
PRG-PHAROS,Pharos Optical Comms Demonstrator,TECHNOLOGY,NS10,2025,1,2025-01-01,2025-01,MAT,48838.23,13333534.93
PRG-PHAROS,Pharos Optical Comms Demonstrator,TECHNOLOGY,NS10,2025,1,2025-01-01,2025-01,OTH,2707.04,13333534.93
PRG-PHAROS,Pharos Optical Comms Demonstrator,TECHNOLOGY,NS10,2025,1,2025-01-01,2025-01,OVH,1174.78,13333534.93
PRG-PHAROS,Pharos Optical Comms Demonstrator,TECHNOLOGY,NS10,2025,1,2025-01-01,2025-01,PER,5728.96,13333534.93
PRG-PHAROS,Pharos Optical Comms Demonstrator,TECHNOLOGY,NS10,2025,1,2025-01-01,2025-01,SUB,66356.35,13333534.93
PRG-PHAROS,Pharos Optical Comms Demonstrator,TECHNOLOGY,NS10,2025,2,2025-02-01,2025-02,MAT,23896.51,13333534.93
PRG-PHAROS,Pharos Optical Comms Demonstrator,TECHNOLOGY,NS10,2025,2,2025-02-01,2025-02,OVH,1549.8,13333534.93
PRG-PHAROS,Pharos Optical Comms Demonstrator,TECHNOLOGY,NS10,2025,2,2025-02-01,2025-02,PER,6079.26,13333534.93
PRG-PHAROS,Pharos Optical Comms Demonstrator,TECHNOLOGY,NS10,2025,2,2025-02-01,2025-02,SUB,72914.33,13333534.93
PRG-PHAROS,Pharos Optical Comms Demonstrator,TECHNOLOGY,NS10,2025,3,2025-03-01,2025-03,DEP,1669.2,13333534.93
PRG-PHAROS,Pharos Optical Comms Demonstrator,TECHNOLOGY,NS10,2025,3,2025-03-01,2025-03,MAT,21057.63,13333534.93
PRG-PHAROS,Pharos Optical Comms Demonstrator,TECHNOLOGY,NS10,2025,3,2025-03-01,2025-03,OTH,463.58,13333534.93
PRG-PHAROS,Pharos Optical Comms Demonstrator,TECHNOLOGY,NS10,2025,3,2025-03-01,2025-03,PER,4451.61,13333534.93
PRG-PHAROS,Pharos Optical Comms Demonstrator,TECHNOLOGY,NS10,2025,3,2025-03-01,2025-03,SUB,57866.1,13333534.93
PRG-PHAROS,Pharos Optical Comms Demonstrator,TECHNOLOGY,NS10,2025,4,2025-04-01,2025-04,DEP,10532.82,13333534.93
PRG-PHAROS,Pharos Optical Comms Demonstrator,TECHNOLOGY,NS10,2025,4,2025-04-01,2025-04,MAT,12361.94,13333534.93
PRG-PHAROS,Pharos Optical Comms Demonstrator,TECHNOLOGY,NS10,2025,4,2025-04-01,2025-04,OTH,1069.78,13333534.93
PRG-PHAROS,Pharos Optical Comms Demonstrator,TECHNOLOGY,NS10,2025,4,2025-04-01,2025-04,OVH,2550.33,13333534.93
PRG-PHAROS,Pharos Optical Comms Demonstrator,TECHNOLOGY,NS10,2025,4,2025-04-01,2025-04,PER,418.22,13333534.93
PRG-PHAROS,Pharos Optical Comms Demonstrator,TECHNOLOGY,NS10,2025,4,2025-04-01,2025-04,SUB,49653.25,13333534.93
PRG-PHAROS,Pharos Optical Comms Demonstrator,TECHNOLOGY,NS10,2025,5,2025-05-01,2025-05,MAT,13169.7,13333534.93
PRG-PHAROS,Pharos Optical Comms Demonstrator,TECHNOLOGY,NS10,2025,5,2025-05-01,2025-05,OVH,2568.11,13333534.93
PRG-PHAROS,Pharos Optical Comms Demonstrator,TECHNOLOGY,NS10,2025,5,2025-05-01,2025-05,PER,1737.05,13333534.93
PRG-PHAROS,Pharos Optical Comms Demonstrator,TECHNOLOGY,NS10,2025,5,2025-05-01,2025-05,SUB,53906.2,13333534.93
PRG-PHAROS,Pharos Optical Comms Demonstrator,TECHNOLOGY,NS10,2025,6,2025-06-01,2025-06,MAT,38795.65,13333534.93
PRG-PHAROS,Pharos Optical Comms Demonstrator,TECHNOLOGY,NS10,2025,6,2025-06-01,2025-06,OTH,1081.94,13333534.93
PRG-PHAROS,Pharos Optical Comms Demonstrator,TECHNOLOGY,NS10,2025,6,2025-06-01,2025-06,OVH,1116.24,13333534.93
PRG-PHAROS,Pharos Optical Comms Demonstrator,TECHNOLOGY,NS10,2025,6,2025-06-01,2025-06,PER,1389.93,13333534.93
PRG-PHAROS,Pharos Optical Comms Demonstrator,TECHNOLOGY,NS10,2025,6,2025-06-01,2025-06,SUB,41225.84,13333534.93
PRG-PHAROS,Pharos Optical Comms Demonstrator,TECHNOLOGY,NS10,2025,7,2025-07-01,2025-07,DEP,1977.54,13333534.93
PRG-PHAROS,Pharos Optical Comms Demonstrator,TECHNOLOGY,NS10,2025,7,2025-07-01,2025-07,MAT,18420.29,13333534.93
PRG-PHAROS,Pharos Optical Comms Demonstrator,TECHNOLOGY,NS10,2025,7,2025-07-01,2025-07,OTH,3283.46,13333534.93
PRG-PHAROS,Pharos Optical Comms Demonstrator,TECHNOLOGY,NS10,2025,7,2025-07-01,2025-07,OVH,1009.33,13333534.93
PRG-PHAROS,Pharos Optical Comms Demonstrator,TECHNOLOGY,NS10,2025,7,2025-07-01,2025-07,PER,6426.46,13333534.93
PRG-PHAROS,Pharos Optical Comms Demonstrator,TECHNOLOGY,NS10,2025,7,2025-07-01,2025-07,SUB,43720.96,13333534.93
PRG-PHAROS,Pharos Optical Comms Demonstrator,TECHNOLOGY,NS10,2025,8,2025-08-01,2025-08,MAT,24889.4,13333534.93
PRG-PHAROS,Pharos Optical Comms Demonstrator,TECHNOLOGY,NS10,2025,8,2025-08-01,2025-08,OTH,1021.35,13333534.93
PRG-PHAROS,Pharos Optical Comms Demonstrator,TECHNOLOGY,NS10,2025,8,2025-08-01,2025-08,OVH,1456.15,13333534.93
PRG-PHAROS,Pharos Optical Comms Demonstrator,TECHNOLOGY,NS10,2025,8,2025-08-01,2025-08,PER,3094.6,13333534.93
PRG-PHAROS,Pharos Optical Comms Demonstrator,TECHNOLOGY,NS10,2025,8,2025-08-01,2025-08,SUB,65015.53,13333534.93
PRG-PHAROS,Pharos Optical Comms Demonstrator,TECHNOLOGY,NS10,2025,9,2025-09-01,2025-09,DEP,4591.86,13333534.93
PRG-PHAROS,Pharos Optical Comms Demonstrator,TECHNOLOGY,NS10,2025,9,2025-09-01,2025-09,MAT,32533.14,13333534.93
PRG-PHAROS,Pharos Optical Comms Demonstrator,TECHNOLOGY,NS10,2025,9,2025-09-01,2025-09,OTH,1696.44,13333534.93
PRG-PHAROS,Pharos Optical Comms Demonstrator,TECHNOLOGY,NS10,2025,9,2025-09-01,2025-09,OVH,4832.74,13333534.93
PRG-PHAROS,Pharos Optical Comms Demonstrator,TECHNOLOGY,NS10,2025,9,2025-09-01,2025-09,PER,8812.01,13333534.93
PRG-PHAROS,Pharos Optical Comms Demonstrator,TECHNOLOGY,NS10,2025,9,2025-09-01,2025-09,SUB,47546.02,13333534.93
PRG-PHAROS,Pharos Optical Comms Demonstrator,TECHNOLOGY,NS10,2025,10,2025-10-01,2025-10,DEP,4755.68,13333534.93
PRG-PHAROS,Pharos Optical Comms Demonstrator,TECHNOLOGY,NS10,2025,10,2025-10-01,2025-10,MAT,16307.44,13333534.93
PRG-PHAROS,Pharos Optical Comms Demonstrator,TECHNOLOGY,NS10,2025,10,2025-10-01,2025-10,OTH,576.86,13333534.93
PRG-PHAROS,Pharos Optical Comms Demonstrator,TECHNOLOGY,NS10,2025,10,2025-10-01,2025-10,OVH,2928.21,13333534.93
PRG-PHAROS,Pharos Optical Comms Demonstrator,TECHNOLOGY,NS10,2025,10,2025-10-01,2025-10,PER,2524.37,13333534.93
PRG-PHAROS,Pharos Optical Comms Demonstrator,TECHNOLOGY,NS10,2025,10,2025-10-01,2025-10,SUB,48781.34,13333534.93
PRG-PHAROS,Pharos Optical Comms Demonstrator,TECHNOLOGY,NS10,2025,11,2025-11-01,2025-11,DEP,1645.5,13333534.93
PRG-PHAROS,Pharos Optical Comms Demonstrator,TECHNOLOGY,NS10,2025,11,2025-11-01,2025-11,MAT,25863.95,13333534.93
PRG-PHAROS,Pharos Optical Comms Demonstrator,TECHNOLOGY,NS10,2025,11,2025-11-01,2025-11,OTH,363.49,13333534.93
PRG-PHAROS,Pharos Optical Comms Demonstrator,TECHNOLOGY,NS10,2025,11,2025-11-01,2025-11,OVH,1485.79,13333534.93
PRG-PHAROS,Pharos Optical Comms Demonstrator,TECHNOLOGY,NS10,2025,11,2025-11-01,2025-11,PER,2677.23,13333534.93
PRG-PHAROS,Pharos Optical Comms Demonstrator,TECHNOLOGY,NS10,2025,11,2025-11-01,2025-11,SUB,44157.68,13333534.93
PRG-PHAROS,Pharos Optical Comms Demonstrator,TECHNOLOGY,NS10,2025,12,2025-12-01,2025-12,DEP,6861.41,13333534.93
PRG-PHAROS,Pharos Optical Comms Demonstrator,TECHNOLOGY,NS10,2025,12,2025-12-01,2025-12,MAT,13336.33,13333534.93
PRG-PHAROS,Pharos Optical Comms Demonstrator,TECHNOLOGY,NS10,2025,12,2025-12-01,2025-12,OTH,648.18,13333534.93
PRG-PHAROS,Pharos Optical Comms Demonstrator,TECHNOLOGY,NS10,2025,12,2025-12-01,2025-12,PER,3007.34,13333534.93
PRG-PHAROS,Pharos Optical Comms Demonstrator,TECHNOLOGY,NS10,2025,12,2025-12-01,2025-12,SUB,66578.41,13333534.93
PRG-PHAROS,Pharos Optical Comms Demonstrator,TECHNOLOGY,NS10,2025,13,2025-12-01,2025-12,OVH,1068.42,13333534.93
PRG-PHAROS,Pharos Optical Comms Demonstrator,TECHNOLOGY,NS10,2025,13,2025-12-01,2025-12,PER,521.49,13333534.93
PRG-PHAROS,Pharos Optical Comms Demonstrator,TECHNOLOGY,NS20,2023,1,2023-01-01,2023-01,DEP,3090.86,13333534.93
PRG-PHAROS,Pharos Optical Comms Demonstrator,TECHNOLOGY,NS20,2023,1,2023-01-01,2023-01,MAT,15108.54,13333534.93
PRG-PHAROS,Pharos Optical Comms Demonstrator,TECHNOLOGY,NS20,2023,1,2023-01-01,2023-01,OTH,2013.82,13333534.93
PRG-PHAROS,Pharos Optical Comms Demonstrator,TECHNOLOGY,NS20,2023,1,2023-01-01,2023-01,OVH,3347.68,13333534.93
PRG-PHAROS,Pharos Optical Comms Demonstrator,TECHNOLOGY,NS20,2023,1,2023-01-01,2023-01,PER,3262.66,13333534.93
PRG-PHAROS,Pharos Optical Comms Demonstrator,TECHNOLOGY,NS20,2023,1,2023-01-01,2023-01,SUB,78560.06,13333534.93
PRG-PHAROS,Pharos Optical Comms Demonstrator,TECHNOLOGY,NS20,2023,2,2023-02-01,2023-02,DEP,5198.52,13333534.93
PRG-PHAROS,Pharos Optical Comms Demonstrator,TECHNOLOGY,NS20,2023,2,2023-02-01,2023-02,MAT,35676.67,13333534.93
PRG-PHAROS,Pharos Optical Comms Demonstrator,TECHNOLOGY,NS20,2023,2,2023-02-01,2023-02,OTH,413.78,13333534.93
PRG-PHAROS,Pharos Optical Comms Demonstrator,TECHNOLOGY,NS20,2023,2,2023-02-01,2023-02,OVH,516.97,13333534.93
PRG-PHAROS,Pharos Optical Comms Demonstrator,TECHNOLOGY,NS20,2023,2,2023-02-01,2023-02,PER,8873.92,13333534.93
PRG-PHAROS,Pharos Optical Comms Demonstrator,TECHNOLOGY,NS20,2023,2,2023-02-01,2023-02,SUB,40127.37,13333534.93
PRG-PHAROS,Pharos Optical Comms Demonstrator,TECHNOLOGY,NS20,2023,3,2023-03-01,2023-03,DEP,9772.73,13333534.93
PRG-PHAROS,Pharos Optical Comms Demonstrator,TECHNOLOGY,NS20,2023,3,2023-03-01,2023-03,MAT,34145.45,13333534.93
PRG-PHAROS,Pharos Optical Comms Demonstrator,TECHNOLOGY,NS20,2023,3,2023-03-01,2023-03,OVH,7337.67,13333534.93
PRG-PHAROS,Pharos Optical Comms Demonstrator,TECHNOLOGY,NS20,2023,3,2023-03-01,2023-03,PER,2062.42,13333534.93
PRG-PHAROS,Pharos Optical Comms Demonstrator,TECHNOLOGY,NS20,2023,3,2023-03-01,2023-03,SUB,19863.22,13333534.93
PRG-PHAROS,Pharos Optical Comms Demonstrator,TECHNOLOGY,NS20,2023,4,2023-04-01,2023-04,DEP,3586.52,13333534.93
PRG-PHAROS,Pharos Optical Comms Demonstrator,TECHNOLOGY,NS20,2023,4,2023-04-01,2023-04,MAT,40546.76,13333534.93
PRG-PHAROS,Pharos Optical Comms Demonstrator,TECHNOLOGY,NS20,2023,4,2023-04-01,2023-04,OTH,2202.45,13333534.93
PRG-PHAROS,Pharos Optical Comms Demonstrator,TECHNOLOGY,NS20,2023,4,2023-04-01,2023-04,OVH,1099.55,13333534.93
PRG-PHAROS,Pharos Optical Comms Demonstrator,TECHNOLOGY,NS20,2023,4,2023-04-01,2023-04,PER,1857.85,13333534.93
PRG-PHAROS,Pharos Optical Comms Demonstrator,TECHNOLOGY,NS20,2023,4,2023-04-01,2023-04,SUB,48591.83,13333534.93
PRG-PHAROS,Pharos Optical Comms Demonstrator,TECHNOLOGY,NS20,2023,5,2023-05-01,2023-05,DEP,10455.39,13333534.93
PRG-PHAROS,Pharos Optical Comms Demonstrator,TECHNOLOGY,NS20,2023,5,2023-05-01,2023-05,MAT,44024.41,13333534.93
PRG-PHAROS,Pharos Optical Comms Demonstrator,TECHNOLOGY,NS20,2023,5,2023-05-01,2023-05,OTH,-1615.86,13333534.93
PRG-PHAROS,Pharos Optical Comms Demonstrator,TECHNOLOGY,NS20,2023,5,2023-05-01,2023-05,OVH,1666.58,13333534.93
PRG-PHAROS,Pharos Optical Comms Demonstrator,TECHNOLOGY,NS20,2023,5,2023-05-01,2023-05,PER,6633.44,13333534.93
PRG-PHAROS,Pharos Optical Comms Demonstrator,TECHNOLOGY,NS20,2023,5,2023-05-01,2023-05,SUB,116042.91,13333534.93
PRG-PHAROS,Pharos Optical Comms Demonstrator,TECHNOLOGY,NS20,2023,6,2023-06-01,2023-06,DEP,887.34,13333534.93
PRG-PHAROS,Pharos Optical Comms Demonstrator,TECHNOLOGY,NS20,2023,6,2023-06-01,2023-06,MAT,24250.51,13333534.93
PRG-PHAROS,Pharos Optical Comms Demonstrator,TECHNOLOGY,NS20,2023,6,2023-06-01,2023-06,OVH,3212.61,13333534.93
PRG-PHAROS,Pharos Optical Comms Demonstrator,TECHNOLOGY,NS20,2023,6,2023-06-01,2023-06,PER,97.23,13333534.93
PRG-PHAROS,Pharos Optical Comms Demonstrator,TECHNOLOGY,NS20,2023,6,2023-06-01,2023-06,SUB,82331.39,13333534.93
PRG-PHAROS,Pharos Optical Comms Demonstrator,TECHNOLOGY,NS20,2023,7,2023-07-01,2023-07,DEP,928.3,13333534.93
PRG-PHAROS,Pharos Optical Comms Demonstrator,TECHNOLOGY,NS20,2023,7,2023-07-01,2023-07,MAT,23702.09,13333534.93
PRG-PHAROS,Pharos Optical Comms Demonstrator,TECHNOLOGY,NS20,2023,7,2023-07-01,2023-07,OTH,2169.91,13333534.93
PRG-PHAROS,Pharos Optical Comms Demonstrator,TECHNOLOGY,NS20,2023,7,2023-07-01,2023-07,OVH,2752.39,13333534.93
PRG-PHAROS,Pharos Optical Comms Demonstrator,TECHNOLOGY,NS20,2023,7,2023-07-01,2023-07,SUB,62135.35,13333534.93
PRG-PHAROS,Pharos Optical Comms Demonstrator,TECHNOLOGY,NS20,2023,8,2023-08-01,2023-08,DEP,1324.8,13333534.93
PRG-PHAROS,Pharos Optical Comms Demonstrator,TECHNOLOGY,NS20,2023,8,2023-08-01,2023-08,MAT,14807.87,13333534.93
PRG-PHAROS,Pharos Optical Comms Demonstrator,TECHNOLOGY,NS20,2023,8,2023-08-01,2023-08,OTH,1067.43,13333534.93
PRG-PHAROS,Pharos Optical Comms Demonstrator,TECHNOLOGY,NS20,2023,8,2023-08-01,2023-08,OVH,4126.43,13333534.93
PRG-PHAROS,Pharos Optical Comms Demonstrator,TECHNOLOGY,NS20,2023,8,2023-08-01,2023-08,PER,4286.18,13333534.93
PRG-PHAROS,Pharos Optical Comms Demonstrator,TECHNOLOGY,NS20,2023,8,2023-08-01,2023-08,SUB,82070.26,13333534.93
PRG-PHAROS,Pharos Optical Comms Demonstrator,TECHNOLOGY,NS20,2023,9,2023-09-01,2023-09,DEP,7605.87,13333534.93
PRG-PHAROS,Pharos Optical Comms Demonstrator,TECHNOLOGY,NS20,2023,9,2023-09-01,2023-09,MAT,33920.43,13333534.93
PRG-PHAROS,Pharos Optical Comms Demonstrator,TECHNOLOGY,NS20,2023,9,2023-09-01,2023-09,OTH,-782.86,13333534.93
PRG-PHAROS,Pharos Optical Comms Demonstrator,TECHNOLOGY,NS20,2023,9,2023-09-01,2023-09,OVH,1197.3,13333534.93
PRG-PHAROS,Pharos Optical Comms Demonstrator,TECHNOLOGY,NS20,2023,9,2023-09-01,2023-09,PER,7304.41,13333534.93
PRG-PHAROS,Pharos Optical Comms Demonstrator,TECHNOLOGY,NS20,2023,9,2023-09-01,2023-09,SUB,28224.92,13333534.93
PRG-PHAROS,Pharos Optical Comms Demonstrator,TECHNOLOGY,NS20,2023,10,2023-10-01,2023-10,MAT,35129.8,13333534.93
PRG-PHAROS,Pharos Optical Comms Demonstrator,TECHNOLOGY,NS20,2023,10,2023-10-01,2023-10,OVH,4701.71,13333534.93
PRG-PHAROS,Pharos Optical Comms Demonstrator,TECHNOLOGY,NS20,2023,10,2023-10-01,2023-10,PER,2663.67,13333534.93
PRG-PHAROS,Pharos Optical Comms Demonstrator,TECHNOLOGY,NS20,2023,10,2023-10-01,2023-10,SUB,37356.3,13333534.93
PRG-PHAROS,Pharos Optical Comms Demonstrator,TECHNOLOGY,NS20,2023,11,2023-11-01,2023-11,DEP,1691.51,13333534.93
PRG-PHAROS,Pharos Optical Comms Demonstrator,TECHNOLOGY,NS20,2023,11,2023-11-01,2023-11,MAT,25708.97,13333534.93
PRG-PHAROS,Pharos Optical Comms Demonstrator,TECHNOLOGY,NS20,2023,11,2023-11-01,2023-11,OVH,-913.3,13333534.93
PRG-PHAROS,Pharos Optical Comms Demonstrator,TECHNOLOGY,NS20,2023,11,2023-11-01,2023-11,PER,4953.77,13333534.93
PRG-PHAROS,Pharos Optical Comms Demonstrator,TECHNOLOGY,NS20,2023,11,2023-11-01,2023-11,SUB,46338.44,13333534.93
PRG-PHAROS,Pharos Optical Comms Demonstrator,TECHNOLOGY,NS20,2023,12,2023-12-01,2023-12,DEP,2857.54,13333534.93
PRG-PHAROS,Pharos Optical Comms Demonstrator,TECHNOLOGY,NS20,2023,12,2023-12-01,2023-12,MAT,39435.38,13333534.93
PRG-PHAROS,Pharos Optical Comms Demonstrator,TECHNOLOGY,NS20,2023,12,2023-12-01,2023-12,OVH,1888.39,13333534.93
PRG-PHAROS,Pharos Optical Comms Demonstrator,TECHNOLOGY,NS20,2023,12,2023-12-01,2023-12,SUB,71311.78,13333534.93
PRG-PHAROS,Pharos Optical Comms Demonstrator,TECHNOLOGY,NS20,2023,13,2023-12-01,2023-12,OTH,825.36,13333534.93
PRG-PHAROS,Pharos Optical Comms Demonstrator,TECHNOLOGY,NS20,2023,13,2023-12-01,2023-12,OVH,405.98,13333534.93
PRG-PHAROS,Pharos Optical Comms Demonstrator,TECHNOLOGY,NS20,2023,14,2023-12-01,2023-12,MAT,2672.2,13333534.93
PRG-PHAROS,Pharos Optical Comms Demonstrator,TECHNOLOGY,NS20,2023,14,2023-12-01,2023-12,PER,2176.15,13333534.93
PRG-PHAROS,Pharos Optical Comms Demonstrator,TECHNOLOGY,NS20,2023,14,2023-12-01,2023-12,SUB,14372.48,13333534.93
PRG-PHAROS,Pharos Optical Comms Demonstrator,TECHNOLOGY,NS20,2024,1,2024-01-01,2024-01,MAT,36547.67,13333534.93
PRG-PHAROS,Pharos Optical Comms Demonstrator,TECHNOLOGY,NS20,2024,1,2024-01-01,2024-01,OTH,1221.92,13333534.93
PRG-PHAROS,Pharos Optical Comms Demonstrator,TECHNOLOGY,NS20,2024,1,2024-01-01,2024-01,OVH,2572.56,13333534.93
PRG-PHAROS,Pharos Optical Comms Demonstrator,TECHNOLOGY,NS20,2024,1,2024-01-01,2024-01,PER,6644.87,13333534.93
PRG-PHAROS,Pharos Optical Comms Demonstrator,TECHNOLOGY,NS20,2024,1,2024-01-01,2024-01,SUB,73713.07,13333534.93
PRG-PHAROS,Pharos Optical Comms Demonstrator,TECHNOLOGY,NS20,2024,2,2024-02-01,2024-02,DEP,6528.84,13333534.93
PRG-PHAROS,Pharos Optical Comms Demonstrator,TECHNOLOGY,NS20,2024,2,2024-02-01,2024-02,MAT,30990.82,13333534.93
PRG-PHAROS,Pharos Optical Comms Demonstrator,TECHNOLOGY,NS20,2024,2,2024-02-01,2024-02,OTH,14.51,13333534.93
PRG-PHAROS,Pharos Optical Comms Demonstrator,TECHNOLOGY,NS20,2024,2,2024-02-01,2024-02,OVH,3829.7,13333534.93
PRG-PHAROS,Pharos Optical Comms Demonstrator,TECHNOLOGY,NS20,2024,2,2024-02-01,2024-02,PER,5839.7,13333534.93
PRG-PHAROS,Pharos Optical Comms Demonstrator,TECHNOLOGY,NS20,2024,2,2024-02-01,2024-02,SUB,105205.75,13333534.93
PRG-PHAROS,Pharos Optical Comms Demonstrator,TECHNOLOGY,NS20,2024,3,2024-03-01,2024-03,DEP,10780.05,13333534.93
PRG-PHAROS,Pharos Optical Comms Demonstrator,TECHNOLOGY,NS20,2024,3,2024-03-01,2024-03,MAT,34606.57,13333534.93
PRG-PHAROS,Pharos Optical Comms Demonstrator,TECHNOLOGY,NS20,2024,3,2024-03-01,2024-03,OVH,2553.32,13333534.93
PRG-PHAROS,Pharos Optical Comms Demonstrator,TECHNOLOGY,NS20,2024,3,2024-03-01,2024-03,PER,2790.94,13333534.93
PRG-PHAROS,Pharos Optical Comms Demonstrator,TECHNOLOGY,NS20,2024,3,2024-03-01,2024-03,SUB,38619.63,13333534.93
PRG-PHAROS,Pharos Optical Comms Demonstrator,TECHNOLOGY,NS20,2024,4,2024-04-01,2024-04,DEP,4261.62,13333534.93
PRG-PHAROS,Pharos Optical Comms Demonstrator,TECHNOLOGY,NS20,2024,4,2024-04-01,2024-04,MAT,37158.9,13333534.93
PRG-PHAROS,Pharos Optical Comms Demonstrator,TECHNOLOGY,NS20,2024,4,2024-04-01,2024-04,OVH,3403.08,13333534.93
PRG-PHAROS,Pharos Optical Comms Demonstrator,TECHNOLOGY,NS20,2024,4,2024-04-01,2024-04,PER,5337.29,13333534.93
PRG-PHAROS,Pharos Optical Comms Demonstrator,TECHNOLOGY,NS20,2024,4,2024-04-01,2024-04,SUB,138989.88,13333534.93
PRG-PHAROS,Pharos Optical Comms Demonstrator,TECHNOLOGY,NS20,2024,5,2024-05-01,2024-05,DEP,1655.74,13333534.93
PRG-PHAROS,Pharos Optical Comms Demonstrator,TECHNOLOGY,NS20,2024,5,2024-05-01,2024-05,MAT,49833.39,13333534.93
PRG-PHAROS,Pharos Optical Comms Demonstrator,TECHNOLOGY,NS20,2024,5,2024-05-01,2024-05,OTH,1574.1,13333534.93
PRG-PHAROS,Pharos Optical Comms Demonstrator,TECHNOLOGY,NS20,2024,5,2024-05-01,2024-05,OVH,2179.81,13333534.93
PRG-PHAROS,Pharos Optical Comms Demonstrator,TECHNOLOGY,NS20,2024,5,2024-05-01,2024-05,PER,979.83,13333534.93
PRG-PHAROS,Pharos Optical Comms Demonstrator,TECHNOLOGY,NS20,2024,5,2024-05-01,2024-05,SUB,56847.05,13333534.93
PRG-PHAROS,Pharos Optical Comms Demonstrator,TECHNOLOGY,NS20,2024,6,2024-06-01,2024-06,DEP,10035.79,13333534.93
PRG-PHAROS,Pharos Optical Comms Demonstrator,TECHNOLOGY,NS20,2024,6,2024-06-01,2024-06,MAT,19328.89,13333534.93
PRG-PHAROS,Pharos Optical Comms Demonstrator,TECHNOLOGY,NS20,2024,6,2024-06-01,2024-06,OTH,-939.31,13333534.93
PRG-PHAROS,Pharos Optical Comms Demonstrator,TECHNOLOGY,NS20,2024,6,2024-06-01,2024-06,OVH,3535.08,13333534.93
PRG-PHAROS,Pharos Optical Comms Demonstrator,TECHNOLOGY,NS20,2024,6,2024-06-01,2024-06,PER,4255.12,13333534.93
PRG-PHAROS,Pharos Optical Comms Demonstrator,TECHNOLOGY,NS20,2024,6,2024-06-01,2024-06,SUB,101216.95,13333534.93
PRG-PHAROS,Pharos Optical Comms Demonstrator,TECHNOLOGY,NS20,2024,7,2024-07-01,2024-07,MAT,28593.11,13333534.93
PRG-PHAROS,Pharos Optical Comms Demonstrator,TECHNOLOGY,NS20,2024,7,2024-07-01,2024-07,OVH,908.82,13333534.93
PRG-PHAROS,Pharos Optical Comms Demonstrator,TECHNOLOGY,NS20,2024,7,2024-07-01,2024-07,PER,8278.35,13333534.93
PRG-PHAROS,Pharos Optical Comms Demonstrator,TECHNOLOGY,NS20,2024,7,2024-07-01,2024-07,SUB,35494.21,13333534.93
PRG-PHAROS,Pharos Optical Comms Demonstrator,TECHNOLOGY,NS20,2024,8,2024-08-01,2024-08,DEP,4950.93,13333534.93
PRG-PHAROS,Pharos Optical Comms Demonstrator,TECHNOLOGY,NS20,2024,8,2024-08-01,2024-08,MAT,36885.03,13333534.93
PRG-PHAROS,Pharos Optical Comms Demonstrator,TECHNOLOGY,NS20,2024,8,2024-08-01,2024-08,OTH,551.28,13333534.93
PRG-PHAROS,Pharos Optical Comms Demonstrator,TECHNOLOGY,NS20,2024,8,2024-08-01,2024-08,OVH,2816.15,13333534.93
PRG-PHAROS,Pharos Optical Comms Demonstrator,TECHNOLOGY,NS20,2024,8,2024-08-01,2024-08,PER,1718.99,13333534.93
PRG-PHAROS,Pharos Optical Comms Demonstrator,TECHNOLOGY,NS20,2024,8,2024-08-01,2024-08,SUB,63632.96,13333534.93
PRG-PHAROS,Pharos Optical Comms Demonstrator,TECHNOLOGY,NS20,2024,9,2024-09-01,2024-09,DEP,4085.9,13333534.93
PRG-PHAROS,Pharos Optical Comms Demonstrator,TECHNOLOGY,NS20,2024,9,2024-09-01,2024-09,MAT,15907.7,13333534.93
PRG-PHAROS,Pharos Optical Comms Demonstrator,TECHNOLOGY,NS20,2024,9,2024-09-01,2024-09,OTH,52.16,13333534.93
PRG-PHAROS,Pharos Optical Comms Demonstrator,TECHNOLOGY,NS20,2024,9,2024-09-01,2024-09,OVH,2348.61,13333534.93
PRG-PHAROS,Pharos Optical Comms Demonstrator,TECHNOLOGY,NS20,2024,9,2024-09-01,2024-09,PER,6944.27,13333534.93
PRG-PHAROS,Pharos Optical Comms Demonstrator,TECHNOLOGY,NS20,2024,9,2024-09-01,2024-09,SUB,89237.89,13333534.93
PRG-PHAROS,Pharos Optical Comms Demonstrator,TECHNOLOGY,NS20,2024,10,2024-10-01,2024-10,DEP,1894.51,13333534.93
PRG-PHAROS,Pharos Optical Comms Demonstrator,TECHNOLOGY,NS20,2024,10,2024-10-01,2024-10,MAT,60624.65,13333534.93
PRG-PHAROS,Pharos Optical Comms Demonstrator,TECHNOLOGY,NS20,2024,10,2024-10-01,2024-10,OTH,-380.37,13333534.93
PRG-PHAROS,Pharos Optical Comms Demonstrator,TECHNOLOGY,NS20,2024,10,2024-10-01,2024-10,OVH,2149.1,13333534.93
PRG-PHAROS,Pharos Optical Comms Demonstrator,TECHNOLOGY,NS20,2024,10,2024-10-01,2024-10,PER,9349.94,13333534.93
PRG-PHAROS,Pharos Optical Comms Demonstrator,TECHNOLOGY,NS20,2024,10,2024-10-01,2024-10,SUB,42086.6,13333534.93
PRG-PHAROS,Pharos Optical Comms Demonstrator,TECHNOLOGY,NS20,2024,11,2024-11-01,2024-11,DEP,1388.99,13333534.93
PRG-PHAROS,Pharos Optical Comms Demonstrator,TECHNOLOGY,NS20,2024,11,2024-11-01,2024-11,MAT,31469.76,13333534.93
PRG-PHAROS,Pharos Optical Comms Demonstrator,TECHNOLOGY,NS20,2024,11,2024-11-01,2024-11,OVH,2623.21,13333534.93
PRG-PHAROS,Pharos Optical Comms Demonstrator,TECHNOLOGY,NS20,2024,11,2024-11-01,2024-11,PER,614.08,13333534.93
PRG-PHAROS,Pharos Optical Comms Demonstrator,TECHNOLOGY,NS20,2024,11,2024-11-01,2024-11,SUB,68829.96,13333534.93
PRG-PHAROS,Pharos Optical Comms Demonstrator,TECHNOLOGY,NS20,2024,12,2024-12-01,2024-12,DEP,15064.41,13333534.93
PRG-PHAROS,Pharos Optical Comms Demonstrator,TECHNOLOGY,NS20,2024,12,2024-12-01,2024-12,MAT,36945.51,13333534.93
PRG-PHAROS,Pharos Optical Comms Demonstrator,TECHNOLOGY,NS20,2024,12,2024-12-01,2024-12,OVH,789.22,13333534.93
PRG-PHAROS,Pharos Optical Comms Demonstrator,TECHNOLOGY,NS20,2024,12,2024-12-01,2024-12,PER,7788.31,13333534.93
PRG-PHAROS,Pharos Optical Comms Demonstrator,TECHNOLOGY,NS20,2024,12,2024-12-01,2024-12,SUB,37295.57,13333534.93
PRG-PHAROS,Pharos Optical Comms Demonstrator,TECHNOLOGY,NS20,2024,13,2024-12-01,2024-12,OTH,4006.32,13333534.93
PRG-PHAROS,Pharos Optical Comms Demonstrator,TECHNOLOGY,NS20,2024,13,2024-12-01,2024-12,OVH,347.94,13333534.93
PRG-PHAROS,Pharos Optical Comms Demonstrator,TECHNOLOGY,NS20,2024,13,2024-12-01,2024-12,PER,4095.18,13333534.93
PRG-PHAROS,Pharos Optical Comms Demonstrator,TECHNOLOGY,NS20,2024,13,2024-12-01,2024-12,SUB,18450.41,13333534.93
PRG-PHAROS,Pharos Optical Comms Demonstrator,TECHNOLOGY,NS20,2024,14,2024-12-01,2024-12,OTH,2414.87,13333534.93
PRG-PHAROS,Pharos Optical Comms Demonstrator,TECHNOLOGY,NS20,2024,14,2024-12-01,2024-12,OVH,636.53,13333534.93
PRG-PHAROS,Pharos Optical Comms Demonstrator,TECHNOLOGY,NS20,2024,14,2024-12-01,2024-12,PER,2831.45,13333534.93
PRG-PHAROS,Pharos Optical Comms Demonstrator,TECHNOLOGY,NS20,2025,1,2025-01-01,2025-01,DEP,1580.69,13333534.93
PRG-PHAROS,Pharos Optical Comms Demonstrator,TECHNOLOGY,NS20,2025,1,2025-01-01,2025-01,MAT,23892.12,13333534.93
PRG-PHAROS,Pharos Optical Comms Demonstrator,TECHNOLOGY,NS20,2025,1,2025-01-01,2025-01,OVH,1661.34,13333534.93
PRG-PHAROS,Pharos Optical Comms Demonstrator,TECHNOLOGY,NS20,2025,1,2025-01-01,2025-01,PER,-1096.66,13333534.93
PRG-PHAROS,Pharos Optical Comms Demonstrator,TECHNOLOGY,NS20,2025,1,2025-01-01,2025-01,SUB,56174.46,13333534.93
PRG-PHAROS,Pharos Optical Comms Demonstrator,TECHNOLOGY,NS20,2025,2,2025-02-01,2025-02,MAT,64322.02,13333534.93
PRG-PHAROS,Pharos Optical Comms Demonstrator,TECHNOLOGY,NS20,2025,2,2025-02-01,2025-02,OTH,233.45,13333534.93
PRG-PHAROS,Pharos Optical Comms Demonstrator,TECHNOLOGY,NS20,2025,2,2025-02-01,2025-02,OVH,2569.59,13333534.93
PRG-PHAROS,Pharos Optical Comms Demonstrator,TECHNOLOGY,NS20,2025,2,2025-02-01,2025-02,PER,2532.36,13333534.93
PRG-PHAROS,Pharos Optical Comms Demonstrator,TECHNOLOGY,NS20,2025,2,2025-02-01,2025-02,SUB,65657.01,13333534.93
PRG-PHAROS,Pharos Optical Comms Demonstrator,TECHNOLOGY,NS20,2025,3,2025-03-01,2025-03,MAT,39809.49,13333534.93
PRG-PHAROS,Pharos Optical Comms Demonstrator,TECHNOLOGY,NS20,2025,3,2025-03-01,2025-03,OTH,-233.45,13333534.93
PRG-PHAROS,Pharos Optical Comms Demonstrator,TECHNOLOGY,NS20,2025,3,2025-03-01,2025-03,OVH,1155.1,13333534.93
PRG-PHAROS,Pharos Optical Comms Demonstrator,TECHNOLOGY,NS20,2025,3,2025-03-01,2025-03,PER,4030.74,13333534.93
PRG-PHAROS,Pharos Optical Comms Demonstrator,TECHNOLOGY,NS20,2025,3,2025-03-01,2025-03,SUB,51453.09,13333534.93
PRG-PHAROS,Pharos Optical Comms Demonstrator,TECHNOLOGY,NS20,2025,4,2025-04-01,2025-04,DEP,5036.67,13333534.93
PRG-PHAROS,Pharos Optical Comms Demonstrator,TECHNOLOGY,NS20,2025,4,2025-04-01,2025-04,MAT,30257.78,13333534.93
PRG-PHAROS,Pharos Optical Comms Demonstrator,TECHNOLOGY,NS20,2025,4,2025-04-01,2025-04,OTH,1069.08,13333534.93
PRG-PHAROS,Pharos Optical Comms Demonstrator,TECHNOLOGY,NS20,2025,4,2025-04-01,2025-04,OVH,4884.22,13333534.93
PRG-PHAROS,Pharos Optical Comms Demonstrator,TECHNOLOGY,NS20,2025,4,2025-04-01,2025-04,PER,6670.58,13333534.93
PRG-PHAROS,Pharos Optical Comms Demonstrator,TECHNOLOGY,NS20,2025,4,2025-04-01,2025-04,SUB,89201.1,13333534.93
PRG-PHAROS,Pharos Optical Comms Demonstrator,TECHNOLOGY,NS20,2025,5,2025-05-01,2025-05,DEP,7668.51,13333534.93
PRG-PHAROS,Pharos Optical Comms Demonstrator,TECHNOLOGY,NS20,2025,5,2025-05-01,2025-05,MAT,37726.1,13333534.93
PRG-PHAROS,Pharos Optical Comms Demonstrator,TECHNOLOGY,NS20,2025,5,2025-05-01,2025-05,OTH,143.53,13333534.93
PRG-PHAROS,Pharos Optical Comms Demonstrator,TECHNOLOGY,NS20,2025,5,2025-05-01,2025-05,OVH,1196.29,13333534.93
PRG-PHAROS,Pharos Optical Comms Demonstrator,TECHNOLOGY,NS20,2025,5,2025-05-01,2025-05,PER,3248.2,13333534.93
PRG-PHAROS,Pharos Optical Comms Demonstrator,TECHNOLOGY,NS20,2025,5,2025-05-01,2025-05,SUB,58291.95,13333534.93
PRG-PHAROS,Pharos Optical Comms Demonstrator,TECHNOLOGY,NS20,2025,6,2025-06-01,2025-06,DEP,1269.66,13333534.93
PRG-PHAROS,Pharos Optical Comms Demonstrator,TECHNOLOGY,NS20,2025,6,2025-06-01,2025-06,MAT,41234.18,13333534.93
PRG-PHAROS,Pharos Optical Comms Demonstrator,TECHNOLOGY,NS20,2025,6,2025-06-01,2025-06,OTH,416.29,13333534.93
PRG-PHAROS,Pharos Optical Comms Demonstrator,TECHNOLOGY,NS20,2025,6,2025-06-01,2025-06,OVH,1403.45,13333534.93
PRG-PHAROS,Pharos Optical Comms Demonstrator,TECHNOLOGY,NS20,2025,6,2025-06-01,2025-06,PER,1515.96,13333534.93
PRG-PHAROS,Pharos Optical Comms Demonstrator,TECHNOLOGY,NS20,2025,6,2025-06-01,2025-06,SUB,92836.84,13333534.93
PRG-PHAROS,Pharos Optical Comms Demonstrator,TECHNOLOGY,NS20,2025,7,2025-07-01,2025-07,DEP,5746.2,13333534.93
PRG-PHAROS,Pharos Optical Comms Demonstrator,TECHNOLOGY,NS20,2025,7,2025-07-01,2025-07,MAT,36007.48,13333534.93
PRG-PHAROS,Pharos Optical Comms Demonstrator,TECHNOLOGY,NS20,2025,7,2025-07-01,2025-07,OTH,684.71,13333534.93
PRG-PHAROS,Pharos Optical Comms Demonstrator,TECHNOLOGY,NS20,2025,7,2025-07-01,2025-07,OVH,2872.88,13333534.93
PRG-PHAROS,Pharos Optical Comms Demonstrator,TECHNOLOGY,NS20,2025,7,2025-07-01,2025-07,PER,10510.85,13333534.93
PRG-PHAROS,Pharos Optical Comms Demonstrator,TECHNOLOGY,NS20,2025,7,2025-07-01,2025-07,SUB,43473.85,13333534.93
PRG-PHAROS,Pharos Optical Comms Demonstrator,TECHNOLOGY,NS20,2025,8,2025-08-01,2025-08,DEP,3681.77,13333534.93
PRG-PHAROS,Pharos Optical Comms Demonstrator,TECHNOLOGY,NS20,2025,8,2025-08-01,2025-08,MAT,69293.08,13333534.93
PRG-PHAROS,Pharos Optical Comms Demonstrator,TECHNOLOGY,NS20,2025,8,2025-08-01,2025-08,OTH,232.91,13333534.93
PRG-PHAROS,Pharos Optical Comms Demonstrator,TECHNOLOGY,NS20,2025,8,2025-08-01,2025-08,OVH,3181.75,13333534.93
PRG-PHAROS,Pharos Optical Comms Demonstrator,TECHNOLOGY,NS20,2025,8,2025-08-01,2025-08,PER,1646.68,13333534.93
PRG-PHAROS,Pharos Optical Comms Demonstrator,TECHNOLOGY,NS20,2025,8,2025-08-01,2025-08,SUB,76399.98,13333534.93
PRG-PHAROS,Pharos Optical Comms Demonstrator,TECHNOLOGY,NS20,2025,9,2025-09-01,2025-09,DEP,8095.59,13333534.93
PRG-PHAROS,Pharos Optical Comms Demonstrator,TECHNOLOGY,NS20,2025,9,2025-09-01,2025-09,MAT,39528.62,13333534.93
PRG-PHAROS,Pharos Optical Comms Demonstrator,TECHNOLOGY,NS20,2025,9,2025-09-01,2025-09,OTH,792.18,13333534.93
PRG-PHAROS,Pharos Optical Comms Demonstrator,TECHNOLOGY,NS20,2025,9,2025-09-01,2025-09,OVH,3154.05,13333534.93
PRG-PHAROS,Pharos Optical Comms Demonstrator,TECHNOLOGY,NS20,2025,9,2025-09-01,2025-09,PER,5015.67,13333534.93
PRG-PHAROS,Pharos Optical Comms Demonstrator,TECHNOLOGY,NS20,2025,9,2025-09-01,2025-09,SUB,81459.48,13333534.93
PRG-PHAROS,Pharos Optical Comms Demonstrator,TECHNOLOGY,NS20,2025,10,2025-10-01,2025-10,DEP,1579.71,13333534.93
PRG-PHAROS,Pharos Optical Comms Demonstrator,TECHNOLOGY,NS20,2025,10,2025-10-01,2025-10,MAT,61816.21,13333534.93
PRG-PHAROS,Pharos Optical Comms Demonstrator,TECHNOLOGY,NS20,2025,10,2025-10-01,2025-10,OTH,-369.86,13333534.93
PRG-PHAROS,Pharos Optical Comms Demonstrator,TECHNOLOGY,NS20,2025,10,2025-10-01,2025-10,OVH,1818.62,13333534.93
PRG-PHAROS,Pharos Optical Comms Demonstrator,TECHNOLOGY,NS20,2025,10,2025-10-01,2025-10,PER,282.86,13333534.93
PRG-PHAROS,Pharos Optical Comms Demonstrator,TECHNOLOGY,NS20,2025,10,2025-10-01,2025-10,SUB,77592.25,13333534.93
PRG-PHAROS,Pharos Optical Comms Demonstrator,TECHNOLOGY,NS20,2025,11,2025-11-01,2025-11,DEP,2884.61,13333534.93
PRG-PHAROS,Pharos Optical Comms Demonstrator,TECHNOLOGY,NS20,2025,11,2025-11-01,2025-11,MAT,42449.93,13333534.93
PRG-PHAROS,Pharos Optical Comms Demonstrator,TECHNOLOGY,NS20,2025,11,2025-11-01,2025-11,OTH,180.2,13333534.93
PRG-PHAROS,Pharos Optical Comms Demonstrator,TECHNOLOGY,NS20,2025,11,2025-11-01,2025-11,OVH,4344.95,13333534.93
PRG-PHAROS,Pharos Optical Comms Demonstrator,TECHNOLOGY,NS20,2025,11,2025-11-01,2025-11,PER,3171.31,13333534.93
PRG-PHAROS,Pharos Optical Comms Demonstrator,TECHNOLOGY,NS20,2025,11,2025-11-01,2025-11,SUB,17646.91,13333534.93
PRG-PHAROS,Pharos Optical Comms Demonstrator,TECHNOLOGY,NS20,2025,12,2025-12-01,2025-12,DEP,6841.76,13333534.93
PRG-PHAROS,Pharos Optical Comms Demonstrator,TECHNOLOGY,NS20,2025,12,2025-12-01,2025-12,MAT,28435.42,13333534.93
PRG-PHAROS,Pharos Optical Comms Demonstrator,TECHNOLOGY,NS20,2025,12,2025-12-01,2025-12,OTH,376.07,13333534.93
PRG-PHAROS,Pharos Optical Comms Demonstrator,TECHNOLOGY,NS20,2025,12,2025-12-01,2025-12,OVH,-520.64,13333534.93
PRG-PHAROS,Pharos Optical Comms Demonstrator,TECHNOLOGY,NS20,2025,12,2025-12-01,2025-12,SUB,53713.9,13333534.93
PRG-PHAROS,Pharos Optical Comms Demonstrator,TECHNOLOGY,NS20,2025,13,2025-12-01,2025-12,OTH,180.8,13333534.93
PRG-PHAROS,Pharos Optical Comms Demonstrator,TECHNOLOGY,NS20,2025,13,2025-12-01,2025-12,OVH,923.89,13333534.93
PRG-PHAROS,Pharos Optical Comms Demonstrator,TECHNOLOGY,NS20,2025,13,2025-12-01,2025-12,PER,1850.21,13333534.93
PRG-PHAROS,Pharos Optical Comms Demonstrator,TECHNOLOGY,NS20,2025,14,2025-12-01,2025-12,MAT,3298.2,13333534.93
PRG-PHAROS,Pharos Optical Comms Demonstrator,TECHNOLOGY,NS20,2025,14,2025-12-01,2025-12,OVH,269.78,13333534.93
PRG-PHAROS,Pharos Optical Comms Demonstrator,TECHNOLOGY,NS20,2025,14,2025-12-01,2025-12,PER,808.76,13333534.93
PRG-PHAROS,Pharos Optical Comms Demonstrator,TECHNOLOGY,NS20,2026,1,2026-01-01,2026-01,OTH,-376.07,13333534.93
PRG-PHAROS,Pharos Optical Comms Demonstrator,TECHNOLOGY,NS30,2023,1,2023-01-01,2023-01,DEP,1305.22,13333534.93
PRG-PHAROS,Pharos Optical Comms Demonstrator,TECHNOLOGY,NS30,2023,1,2023-01-01,2023-01,MAT,72669.94,13333534.93
PRG-PHAROS,Pharos Optical Comms Demonstrator,TECHNOLOGY,NS30,2023,1,2023-01-01,2023-01,OTH,4092.73,13333534.93
PRG-PHAROS,Pharos Optical Comms Demonstrator,TECHNOLOGY,NS30,2023,1,2023-01-01,2023-01,OVH,1008.87,13333534.93
PRG-PHAROS,Pharos Optical Comms Demonstrator,TECHNOLOGY,NS30,2023,1,2023-01-01,2023-01,PER,3673.15,13333534.93
PRG-PHAROS,Pharos Optical Comms Demonstrator,TECHNOLOGY,NS30,2023,1,2023-01-01,2023-01,SUB,144302.48,13333534.93
PRG-PHAROS,Pharos Optical Comms Demonstrator,TECHNOLOGY,NS30,2023,2,2023-02-01,2023-02,DEP,1270.97,13333534.93
PRG-PHAROS,Pharos Optical Comms Demonstrator,TECHNOLOGY,NS30,2023,2,2023-02-01,2023-02,MAT,57512.74,13333534.93
PRG-PHAROS,Pharos Optical Comms Demonstrator,TECHNOLOGY,NS30,2023,2,2023-02-01,2023-02,OTH,113.98,13333534.93
PRG-PHAROS,Pharos Optical Comms Demonstrator,TECHNOLOGY,NS30,2023,2,2023-02-01,2023-02,OVH,3316.99,13333534.93
PRG-PHAROS,Pharos Optical Comms Demonstrator,TECHNOLOGY,NS30,2023,2,2023-02-01,2023-02,PER,11028.28,13333534.93
PRG-PHAROS,Pharos Optical Comms Demonstrator,TECHNOLOGY,NS30,2023,2,2023-02-01,2023-02,SUB,105137.13,13333534.93
PRG-PHAROS,Pharos Optical Comms Demonstrator,TECHNOLOGY,NS30,2023,3,2023-03-01,2023-03,DEP,23333.83,13333534.93
PRG-PHAROS,Pharos Optical Comms Demonstrator,TECHNOLOGY,NS30,2023,3,2023-03-01,2023-03,MAT,40798.96,13333534.93
PRG-PHAROS,Pharos Optical Comms Demonstrator,TECHNOLOGY,NS30,2023,3,2023-03-01,2023-03,OTH,566.37,13333534.93
PRG-PHAROS,Pharos Optical Comms Demonstrator,TECHNOLOGY,NS30,2023,3,2023-03-01,2023-03,OVH,2765.67,13333534.93
PRG-PHAROS,Pharos Optical Comms Demonstrator,TECHNOLOGY,NS30,2023,3,2023-03-01,2023-03,PER,13569.4,13333534.93
PRG-PHAROS,Pharos Optical Comms Demonstrator,TECHNOLOGY,NS30,2023,3,2023-03-01,2023-03,SUB,90915.9,13333534.93
PRG-PHAROS,Pharos Optical Comms Demonstrator,TECHNOLOGY,NS30,2023,4,2023-04-01,2023-04,DEP,4655.4,13333534.93
PRG-PHAROS,Pharos Optical Comms Demonstrator,TECHNOLOGY,NS30,2023,4,2023-04-01,2023-04,MAT,72774.42,13333534.93
PRG-PHAROS,Pharos Optical Comms Demonstrator,TECHNOLOGY,NS30,2023,4,2023-04-01,2023-04,OTH,781.89,13333534.93
PRG-PHAROS,Pharos Optical Comms Demonstrator,TECHNOLOGY,NS30,2023,4,2023-04-01,2023-04,OVH,4703.89,13333534.93
PRG-PHAROS,Pharos Optical Comms Demonstrator,TECHNOLOGY,NS30,2023,4,2023-04-01,2023-04,PER,1108.04,13333534.93
PRG-PHAROS,Pharos Optical Comms Demonstrator,TECHNOLOGY,NS30,2023,4,2023-04-01,2023-04,SUB,96378.42,13333534.93
PRG-PHAROS,Pharos Optical Comms Demonstrator,TECHNOLOGY,NS30,2023,5,2023-05-01,2023-05,DEP,3207.9,13333534.93
PRG-PHAROS,Pharos Optical Comms Demonstrator,TECHNOLOGY,NS30,2023,5,2023-05-01,2023-05,MAT,65453.55,13333534.93
PRG-PHAROS,Pharos Optical Comms Demonstrator,TECHNOLOGY,NS30,2023,5,2023-05-01,2023-05,OTH,-412.95,13333534.93
PRG-PHAROS,Pharos Optical Comms Demonstrator,TECHNOLOGY,NS30,2023,5,2023-05-01,2023-05,OVH,2905.09,13333534.93
PRG-PHAROS,Pharos Optical Comms Demonstrator,TECHNOLOGY,NS30,2023,5,2023-05-01,2023-05,PER,7135.51,13333534.93
PRG-PHAROS,Pharos Optical Comms Demonstrator,TECHNOLOGY,NS30,2023,5,2023-05-01,2023-05,SUB,37550.22,13333534.93
PRG-PHAROS,Pharos Optical Comms Demonstrator,TECHNOLOGY,NS30,2023,6,2023-06-01,2023-06,DEP,12678.91,13333534.93
PRG-PHAROS,Pharos Optical Comms Demonstrator,TECHNOLOGY,NS30,2023,6,2023-06-01,2023-06,MAT,30594.39,13333534.93
PRG-PHAROS,Pharos Optical Comms Demonstrator,TECHNOLOGY,NS30,2023,6,2023-06-01,2023-06,OTH,-507.2,13333534.93
PRG-PHAROS,Pharos Optical Comms Demonstrator,TECHNOLOGY,NS30,2023,6,2023-06-01,2023-06,OVH,3837.66,13333534.93
PRG-PHAROS,Pharos Optical Comms Demonstrator,TECHNOLOGY,NS30,2023,6,2023-06-01,2023-06,PER,2016.3,13333534.93
PRG-PHAROS,Pharos Optical Comms Demonstrator,TECHNOLOGY,NS30,2023,6,2023-06-01,2023-06,SUB,79701.23,13333534.93
PRG-PHAROS,Pharos Optical Comms Demonstrator,TECHNOLOGY,NS30,2023,7,2023-07-01,2023-07,DEP,7970.88,13333534.93
PRG-PHAROS,Pharos Optical Comms Demonstrator,TECHNOLOGY,NS30,2023,7,2023-07-01,2023-07,MAT,21488.89,13333534.93
PRG-PHAROS,Pharos Optical Comms Demonstrator,TECHNOLOGY,NS30,2023,7,2023-07-01,2023-07,OTH,688.4,13333534.93
PRG-PHAROS,Pharos Optical Comms Demonstrator,TECHNOLOGY,NS30,2023,7,2023-07-01,2023-07,OVH,-657.66,13333534.93
PRG-PHAROS,Pharos Optical Comms Demonstrator,TECHNOLOGY,NS30,2023,7,2023-07-01,2023-07,PER,3286.2,13333534.93
PRG-PHAROS,Pharos Optical Comms Demonstrator,TECHNOLOGY,NS30,2023,7,2023-07-01,2023-07,SUB,84384.25,13333534.93
PRG-PHAROS,Pharos Optical Comms Demonstrator,TECHNOLOGY,NS30,2023,8,2023-08-01,2023-08,MAT,63576.17,13333534.93
PRG-PHAROS,Pharos Optical Comms Demonstrator,TECHNOLOGY,NS30,2023,8,2023-08-01,2023-08,OTH,2459.07,13333534.93
PRG-PHAROS,Pharos Optical Comms Demonstrator,TECHNOLOGY,NS30,2023,8,2023-08-01,2023-08,OVH,10036.62,13333534.93
PRG-PHAROS,Pharos Optical Comms Demonstrator,TECHNOLOGY,NS30,2023,8,2023-08-01,2023-08,PER,12457.2,13333534.93
PRG-PHAROS,Pharos Optical Comms Demonstrator,TECHNOLOGY,NS30,2023,8,2023-08-01,2023-08,SUB,107483.11,13333534.93
PRG-PHAROS,Pharos Optical Comms Demonstrator,TECHNOLOGY,NS30,2023,9,2023-09-01,2023-09,DEP,1716.48,13333534.93
PRG-PHAROS,Pharos Optical Comms Demonstrator,TECHNOLOGY,NS30,2023,9,2023-09-01,2023-09,MAT,37463.69,13333534.93
PRG-PHAROS,Pharos Optical Comms Demonstrator,TECHNOLOGY,NS30,2023,9,2023-09-01,2023-09,OTH,963.26,13333534.93
PRG-PHAROS,Pharos Optical Comms Demonstrator,TECHNOLOGY,NS30,2023,9,2023-09-01,2023-09,OVH,2923.63,13333534.93
PRG-PHAROS,Pharos Optical Comms Demonstrator,TECHNOLOGY,NS30,2023,9,2023-09-01,2023-09,PER,5059.13,13333534.93
PRG-PHAROS,Pharos Optical Comms Demonstrator,TECHNOLOGY,NS30,2023,9,2023-09-01,2023-09,SUB,102761.72,13333534.93
PRG-PHAROS,Pharos Optical Comms Demonstrator,TECHNOLOGY,NS30,2023,10,2023-10-01,2023-10,DEP,7408.33,13333534.93
PRG-PHAROS,Pharos Optical Comms Demonstrator,TECHNOLOGY,NS30,2023,10,2023-10-01,2023-10,MAT,69361.89,13333534.93
PRG-PHAROS,Pharos Optical Comms Demonstrator,TECHNOLOGY,NS30,2023,10,2023-10-01,2023-10,OTH,-330.69,13333534.93
PRG-PHAROS,Pharos Optical Comms Demonstrator,TECHNOLOGY,NS30,2023,10,2023-10-01,2023-10,OVH,8778.29,13333534.93
PRG-PHAROS,Pharos Optical Comms Demonstrator,TECHNOLOGY,NS30,2023,10,2023-10-01,2023-10,PER,6877.73,13333534.93
PRG-PHAROS,Pharos Optical Comms Demonstrator,TECHNOLOGY,NS30,2023,10,2023-10-01,2023-10,SUB,73005.68,13333534.93
PRG-PHAROS,Pharos Optical Comms Demonstrator,TECHNOLOGY,NS30,2023,11,2023-11-01,2023-11,DEP,7894.3,13333534.93
PRG-PHAROS,Pharos Optical Comms Demonstrator,TECHNOLOGY,NS30,2023,11,2023-11-01,2023-11,MAT,42474.69,13333534.93
PRG-PHAROS,Pharos Optical Comms Demonstrator,TECHNOLOGY,NS30,2023,11,2023-11-01,2023-11,OTH,4161.79,13333534.93
PRG-PHAROS,Pharos Optical Comms Demonstrator,TECHNOLOGY,NS30,2023,11,2023-11-01,2023-11,OVH,4074.69,13333534.93
PRG-PHAROS,Pharos Optical Comms Demonstrator,TECHNOLOGY,NS30,2023,11,2023-11-01,2023-11,PER,13318.72,13333534.93
PRG-PHAROS,Pharos Optical Comms Demonstrator,TECHNOLOGY,NS30,2023,11,2023-11-01,2023-11,SUB,77641.29,13333534.93
PRG-PHAROS,Pharos Optical Comms Demonstrator,TECHNOLOGY,NS30,2023,12,2023-12-01,2023-12,DEP,7735.51,13333534.93
PRG-PHAROS,Pharos Optical Comms Demonstrator,TECHNOLOGY,NS30,2023,12,2023-12-01,2023-12,MAT,68714.23,13333534.93
PRG-PHAROS,Pharos Optical Comms Demonstrator,TECHNOLOGY,NS30,2023,12,2023-12-01,2023-12,OTH,1067.43,13333534.93
PRG-PHAROS,Pharos Optical Comms Demonstrator,TECHNOLOGY,NS30,2023,12,2023-12-01,2023-12,OVH,633.11,13333534.93
PRG-PHAROS,Pharos Optical Comms Demonstrator,TECHNOLOGY,NS30,2023,12,2023-12-01,2023-12,PER,3994.67,13333534.93
PRG-PHAROS,Pharos Optical Comms Demonstrator,TECHNOLOGY,NS30,2023,12,2023-12-01,2023-12,SUB,141985.72,13333534.93
PRG-PHAROS,Pharos Optical Comms Demonstrator,TECHNOLOGY,NS30,2023,13,2023-12-01,2023-12,OTH,1138.79,13333534.93
PRG-PHAROS,Pharos Optical Comms Demonstrator,TECHNOLOGY,NS30,2023,13,2023-12-01,2023-12,OVH,446.67,13333534.93
PRG-PHAROS,Pharos Optical Comms Demonstrator,TECHNOLOGY,NS30,2023,13,2023-12-01,2023-12,PER,1303.7,13333534.93
PRG-PHAROS,Pharos Optical Comms Demonstrator,TECHNOLOGY,NS30,2023,13,2023-12-01,2023-12,SUB,10991.51,13333534.93
PRG-PHAROS,Pharos Optical Comms Demonstrator,TECHNOLOGY,NS30,2023,14,2023-12-01,2023-12,PER,3080.95,13333534.93
PRG-PHAROS,Pharos Optical Comms Demonstrator,TECHNOLOGY,NS30,2023,14,2023-12-01,2023-12,SUB,11099.64,13333534.93
PRG-PHAROS,Pharos Optical Comms Demonstrator,TECHNOLOGY,NS30,2024,1,2024-01-01,2024-01,DEP,3701.58,13333534.93
PRG-PHAROS,Pharos Optical Comms Demonstrator,TECHNOLOGY,NS30,2024,1,2024-01-01,2024-01,MAT,55911.69,13333534.93
PRG-PHAROS,Pharos Optical Comms Demonstrator,TECHNOLOGY,NS30,2024,1,2024-01-01,2024-01,OTH,4163.02,13333534.93
PRG-PHAROS,Pharos Optical Comms Demonstrator,TECHNOLOGY,NS30,2024,1,2024-01-01,2024-01,OVH,5860.63,13333534.93
PRG-PHAROS,Pharos Optical Comms Demonstrator,TECHNOLOGY,NS30,2024,1,2024-01-01,2024-01,PER,6919.73,13333534.93
PRG-PHAROS,Pharos Optical Comms Demonstrator,TECHNOLOGY,NS30,2024,1,2024-01-01,2024-01,SUB,51045.29,13333534.93
PRG-PHAROS,Pharos Optical Comms Demonstrator,TECHNOLOGY,NS30,2024,2,2024-02-01,2024-02,MAT,65622.5,13333534.93
PRG-PHAROS,Pharos Optical Comms Demonstrator,TECHNOLOGY,NS30,2024,2,2024-02-01,2024-02,OTH,2966.14,13333534.93
PRG-PHAROS,Pharos Optical Comms Demonstrator,TECHNOLOGY,NS30,2024,2,2024-02-01,2024-02,OVH,-907.08,13333534.93
PRG-PHAROS,Pharos Optical Comms Demonstrator,TECHNOLOGY,NS30,2024,2,2024-02-01,2024-02,PER,3431.62,13333534.93
PRG-PHAROS,Pharos Optical Comms Demonstrator,TECHNOLOGY,NS30,2024,2,2024-02-01,2024-02,SUB,64093.36,13333534.93
PRG-PHAROS,Pharos Optical Comms Demonstrator,TECHNOLOGY,NS30,2024,3,2024-03-01,2024-03,DEP,5784.47,13333534.93
PRG-PHAROS,Pharos Optical Comms Demonstrator,TECHNOLOGY,NS30,2024,3,2024-03-01,2024-03,MAT,62668.36,13333534.93
PRG-PHAROS,Pharos Optical Comms Demonstrator,TECHNOLOGY,NS30,2024,3,2024-03-01,2024-03,OTH,421.87,13333534.93
PRG-PHAROS,Pharos Optical Comms Demonstrator,TECHNOLOGY,NS30,2024,3,2024-03-01,2024-03,OVH,1875.33,13333534.93
PRG-PHAROS,Pharos Optical Comms Demonstrator,TECHNOLOGY,NS30,2024,3,2024-03-01,2024-03,PER,9720.72,13333534.93
PRG-PHAROS,Pharos Optical Comms Demonstrator,TECHNOLOGY,NS30,2024,3,2024-03-01,2024-03,SUB,124481.65,13333534.93
PRG-PHAROS,Pharos Optical Comms Demonstrator,TECHNOLOGY,NS30,2024,4,2024-04-01,2024-04,DEP,4685.56,13333534.93
PRG-PHAROS,Pharos Optical Comms Demonstrator,TECHNOLOGY,NS30,2024,4,2024-04-01,2024-04,MAT,61708.24,13333534.93
PRG-PHAROS,Pharos Optical Comms Demonstrator,TECHNOLOGY,NS30,2024,4,2024-04-01,2024-04,OTH,745.37,13333534.93
PRG-PHAROS,Pharos Optical Comms Demonstrator,TECHNOLOGY,NS30,2024,4,2024-04-01,2024-04,OVH,2836.0,13333534.93
PRG-PHAROS,Pharos Optical Comms Demonstrator,TECHNOLOGY,NS30,2024,4,2024-04-01,2024-04,PER,3775.82,13333534.93
PRG-PHAROS,Pharos Optical Comms Demonstrator,TECHNOLOGY,NS30,2024,4,2024-04-01,2024-04,SUB,62058.03,13333534.93
PRG-PHAROS,Pharos Optical Comms Demonstrator,TECHNOLOGY,NS30,2024,5,2024-05-01,2024-05,DEP,1412.81,13333534.93
PRG-PHAROS,Pharos Optical Comms Demonstrator,TECHNOLOGY,NS30,2024,5,2024-05-01,2024-05,MAT,31245.16,13333534.93
PRG-PHAROS,Pharos Optical Comms Demonstrator,TECHNOLOGY,NS30,2024,5,2024-05-01,2024-05,OTH,153.35,13333534.93
PRG-PHAROS,Pharos Optical Comms Demonstrator,TECHNOLOGY,NS30,2024,5,2024-05-01,2024-05,OVH,4807.08,13333534.93
PRG-PHAROS,Pharos Optical Comms Demonstrator,TECHNOLOGY,NS30,2024,5,2024-05-01,2024-05,PER,13482.66,13333534.93
PRG-PHAROS,Pharos Optical Comms Demonstrator,TECHNOLOGY,NS30,2024,5,2024-05-01,2024-05,SUB,149801.47,13333534.93
PRG-PHAROS,Pharos Optical Comms Demonstrator,TECHNOLOGY,NS30,2024,6,2024-06-01,2024-06,DEP,1361.93,13333534.93
PRG-PHAROS,Pharos Optical Comms Demonstrator,TECHNOLOGY,NS30,2024,6,2024-06-01,2024-06,MAT,64554.12,13333534.93
PRG-PHAROS,Pharos Optical Comms Demonstrator,TECHNOLOGY,NS30,2024,6,2024-06-01,2024-06,OTH,1401.66,13333534.93
PRG-PHAROS,Pharos Optical Comms Demonstrator,TECHNOLOGY,NS30,2024,6,2024-06-01,2024-06,OVH,3328.02,13333534.93
PRG-PHAROS,Pharos Optical Comms Demonstrator,TECHNOLOGY,NS30,2024,6,2024-06-01,2024-06,PER,10401.07,13333534.93
PRG-PHAROS,Pharos Optical Comms Demonstrator,TECHNOLOGY,NS30,2024,6,2024-06-01,2024-06,SUB,133768.28,13333534.93
PRG-PHAROS,Pharos Optical Comms Demonstrator,TECHNOLOGY,NS30,2024,7,2024-07-01,2024-07,DEP,4907.57,13333534.93
PRG-PHAROS,Pharos Optical Comms Demonstrator,TECHNOLOGY,NS30,2024,7,2024-07-01,2024-07,MAT,38373.6,13333534.93
PRG-PHAROS,Pharos Optical Comms Demonstrator,TECHNOLOGY,NS30,2024,7,2024-07-01,2024-07,OTH,566.36,13333534.93
PRG-PHAROS,Pharos Optical Comms Demonstrator,TECHNOLOGY,NS30,2024,7,2024-07-01,2024-07,OVH,2472.27,13333534.93
PRG-PHAROS,Pharos Optical Comms Demonstrator,TECHNOLOGY,NS30,2024,7,2024-07-01,2024-07,PER,-2542.82,13333534.93
PRG-PHAROS,Pharos Optical Comms Demonstrator,TECHNOLOGY,NS30,2024,7,2024-07-01,2024-07,SUB,56140.53,13333534.93
PRG-PHAROS,Pharos Optical Comms Demonstrator,TECHNOLOGY,NS30,2024,8,2024-08-01,2024-08,DEP,1618.57,13333534.93
PRG-PHAROS,Pharos Optical Comms Demonstrator,TECHNOLOGY,NS30,2024,8,2024-08-01,2024-08,MAT,77339.8,13333534.93
PRG-PHAROS,Pharos Optical Comms Demonstrator,TECHNOLOGY,NS30,2024,8,2024-08-01,2024-08,OTH,1477.69,13333534.93
PRG-PHAROS,Pharos Optical Comms Demonstrator,TECHNOLOGY,NS30,2024,8,2024-08-01,2024-08,OVH,2844.17,13333534.93
PRG-PHAROS,Pharos Optical Comms Demonstrator,TECHNOLOGY,NS30,2024,8,2024-08-01,2024-08,PER,13128.61,13333534.93
PRG-PHAROS,Pharos Optical Comms Demonstrator,TECHNOLOGY,NS30,2024,8,2024-08-01,2024-08,SUB,135760.49,13333534.93
PRG-PHAROS,Pharos Optical Comms Demonstrator,TECHNOLOGY,NS30,2024,9,2024-09-01,2024-09,DEP,5395.96,13333534.93
PRG-PHAROS,Pharos Optical Comms Demonstrator,TECHNOLOGY,NS30,2024,9,2024-09-01,2024-09,MAT,41495.09,13333534.93
PRG-PHAROS,Pharos Optical Comms Demonstrator,TECHNOLOGY,NS30,2024,9,2024-09-01,2024-09,OTH,-37.3,13333534.93
PRG-PHAROS,Pharos Optical Comms Demonstrator,TECHNOLOGY,NS30,2024,9,2024-09-01,2024-09,OVH,7669.28,13333534.93
PRG-PHAROS,Pharos Optical Comms Demonstrator,TECHNOLOGY,NS30,2024,9,2024-09-01,2024-09,PER,5097.91,13333534.93
PRG-PHAROS,Pharos Optical Comms Demonstrator,TECHNOLOGY,NS30,2024,9,2024-09-01,2024-09,SUB,168247.08,13333534.93
PRG-PHAROS,Pharos Optical Comms Demonstrator,TECHNOLOGY,NS30,2024,10,2024-10-01,2024-10,DEP,5352.28,13333534.93
PRG-PHAROS,Pharos Optical Comms Demonstrator,TECHNOLOGY,NS30,2024,10,2024-10-01,2024-10,MAT,38798.95,13333534.93
PRG-PHAROS,Pharos Optical Comms Demonstrator,TECHNOLOGY,NS30,2024,10,2024-10-01,2024-10,OTH,1516.64,13333534.93
PRG-PHAROS,Pharos Optical Comms Demonstrator,TECHNOLOGY,NS30,2024,10,2024-10-01,2024-10,OVH,4753.6,13333534.93
PRG-PHAROS,Pharos Optical Comms Demonstrator,TECHNOLOGY,NS30,2024,10,2024-10-01,2024-10,PER,2960.97,13333534.93
PRG-PHAROS,Pharos Optical Comms Demonstrator,TECHNOLOGY,NS30,2024,10,2024-10-01,2024-10,SUB,47535.42,13333534.93
PRG-PHAROS,Pharos Optical Comms Demonstrator,TECHNOLOGY,NS30,2024,11,2024-11-01,2024-11,DEP,5566.25,13333534.93
PRG-PHAROS,Pharos Optical Comms Demonstrator,TECHNOLOGY,NS30,2024,11,2024-11-01,2024-11,MAT,49564.64,13333534.93
PRG-PHAROS,Pharos Optical Comms Demonstrator,TECHNOLOGY,NS30,2024,11,2024-11-01,2024-11,OTH,-815.22,13333534.93
PRG-PHAROS,Pharos Optical Comms Demonstrator,TECHNOLOGY,NS30,2024,11,2024-11-01,2024-11,OVH,2646.87,13333534.93
PRG-PHAROS,Pharos Optical Comms Demonstrator,TECHNOLOGY,NS30,2024,11,2024-11-01,2024-11,PER,9994.85,13333534.93
PRG-PHAROS,Pharos Optical Comms Demonstrator,TECHNOLOGY,NS30,2024,11,2024-11-01,2024-11,SUB,127180.94,13333534.93
PRG-PHAROS,Pharos Optical Comms Demonstrator,TECHNOLOGY,NS30,2024,12,2024-12-01,2024-12,DEP,1430.44,13333534.93
PRG-PHAROS,Pharos Optical Comms Demonstrator,TECHNOLOGY,NS30,2024,12,2024-12-01,2024-12,MAT,53614.76,13333534.93
PRG-PHAROS,Pharos Optical Comms Demonstrator,TECHNOLOGY,NS30,2024,12,2024-12-01,2024-12,OTH,241.58,13333534.93
PRG-PHAROS,Pharos Optical Comms Demonstrator,TECHNOLOGY,NS30,2024,12,2024-12-01,2024-12,OVH,-417.48,13333534.93
PRG-PHAROS,Pharos Optical Comms Demonstrator,TECHNOLOGY,NS30,2024,12,2024-12-01,2024-12,PER,2102.72,13333534.93
PRG-PHAROS,Pharos Optical Comms Demonstrator,TECHNOLOGY,NS30,2024,12,2024-12-01,2024-12,SUB,92852.78,13333534.93
PRG-PHAROS,Pharos Optical Comms Demonstrator,TECHNOLOGY,NS30,2024,14,2024-12-01,2024-12,OTH,129.89,13333534.93
PRG-PHAROS,Pharos Optical Comms Demonstrator,TECHNOLOGY,NS30,2024,14,2024-12-01,2024-12,PER,1666.63,13333534.93
PRG-PHAROS,Pharos Optical Comms Demonstrator,TECHNOLOGY,NS30,2024,14,2024-12-01,2024-12,SUB,9975.02,13333534.93
PRG-PHAROS,Pharos Optical Comms Demonstrator,TECHNOLOGY,NS30,2025,1,2025-01-01,2025-01,DEP,14747.27,13333534.93
PRG-PHAROS,Pharos Optical Comms Demonstrator,TECHNOLOGY,NS30,2025,1,2025-01-01,2025-01,MAT,35354.38,13333534.93
PRG-PHAROS,Pharos Optical Comms Demonstrator,TECHNOLOGY,NS30,2025,1,2025-01-01,2025-01,OTH,3799.41,13333534.93
PRG-PHAROS,Pharos Optical Comms Demonstrator,TECHNOLOGY,NS30,2025,1,2025-01-01,2025-01,OVH,1684.22,13333534.93
PRG-PHAROS,Pharos Optical Comms Demonstrator,TECHNOLOGY,NS30,2025,1,2025-01-01,2025-01,PER,16272.59,13333534.93
PRG-PHAROS,Pharos Optical Comms Demonstrator,TECHNOLOGY,NS30,2025,1,2025-01-01,2025-01,SUB,45686.26,13333534.93
PRG-PHAROS,Pharos Optical Comms Demonstrator,TECHNOLOGY,NS30,2025,2,2025-02-01,2025-02,DEP,5441.2,13333534.93
PRG-PHAROS,Pharos Optical Comms Demonstrator,TECHNOLOGY,NS30,2025,2,2025-02-01,2025-02,MAT,83659.93,13333534.93
PRG-PHAROS,Pharos Optical Comms Demonstrator,TECHNOLOGY,NS30,2025,2,2025-02-01,2025-02,OTH,2154.27,13333534.93
PRG-PHAROS,Pharos Optical Comms Demonstrator,TECHNOLOGY,NS30,2025,2,2025-02-01,2025-02,OVH,3170.2,13333534.93
PRG-PHAROS,Pharos Optical Comms Demonstrator,TECHNOLOGY,NS30,2025,2,2025-02-01,2025-02,PER,6100.66,13333534.93
PRG-PHAROS,Pharos Optical Comms Demonstrator,TECHNOLOGY,NS30,2025,2,2025-02-01,2025-02,SUB,80251.84,13333534.93
PRG-PHAROS,Pharos Optical Comms Demonstrator,TECHNOLOGY,NS30,2025,3,2025-03-01,2025-03,DEP,4668.26,13333534.93
PRG-PHAROS,Pharos Optical Comms Demonstrator,TECHNOLOGY,NS30,2025,3,2025-03-01,2025-03,MAT,41831.1,13333534.93
PRG-PHAROS,Pharos Optical Comms Demonstrator,TECHNOLOGY,NS30,2025,3,2025-03-01,2025-03,OTH,870.1,13333534.93
PRG-PHAROS,Pharos Optical Comms Demonstrator,TECHNOLOGY,NS30,2025,3,2025-03-01,2025-03,OVH,3170.93,13333534.93
PRG-PHAROS,Pharos Optical Comms Demonstrator,TECHNOLOGY,NS30,2025,3,2025-03-01,2025-03,PER,2151.1,13333534.93
PRG-PHAROS,Pharos Optical Comms Demonstrator,TECHNOLOGY,NS30,2025,3,2025-03-01,2025-03,SUB,98125.16,13333534.93
PRG-PHAROS,Pharos Optical Comms Demonstrator,TECHNOLOGY,NS30,2025,4,2025-04-01,2025-04,DEP,7245.83,13333534.93
PRG-PHAROS,Pharos Optical Comms Demonstrator,TECHNOLOGY,NS30,2025,4,2025-04-01,2025-04,MAT,56601.99,13333534.93
PRG-PHAROS,Pharos Optical Comms Demonstrator,TECHNOLOGY,NS30,2025,4,2025-04-01,2025-04,OTH,1289.94,13333534.93
PRG-PHAROS,Pharos Optical Comms Demonstrator,TECHNOLOGY,NS30,2025,4,2025-04-01,2025-04,OVH,767.08,13333534.93
PRG-PHAROS,Pharos Optical Comms Demonstrator,TECHNOLOGY,NS30,2025,4,2025-04-01,2025-04,PER,7571.15,13333534.93
PRG-PHAROS,Pharos Optical Comms Demonstrator,TECHNOLOGY,NS30,2025,4,2025-04-01,2025-04,SUB,134510.1,13333534.93
PRG-PHAROS,Pharos Optical Comms Demonstrator,TECHNOLOGY,NS30,2025,5,2025-05-01,2025-05,DEP,8921.8,13333534.93
PRG-PHAROS,Pharos Optical Comms Demonstrator,TECHNOLOGY,NS30,2025,5,2025-05-01,2025-05,MAT,70833.65,13333534.93
PRG-PHAROS,Pharos Optical Comms Demonstrator,TECHNOLOGY,NS30,2025,5,2025-05-01,2025-05,OTH,6026.51,13333534.93
PRG-PHAROS,Pharos Optical Comms Demonstrator,TECHNOLOGY,NS30,2025,5,2025-05-01,2025-05,OVH,3198.92,13333534.93
PRG-PHAROS,Pharos Optical Comms Demonstrator,TECHNOLOGY,NS30,2025,5,2025-05-01,2025-05,PER,12497.67,13333534.93
PRG-PHAROS,Pharos Optical Comms Demonstrator,TECHNOLOGY,NS30,2025,5,2025-05-01,2025-05,SUB,104694.51,13333534.93
PRG-PHAROS,Pharos Optical Comms Demonstrator,TECHNOLOGY,NS30,2025,6,2025-06-01,2025-06,DEP,4229.01,13333534.93
PRG-PHAROS,Pharos Optical Comms Demonstrator,TECHNOLOGY,NS30,2025,6,2025-06-01,2025-06,MAT,39867.28,13333534.93
PRG-PHAROS,Pharos Optical Comms Demonstrator,TECHNOLOGY,NS30,2025,6,2025-06-01,2025-06,OTH,-31.27,13333534.93
PRG-PHAROS,Pharos Optical Comms Demonstrator,TECHNOLOGY,NS30,2025,6,2025-06-01,2025-06,OVH,8310.95,13333534.93
PRG-PHAROS,Pharos Optical Comms Demonstrator,TECHNOLOGY,NS30,2025,6,2025-06-01,2025-06,PER,4328.82,13333534.93
PRG-PHAROS,Pharos Optical Comms Demonstrator,TECHNOLOGY,NS30,2025,6,2025-06-01,2025-06,SUB,55724.75,13333534.93
PRG-PHAROS,Pharos Optical Comms Demonstrator,TECHNOLOGY,NS30,2025,7,2025-07-01,2025-07,DEP,5710.27,13333534.93
PRG-PHAROS,Pharos Optical Comms Demonstrator,TECHNOLOGY,NS30,2025,7,2025-07-01,2025-07,MAT,57932.09,13333534.93
PRG-PHAROS,Pharos Optical Comms Demonstrator,TECHNOLOGY,NS30,2025,7,2025-07-01,2025-07,OTH,628.88,13333534.93
PRG-PHAROS,Pharos Optical Comms Demonstrator,TECHNOLOGY,NS30,2025,7,2025-07-01,2025-07,OVH,1611.65,13333534.93
PRG-PHAROS,Pharos Optical Comms Demonstrator,TECHNOLOGY,NS30,2025,7,2025-07-01,2025-07,PER,4089.71,13333534.93
PRG-PHAROS,Pharos Optical Comms Demonstrator,TECHNOLOGY,NS30,2025,7,2025-07-01,2025-07,SUB,99544.75,13333534.93
PRG-PHAROS,Pharos Optical Comms Demonstrator,TECHNOLOGY,NS30,2025,8,2025-08-01,2025-08,DEP,7996.77,13333534.93
PRG-PHAROS,Pharos Optical Comms Demonstrator,TECHNOLOGY,NS30,2025,8,2025-08-01,2025-08,MAT,28955.82,13333534.93
PRG-PHAROS,Pharos Optical Comms Demonstrator,TECHNOLOGY,NS30,2025,8,2025-08-01,2025-08,OTH,672.65,13333534.93
PRG-PHAROS,Pharos Optical Comms Demonstrator,TECHNOLOGY,NS30,2025,8,2025-08-01,2025-08,OVH,530.45,13333534.93
PRG-PHAROS,Pharos Optical Comms Demonstrator,TECHNOLOGY,NS30,2025,8,2025-08-01,2025-08,PER,15324.61,13333534.93
PRG-PHAROS,Pharos Optical Comms Demonstrator,TECHNOLOGY,NS30,2025,8,2025-08-01,2025-08,SUB,77497.45,13333534.93
PRG-PHAROS,Pharos Optical Comms Demonstrator,TECHNOLOGY,NS30,2025,9,2025-09-01,2025-09,DEP,12472.79,13333534.93
PRG-PHAROS,Pharos Optical Comms Demonstrator,TECHNOLOGY,NS30,2025,9,2025-09-01,2025-09,MAT,63683.72,13333534.93
PRG-PHAROS,Pharos Optical Comms Demonstrator,TECHNOLOGY,NS30,2025,9,2025-09-01,2025-09,OTH,2806.78,13333534.93
PRG-PHAROS,Pharos Optical Comms Demonstrator,TECHNOLOGY,NS30,2025,9,2025-09-01,2025-09,OVH,3528.92,13333534.93
PRG-PHAROS,Pharos Optical Comms Demonstrator,TECHNOLOGY,NS30,2025,9,2025-09-01,2025-09,PER,6338.9,13333534.93
PRG-PHAROS,Pharos Optical Comms Demonstrator,TECHNOLOGY,NS30,2025,9,2025-09-01,2025-09,SUB,120888.2,13333534.93
PRG-PHAROS,Pharos Optical Comms Demonstrator,TECHNOLOGY,NS30,2025,10,2025-10-01,2025-10,DEP,15927.75,13333534.93
PRG-PHAROS,Pharos Optical Comms Demonstrator,TECHNOLOGY,NS30,2025,10,2025-10-01,2025-10,MAT,60320.39,13333534.93
PRG-PHAROS,Pharos Optical Comms Demonstrator,TECHNOLOGY,NS30,2025,10,2025-10-01,2025-10,OTH,-542.04,13333534.93
PRG-PHAROS,Pharos Optical Comms Demonstrator,TECHNOLOGY,NS30,2025,10,2025-10-01,2025-10,OVH,3512.56,13333534.93
PRG-PHAROS,Pharos Optical Comms Demonstrator,TECHNOLOGY,NS30,2025,10,2025-10-01,2025-10,PER,13933.64,13333534.93
PRG-PHAROS,Pharos Optical Comms Demonstrator,TECHNOLOGY,NS30,2025,10,2025-10-01,2025-10,SUB,235907.74,13333534.93
PRG-PHAROS,Pharos Optical Comms Demonstrator,TECHNOLOGY,NS30,2025,11,2025-11-01,2025-11,DEP,8706.92,13333534.93
PRG-PHAROS,Pharos Optical Comms Demonstrator,TECHNOLOGY,NS30,2025,11,2025-11-01,2025-11,MAT,82551.57,13333534.93
PRG-PHAROS,Pharos Optical Comms Demonstrator,TECHNOLOGY,NS30,2025,11,2025-11-01,2025-11,OTH,1094.83,13333534.93
PRG-PHAROS,Pharos Optical Comms Demonstrator,TECHNOLOGY,NS30,2025,11,2025-11-01,2025-11,OVH,5234.71,13333534.93
PRG-PHAROS,Pharos Optical Comms Demonstrator,TECHNOLOGY,NS30,2025,11,2025-11-01,2025-11,PER,5224.87,13333534.93
PRG-PHAROS,Pharos Optical Comms Demonstrator,TECHNOLOGY,NS30,2025,11,2025-11-01,2025-11,SUB,68239.52,13333534.93
PRG-PHAROS,Pharos Optical Comms Demonstrator,TECHNOLOGY,NS30,2025,12,2025-12-01,2025-12,DEP,6158.55,13333534.93
PRG-PHAROS,Pharos Optical Comms Demonstrator,TECHNOLOGY,NS30,2025,12,2025-12-01,2025-12,MAT,41135.02,13333534.93
PRG-PHAROS,Pharos Optical Comms Demonstrator,TECHNOLOGY,NS30,2025,12,2025-12-01,2025-12,OTH,2546.51,13333534.93
PRG-PHAROS,Pharos Optical Comms Demonstrator,TECHNOLOGY,NS30,2025,12,2025-12-01,2025-12,OVH,3972.85,13333534.93
PRG-PHAROS,Pharos Optical Comms Demonstrator,TECHNOLOGY,NS30,2025,12,2025-12-01,2025-12,PER,3844.02,13333534.93
PRG-PHAROS,Pharos Optical Comms Demonstrator,TECHNOLOGY,NS30,2025,12,2025-12-01,2025-12,SUB,66386.92,13333534.93
PRG-PHAROS,Pharos Optical Comms Demonstrator,TECHNOLOGY,NS30,2025,13,2025-12-01,2025-12,MAT,5114.91,13333534.93
PRG-PHAROS,Pharos Optical Comms Demonstrator,TECHNOLOGY,NS30,2025,13,2025-12-01,2025-12,OTH,1195.68,13333534.93
PRG-PHAROS,Pharos Optical Comms Demonstrator,TECHNOLOGY,NS30,2025,13,2025-12-01,2025-12,PER,2889.94,13333534.93
PRG-PHAROS,Pharos Optical Comms Demonstrator,TECHNOLOGY,NS30,2025,13,2025-12-01,2025-12,SUB,18594.99,13333534.93
PRG-PHAROS,Pharos Optical Comms Demonstrator,TECHNOLOGY,NS30,2025,14,2025-12-01,2025-12,MAT,3585.66,13333534.93
PRG-PHAROS,Pharos Optical Comms Demonstrator,TECHNOLOGY,NS30,2025,14,2025-12-01,2025-12,PER,2182.47,13333534.93
PRG-PHAROS,Pharos Optical Comms Demonstrator,TECHNOLOGY,NS30,2026,1,2026-01-01,2026-01,PER,-1247.35,13333534.93
PRG-TERRA,TerraScan Ground Segment,GROUND_SEGMENT,NS10,2023,1,2023-01-01,2023-01,DEP,14393.07,153415707.26
PRG-TERRA,TerraScan Ground Segment,GROUND_SEGMENT,NS10,2023,1,2023-01-01,2023-01,MAT,181622.23,153415707.26
PRG-TERRA,TerraScan Ground Segment,GROUND_SEGMENT,NS10,2023,1,2023-01-01,2023-01,OTH,3384.25,153415707.26
PRG-TERRA,TerraScan Ground Segment,GROUND_SEGMENT,NS10,2023,1,2023-01-01,2023-01,OVH,16555.32,153415707.26
PRG-TERRA,TerraScan Ground Segment,GROUND_SEGMENT,NS10,2023,1,2023-01-01,2023-01,PER,37714.79,153415707.26
PRG-TERRA,TerraScan Ground Segment,GROUND_SEGMENT,NS10,2023,1,2023-01-01,2023-01,SUB,412629.28,153415707.26
PRG-TERRA,TerraScan Ground Segment,GROUND_SEGMENT,NS10,2023,2,2023-02-01,2023-02,DEP,29410.15,153415707.26
PRG-TERRA,TerraScan Ground Segment,GROUND_SEGMENT,NS10,2023,2,2023-02-01,2023-02,MAT,236840.39,153415707.26
PRG-TERRA,TerraScan Ground Segment,GROUND_SEGMENT,NS10,2023,2,2023-02-01,2023-02,OTH,2657.14,153415707.26
PRG-TERRA,TerraScan Ground Segment,GROUND_SEGMENT,NS10,2023,2,2023-02-01,2023-02,OVH,31288.14,153415707.26
PRG-TERRA,TerraScan Ground Segment,GROUND_SEGMENT,NS10,2023,2,2023-02-01,2023-02,PER,13212.43,153415707.26
PRG-TERRA,TerraScan Ground Segment,GROUND_SEGMENT,NS10,2023,2,2023-02-01,2023-02,SUB,426347.56,153415707.26
PRG-TERRA,TerraScan Ground Segment,GROUND_SEGMENT,NS10,2023,3,2023-03-01,2023-03,DEP,27754.9,153415707.26
PRG-TERRA,TerraScan Ground Segment,GROUND_SEGMENT,NS10,2023,3,2023-03-01,2023-03,MAT,230682.24,153415707.26
PRG-TERRA,TerraScan Ground Segment,GROUND_SEGMENT,NS10,2023,3,2023-03-01,2023-03,OTH,1517.82,153415707.26
PRG-TERRA,TerraScan Ground Segment,GROUND_SEGMENT,NS10,2023,3,2023-03-01,2023-03,OVH,28470.42,153415707.26
PRG-TERRA,TerraScan Ground Segment,GROUND_SEGMENT,NS10,2023,3,2023-03-01,2023-03,PER,22113.46,153415707.26
PRG-TERRA,TerraScan Ground Segment,GROUND_SEGMENT,NS10,2023,3,2023-03-01,2023-03,SUB,439063.79,153415707.26
PRG-TERRA,TerraScan Ground Segment,GROUND_SEGMENT,NS10,2023,4,2023-04-01,2023-04,DEP,16491.42,153415707.26
PRG-TERRA,TerraScan Ground Segment,GROUND_SEGMENT,NS10,2023,4,2023-04-01,2023-04,MAT,153162.2,153415707.26
PRG-TERRA,TerraScan Ground Segment,GROUND_SEGMENT,NS10,2023,4,2023-04-01,2023-04,OTH,5421.86,153415707.26
PRG-TERRA,TerraScan Ground Segment,GROUND_SEGMENT,NS10,2023,4,2023-04-01,2023-04,OVH,20799.82,153415707.26
PRG-TERRA,TerraScan Ground Segment,GROUND_SEGMENT,NS10,2023,4,2023-04-01,2023-04,PER,17894.25,153415707.26
PRG-TERRA,TerraScan Ground Segment,GROUND_SEGMENT,NS10,2023,4,2023-04-01,2023-04,SUB,330613.11,153415707.26
PRG-TERRA,TerraScan Ground Segment,GROUND_SEGMENT,NS10,2023,5,2023-05-01,2023-05,DEP,19472.87,153415707.26
PRG-TERRA,TerraScan Ground Segment,GROUND_SEGMENT,NS10,2023,5,2023-05-01,2023-05,MAT,212912.25,153415707.26
PRG-TERRA,TerraScan Ground Segment,GROUND_SEGMENT,NS10,2023,5,2023-05-01,2023-05,OTH,2807.8,153415707.26
PRG-TERRA,TerraScan Ground Segment,GROUND_SEGMENT,NS10,2023,5,2023-05-01,2023-05,OVH,20074.88,153415707.26
PRG-TERRA,TerraScan Ground Segment,GROUND_SEGMENT,NS10,2023,5,2023-05-01,2023-05,PER,20949.46,153415707.26
PRG-TERRA,TerraScan Ground Segment,GROUND_SEGMENT,NS10,2023,5,2023-05-01,2023-05,SUB,373369.92,153415707.26
PRG-TERRA,TerraScan Ground Segment,GROUND_SEGMENT,NS10,2023,6,2023-06-01,2023-06,DEP,9039.7,153415707.26
PRG-TERRA,TerraScan Ground Segment,GROUND_SEGMENT,NS10,2023,6,2023-06-01,2023-06,MAT,212647.77,153415707.26
PRG-TERRA,TerraScan Ground Segment,GROUND_SEGMENT,NS10,2023,6,2023-06-01,2023-06,OTH,4436.47,153415707.26
PRG-TERRA,TerraScan Ground Segment,GROUND_SEGMENT,NS10,2023,6,2023-06-01,2023-06,OVH,32250.89,153415707.26
PRG-TERRA,TerraScan Ground Segment,GROUND_SEGMENT,NS10,2023,6,2023-06-01,2023-06,PER,17696.81,153415707.26
PRG-TERRA,TerraScan Ground Segment,GROUND_SEGMENT,NS10,2023,6,2023-06-01,2023-06,SUB,352373.32,153415707.26
PRG-TERRA,TerraScan Ground Segment,GROUND_SEGMENT,NS10,2023,7,2023-07-01,2023-07,DEP,37144.27,153415707.26
PRG-TERRA,TerraScan Ground Segment,GROUND_SEGMENT,NS10,2023,7,2023-07-01,2023-07,MAT,239548.19,153415707.26
PRG-TERRA,TerraScan Ground Segment,GROUND_SEGMENT,NS10,2023,7,2023-07-01,2023-07,OTH,2813.33,153415707.26
PRG-TERRA,TerraScan Ground Segment,GROUND_SEGMENT,NS10,2023,7,2023-07-01,2023-07,OVH,18080.16,153415707.26
PRG-TERRA,TerraScan Ground Segment,GROUND_SEGMENT,NS10,2023,7,2023-07-01,2023-07,PER,24170.74,153415707.26
PRG-TERRA,TerraScan Ground Segment,GROUND_SEGMENT,NS10,2023,7,2023-07-01,2023-07,SUB,356146.82,153415707.26
PRG-TERRA,TerraScan Ground Segment,GROUND_SEGMENT,NS10,2023,8,2023-08-01,2023-08,DEP,18316.11,153415707.26
PRG-TERRA,TerraScan Ground Segment,GROUND_SEGMENT,NS10,2023,8,2023-08-01,2023-08,MAT,251013.42,153415707.26
PRG-TERRA,TerraScan Ground Segment,GROUND_SEGMENT,NS10,2023,8,2023-08-01,2023-08,OTH,658.44,153415707.26
PRG-TERRA,TerraScan Ground Segment,GROUND_SEGMENT,NS10,2023,8,2023-08-01,2023-08,OVH,36103.2,153415707.26
PRG-TERRA,TerraScan Ground Segment,GROUND_SEGMENT,NS10,2023,8,2023-08-01,2023-08,PER,34422.84,153415707.26
PRG-TERRA,TerraScan Ground Segment,GROUND_SEGMENT,NS10,2023,8,2023-08-01,2023-08,SUB,492952.34,153415707.26
PRG-TERRA,TerraScan Ground Segment,GROUND_SEGMENT,NS10,2023,9,2023-09-01,2023-09,DEP,33881.18,153415707.26
PRG-TERRA,TerraScan Ground Segment,GROUND_SEGMENT,NS10,2023,9,2023-09-01,2023-09,MAT,205913.81,153415707.26
PRG-TERRA,TerraScan Ground Segment,GROUND_SEGMENT,NS10,2023,9,2023-09-01,2023-09,OTH,2047.96,153415707.26
PRG-TERRA,TerraScan Ground Segment,GROUND_SEGMENT,NS10,2023,9,2023-09-01,2023-09,OVH,21111.51,153415707.26
PRG-TERRA,TerraScan Ground Segment,GROUND_SEGMENT,NS10,2023,9,2023-09-01,2023-09,PER,32395.3,153415707.26
PRG-TERRA,TerraScan Ground Segment,GROUND_SEGMENT,NS10,2023,9,2023-09-01,2023-09,SUB,481173.78,153415707.26
PRG-TERRA,TerraScan Ground Segment,GROUND_SEGMENT,NS10,2023,10,2023-10-01,2023-10,DEP,21997.94,153415707.26
PRG-TERRA,TerraScan Ground Segment,GROUND_SEGMENT,NS10,2023,10,2023-10-01,2023-10,MAT,237426.18,153415707.26
PRG-TERRA,TerraScan Ground Segment,GROUND_SEGMENT,NS10,2023,10,2023-10-01,2023-10,OTH,1039.74,153415707.26
PRG-TERRA,TerraScan Ground Segment,GROUND_SEGMENT,NS10,2023,10,2023-10-01,2023-10,OVH,24981.51,153415707.26
PRG-TERRA,TerraScan Ground Segment,GROUND_SEGMENT,NS10,2023,10,2023-10-01,2023-10,PER,26309.43,153415707.26
PRG-TERRA,TerraScan Ground Segment,GROUND_SEGMENT,NS10,2023,10,2023-10-01,2023-10,SUB,388933.21,153415707.26
PRG-TERRA,TerraScan Ground Segment,GROUND_SEGMENT,NS10,2023,11,2023-11-01,2023-11,DEP,17466.1,153415707.26
PRG-TERRA,TerraScan Ground Segment,GROUND_SEGMENT,NS10,2023,11,2023-11-01,2023-11,MAT,154911.8,153415707.26
PRG-TERRA,TerraScan Ground Segment,GROUND_SEGMENT,NS10,2023,11,2023-11-01,2023-11,OTH,6784.54,153415707.26
PRG-TERRA,TerraScan Ground Segment,GROUND_SEGMENT,NS10,2023,11,2023-11-01,2023-11,OVH,13709.49,153415707.26
PRG-TERRA,TerraScan Ground Segment,GROUND_SEGMENT,NS10,2023,11,2023-11-01,2023-11,PER,27901.68,153415707.26
PRG-TERRA,TerraScan Ground Segment,GROUND_SEGMENT,NS10,2023,11,2023-11-01,2023-11,SUB,273320.61,153415707.26
PRG-TERRA,TerraScan Ground Segment,GROUND_SEGMENT,NS10,2023,12,2023-12-01,2023-12,DEP,31125.84,153415707.26
PRG-TERRA,TerraScan Ground Segment,GROUND_SEGMENT,NS10,2023,12,2023-12-01,2023-12,MAT,239498.5,153415707.26
PRG-TERRA,TerraScan Ground Segment,GROUND_SEGMENT,NS10,2023,12,2023-12-01,2023-12,OTH,3378.66,153415707.26
PRG-TERRA,TerraScan Ground Segment,GROUND_SEGMENT,NS10,2023,12,2023-12-01,2023-12,OVH,14133.61,153415707.26
PRG-TERRA,TerraScan Ground Segment,GROUND_SEGMENT,NS10,2023,12,2023-12-01,2023-12,PER,27588.94,153415707.26
PRG-TERRA,TerraScan Ground Segment,GROUND_SEGMENT,NS10,2023,12,2023-12-01,2023-12,SUB,395683.05,153415707.26
PRG-TERRA,TerraScan Ground Segment,GROUND_SEGMENT,NS10,2023,13,2023-12-01,2023-12,MAT,9966.71,153415707.26
PRG-TERRA,TerraScan Ground Segment,GROUND_SEGMENT,NS10,2023,13,2023-12-01,2023-12,OTH,2182.14,153415707.26
PRG-TERRA,TerraScan Ground Segment,GROUND_SEGMENT,NS10,2023,13,2023-12-01,2023-12,OVH,429.32,153415707.26
PRG-TERRA,TerraScan Ground Segment,GROUND_SEGMENT,NS10,2023,13,2023-12-01,2023-12,PER,7899.13,153415707.26
PRG-TERRA,TerraScan Ground Segment,GROUND_SEGMENT,NS10,2023,13,2023-12-01,2023-12,SUB,78660.89,153415707.26
PRG-TERRA,TerraScan Ground Segment,GROUND_SEGMENT,NS10,2023,14,2023-12-01,2023-12,MAT,15202.93,153415707.26
PRG-TERRA,TerraScan Ground Segment,GROUND_SEGMENT,NS10,2023,14,2023-12-01,2023-12,OTH,2661.41,153415707.26
PRG-TERRA,TerraScan Ground Segment,GROUND_SEGMENT,NS10,2023,14,2023-12-01,2023-12,OVH,1677.63,153415707.26
PRG-TERRA,TerraScan Ground Segment,GROUND_SEGMENT,NS10,2023,14,2023-12-01,2023-12,PER,3134.61,153415707.26
PRG-TERRA,TerraScan Ground Segment,GROUND_SEGMENT,NS10,2023,14,2023-12-01,2023-12,SUB,20948.34,153415707.26
PRG-TERRA,TerraScan Ground Segment,GROUND_SEGMENT,NS10,2024,1,2024-01-01,2024-01,DEP,13222.51,153415707.26
PRG-TERRA,TerraScan Ground Segment,GROUND_SEGMENT,NS10,2024,1,2024-01-01,2024-01,MAT,232141.8,153415707.26
PRG-TERRA,TerraScan Ground Segment,GROUND_SEGMENT,NS10,2024,1,2024-01-01,2024-01,OTH,1709.05,153415707.26
PRG-TERRA,TerraScan Ground Segment,GROUND_SEGMENT,NS10,2024,1,2024-01-01,2024-01,OVH,15354.42,153415707.26
PRG-TERRA,TerraScan Ground Segment,GROUND_SEGMENT,NS10,2024,1,2024-01-01,2024-01,PER,18594.01,153415707.26
PRG-TERRA,TerraScan Ground Segment,GROUND_SEGMENT,NS10,2024,1,2024-01-01,2024-01,SUB,470306.12,153415707.26
PRG-TERRA,TerraScan Ground Segment,GROUND_SEGMENT,NS10,2024,2,2024-02-01,2024-02,DEP,11968.95,153415707.26
PRG-TERRA,TerraScan Ground Segment,GROUND_SEGMENT,NS10,2024,2,2024-02-01,2024-02,MAT,150296.54,153415707.26
PRG-TERRA,TerraScan Ground Segment,GROUND_SEGMENT,NS10,2024,2,2024-02-01,2024-02,OTH,1287.38,153415707.26
PRG-TERRA,TerraScan Ground Segment,GROUND_SEGMENT,NS10,2024,2,2024-02-01,2024-02,OVH,17973.76,153415707.26
PRG-TERRA,TerraScan Ground Segment,GROUND_SEGMENT,NS10,2024,2,2024-02-01,2024-02,PER,23815.97,153415707.26
PRG-TERRA,TerraScan Ground Segment,GROUND_SEGMENT,NS10,2024,2,2024-02-01,2024-02,SUB,239827.82,153415707.26
PRG-TERRA,TerraScan Ground Segment,GROUND_SEGMENT,NS10,2024,3,2024-03-01,2024-03,DEP,15498.68,153415707.26
PRG-TERRA,TerraScan Ground Segment,GROUND_SEGMENT,NS10,2024,3,2024-03-01,2024-03,MAT,169011.83,153415707.26
PRG-TERRA,TerraScan Ground Segment,GROUND_SEGMENT,NS10,2024,3,2024-03-01,2024-03,OTH,3761.94,153415707.26
PRG-TERRA,TerraScan Ground Segment,GROUND_SEGMENT,NS10,2024,3,2024-03-01,2024-03,OVH,18650.74,153415707.26
PRG-TERRA,TerraScan Ground Segment,GROUND_SEGMENT,NS10,2024,3,2024-03-01,2024-03,PER,29895.44,153415707.26
PRG-TERRA,TerraScan Ground Segment,GROUND_SEGMENT,NS10,2024,3,2024-03-01,2024-03,SUB,348996.44,153415707.26
PRG-TERRA,TerraScan Ground Segment,GROUND_SEGMENT,NS10,2024,4,2024-04-01,2024-04,DEP,22350.33,153415707.26
PRG-TERRA,TerraScan Ground Segment,GROUND_SEGMENT,NS10,2024,4,2024-04-01,2024-04,MAT,248233.51,153415707.26
PRG-TERRA,TerraScan Ground Segment,GROUND_SEGMENT,NS10,2024,4,2024-04-01,2024-04,OTH,-1.7,153415707.26
PRG-TERRA,TerraScan Ground Segment,GROUND_SEGMENT,NS10,2024,4,2024-04-01,2024-04,OVH,27151.99,153415707.26
PRG-TERRA,TerraScan Ground Segment,GROUND_SEGMENT,NS10,2024,4,2024-04-01,2024-04,PER,34075.92,153415707.26
PRG-TERRA,TerraScan Ground Segment,GROUND_SEGMENT,NS10,2024,4,2024-04-01,2024-04,SUB,463710.24,153415707.26
PRG-TERRA,TerraScan Ground Segment,GROUND_SEGMENT,NS10,2024,5,2024-05-01,2024-05,DEP,34077.59,153415707.26
PRG-TERRA,TerraScan Ground Segment,GROUND_SEGMENT,NS10,2024,5,2024-05-01,2024-05,MAT,276470.78,153415707.26
PRG-TERRA,TerraScan Ground Segment,GROUND_SEGMENT,NS10,2024,5,2024-05-01,2024-05,OTH,1383.11,153415707.26
PRG-TERRA,TerraScan Ground Segment,GROUND_SEGMENT,NS10,2024,5,2024-05-01,2024-05,OVH,21888.97,153415707.26
PRG-TERRA,TerraScan Ground Segment,GROUND_SEGMENT,NS10,2024,5,2024-05-01,2024-05,PER,27874.79,153415707.26
PRG-TERRA,TerraScan Ground Segment,GROUND_SEGMENT,NS10,2024,5,2024-05-01,2024-05,SUB,408433.67,153415707.26
PRG-TERRA,TerraScan Ground Segment,GROUND_SEGMENT,NS10,2024,6,2024-06-01,2024-06,DEP,21189.87,153415707.26
PRG-TERRA,TerraScan Ground Segment,GROUND_SEGMENT,NS10,2024,6,2024-06-01,2024-06,MAT,219381.48,153415707.26
PRG-TERRA,TerraScan Ground Segment,GROUND_SEGMENT,NS10,2024,6,2024-06-01,2024-06,OTH,3253.68,153415707.26
PRG-TERRA,TerraScan Ground Segment,GROUND_SEGMENT,NS10,2024,6,2024-06-01,2024-06,OVH,26116.45,153415707.26
PRG-TERRA,TerraScan Ground Segment,GROUND_SEGMENT,NS10,2024,6,2024-06-01,2024-06,PER,26177.31,153415707.26
PRG-TERRA,TerraScan Ground Segment,GROUND_SEGMENT,NS10,2024,6,2024-06-01,2024-06,SUB,393568.52,153415707.26
PRG-TERRA,TerraScan Ground Segment,GROUND_SEGMENT,NS10,2024,7,2024-07-01,2024-07,DEP,16628.98,153415707.26
PRG-TERRA,TerraScan Ground Segment,GROUND_SEGMENT,NS10,2024,7,2024-07-01,2024-07,MAT,207207.28,153415707.26
PRG-TERRA,TerraScan Ground Segment,GROUND_SEGMENT,NS10,2024,7,2024-07-01,2024-07,OTH,3730.86,153415707.26
PRG-TERRA,TerraScan Ground Segment,GROUND_SEGMENT,NS10,2024,7,2024-07-01,2024-07,OVH,14554.6,153415707.26
PRG-TERRA,TerraScan Ground Segment,GROUND_SEGMENT,NS10,2024,7,2024-07-01,2024-07,PER,14044.02,153415707.26
PRG-TERRA,TerraScan Ground Segment,GROUND_SEGMENT,NS10,2024,7,2024-07-01,2024-07,SUB,318316.57,153415707.26
PRG-TERRA,TerraScan Ground Segment,GROUND_SEGMENT,NS10,2024,8,2024-08-01,2024-08,DEP,11606.3,153415707.26
PRG-TERRA,TerraScan Ground Segment,GROUND_SEGMENT,NS10,2024,8,2024-08-01,2024-08,MAT,166988.67,153415707.26
PRG-TERRA,TerraScan Ground Segment,GROUND_SEGMENT,NS10,2024,8,2024-08-01,2024-08,OTH,3054.02,153415707.26
PRG-TERRA,TerraScan Ground Segment,GROUND_SEGMENT,NS10,2024,8,2024-08-01,2024-08,OVH,26488.81,153415707.26
PRG-TERRA,TerraScan Ground Segment,GROUND_SEGMENT,NS10,2024,8,2024-08-01,2024-08,PER,30509.69,153415707.26
PRG-TERRA,TerraScan Ground Segment,GROUND_SEGMENT,NS10,2024,8,2024-08-01,2024-08,SUB,441154.92,153415707.26
PRG-TERRA,TerraScan Ground Segment,GROUND_SEGMENT,NS10,2024,9,2024-09-01,2024-09,DEP,19381.5,153415707.26
PRG-TERRA,TerraScan Ground Segment,GROUND_SEGMENT,NS10,2024,9,2024-09-01,2024-09,MAT,203510.13,153415707.26
PRG-TERRA,TerraScan Ground Segment,GROUND_SEGMENT,NS10,2024,9,2024-09-01,2024-09,OTH,4017.42,153415707.26
PRG-TERRA,TerraScan Ground Segment,GROUND_SEGMENT,NS10,2024,9,2024-09-01,2024-09,OVH,18350.23,153415707.26
PRG-TERRA,TerraScan Ground Segment,GROUND_SEGMENT,NS10,2024,9,2024-09-01,2024-09,PER,37224.66,153415707.26
PRG-TERRA,TerraScan Ground Segment,GROUND_SEGMENT,NS10,2024,9,2024-09-01,2024-09,SUB,393721.33,153415707.26
PRG-TERRA,TerraScan Ground Segment,GROUND_SEGMENT,NS10,2024,10,2024-10-01,2024-10,DEP,32983.59,153415707.26
PRG-TERRA,TerraScan Ground Segment,GROUND_SEGMENT,NS10,2024,10,2024-10-01,2024-10,MAT,194766.26,153415707.26
PRG-TERRA,TerraScan Ground Segment,GROUND_SEGMENT,NS10,2024,10,2024-10-01,2024-10,OTH,3473.77,153415707.26
PRG-TERRA,TerraScan Ground Segment,GROUND_SEGMENT,NS10,2024,10,2024-10-01,2024-10,OVH,26698.77,153415707.26
PRG-TERRA,TerraScan Ground Segment,GROUND_SEGMENT,NS10,2024,10,2024-10-01,2024-10,PER,12756.14,153415707.26
PRG-TERRA,TerraScan Ground Segment,GROUND_SEGMENT,NS10,2024,10,2024-10-01,2024-10,SUB,327019.35,153415707.26
PRG-TERRA,TerraScan Ground Segment,GROUND_SEGMENT,NS10,2024,11,2024-11-01,2024-11,DEP,39479.75,153415707.26
PRG-TERRA,TerraScan Ground Segment,GROUND_SEGMENT,NS10,2024,11,2024-11-01,2024-11,MAT,226853.87,153415707.26
PRG-TERRA,TerraScan Ground Segment,GROUND_SEGMENT,NS10,2024,11,2024-11-01,2024-11,OTH,6061.06,153415707.26
PRG-TERRA,TerraScan Ground Segment,GROUND_SEGMENT,NS10,2024,11,2024-11-01,2024-11,OVH,30948.11,153415707.26
PRG-TERRA,TerraScan Ground Segment,GROUND_SEGMENT,NS10,2024,11,2024-11-01,2024-11,PER,14498.27,153415707.26
PRG-TERRA,TerraScan Ground Segment,GROUND_SEGMENT,NS10,2024,11,2024-11-01,2024-11,SUB,300148.39,153415707.26
PRG-TERRA,TerraScan Ground Segment,GROUND_SEGMENT,NS10,2024,12,2024-12-01,2024-12,DEP,19985.25,153415707.26
PRG-TERRA,TerraScan Ground Segment,GROUND_SEGMENT,NS10,2024,12,2024-12-01,2024-12,MAT,214995.27,153415707.26
PRG-TERRA,TerraScan Ground Segment,GROUND_SEGMENT,NS10,2024,12,2024-12-01,2024-12,OTH,-1435.43,153415707.26
PRG-TERRA,TerraScan Ground Segment,GROUND_SEGMENT,NS10,2024,12,2024-12-01,2024-12,OVH,15817.62,153415707.26
PRG-TERRA,TerraScan Ground Segment,GROUND_SEGMENT,NS10,2024,12,2024-12-01,2024-12,PER,22175.93,153415707.26
PRG-TERRA,TerraScan Ground Segment,GROUND_SEGMENT,NS10,2024,12,2024-12-01,2024-12,SUB,352258.51,153415707.26
PRG-TERRA,TerraScan Ground Segment,GROUND_SEGMENT,NS10,2024,13,2024-12-01,2024-12,MAT,3411.18,153415707.26
PRG-TERRA,TerraScan Ground Segment,GROUND_SEGMENT,NS10,2024,13,2024-12-01,2024-12,OTH,4680.75,153415707.26
PRG-TERRA,TerraScan Ground Segment,GROUND_SEGMENT,NS10,2024,13,2024-12-01,2024-12,OVH,943.48,153415707.26
PRG-TERRA,TerraScan Ground Segment,GROUND_SEGMENT,NS10,2024,13,2024-12-01,2024-12,PER,1141.81,153415707.26
PRG-TERRA,TerraScan Ground Segment,GROUND_SEGMENT,NS10,2024,13,2024-12-01,2024-12,SUB,24006.58,153415707.26
PRG-TERRA,TerraScan Ground Segment,GROUND_SEGMENT,NS10,2024,14,2024-12-01,2024-12,MAT,1826.08,153415707.26
PRG-TERRA,TerraScan Ground Segment,GROUND_SEGMENT,NS10,2024,14,2024-12-01,2024-12,OTH,3106.45,153415707.26
PRG-TERRA,TerraScan Ground Segment,GROUND_SEGMENT,NS10,2024,14,2024-12-01,2024-12,OVH,1174.41,153415707.26
PRG-TERRA,TerraScan Ground Segment,GROUND_SEGMENT,NS10,2024,14,2024-12-01,2024-12,PER,5155.46,153415707.26
PRG-TERRA,TerraScan Ground Segment,GROUND_SEGMENT,NS10,2024,14,2024-12-01,2024-12,SUB,12032.84,153415707.26
PRG-TERRA,TerraScan Ground Segment,GROUND_SEGMENT,NS10,2025,1,2025-01-01,2025-01,DEP,21197.33,153415707.26
PRG-TERRA,TerraScan Ground Segment,GROUND_SEGMENT,NS10,2025,1,2025-01-01,2025-01,MAT,266287.28,153415707.26
PRG-TERRA,TerraScan Ground Segment,GROUND_SEGMENT,NS10,2025,1,2025-01-01,2025-01,OTH,2177.7,153415707.26
PRG-TERRA,TerraScan Ground Segment,GROUND_SEGMENT,NS10,2025,1,2025-01-01,2025-01,OVH,24022.6,153415707.26
PRG-TERRA,TerraScan Ground Segment,GROUND_SEGMENT,NS10,2025,1,2025-01-01,2025-01,PER,35357.41,153415707.26
PRG-TERRA,TerraScan Ground Segment,GROUND_SEGMENT,NS10,2025,1,2025-01-01,2025-01,SUB,420089.05,153415707.26
PRG-TERRA,TerraScan Ground Segment,GROUND_SEGMENT,NS10,2025,2,2025-02-01,2025-02,DEP,22994.16,153415707.26
PRG-TERRA,TerraScan Ground Segment,GROUND_SEGMENT,NS10,2025,2,2025-02-01,2025-02,MAT,248444.88,153415707.26
PRG-TERRA,TerraScan Ground Segment,GROUND_SEGMENT,NS10,2025,2,2025-02-01,2025-02,OTH,1658.08,153415707.26
PRG-TERRA,TerraScan Ground Segment,GROUND_SEGMENT,NS10,2025,2,2025-02-01,2025-02,OVH,30793.04,153415707.26
PRG-TERRA,TerraScan Ground Segment,GROUND_SEGMENT,NS10,2025,2,2025-02-01,2025-02,PER,21171.99,153415707.26
PRG-TERRA,TerraScan Ground Segment,GROUND_SEGMENT,NS10,2025,2,2025-02-01,2025-02,SUB,408140.22,153415707.26
PRG-TERRA,TerraScan Ground Segment,GROUND_SEGMENT,NS10,2025,3,2025-03-01,2025-03,DEP,22070.23,153415707.26
PRG-TERRA,TerraScan Ground Segment,GROUND_SEGMENT,NS10,2025,3,2025-03-01,2025-03,MAT,229672.02,153415707.26
PRG-TERRA,TerraScan Ground Segment,GROUND_SEGMENT,NS10,2025,3,2025-03-01,2025-03,OTH,1267.8,153415707.26
PRG-TERRA,TerraScan Ground Segment,GROUND_SEGMENT,NS10,2025,3,2025-03-01,2025-03,OVH,24309.93,153415707.26
PRG-TERRA,TerraScan Ground Segment,GROUND_SEGMENT,NS10,2025,3,2025-03-01,2025-03,PER,40801.58,153415707.26
PRG-TERRA,TerraScan Ground Segment,GROUND_SEGMENT,NS10,2025,3,2025-03-01,2025-03,SUB,389596.84,153415707.26
PRG-TERRA,TerraScan Ground Segment,GROUND_SEGMENT,NS10,2025,4,2025-04-01,2025-04,DEP,21190.08,153415707.26
PRG-TERRA,TerraScan Ground Segment,GROUND_SEGMENT,NS10,2025,4,2025-04-01,2025-04,MAT,227783.6,153415707.26
PRG-TERRA,TerraScan Ground Segment,GROUND_SEGMENT,NS10,2025,4,2025-04-01,2025-04,OTH,4595.06,153415707.26
PRG-TERRA,TerraScan Ground Segment,GROUND_SEGMENT,NS10,2025,4,2025-04-01,2025-04,OVH,26623.47,153415707.26
PRG-TERRA,TerraScan Ground Segment,GROUND_SEGMENT,NS10,2025,4,2025-04-01,2025-04,PER,30537.73,153415707.26
PRG-TERRA,TerraScan Ground Segment,GROUND_SEGMENT,NS10,2025,4,2025-04-01,2025-04,SUB,465906.57,153415707.26
PRG-TERRA,TerraScan Ground Segment,GROUND_SEGMENT,NS10,2025,5,2025-05-01,2025-05,DEP,24077.04,153415707.26
PRG-TERRA,TerraScan Ground Segment,GROUND_SEGMENT,NS10,2025,5,2025-05-01,2025-05,MAT,241298.85,153415707.26
PRG-TERRA,TerraScan Ground Segment,GROUND_SEGMENT,NS10,2025,5,2025-05-01,2025-05,OTH,5132.29,153415707.26
PRG-TERRA,TerraScan Ground Segment,GROUND_SEGMENT,NS10,2025,5,2025-05-01,2025-05,OVH,37160.36,153415707.26
PRG-TERRA,TerraScan Ground Segment,GROUND_SEGMENT,NS10,2025,5,2025-05-01,2025-05,PER,19054.49,153415707.26
PRG-TERRA,TerraScan Ground Segment,GROUND_SEGMENT,NS10,2025,5,2025-05-01,2025-05,SUB,332677.64,153415707.26
PRG-TERRA,TerraScan Ground Segment,GROUND_SEGMENT,NS10,2025,6,2025-06-01,2025-06,DEP,32754.43,153415707.26
PRG-TERRA,TerraScan Ground Segment,GROUND_SEGMENT,NS10,2025,6,2025-06-01,2025-06,MAT,238542.82,153415707.26
PRG-TERRA,TerraScan Ground Segment,GROUND_SEGMENT,NS10,2025,6,2025-06-01,2025-06,OTH,-414.69,153415707.26
PRG-TERRA,TerraScan Ground Segment,GROUND_SEGMENT,NS10,2025,6,2025-06-01,2025-06,OVH,14511.1,153415707.26
PRG-TERRA,TerraScan Ground Segment,GROUND_SEGMENT,NS10,2025,6,2025-06-01,2025-06,PER,26845.86,153415707.26
PRG-TERRA,TerraScan Ground Segment,GROUND_SEGMENT,NS10,2025,6,2025-06-01,2025-06,SUB,338069.47,153415707.26
PRG-TERRA,TerraScan Ground Segment,GROUND_SEGMENT,NS10,2025,7,2025-07-01,2025-07,DEP,12187.24,153415707.26
PRG-TERRA,TerraScan Ground Segment,GROUND_SEGMENT,NS10,2025,7,2025-07-01,2025-07,MAT,223061.82,153415707.26
PRG-TERRA,TerraScan Ground Segment,GROUND_SEGMENT,NS10,2025,7,2025-07-01,2025-07,OTH,1987.43,153415707.26
PRG-TERRA,TerraScan Ground Segment,GROUND_SEGMENT,NS10,2025,7,2025-07-01,2025-07,OVH,22870.34,153415707.26
PRG-TERRA,TerraScan Ground Segment,GROUND_SEGMENT,NS10,2025,7,2025-07-01,2025-07,PER,30124.62,153415707.26
PRG-TERRA,TerraScan Ground Segment,GROUND_SEGMENT,NS10,2025,7,2025-07-01,2025-07,SUB,433351.95,153415707.26
PRG-TERRA,TerraScan Ground Segment,GROUND_SEGMENT,NS10,2025,8,2025-08-01,2025-08,DEP,24431.15,153415707.26
PRG-TERRA,TerraScan Ground Segment,GROUND_SEGMENT,NS10,2025,8,2025-08-01,2025-08,MAT,279267.82,153415707.26
PRG-TERRA,TerraScan Ground Segment,GROUND_SEGMENT,NS10,2025,8,2025-08-01,2025-08,OTH,7090.65,153415707.26
PRG-TERRA,TerraScan Ground Segment,GROUND_SEGMENT,NS10,2025,8,2025-08-01,2025-08,OVH,31362.37,153415707.26
PRG-TERRA,TerraScan Ground Segment,GROUND_SEGMENT,NS10,2025,8,2025-08-01,2025-08,PER,44448.2,153415707.26
PRG-TERRA,TerraScan Ground Segment,GROUND_SEGMENT,NS10,2025,8,2025-08-01,2025-08,SUB,367923.34,153415707.26
PRG-TERRA,TerraScan Ground Segment,GROUND_SEGMENT,NS10,2025,9,2025-09-01,2025-09,DEP,17944.81,153415707.26
PRG-TERRA,TerraScan Ground Segment,GROUND_SEGMENT,NS10,2025,9,2025-09-01,2025-09,MAT,245794.83,153415707.26
PRG-TERRA,TerraScan Ground Segment,GROUND_SEGMENT,NS10,2025,9,2025-09-01,2025-09,OTH,509.37,153415707.26
PRG-TERRA,TerraScan Ground Segment,GROUND_SEGMENT,NS10,2025,9,2025-09-01,2025-09,OVH,30737.19,153415707.26
PRG-TERRA,TerraScan Ground Segment,GROUND_SEGMENT,NS10,2025,9,2025-09-01,2025-09,PER,32632.79,153415707.26
PRG-TERRA,TerraScan Ground Segment,GROUND_SEGMENT,NS10,2025,9,2025-09-01,2025-09,SUB,415081.09,153415707.26
PRG-TERRA,TerraScan Ground Segment,GROUND_SEGMENT,NS10,2025,10,2025-10-01,2025-10,DEP,4045.34,153415707.26
PRG-TERRA,TerraScan Ground Segment,GROUND_SEGMENT,NS10,2025,10,2025-10-01,2025-10,MAT,217640.28,153415707.26
PRG-TERRA,TerraScan Ground Segment,GROUND_SEGMENT,NS10,2025,10,2025-10-01,2025-10,OTH,2132.02,153415707.26
PRG-TERRA,TerraScan Ground Segment,GROUND_SEGMENT,NS10,2025,10,2025-10-01,2025-10,OVH,17736.28,153415707.26
PRG-TERRA,TerraScan Ground Segment,GROUND_SEGMENT,NS10,2025,10,2025-10-01,2025-10,PER,7396.19,153415707.26
PRG-TERRA,TerraScan Ground Segment,GROUND_SEGMENT,NS10,2025,10,2025-10-01,2025-10,SUB,364330.53,153415707.26
PRG-TERRA,TerraScan Ground Segment,GROUND_SEGMENT,NS10,2025,11,2025-11-01,2025-11,DEP,16072.53,153415707.26
PRG-TERRA,TerraScan Ground Segment,GROUND_SEGMENT,NS10,2025,11,2025-11-01,2025-11,MAT,176057.25,153415707.26
PRG-TERRA,TerraScan Ground Segment,GROUND_SEGMENT,NS10,2025,11,2025-11-01,2025-11,OTH,1431.87,153415707.26
PRG-TERRA,TerraScan Ground Segment,GROUND_SEGMENT,NS10,2025,11,2025-11-01,2025-11,OVH,34250.22,153415707.26
PRG-TERRA,TerraScan Ground Segment,GROUND_SEGMENT,NS10,2025,11,2025-11-01,2025-11,PER,30391.25,153415707.26
PRG-TERRA,TerraScan Ground Segment,GROUND_SEGMENT,NS10,2025,11,2025-11-01,2025-11,SUB,299166.53,153415707.26
PRG-TERRA,TerraScan Ground Segment,GROUND_SEGMENT,NS10,2025,12,2025-12-01,2025-12,DEP,26433.0,153415707.26
PRG-TERRA,TerraScan Ground Segment,GROUND_SEGMENT,NS10,2025,12,2025-12-01,2025-12,MAT,256303.68,153415707.26
PRG-TERRA,TerraScan Ground Segment,GROUND_SEGMENT,NS10,2025,12,2025-12-01,2025-12,OTH,2154.67,153415707.26
PRG-TERRA,TerraScan Ground Segment,GROUND_SEGMENT,NS10,2025,12,2025-12-01,2025-12,OVH,23648.83,153415707.26
PRG-TERRA,TerraScan Ground Segment,GROUND_SEGMENT,NS10,2025,12,2025-12-01,2025-12,PER,39146.53,153415707.26
PRG-TERRA,TerraScan Ground Segment,GROUND_SEGMENT,NS10,2025,12,2025-12-01,2025-12,SUB,387263.63,153415707.26
PRG-TERRA,TerraScan Ground Segment,GROUND_SEGMENT,NS10,2025,13,2025-12-01,2025-12,MAT,3965.13,153415707.26
PRG-TERRA,TerraScan Ground Segment,GROUND_SEGMENT,NS10,2025,13,2025-12-01,2025-12,OTH,3715.43,153415707.26
PRG-TERRA,TerraScan Ground Segment,GROUND_SEGMENT,NS10,2025,13,2025-12-01,2025-12,OVH,2170.29,153415707.26
PRG-TERRA,TerraScan Ground Segment,GROUND_SEGMENT,NS10,2025,13,2025-12-01,2025-12,PER,12757.78,153415707.26
PRG-TERRA,TerraScan Ground Segment,GROUND_SEGMENT,NS10,2025,13,2025-12-01,2025-12,SUB,32669.45,153415707.26
PRG-TERRA,TerraScan Ground Segment,GROUND_SEGMENT,NS10,2025,14,2025-12-01,2025-12,MAT,2999.38,153415707.26
PRG-TERRA,TerraScan Ground Segment,GROUND_SEGMENT,NS10,2025,14,2025-12-01,2025-12,OTH,3467.82,153415707.26
PRG-TERRA,TerraScan Ground Segment,GROUND_SEGMENT,NS10,2025,14,2025-12-01,2025-12,OVH,865.91,153415707.26
PRG-TERRA,TerraScan Ground Segment,GROUND_SEGMENT,NS10,2025,14,2025-12-01,2025-12,PER,3121.6,153415707.26
PRG-TERRA,TerraScan Ground Segment,GROUND_SEGMENT,NS10,2025,14,2025-12-01,2025-12,SUB,12863.68,153415707.26
PRG-TERRA,TerraScan Ground Segment,GROUND_SEGMENT,NS10,2026,1,2026-01-01,2026-01,DEP,6447.94,153415707.26
PRG-TERRA,TerraScan Ground Segment,GROUND_SEGMENT,NS10,2026,1,2026-01-01,2026-01,MAT,162739.01,153415707.26
PRG-TERRA,TerraScan Ground Segment,GROUND_SEGMENT,NS10,2026,1,2026-01-01,2026-01,OTH,3828.76,153415707.26
PRG-TERRA,TerraScan Ground Segment,GROUND_SEGMENT,NS10,2026,1,2026-01-01,2026-01,OVH,23899.18,153415707.26
PRG-TERRA,TerraScan Ground Segment,GROUND_SEGMENT,NS10,2026,1,2026-01-01,2026-01,PER,32896.27,153415707.26
PRG-TERRA,TerraScan Ground Segment,GROUND_SEGMENT,NS10,2026,1,2026-01-01,2026-01,SUB,434822.35,153415707.26
PRG-TERRA,TerraScan Ground Segment,GROUND_SEGMENT,NS10,2026,2,2026-02-01,2026-02,DEP,27199.38,153415707.26
PRG-TERRA,TerraScan Ground Segment,GROUND_SEGMENT,NS10,2026,2,2026-02-01,2026-02,MAT,180797.13,153415707.26
PRG-TERRA,TerraScan Ground Segment,GROUND_SEGMENT,NS10,2026,2,2026-02-01,2026-02,OTH,5458.22,153415707.26
PRG-TERRA,TerraScan Ground Segment,GROUND_SEGMENT,NS10,2026,2,2026-02-01,2026-02,OVH,19892.41,153415707.26
PRG-TERRA,TerraScan Ground Segment,GROUND_SEGMENT,NS10,2026,2,2026-02-01,2026-02,PER,25256.84,153415707.26
PRG-TERRA,TerraScan Ground Segment,GROUND_SEGMENT,NS10,2026,2,2026-02-01,2026-02,SUB,419430.92,153415707.26
PRG-TERRA,TerraScan Ground Segment,GROUND_SEGMENT,NS10,2026,3,2026-03-01,2026-03,DEP,24088.64,153415707.26
PRG-TERRA,TerraScan Ground Segment,GROUND_SEGMENT,NS10,2026,3,2026-03-01,2026-03,MAT,207939.09,153415707.26
PRG-TERRA,TerraScan Ground Segment,GROUND_SEGMENT,NS10,2026,3,2026-03-01,2026-03,OTH,260.56,153415707.26
PRG-TERRA,TerraScan Ground Segment,GROUND_SEGMENT,NS10,2026,3,2026-03-01,2026-03,OVH,32924.97,153415707.26
PRG-TERRA,TerraScan Ground Segment,GROUND_SEGMENT,NS10,2026,3,2026-03-01,2026-03,PER,44234.89,153415707.26
PRG-TERRA,TerraScan Ground Segment,GROUND_SEGMENT,NS10,2026,3,2026-03-01,2026-03,SUB,321233.7,153415707.26
PRG-TERRA,TerraScan Ground Segment,GROUND_SEGMENT,NS10,2026,4,2026-04-01,2026-04,DEP,22868.89,153415707.26
PRG-TERRA,TerraScan Ground Segment,GROUND_SEGMENT,NS10,2026,4,2026-04-01,2026-04,MAT,275334.84,153415707.26
PRG-TERRA,TerraScan Ground Segment,GROUND_SEGMENT,NS10,2026,4,2026-04-01,2026-04,OTH,4893.46,153415707.26
PRG-TERRA,TerraScan Ground Segment,GROUND_SEGMENT,NS10,2026,4,2026-04-01,2026-04,OVH,18007.78,153415707.26
PRG-TERRA,TerraScan Ground Segment,GROUND_SEGMENT,NS10,2026,4,2026-04-01,2026-04,PER,27907.02,153415707.26
PRG-TERRA,TerraScan Ground Segment,GROUND_SEGMENT,NS10,2026,4,2026-04-01,2026-04,SUB,397009.54,153415707.26
PRG-TERRA,TerraScan Ground Segment,GROUND_SEGMENT,NS10,2026,5,2026-05-01,2026-05,DEP,16116.37,153415707.26
PRG-TERRA,TerraScan Ground Segment,GROUND_SEGMENT,NS10,2026,5,2026-05-01,2026-05,MAT,221926.89,153415707.26
PRG-TERRA,TerraScan Ground Segment,GROUND_SEGMENT,NS10,2026,5,2026-05-01,2026-05,OTH,1650.16,153415707.26
PRG-TERRA,TerraScan Ground Segment,GROUND_SEGMENT,NS10,2026,5,2026-05-01,2026-05,OVH,19219.38,153415707.26
PRG-TERRA,TerraScan Ground Segment,GROUND_SEGMENT,NS10,2026,5,2026-05-01,2026-05,PER,29168.64,153415707.26
PRG-TERRA,TerraScan Ground Segment,GROUND_SEGMENT,NS10,2026,5,2026-05-01,2026-05,SUB,363588.32,153415707.26
PRG-TERRA,TerraScan Ground Segment,GROUND_SEGMENT,NS10,2026,6,2026-06-01,2026-06,DEP,19744.56,153415707.26
PRG-TERRA,TerraScan Ground Segment,GROUND_SEGMENT,NS10,2026,6,2026-06-01,2026-06,MAT,250431.44,153415707.26
PRG-TERRA,TerraScan Ground Segment,GROUND_SEGMENT,NS10,2026,6,2026-06-01,2026-06,OTH,5087.62,153415707.26
PRG-TERRA,TerraScan Ground Segment,GROUND_SEGMENT,NS10,2026,6,2026-06-01,2026-06,OVH,22607.34,153415707.26
PRG-TERRA,TerraScan Ground Segment,GROUND_SEGMENT,NS10,2026,6,2026-06-01,2026-06,PER,35567.41,153415707.26
PRG-TERRA,TerraScan Ground Segment,GROUND_SEGMENT,NS10,2026,6,2026-06-01,2026-06,SUB,513840.08,153415707.26
PRG-TERRA,TerraScan Ground Segment,GROUND_SEGMENT,NS20,2023,1,2023-01-01,2023-01,DEP,19162.35,153415707.26
PRG-TERRA,TerraScan Ground Segment,GROUND_SEGMENT,NS20,2023,1,2023-01-01,2023-01,MAT,151538.03,153415707.26
PRG-TERRA,TerraScan Ground Segment,GROUND_SEGMENT,NS20,2023,1,2023-01-01,2023-01,OTH,1503.12,153415707.26
PRG-TERRA,TerraScan Ground Segment,GROUND_SEGMENT,NS20,2023,1,2023-01-01,2023-01,OVH,33814.66,153415707.26
PRG-TERRA,TerraScan Ground Segment,GROUND_SEGMENT,NS20,2023,1,2023-01-01,2023-01,PER,34171.05,153415707.26
PRG-TERRA,TerraScan Ground Segment,GROUND_SEGMENT,NS20,2023,1,2023-01-01,2023-01,SUB,404704.51,153415707.26
PRG-TERRA,TerraScan Ground Segment,GROUND_SEGMENT,NS20,2023,2,2023-02-01,2023-02,DEP,33308.56,153415707.26
PRG-TERRA,TerraScan Ground Segment,GROUND_SEGMENT,NS20,2023,2,2023-02-01,2023-02,MAT,243712.21,153415707.26
PRG-TERRA,TerraScan Ground Segment,GROUND_SEGMENT,NS20,2023,2,2023-02-01,2023-02,OTH,3613.46,153415707.26
PRG-TERRA,TerraScan Ground Segment,GROUND_SEGMENT,NS20,2023,2,2023-02-01,2023-02,OVH,44707.81,153415707.26
PRG-TERRA,TerraScan Ground Segment,GROUND_SEGMENT,NS20,2023,2,2023-02-01,2023-02,PER,23729.33,153415707.26
PRG-TERRA,TerraScan Ground Segment,GROUND_SEGMENT,NS20,2023,2,2023-02-01,2023-02,SUB,399619.98,153415707.26
PRG-TERRA,TerraScan Ground Segment,GROUND_SEGMENT,NS20,2023,3,2023-03-01,2023-03,DEP,25160.69,153415707.26
PRG-TERRA,TerraScan Ground Segment,GROUND_SEGMENT,NS20,2023,3,2023-03-01,2023-03,MAT,239363.56,153415707.26
PRG-TERRA,TerraScan Ground Segment,GROUND_SEGMENT,NS20,2023,3,2023-03-01,2023-03,OTH,5894.31,153415707.26
PRG-TERRA,TerraScan Ground Segment,GROUND_SEGMENT,NS20,2023,3,2023-03-01,2023-03,OVH,47488.47,153415707.26
PRG-TERRA,TerraScan Ground Segment,GROUND_SEGMENT,NS20,2023,3,2023-03-01,2023-03,PER,29780.23,153415707.26
PRG-TERRA,TerraScan Ground Segment,GROUND_SEGMENT,NS20,2023,3,2023-03-01,2023-03,SUB,284583.0,153415707.26
PRG-TERRA,TerraScan Ground Segment,GROUND_SEGMENT,NS20,2023,4,2023-04-01,2023-04,DEP,34279.85,153415707.26
PRG-TERRA,TerraScan Ground Segment,GROUND_SEGMENT,NS20,2023,4,2023-04-01,2023-04,MAT,215243.01,153415707.26
PRG-TERRA,TerraScan Ground Segment,GROUND_SEGMENT,NS20,2023,4,2023-04-01,2023-04,OTH,2039.99,153415707.26
PRG-TERRA,TerraScan Ground Segment,GROUND_SEGMENT,NS20,2023,4,2023-04-01,2023-04,OVH,42102.29,153415707.26
PRG-TERRA,TerraScan Ground Segment,GROUND_SEGMENT,NS20,2023,4,2023-04-01,2023-04,PER,28952.21,153415707.26
PRG-TERRA,TerraScan Ground Segment,GROUND_SEGMENT,NS20,2023,4,2023-04-01,2023-04,SUB,377779.53,153415707.26
PRG-TERRA,TerraScan Ground Segment,GROUND_SEGMENT,NS20,2023,5,2023-05-01,2023-05,DEP,19363.85,153415707.26
PRG-TERRA,TerraScan Ground Segment,GROUND_SEGMENT,NS20,2023,5,2023-05-01,2023-05,MAT,221346.21,153415707.26
PRG-TERRA,TerraScan Ground Segment,GROUND_SEGMENT,NS20,2023,5,2023-05-01,2023-05,OTH,1993.54,153415707.26
PRG-TERRA,TerraScan Ground Segment,GROUND_SEGMENT,NS20,2023,5,2023-05-01,2023-05,OVH,45791.52,153415707.26
PRG-TERRA,TerraScan Ground Segment,GROUND_SEGMENT,NS20,2023,5,2023-05-01,2023-05,PER,28773.1,153415707.26
PRG-TERRA,TerraScan Ground Segment,GROUND_SEGMENT,NS20,2023,5,2023-05-01,2023-05,SUB,412302.32,153415707.26
PRG-TERRA,TerraScan Ground Segment,GROUND_SEGMENT,NS20,2023,6,2023-06-01,2023-06,DEP,19556.74,153415707.26
PRG-TERRA,TerraScan Ground Segment,GROUND_SEGMENT,NS20,2023,6,2023-06-01,2023-06,MAT,224929.84,153415707.26
PRG-TERRA,TerraScan Ground Segment,GROUND_SEGMENT,NS20,2023,6,2023-06-01,2023-06,OTH,6402.19,153415707.26
PRG-TERRA,TerraScan Ground Segment,GROUND_SEGMENT,NS20,2023,6,2023-06-01,2023-06,OVH,43329.09,153415707.26
PRG-TERRA,TerraScan Ground Segment,GROUND_SEGMENT,NS20,2023,6,2023-06-01,2023-06,PER,30563.3,153415707.26
PRG-TERRA,TerraScan Ground Segment,GROUND_SEGMENT,NS20,2023,6,2023-06-01,2023-06,SUB,340849.38,153415707.26
PRG-TERRA,TerraScan Ground Segment,GROUND_SEGMENT,NS20,2023,7,2023-07-01,2023-07,DEP,32959.17,153415707.26
PRG-TERRA,TerraScan Ground Segment,GROUND_SEGMENT,NS20,2023,7,2023-07-01,2023-07,MAT,195189.49,153415707.26
PRG-TERRA,TerraScan Ground Segment,GROUND_SEGMENT,NS20,2023,7,2023-07-01,2023-07,OTH,1479.52,153415707.26
PRG-TERRA,TerraScan Ground Segment,GROUND_SEGMENT,NS20,2023,7,2023-07-01,2023-07,OVH,39456.02,153415707.26
PRG-TERRA,TerraScan Ground Segment,GROUND_SEGMENT,NS20,2023,7,2023-07-01,2023-07,PER,25844.31,153415707.26
PRG-TERRA,TerraScan Ground Segment,GROUND_SEGMENT,NS20,2023,7,2023-07-01,2023-07,SUB,150987.26,153415707.26
PRG-TERRA,TerraScan Ground Segment,GROUND_SEGMENT,NS20,2023,8,2023-08-01,2023-08,DEP,24416.61,153415707.26
PRG-TERRA,TerraScan Ground Segment,GROUND_SEGMENT,NS20,2023,8,2023-08-01,2023-08,MAT,235595.23,153415707.26
PRG-TERRA,TerraScan Ground Segment,GROUND_SEGMENT,NS20,2023,8,2023-08-01,2023-08,OTH,4027.93,153415707.26
PRG-TERRA,TerraScan Ground Segment,GROUND_SEGMENT,NS20,2023,8,2023-08-01,2023-08,OVH,46362.49,153415707.26
PRG-TERRA,TerraScan Ground Segment,GROUND_SEGMENT,NS20,2023,8,2023-08-01,2023-08,PER,17876.44,153415707.26
PRG-TERRA,TerraScan Ground Segment,GROUND_SEGMENT,NS20,2023,8,2023-08-01,2023-08,SUB,360851.93,153415707.26
PRG-TERRA,TerraScan Ground Segment,GROUND_SEGMENT,NS20,2023,9,2023-09-01,2023-09,DEP,20512.23,153415707.26
PRG-TERRA,TerraScan Ground Segment,GROUND_SEGMENT,NS20,2023,9,2023-09-01,2023-09,MAT,235956.57,153415707.26
PRG-TERRA,TerraScan Ground Segment,GROUND_SEGMENT,NS20,2023,9,2023-09-01,2023-09,OTH,1361.99,153415707.26
PRG-TERRA,TerraScan Ground Segment,GROUND_SEGMENT,NS20,2023,9,2023-09-01,2023-09,OVH,54724.58,153415707.26
PRG-TERRA,TerraScan Ground Segment,GROUND_SEGMENT,NS20,2023,9,2023-09-01,2023-09,PER,21116.08,153415707.26
PRG-TERRA,TerraScan Ground Segment,GROUND_SEGMENT,NS20,2023,9,2023-09-01,2023-09,SUB,438081.14,153415707.26
PRG-TERRA,TerraScan Ground Segment,GROUND_SEGMENT,NS20,2023,10,2023-10-01,2023-10,DEP,32201.94,153415707.26
PRG-TERRA,TerraScan Ground Segment,GROUND_SEGMENT,NS20,2023,10,2023-10-01,2023-10,MAT,196226.69,153415707.26
PRG-TERRA,TerraScan Ground Segment,GROUND_SEGMENT,NS20,2023,10,2023-10-01,2023-10,OTH,2539.37,153415707.26
PRG-TERRA,TerraScan Ground Segment,GROUND_SEGMENT,NS20,2023,10,2023-10-01,2023-10,OVH,45316.86,153415707.26
PRG-TERRA,TerraScan Ground Segment,GROUND_SEGMENT,NS20,2023,10,2023-10-01,2023-10,PER,20499.87,153415707.26
PRG-TERRA,TerraScan Ground Segment,GROUND_SEGMENT,NS20,2023,10,2023-10-01,2023-10,SUB,399085.93,153415707.26
PRG-TERRA,TerraScan Ground Segment,GROUND_SEGMENT,NS20,2023,11,2023-11-01,2023-11,DEP,27371.82,153415707.26
PRG-TERRA,TerraScan Ground Segment,GROUND_SEGMENT,NS20,2023,11,2023-11-01,2023-11,MAT,252276.61,153415707.26
PRG-TERRA,TerraScan Ground Segment,GROUND_SEGMENT,NS20,2023,11,2023-11-01,2023-11,OTH,5609.26,153415707.26
PRG-TERRA,TerraScan Ground Segment,GROUND_SEGMENT,NS20,2023,11,2023-11-01,2023-11,OVH,39849.72,153415707.26
PRG-TERRA,TerraScan Ground Segment,GROUND_SEGMENT,NS20,2023,11,2023-11-01,2023-11,PER,17780.81,153415707.26
PRG-TERRA,TerraScan Ground Segment,GROUND_SEGMENT,NS20,2023,11,2023-11-01,2023-11,SUB,290597.81,153415707.26
PRG-TERRA,TerraScan Ground Segment,GROUND_SEGMENT,NS20,2023,12,2023-12-01,2023-12,DEP,28888.97,153415707.26
PRG-TERRA,TerraScan Ground Segment,GROUND_SEGMENT,NS20,2023,12,2023-12-01,2023-12,MAT,210851.27,153415707.26
PRG-TERRA,TerraScan Ground Segment,GROUND_SEGMENT,NS20,2023,12,2023-12-01,2023-12,OTH,441.77,153415707.26
PRG-TERRA,TerraScan Ground Segment,GROUND_SEGMENT,NS20,2023,12,2023-12-01,2023-12,OVH,31518.6,153415707.26
PRG-TERRA,TerraScan Ground Segment,GROUND_SEGMENT,NS20,2023,12,2023-12-01,2023-12,PER,24534.75,153415707.26
PRG-TERRA,TerraScan Ground Segment,GROUND_SEGMENT,NS20,2023,12,2023-12-01,2023-12,SUB,234951.49,153415707.26
PRG-TERRA,TerraScan Ground Segment,GROUND_SEGMENT,NS20,2023,13,2023-12-01,2023-12,MAT,1461.74,153415707.26
PRG-TERRA,TerraScan Ground Segment,GROUND_SEGMENT,NS20,2023,13,2023-12-01,2023-12,OTH,2948.66,153415707.26
PRG-TERRA,TerraScan Ground Segment,GROUND_SEGMENT,NS20,2023,13,2023-12-01,2023-12,OVH,726.73,153415707.26
PRG-TERRA,TerraScan Ground Segment,GROUND_SEGMENT,NS20,2023,13,2023-12-01,2023-12,PER,7402.43,153415707.26
PRG-TERRA,TerraScan Ground Segment,GROUND_SEGMENT,NS20,2023,13,2023-12-01,2023-12,SUB,66175.71,153415707.26
PRG-TERRA,TerraScan Ground Segment,GROUND_SEGMENT,NS20,2023,14,2023-12-01,2023-12,MAT,6007.09,153415707.26
PRG-TERRA,TerraScan Ground Segment,GROUND_SEGMENT,NS20,2023,14,2023-12-01,2023-12,OTH,404.0,153415707.26
PRG-TERRA,TerraScan Ground Segment,GROUND_SEGMENT,NS20,2023,14,2023-12-01,2023-12,OVH,2437.28,153415707.26
PRG-TERRA,TerraScan Ground Segment,GROUND_SEGMENT,NS20,2023,14,2023-12-01,2023-12,PER,3774.41,153415707.26
PRG-TERRA,TerraScan Ground Segment,GROUND_SEGMENT,NS20,2023,14,2023-12-01,2023-12,SUB,41341.97,153415707.26
PRG-TERRA,TerraScan Ground Segment,GROUND_SEGMENT,NS20,2024,1,2024-01-01,2024-01,DEP,29676.92,153415707.26
PRG-TERRA,TerraScan Ground Segment,GROUND_SEGMENT,NS20,2024,1,2024-01-01,2024-01,MAT,244538.79,153415707.26
PRG-TERRA,TerraScan Ground Segment,GROUND_SEGMENT,NS20,2024,1,2024-01-01,2024-01,OTH,2073.2,153415707.26
PRG-TERRA,TerraScan Ground Segment,GROUND_SEGMENT,NS20,2024,1,2024-01-01,2024-01,OVH,40394.15,153415707.26
PRG-TERRA,TerraScan Ground Segment,GROUND_SEGMENT,NS20,2024,1,2024-01-01,2024-01,PER,31393.32,153415707.26
PRG-TERRA,TerraScan Ground Segment,GROUND_SEGMENT,NS20,2024,1,2024-01-01,2024-01,SUB,431250.18,153415707.26
PRG-TERRA,TerraScan Ground Segment,GROUND_SEGMENT,NS20,2024,2,2024-02-01,2024-02,DEP,25375.98,153415707.26
PRG-TERRA,TerraScan Ground Segment,GROUND_SEGMENT,NS20,2024,2,2024-02-01,2024-02,MAT,266868.97,153415707.26
PRG-TERRA,TerraScan Ground Segment,GROUND_SEGMENT,NS20,2024,2,2024-02-01,2024-02,OTH,2034.93,153415707.26
PRG-TERRA,TerraScan Ground Segment,GROUND_SEGMENT,NS20,2024,2,2024-02-01,2024-02,OVH,37831.4,153415707.26
PRG-TERRA,TerraScan Ground Segment,GROUND_SEGMENT,NS20,2024,2,2024-02-01,2024-02,PER,24147.57,153415707.26
PRG-TERRA,TerraScan Ground Segment,GROUND_SEGMENT,NS20,2024,2,2024-02-01,2024-02,SUB,404219.3,153415707.26
PRG-TERRA,TerraScan Ground Segment,GROUND_SEGMENT,NS20,2024,3,2024-03-01,2024-03,DEP,22896.74,153415707.26
PRG-TERRA,TerraScan Ground Segment,GROUND_SEGMENT,NS20,2024,3,2024-03-01,2024-03,MAT,176005.62,153415707.26
PRG-TERRA,TerraScan Ground Segment,GROUND_SEGMENT,NS20,2024,3,2024-03-01,2024-03,OTH,1683.44,153415707.26
PRG-TERRA,TerraScan Ground Segment,GROUND_SEGMENT,NS20,2024,3,2024-03-01,2024-03,OVH,39871.41,153415707.26
PRG-TERRA,TerraScan Ground Segment,GROUND_SEGMENT,NS20,2024,3,2024-03-01,2024-03,PER,18304.82,153415707.26
PRG-TERRA,TerraScan Ground Segment,GROUND_SEGMENT,NS20,2024,3,2024-03-01,2024-03,SUB,414754.22,153415707.26
PRG-TERRA,TerraScan Ground Segment,GROUND_SEGMENT,NS20,2024,4,2024-04-01,2024-04,DEP,26888.39,153415707.26
PRG-TERRA,TerraScan Ground Segment,GROUND_SEGMENT,NS20,2024,4,2024-04-01,2024-04,MAT,239613.92,153415707.26
PRG-TERRA,TerraScan Ground Segment,GROUND_SEGMENT,NS20,2024,4,2024-04-01,2024-04,OTH,5203.32,153415707.26
PRG-TERRA,TerraScan Ground Segment,GROUND_SEGMENT,NS20,2024,4,2024-04-01,2024-04,OVH,34971.26,153415707.26
PRG-TERRA,TerraScan Ground Segment,GROUND_SEGMENT,NS20,2024,4,2024-04-01,2024-04,PER,35593.83,153415707.26
PRG-TERRA,TerraScan Ground Segment,GROUND_SEGMENT,NS20,2024,4,2024-04-01,2024-04,SUB,460065.46,153415707.26
PRG-TERRA,TerraScan Ground Segment,GROUND_SEGMENT,NS20,2024,5,2024-05-01,2024-05,DEP,24853.25,153415707.26
PRG-TERRA,TerraScan Ground Segment,GROUND_SEGMENT,NS20,2024,5,2024-05-01,2024-05,MAT,210782.26,153415707.26
PRG-TERRA,TerraScan Ground Segment,GROUND_SEGMENT,NS20,2024,5,2024-05-01,2024-05,OTH,6179.98,153415707.26
PRG-TERRA,TerraScan Ground Segment,GROUND_SEGMENT,NS20,2024,5,2024-05-01,2024-05,OVH,48336.64,153415707.26
PRG-TERRA,TerraScan Ground Segment,GROUND_SEGMENT,NS20,2024,5,2024-05-01,2024-05,PER,27964.83,153415707.26
PRG-TERRA,TerraScan Ground Segment,GROUND_SEGMENT,NS20,2024,5,2024-05-01,2024-05,SUB,399541.23,153415707.26
PRG-TERRA,TerraScan Ground Segment,GROUND_SEGMENT,NS20,2024,6,2024-06-01,2024-06,DEP,25280.97,153415707.26
PRG-TERRA,TerraScan Ground Segment,GROUND_SEGMENT,NS20,2024,6,2024-06-01,2024-06,MAT,227872.44,153415707.26
PRG-TERRA,TerraScan Ground Segment,GROUND_SEGMENT,NS20,2024,6,2024-06-01,2024-06,OTH,3642.04,153415707.26
PRG-TERRA,TerraScan Ground Segment,GROUND_SEGMENT,NS20,2024,6,2024-06-01,2024-06,OVH,49385.33,153415707.26
PRG-TERRA,TerraScan Ground Segment,GROUND_SEGMENT,NS20,2024,6,2024-06-01,2024-06,PER,35281.31,153415707.26
PRG-TERRA,TerraScan Ground Segment,GROUND_SEGMENT,NS20,2024,6,2024-06-01,2024-06,SUB,376092.46,153415707.26
PRG-TERRA,TerraScan Ground Segment,GROUND_SEGMENT,NS20,2024,7,2024-07-01,2024-07,DEP,16103.59,153415707.26
PRG-TERRA,TerraScan Ground Segment,GROUND_SEGMENT,NS20,2024,7,2024-07-01,2024-07,MAT,225582.52,153415707.26
PRG-TERRA,TerraScan Ground Segment,GROUND_SEGMENT,NS20,2024,7,2024-07-01,2024-07,OTH,1222.32,153415707.26
PRG-TERRA,TerraScan Ground Segment,GROUND_SEGMENT,NS20,2024,7,2024-07-01,2024-07,OVH,28528.94,153415707.26
PRG-TERRA,TerraScan Ground Segment,GROUND_SEGMENT,NS20,2024,7,2024-07-01,2024-07,PER,37789.77,153415707.26
PRG-TERRA,TerraScan Ground Segment,GROUND_SEGMENT,NS20,2024,7,2024-07-01,2024-07,SUB,420594.88,153415707.26
PRG-TERRA,TerraScan Ground Segment,GROUND_SEGMENT,NS20,2024,8,2024-08-01,2024-08,DEP,26009.45,153415707.26
PRG-TERRA,TerraScan Ground Segment,GROUND_SEGMENT,NS20,2024,8,2024-08-01,2024-08,MAT,334342.75,153415707.26
PRG-TERRA,TerraScan Ground Segment,GROUND_SEGMENT,NS20,2024,8,2024-08-01,2024-08,OTH,2193.82,153415707.26
PRG-TERRA,TerraScan Ground Segment,GROUND_SEGMENT,NS20,2024,8,2024-08-01,2024-08,OVH,49240.9,153415707.26
PRG-TERRA,TerraScan Ground Segment,GROUND_SEGMENT,NS20,2024,8,2024-08-01,2024-08,PER,29970.51,153415707.26
PRG-TERRA,TerraScan Ground Segment,GROUND_SEGMENT,NS20,2024,8,2024-08-01,2024-08,SUB,417567.98,153415707.26
PRG-TERRA,TerraScan Ground Segment,GROUND_SEGMENT,NS20,2024,9,2024-09-01,2024-09,DEP,30191.47,153415707.26
PRG-TERRA,TerraScan Ground Segment,GROUND_SEGMENT,NS20,2024,9,2024-09-01,2024-09,MAT,178830.25,153415707.26
PRG-TERRA,TerraScan Ground Segment,GROUND_SEGMENT,NS20,2024,9,2024-09-01,2024-09,OTH,9140.08,153415707.26
PRG-TERRA,TerraScan Ground Segment,GROUND_SEGMENT,NS20,2024,9,2024-09-01,2024-09,OVH,41591.43,153415707.26
PRG-TERRA,TerraScan Ground Segment,GROUND_SEGMENT,NS20,2024,9,2024-09-01,2024-09,PER,38971.27,153415707.26
PRG-TERRA,TerraScan Ground Segment,GROUND_SEGMENT,NS20,2024,9,2024-09-01,2024-09,SUB,319261.04,153415707.26
PRG-TERRA,TerraScan Ground Segment,GROUND_SEGMENT,NS20,2024,10,2024-10-01,2024-10,DEP,31656.41,153415707.26
PRG-TERRA,TerraScan Ground Segment,GROUND_SEGMENT,NS20,2024,10,2024-10-01,2024-10,MAT,297579.54,153415707.26
PRG-TERRA,TerraScan Ground Segment,GROUND_SEGMENT,NS20,2024,10,2024-10-01,2024-10,OTH,1982.13,153415707.26
PRG-TERRA,TerraScan Ground Segment,GROUND_SEGMENT,NS20,2024,10,2024-10-01,2024-10,OVH,52677.83,153415707.26
PRG-TERRA,TerraScan Ground Segment,GROUND_SEGMENT,NS20,2024,10,2024-10-01,2024-10,PER,40636.51,153415707.26
PRG-TERRA,TerraScan Ground Segment,GROUND_SEGMENT,NS20,2024,10,2024-10-01,2024-10,SUB,431005.99,153415707.26
PRG-TERRA,TerraScan Ground Segment,GROUND_SEGMENT,NS20,2024,11,2024-11-01,2024-11,DEP,26225.57,153415707.26
PRG-TERRA,TerraScan Ground Segment,GROUND_SEGMENT,NS20,2024,11,2024-11-01,2024-11,MAT,210805.71,153415707.26
PRG-TERRA,TerraScan Ground Segment,GROUND_SEGMENT,NS20,2024,11,2024-11-01,2024-11,OTH,2028.1,153415707.26
PRG-TERRA,TerraScan Ground Segment,GROUND_SEGMENT,NS20,2024,11,2024-11-01,2024-11,OVH,44660.43,153415707.26
PRG-TERRA,TerraScan Ground Segment,GROUND_SEGMENT,NS20,2024,11,2024-11-01,2024-11,PER,27423.05,153415707.26
PRG-TERRA,TerraScan Ground Segment,GROUND_SEGMENT,NS20,2024,11,2024-11-01,2024-11,SUB,416651.93,153415707.26
PRG-TERRA,TerraScan Ground Segment,GROUND_SEGMENT,NS20,2024,12,2024-12-01,2024-12,DEP,18887.23,153415707.26
PRG-TERRA,TerraScan Ground Segment,GROUND_SEGMENT,NS20,2024,12,2024-12-01,2024-12,MAT,302279.31,153415707.26
PRG-TERRA,TerraScan Ground Segment,GROUND_SEGMENT,NS20,2024,12,2024-12-01,2024-12,OTH,3489.3,153415707.26
PRG-TERRA,TerraScan Ground Segment,GROUND_SEGMENT,NS20,2024,12,2024-12-01,2024-12,OVH,44738.71,153415707.26
PRG-TERRA,TerraScan Ground Segment,GROUND_SEGMENT,NS20,2024,12,2024-12-01,2024-12,PER,24264.47,153415707.26
PRG-TERRA,TerraScan Ground Segment,GROUND_SEGMENT,NS20,2024,12,2024-12-01,2024-12,SUB,419120.33,153415707.26
PRG-TERRA,TerraScan Ground Segment,GROUND_SEGMENT,NS20,2024,13,2024-12-01,2024-12,MAT,12600.08,153415707.26
PRG-TERRA,TerraScan Ground Segment,GROUND_SEGMENT,NS20,2024,13,2024-12-01,2024-12,OTH,612.71,153415707.26
PRG-TERRA,TerraScan Ground Segment,GROUND_SEGMENT,NS20,2024,13,2024-12-01,2024-12,OVH,6598.09,153415707.26
PRG-TERRA,TerraScan Ground Segment,GROUND_SEGMENT,NS20,2024,13,2024-12-01,2024-12,PER,8283.3,153415707.26
PRG-TERRA,TerraScan Ground Segment,GROUND_SEGMENT,NS20,2024,13,2024-12-01,2024-12,SUB,50285.25,153415707.26
PRG-TERRA,TerraScan Ground Segment,GROUND_SEGMENT,NS20,2024,14,2024-12-01,2024-12,MAT,7883.41,153415707.26
PRG-TERRA,TerraScan Ground Segment,GROUND_SEGMENT,NS20,2024,14,2024-12-01,2024-12,OTH,804.37,153415707.26
PRG-TERRA,TerraScan Ground Segment,GROUND_SEGMENT,NS20,2024,14,2024-12-01,2024-12,OVH,3459.55,153415707.26
PRG-TERRA,TerraScan Ground Segment,GROUND_SEGMENT,NS20,2024,14,2024-12-01,2024-12,PER,9268.36,153415707.26
PRG-TERRA,TerraScan Ground Segment,GROUND_SEGMENT,NS20,2024,14,2024-12-01,2024-12,SUB,113678.93,153415707.26
PRG-TERRA,TerraScan Ground Segment,GROUND_SEGMENT,NS20,2025,1,2025-01-01,2025-01,DEP,15364.57,153415707.26
PRG-TERRA,TerraScan Ground Segment,GROUND_SEGMENT,NS20,2025,1,2025-01-01,2025-01,MAT,230932.06,153415707.26
PRG-TERRA,TerraScan Ground Segment,GROUND_SEGMENT,NS20,2025,1,2025-01-01,2025-01,OTH,3916.62,153415707.26
PRG-TERRA,TerraScan Ground Segment,GROUND_SEGMENT,NS20,2025,1,2025-01-01,2025-01,OVH,33395.63,153415707.26
PRG-TERRA,TerraScan Ground Segment,GROUND_SEGMENT,NS20,2025,1,2025-01-01,2025-01,PER,38720.25,153415707.26
PRG-TERRA,TerraScan Ground Segment,GROUND_SEGMENT,NS20,2025,1,2025-01-01,2025-01,SUB,197834.51,153415707.26
PRG-TERRA,TerraScan Ground Segment,GROUND_SEGMENT,NS20,2025,2,2025-02-01,2025-02,DEP,28067.21,153415707.26
PRG-TERRA,TerraScan Ground Segment,GROUND_SEGMENT,NS20,2025,2,2025-02-01,2025-02,MAT,259954.65,153415707.26
PRG-TERRA,TerraScan Ground Segment,GROUND_SEGMENT,NS20,2025,2,2025-02-01,2025-02,OTH,-500.78,153415707.26
PRG-TERRA,TerraScan Ground Segment,GROUND_SEGMENT,NS20,2025,2,2025-02-01,2025-02,OVH,44533.73,153415707.26
PRG-TERRA,TerraScan Ground Segment,GROUND_SEGMENT,NS20,2025,2,2025-02-01,2025-02,PER,24353.99,153415707.26
PRG-TERRA,TerraScan Ground Segment,GROUND_SEGMENT,NS20,2025,2,2025-02-01,2025-02,SUB,405085.05,153415707.26
PRG-TERRA,TerraScan Ground Segment,GROUND_SEGMENT,NS20,2025,3,2025-03-01,2025-03,DEP,11872.13,153415707.26
PRG-TERRA,TerraScan Ground Segment,GROUND_SEGMENT,NS20,2025,3,2025-03-01,2025-03,MAT,196637.42,153415707.26
PRG-TERRA,TerraScan Ground Segment,GROUND_SEGMENT,NS20,2025,3,2025-03-01,2025-03,OTH,2391.59,153415707.26
PRG-TERRA,TerraScan Ground Segment,GROUND_SEGMENT,NS20,2025,3,2025-03-01,2025-03,OVH,38714.99,153415707.26
PRG-TERRA,TerraScan Ground Segment,GROUND_SEGMENT,NS20,2025,3,2025-03-01,2025-03,PER,38370.49,153415707.26
PRG-TERRA,TerraScan Ground Segment,GROUND_SEGMENT,NS20,2025,3,2025-03-01,2025-03,SUB,305827.11,153415707.26
PRG-TERRA,TerraScan Ground Segment,GROUND_SEGMENT,NS20,2025,4,2025-04-01,2025-04,DEP,24261.85,153415707.26
PRG-TERRA,TerraScan Ground Segment,GROUND_SEGMENT,NS20,2025,4,2025-04-01,2025-04,MAT,247915.87,153415707.26
PRG-TERRA,TerraScan Ground Segment,GROUND_SEGMENT,NS20,2025,4,2025-04-01,2025-04,OTH,3555.67,153415707.26
PRG-TERRA,TerraScan Ground Segment,GROUND_SEGMENT,NS20,2025,4,2025-04-01,2025-04,OVH,46115.61,153415707.26
PRG-TERRA,TerraScan Ground Segment,GROUND_SEGMENT,NS20,2025,4,2025-04-01,2025-04,PER,31814.01,153415707.26
PRG-TERRA,TerraScan Ground Segment,GROUND_SEGMENT,NS20,2025,4,2025-04-01,2025-04,SUB,386622.26,153415707.26
PRG-TERRA,TerraScan Ground Segment,GROUND_SEGMENT,NS20,2025,5,2025-05-01,2025-05,DEP,18799.46,153415707.26
PRG-TERRA,TerraScan Ground Segment,GROUND_SEGMENT,NS20,2025,5,2025-05-01,2025-05,MAT,326956.05,153415707.26
PRG-TERRA,TerraScan Ground Segment,GROUND_SEGMENT,NS20,2025,5,2025-05-01,2025-05,OTH,1253.67,153415707.26
PRG-TERRA,TerraScan Ground Segment,GROUND_SEGMENT,NS20,2025,5,2025-05-01,2025-05,OVH,33585.58,153415707.26
PRG-TERRA,TerraScan Ground Segment,GROUND_SEGMENT,NS20,2025,5,2025-05-01,2025-05,PER,36349.28,153415707.26
PRG-TERRA,TerraScan Ground Segment,GROUND_SEGMENT,NS20,2025,5,2025-05-01,2025-05,SUB,419292.8,153415707.26
PRG-TERRA,TerraScan Ground Segment,GROUND_SEGMENT,NS20,2025,6,2025-06-01,2025-06,DEP,25067.13,153415707.26
PRG-TERRA,TerraScan Ground Segment,GROUND_SEGMENT,NS20,2025,6,2025-06-01,2025-06,MAT,303906.9,153415707.26
PRG-TERRA,TerraScan Ground Segment,GROUND_SEGMENT,NS20,2025,6,2025-06-01,2025-06,OTH,3678.91,153415707.26
PRG-TERRA,TerraScan Ground Segment,GROUND_SEGMENT,NS20,2025,6,2025-06-01,2025-06,OVH,43558.36,153415707.26
PRG-TERRA,TerraScan Ground Segment,GROUND_SEGMENT,NS20,2025,6,2025-06-01,2025-06,PER,25686.06,153415707.26
PRG-TERRA,TerraScan Ground Segment,GROUND_SEGMENT,NS20,2025,6,2025-06-01,2025-06,SUB,315584.06,153415707.26
PRG-TERRA,TerraScan Ground Segment,GROUND_SEGMENT,NS20,2025,7,2025-07-01,2025-07,DEP,13283.45,153415707.26
PRG-TERRA,TerraScan Ground Segment,GROUND_SEGMENT,NS20,2025,7,2025-07-01,2025-07,MAT,311270.61,153415707.26
PRG-TERRA,TerraScan Ground Segment,GROUND_SEGMENT,NS20,2025,7,2025-07-01,2025-07,OTH,5832.92,153415707.26
PRG-TERRA,TerraScan Ground Segment,GROUND_SEGMENT,NS20,2025,7,2025-07-01,2025-07,OVH,38540.14,153415707.26
PRG-TERRA,TerraScan Ground Segment,GROUND_SEGMENT,NS20,2025,7,2025-07-01,2025-07,PER,31039.64,153415707.26
PRG-TERRA,TerraScan Ground Segment,GROUND_SEGMENT,NS20,2025,7,2025-07-01,2025-07,SUB,505283.29,153415707.26
PRG-TERRA,TerraScan Ground Segment,GROUND_SEGMENT,NS20,2025,8,2025-08-01,2025-08,DEP,25784.12,153415707.26
PRG-TERRA,TerraScan Ground Segment,GROUND_SEGMENT,NS20,2025,8,2025-08-01,2025-08,MAT,269247.28,153415707.26
PRG-TERRA,TerraScan Ground Segment,GROUND_SEGMENT,NS20,2025,8,2025-08-01,2025-08,OTH,120.18,153415707.26
PRG-TERRA,TerraScan Ground Segment,GROUND_SEGMENT,NS20,2025,8,2025-08-01,2025-08,OVH,38395.84,153415707.26
PRG-TERRA,TerraScan Ground Segment,GROUND_SEGMENT,NS20,2025,8,2025-08-01,2025-08,PER,19743.24,153415707.26
PRG-TERRA,TerraScan Ground Segment,GROUND_SEGMENT,NS20,2025,8,2025-08-01,2025-08,SUB,495155.06,153415707.26
PRG-TERRA,TerraScan Ground Segment,GROUND_SEGMENT,NS20,2025,9,2025-09-01,2025-09,DEP,33516.16,153415707.26
PRG-TERRA,TerraScan Ground Segment,GROUND_SEGMENT,NS20,2025,9,2025-09-01,2025-09,MAT,243287.9,153415707.26
PRG-TERRA,TerraScan Ground Segment,GROUND_SEGMENT,NS20,2025,9,2025-09-01,2025-09,OTH,9686.09,153415707.26
PRG-TERRA,TerraScan Ground Segment,GROUND_SEGMENT,NS20,2025,9,2025-09-01,2025-09,OVH,49217.82,153415707.26
PRG-TERRA,TerraScan Ground Segment,GROUND_SEGMENT,NS20,2025,9,2025-09-01,2025-09,PER,36195.22,153415707.26
PRG-TERRA,TerraScan Ground Segment,GROUND_SEGMENT,NS20,2025,9,2025-09-01,2025-09,SUB,368683.58,153415707.26
PRG-TERRA,TerraScan Ground Segment,GROUND_SEGMENT,NS20,2025,10,2025-10-01,2025-10,DEP,32610.03,153415707.26
PRG-TERRA,TerraScan Ground Segment,GROUND_SEGMENT,NS20,2025,10,2025-10-01,2025-10,MAT,233316.78,153415707.26
PRG-TERRA,TerraScan Ground Segment,GROUND_SEGMENT,NS20,2025,10,2025-10-01,2025-10,OTH,-2270.13,153415707.26
PRG-TERRA,TerraScan Ground Segment,GROUND_SEGMENT,NS20,2025,10,2025-10-01,2025-10,OVH,54676.03,153415707.26
PRG-TERRA,TerraScan Ground Segment,GROUND_SEGMENT,NS20,2025,10,2025-10-01,2025-10,PER,21341.11,153415707.26
PRG-TERRA,TerraScan Ground Segment,GROUND_SEGMENT,NS20,2025,10,2025-10-01,2025-10,SUB,492045.82,153415707.26
PRG-TERRA,TerraScan Ground Segment,GROUND_SEGMENT,NS20,2025,11,2025-11-01,2025-11,DEP,12632.33,153415707.26
PRG-TERRA,TerraScan Ground Segment,GROUND_SEGMENT,NS20,2025,11,2025-11-01,2025-11,MAT,258268.42,153415707.26
PRG-TERRA,TerraScan Ground Segment,GROUND_SEGMENT,NS20,2025,11,2025-11-01,2025-11,OTH,4521.84,153415707.26
PRG-TERRA,TerraScan Ground Segment,GROUND_SEGMENT,NS20,2025,11,2025-11-01,2025-11,OVH,35001.79,153415707.26
PRG-TERRA,TerraScan Ground Segment,GROUND_SEGMENT,NS20,2025,11,2025-11-01,2025-11,PER,28993.43,153415707.26
PRG-TERRA,TerraScan Ground Segment,GROUND_SEGMENT,NS20,2025,11,2025-11-01,2025-11,SUB,366632.75,153415707.26
PRG-TERRA,TerraScan Ground Segment,GROUND_SEGMENT,NS20,2025,12,2025-12-01,2025-12,DEP,28137.69,153415707.26
PRG-TERRA,TerraScan Ground Segment,GROUND_SEGMENT,NS20,2025,12,2025-12-01,2025-12,MAT,224362.37,153415707.26
PRG-TERRA,TerraScan Ground Segment,GROUND_SEGMENT,NS20,2025,12,2025-12-01,2025-12,OTH,3086.39,153415707.26
PRG-TERRA,TerraScan Ground Segment,GROUND_SEGMENT,NS20,2025,12,2025-12-01,2025-12,OVH,38260.26,153415707.26
PRG-TERRA,TerraScan Ground Segment,GROUND_SEGMENT,NS20,2025,12,2025-12-01,2025-12,PER,41108.16,153415707.26
PRG-TERRA,TerraScan Ground Segment,GROUND_SEGMENT,NS20,2025,12,2025-12-01,2025-12,SUB,558039.61,153415707.26
PRG-TERRA,TerraScan Ground Segment,GROUND_SEGMENT,NS20,2025,13,2025-12-01,2025-12,MAT,7826.02,153415707.26
PRG-TERRA,TerraScan Ground Segment,GROUND_SEGMENT,NS20,2025,13,2025-12-01,2025-12,OTH,7187.44,153415707.26
PRG-TERRA,TerraScan Ground Segment,GROUND_SEGMENT,NS20,2025,13,2025-12-01,2025-12,OVH,2308.28,153415707.26
PRG-TERRA,TerraScan Ground Segment,GROUND_SEGMENT,NS20,2025,13,2025-12-01,2025-12,PER,9028.84,153415707.26
PRG-TERRA,TerraScan Ground Segment,GROUND_SEGMENT,NS20,2025,13,2025-12-01,2025-12,SUB,35896.1,153415707.26
PRG-TERRA,TerraScan Ground Segment,GROUND_SEGMENT,NS20,2025,14,2025-12-01,2025-12,MAT,10201.46,153415707.26
PRG-TERRA,TerraScan Ground Segment,GROUND_SEGMENT,NS20,2025,14,2025-12-01,2025-12,OTH,3090.87,153415707.26
PRG-TERRA,TerraScan Ground Segment,GROUND_SEGMENT,NS20,2025,14,2025-12-01,2025-12,OVH,2320.71,153415707.26
PRG-TERRA,TerraScan Ground Segment,GROUND_SEGMENT,NS20,2025,14,2025-12-01,2025-12,PER,9283.87,153415707.26
PRG-TERRA,TerraScan Ground Segment,GROUND_SEGMENT,NS20,2025,14,2025-12-01,2025-12,SUB,10652.11,153415707.26
PRG-TERRA,TerraScan Ground Segment,GROUND_SEGMENT,NS20,2026,1,2026-01-01,2026-01,DEP,21100.74,153415707.26
PRG-TERRA,TerraScan Ground Segment,GROUND_SEGMENT,NS20,2026,1,2026-01-01,2026-01,MAT,200208.58,153415707.26
PRG-TERRA,TerraScan Ground Segment,GROUND_SEGMENT,NS20,2026,1,2026-01-01,2026-01,OTH,-360.3,153415707.26
PRG-TERRA,TerraScan Ground Segment,GROUND_SEGMENT,NS20,2026,1,2026-01-01,2026-01,OVH,55131.39,153415707.26
PRG-TERRA,TerraScan Ground Segment,GROUND_SEGMENT,NS20,2026,1,2026-01-01,2026-01,PER,22817.7,153415707.26
PRG-TERRA,TerraScan Ground Segment,GROUND_SEGMENT,NS20,2026,1,2026-01-01,2026-01,SUB,420802.27,153415707.26
PRG-TERRA,TerraScan Ground Segment,GROUND_SEGMENT,NS20,2026,2,2026-02-01,2026-02,DEP,36927.47,153415707.26
PRG-TERRA,TerraScan Ground Segment,GROUND_SEGMENT,NS20,2026,2,2026-02-01,2026-02,MAT,278129.28,153415707.26
PRG-TERRA,TerraScan Ground Segment,GROUND_SEGMENT,NS20,2026,2,2026-02-01,2026-02,OTH,8248.83,153415707.26
PRG-TERRA,TerraScan Ground Segment,GROUND_SEGMENT,NS20,2026,2,2026-02-01,2026-02,OVH,55154.0,153415707.26
PRG-TERRA,TerraScan Ground Segment,GROUND_SEGMENT,NS20,2026,2,2026-02-01,2026-02,PER,37097.68,153415707.26
PRG-TERRA,TerraScan Ground Segment,GROUND_SEGMENT,NS20,2026,2,2026-02-01,2026-02,SUB,499549.71,153415707.26
PRG-TERRA,TerraScan Ground Segment,GROUND_SEGMENT,NS20,2026,3,2026-03-01,2026-03,DEP,13781.64,153415707.26
PRG-TERRA,TerraScan Ground Segment,GROUND_SEGMENT,NS20,2026,3,2026-03-01,2026-03,MAT,297872.5,153415707.26
PRG-TERRA,TerraScan Ground Segment,GROUND_SEGMENT,NS20,2026,3,2026-03-01,2026-03,OTH,-1114.12,153415707.26
PRG-TERRA,TerraScan Ground Segment,GROUND_SEGMENT,NS20,2026,3,2026-03-01,2026-03,OVH,40130.2,153415707.26
PRG-TERRA,TerraScan Ground Segment,GROUND_SEGMENT,NS20,2026,3,2026-03-01,2026-03,PER,29932.47,153415707.26
PRG-TERRA,TerraScan Ground Segment,GROUND_SEGMENT,NS20,2026,3,2026-03-01,2026-03,SUB,431747.84,153415707.26
PRG-TERRA,TerraScan Ground Segment,GROUND_SEGMENT,NS20,2026,4,2026-04-01,2026-04,DEP,30502.75,153415707.26
PRG-TERRA,TerraScan Ground Segment,GROUND_SEGMENT,NS20,2026,4,2026-04-01,2026-04,MAT,390081.32,153415707.26
PRG-TERRA,TerraScan Ground Segment,GROUND_SEGMENT,NS20,2026,4,2026-04-01,2026-04,OTH,4632.42,153415707.26
PRG-TERRA,TerraScan Ground Segment,GROUND_SEGMENT,NS20,2026,4,2026-04-01,2026-04,OVH,35782.12,153415707.26
PRG-TERRA,TerraScan Ground Segment,GROUND_SEGMENT,NS20,2026,4,2026-04-01,2026-04,PER,33771.23,153415707.26
PRG-TERRA,TerraScan Ground Segment,GROUND_SEGMENT,NS20,2026,4,2026-04-01,2026-04,SUB,524082.55,153415707.26
PRG-TERRA,TerraScan Ground Segment,GROUND_SEGMENT,NS20,2026,5,2026-05-01,2026-05,DEP,17612.62,153415707.26
PRG-TERRA,TerraScan Ground Segment,GROUND_SEGMENT,NS20,2026,5,2026-05-01,2026-05,MAT,225868.84,153415707.26
PRG-TERRA,TerraScan Ground Segment,GROUND_SEGMENT,NS20,2026,5,2026-05-01,2026-05,OTH,2216.26,153415707.26
PRG-TERRA,TerraScan Ground Segment,GROUND_SEGMENT,NS20,2026,5,2026-05-01,2026-05,OVH,34459.82,153415707.26
PRG-TERRA,TerraScan Ground Segment,GROUND_SEGMENT,NS20,2026,5,2026-05-01,2026-05,PER,27472.61,153415707.26
PRG-TERRA,TerraScan Ground Segment,GROUND_SEGMENT,NS20,2026,5,2026-05-01,2026-05,SUB,393194.18,153415707.26
PRG-TERRA,TerraScan Ground Segment,GROUND_SEGMENT,NS20,2026,6,2026-06-01,2026-06,DEP,14515.82,153415707.26
PRG-TERRA,TerraScan Ground Segment,GROUND_SEGMENT,NS20,2026,6,2026-06-01,2026-06,MAT,246701.17,153415707.26
PRG-TERRA,TerraScan Ground Segment,GROUND_SEGMENT,NS20,2026,6,2026-06-01,2026-06,OTH,1874.2,153415707.26
PRG-TERRA,TerraScan Ground Segment,GROUND_SEGMENT,NS20,2026,6,2026-06-01,2026-06,OVH,31832.72,153415707.26
PRG-TERRA,TerraScan Ground Segment,GROUND_SEGMENT,NS20,2026,6,2026-06-01,2026-06,PER,46634.42,153415707.26
PRG-TERRA,TerraScan Ground Segment,GROUND_SEGMENT,NS20,2026,6,2026-06-01,2026-06,SUB,387942.12,153415707.26
PRG-TERRA,TerraScan Ground Segment,GROUND_SEGMENT,NS30,2023,1,2023-01-01,2023-01,DEP,22247.74,153415707.26
PRG-TERRA,TerraScan Ground Segment,GROUND_SEGMENT,NS30,2023,1,2023-01-01,2023-01,MAT,205246.92,153415707.26
PRG-TERRA,TerraScan Ground Segment,GROUND_SEGMENT,NS30,2023,1,2023-01-01,2023-01,OTH,11481.05,153415707.26
PRG-TERRA,TerraScan Ground Segment,GROUND_SEGMENT,NS30,2023,1,2023-01-01,2023-01,OVH,41211.53,153415707.26
PRG-TERRA,TerraScan Ground Segment,GROUND_SEGMENT,NS30,2023,1,2023-01-01,2023-01,PER,32608.59,153415707.26
PRG-TERRA,TerraScan Ground Segment,GROUND_SEGMENT,NS30,2023,1,2023-01-01,2023-01,SUB,255903.75,153415707.26
PRG-TERRA,TerraScan Ground Segment,GROUND_SEGMENT,NS30,2023,2,2023-02-01,2023-02,DEP,25666.18,153415707.26
PRG-TERRA,TerraScan Ground Segment,GROUND_SEGMENT,NS30,2023,2,2023-02-01,2023-02,MAT,155295.61,153415707.26
PRG-TERRA,TerraScan Ground Segment,GROUND_SEGMENT,NS30,2023,2,2023-02-01,2023-02,OTH,668.7,153415707.26
PRG-TERRA,TerraScan Ground Segment,GROUND_SEGMENT,NS30,2023,2,2023-02-01,2023-02,OVH,35495.83,153415707.26
PRG-TERRA,TerraScan Ground Segment,GROUND_SEGMENT,NS30,2023,2,2023-02-01,2023-02,PER,19337.28,153415707.26
PRG-TERRA,TerraScan Ground Segment,GROUND_SEGMENT,NS30,2023,2,2023-02-01,2023-02,SUB,232202.79,153415707.26
PRG-TERRA,TerraScan Ground Segment,GROUND_SEGMENT,NS30,2023,3,2023-03-01,2023-03,DEP,30000.95,153415707.26
PRG-TERRA,TerraScan Ground Segment,GROUND_SEGMENT,NS30,2023,3,2023-03-01,2023-03,MAT,167152.45,153415707.26
PRG-TERRA,TerraScan Ground Segment,GROUND_SEGMENT,NS30,2023,3,2023-03-01,2023-03,OTH,5098.88,153415707.26
PRG-TERRA,TerraScan Ground Segment,GROUND_SEGMENT,NS30,2023,3,2023-03-01,2023-03,OVH,37561.27,153415707.26
PRG-TERRA,TerraScan Ground Segment,GROUND_SEGMENT,NS30,2023,3,2023-03-01,2023-03,PER,6079.42,153415707.26
PRG-TERRA,TerraScan Ground Segment,GROUND_SEGMENT,NS30,2023,3,2023-03-01,2023-03,SUB,250431.48,153415707.26
PRG-TERRA,TerraScan Ground Segment,GROUND_SEGMENT,NS30,2023,4,2023-04-01,2023-04,DEP,7577.61,153415707.26
PRG-TERRA,TerraScan Ground Segment,GROUND_SEGMENT,NS30,2023,4,2023-04-01,2023-04,MAT,187728.49,153415707.26
PRG-TERRA,TerraScan Ground Segment,GROUND_SEGMENT,NS30,2023,4,2023-04-01,2023-04,OTH,3431.01,153415707.26
PRG-TERRA,TerraScan Ground Segment,GROUND_SEGMENT,NS30,2023,4,2023-04-01,2023-04,OVH,39965.64,153415707.26
PRG-TERRA,TerraScan Ground Segment,GROUND_SEGMENT,NS30,2023,4,2023-04-01,2023-04,PER,40400.98,153415707.26
PRG-TERRA,TerraScan Ground Segment,GROUND_SEGMENT,NS30,2023,4,2023-04-01,2023-04,SUB,281745.92,153415707.26
PRG-TERRA,TerraScan Ground Segment,GROUND_SEGMENT,NS30,2023,5,2023-05-01,2023-05,DEP,9834.89,153415707.26
PRG-TERRA,TerraScan Ground Segment,GROUND_SEGMENT,NS30,2023,5,2023-05-01,2023-05,MAT,213037.33,153415707.26
PRG-TERRA,TerraScan Ground Segment,GROUND_SEGMENT,NS30,2023,5,2023-05-01,2023-05,OTH,4191.86,153415707.26
PRG-TERRA,TerraScan Ground Segment,GROUND_SEGMENT,NS30,2023,5,2023-05-01,2023-05,OVH,51500.81,153415707.26
PRG-TERRA,TerraScan Ground Segment,GROUND_SEGMENT,NS30,2023,5,2023-05-01,2023-05,PER,13273.8,153415707.26
PRG-TERRA,TerraScan Ground Segment,GROUND_SEGMENT,NS30,2023,5,2023-05-01,2023-05,SUB,349581.93,153415707.26
PRG-TERRA,TerraScan Ground Segment,GROUND_SEGMENT,NS30,2023,6,2023-06-01,2023-06,DEP,17003.06,153415707.26
PRG-TERRA,TerraScan Ground Segment,GROUND_SEGMENT,NS30,2023,6,2023-06-01,2023-06,MAT,155835.59,153415707.26
PRG-TERRA,TerraScan Ground Segment,GROUND_SEGMENT,NS30,2023,6,2023-06-01,2023-06,OTH,3820.72,153415707.26
PRG-TERRA,TerraScan Ground Segment,GROUND_SEGMENT,NS30,2023,6,2023-06-01,2023-06,OVH,34507.02,153415707.26
PRG-TERRA,TerraScan Ground Segment,GROUND_SEGMENT,NS30,2023,6,2023-06-01,2023-06,PER,23676.67,153415707.26
PRG-TERRA,TerraScan Ground Segment,GROUND_SEGMENT,NS30,2023,6,2023-06-01,2023-06,SUB,272573.89,153415707.26
PRG-TERRA,TerraScan Ground Segment,GROUND_SEGMENT,NS30,2023,7,2023-07-01,2023-07,DEP,8220.11,153415707.26
PRG-TERRA,TerraScan Ground Segment,GROUND_SEGMENT,NS30,2023,7,2023-07-01,2023-07,MAT,120703.11,153415707.26
PRG-TERRA,TerraScan Ground Segment,GROUND_SEGMENT,NS30,2023,7,2023-07-01,2023-07,OTH,5684.98,153415707.26
PRG-TERRA,TerraScan Ground Segment,GROUND_SEGMENT,NS30,2023,7,2023-07-01,2023-07,OVH,34934.67,153415707.26
PRG-TERRA,TerraScan Ground Segment,GROUND_SEGMENT,NS30,2023,7,2023-07-01,2023-07,PER,32473.67,153415707.26
PRG-TERRA,TerraScan Ground Segment,GROUND_SEGMENT,NS30,2023,7,2023-07-01,2023-07,SUB,326190.27,153415707.26
PRG-TERRA,TerraScan Ground Segment,GROUND_SEGMENT,NS30,2023,8,2023-08-01,2023-08,DEP,16469.92,153415707.26
PRG-TERRA,TerraScan Ground Segment,GROUND_SEGMENT,NS30,2023,8,2023-08-01,2023-08,MAT,210566.93,153415707.26
PRG-TERRA,TerraScan Ground Segment,GROUND_SEGMENT,NS30,2023,8,2023-08-01,2023-08,OTH,2113.25,153415707.26
PRG-TERRA,TerraScan Ground Segment,GROUND_SEGMENT,NS30,2023,8,2023-08-01,2023-08,OVH,47400.19,153415707.26
PRG-TERRA,TerraScan Ground Segment,GROUND_SEGMENT,NS30,2023,8,2023-08-01,2023-08,PER,35331.39,153415707.26
PRG-TERRA,TerraScan Ground Segment,GROUND_SEGMENT,NS30,2023,8,2023-08-01,2023-08,SUB,301802.79,153415707.26
PRG-TERRA,TerraScan Ground Segment,GROUND_SEGMENT,NS30,2023,9,2023-09-01,2023-09,DEP,13732.02,153415707.26
PRG-TERRA,TerraScan Ground Segment,GROUND_SEGMENT,NS30,2023,9,2023-09-01,2023-09,MAT,198217.99,153415707.26
PRG-TERRA,TerraScan Ground Segment,GROUND_SEGMENT,NS30,2023,9,2023-09-01,2023-09,OTH,5508.98,153415707.26
PRG-TERRA,TerraScan Ground Segment,GROUND_SEGMENT,NS30,2023,9,2023-09-01,2023-09,OVH,35690.82,153415707.26
PRG-TERRA,TerraScan Ground Segment,GROUND_SEGMENT,NS30,2023,9,2023-09-01,2023-09,PER,27632.6,153415707.26
PRG-TERRA,TerraScan Ground Segment,GROUND_SEGMENT,NS30,2023,9,2023-09-01,2023-09,SUB,293008.81,153415707.26
PRG-TERRA,TerraScan Ground Segment,GROUND_SEGMENT,NS30,2023,10,2023-10-01,2023-10,DEP,12997.03,153415707.26
PRG-TERRA,TerraScan Ground Segment,GROUND_SEGMENT,NS30,2023,10,2023-10-01,2023-10,MAT,171072.31,153415707.26
PRG-TERRA,TerraScan Ground Segment,GROUND_SEGMENT,NS30,2023,10,2023-10-01,2023-10,OTH,4304.92,153415707.26
PRG-TERRA,TerraScan Ground Segment,GROUND_SEGMENT,NS30,2023,10,2023-10-01,2023-10,OVH,40556.7,153415707.26
PRG-TERRA,TerraScan Ground Segment,GROUND_SEGMENT,NS30,2023,10,2023-10-01,2023-10,PER,32206.81,153415707.26
PRG-TERRA,TerraScan Ground Segment,GROUND_SEGMENT,NS30,2023,10,2023-10-01,2023-10,SUB,214805.3,153415707.26
PRG-TERRA,TerraScan Ground Segment,GROUND_SEGMENT,NS30,2023,11,2023-11-01,2023-11,DEP,13116.62,153415707.26
PRG-TERRA,TerraScan Ground Segment,GROUND_SEGMENT,NS30,2023,11,2023-11-01,2023-11,MAT,181341.29,153415707.26
PRG-TERRA,TerraScan Ground Segment,GROUND_SEGMENT,NS30,2023,11,2023-11-01,2023-11,OTH,4034.43,153415707.26
PRG-TERRA,TerraScan Ground Segment,GROUND_SEGMENT,NS30,2023,11,2023-11-01,2023-11,OVH,39575.81,153415707.26
PRG-TERRA,TerraScan Ground Segment,GROUND_SEGMENT,NS30,2023,11,2023-11-01,2023-11,PER,20068.54,153415707.26
PRG-TERRA,TerraScan Ground Segment,GROUND_SEGMENT,NS30,2023,11,2023-11-01,2023-11,SUB,386120.64,153415707.26
PRG-TERRA,TerraScan Ground Segment,GROUND_SEGMENT,NS30,2023,12,2023-12-01,2023-12,DEP,27979.0,153415707.26
PRG-TERRA,TerraScan Ground Segment,GROUND_SEGMENT,NS30,2023,12,2023-12-01,2023-12,MAT,171598.33,153415707.26
PRG-TERRA,TerraScan Ground Segment,GROUND_SEGMENT,NS30,2023,12,2023-12-01,2023-12,OTH,6947.16,153415707.26
PRG-TERRA,TerraScan Ground Segment,GROUND_SEGMENT,NS30,2023,12,2023-12-01,2023-12,OVH,48324.65,153415707.26
PRG-TERRA,TerraScan Ground Segment,GROUND_SEGMENT,NS30,2023,12,2023-12-01,2023-12,PER,27737.93,153415707.26
PRG-TERRA,TerraScan Ground Segment,GROUND_SEGMENT,NS30,2023,12,2023-12-01,2023-12,SUB,233201.67,153415707.26
PRG-TERRA,TerraScan Ground Segment,GROUND_SEGMENT,NS30,2023,13,2023-12-01,2023-12,MAT,6923.54,153415707.26
PRG-TERRA,TerraScan Ground Segment,GROUND_SEGMENT,NS30,2023,13,2023-12-01,2023-12,OTH,452.37,153415707.26
PRG-TERRA,TerraScan Ground Segment,GROUND_SEGMENT,NS30,2023,13,2023-12-01,2023-12,OVH,865.25,153415707.26
PRG-TERRA,TerraScan Ground Segment,GROUND_SEGMENT,NS30,2023,13,2023-12-01,2023-12,PER,11717.7,153415707.26
PRG-TERRA,TerraScan Ground Segment,GROUND_SEGMENT,NS30,2023,13,2023-12-01,2023-12,SUB,67569.48,153415707.26
PRG-TERRA,TerraScan Ground Segment,GROUND_SEGMENT,NS30,2023,14,2023-12-01,2023-12,MAT,7716.88,153415707.26
PRG-TERRA,TerraScan Ground Segment,GROUND_SEGMENT,NS30,2023,14,2023-12-01,2023-12,OTH,750.42,153415707.26
PRG-TERRA,TerraScan Ground Segment,GROUND_SEGMENT,NS30,2023,14,2023-12-01,2023-12,OVH,1184.92,153415707.26
PRG-TERRA,TerraScan Ground Segment,GROUND_SEGMENT,NS30,2023,14,2023-12-01,2023-12,PER,7414.18,153415707.26
PRG-TERRA,TerraScan Ground Segment,GROUND_SEGMENT,NS30,2023,14,2023-12-01,2023-12,SUB,31096.73,153415707.26
PRG-TERRA,TerraScan Ground Segment,GROUND_SEGMENT,NS30,2024,1,2024-01-01,2024-01,DEP,27965.68,153415707.26
PRG-TERRA,TerraScan Ground Segment,GROUND_SEGMENT,NS30,2024,1,2024-01-01,2024-01,MAT,208485.94,153415707.26
PRG-TERRA,TerraScan Ground Segment,GROUND_SEGMENT,NS30,2024,1,2024-01-01,2024-01,OTH,2469.48,153415707.26
PRG-TERRA,TerraScan Ground Segment,GROUND_SEGMENT,NS30,2024,1,2024-01-01,2024-01,OVH,50363.57,153415707.26
PRG-TERRA,TerraScan Ground Segment,GROUND_SEGMENT,NS30,2024,1,2024-01-01,2024-01,PER,34831.09,153415707.26
PRG-TERRA,TerraScan Ground Segment,GROUND_SEGMENT,NS30,2024,1,2024-01-01,2024-01,SUB,278060.9,153415707.26
PRG-TERRA,TerraScan Ground Segment,GROUND_SEGMENT,NS30,2024,2,2024-02-01,2024-02,DEP,16730.88,153415707.26
PRG-TERRA,TerraScan Ground Segment,GROUND_SEGMENT,NS30,2024,2,2024-02-01,2024-02,MAT,177018.59,153415707.26
PRG-TERRA,TerraScan Ground Segment,GROUND_SEGMENT,NS30,2024,2,2024-02-01,2024-02,OTH,480.43,153415707.26
PRG-TERRA,TerraScan Ground Segment,GROUND_SEGMENT,NS30,2024,2,2024-02-01,2024-02,OVH,37310.57,153415707.26
PRG-TERRA,TerraScan Ground Segment,GROUND_SEGMENT,NS30,2024,2,2024-02-01,2024-02,PER,25716.76,153415707.26
PRG-TERRA,TerraScan Ground Segment,GROUND_SEGMENT,NS30,2024,2,2024-02-01,2024-02,SUB,312527.51,153415707.26
PRG-TERRA,TerraScan Ground Segment,GROUND_SEGMENT,NS30,2024,3,2024-03-01,2024-03,DEP,12192.07,153415707.26
PRG-TERRA,TerraScan Ground Segment,GROUND_SEGMENT,NS30,2024,3,2024-03-01,2024-03,MAT,164975.01,153415707.26
PRG-TERRA,TerraScan Ground Segment,GROUND_SEGMENT,NS30,2024,3,2024-03-01,2024-03,OTH,3188.69,153415707.26
PRG-TERRA,TerraScan Ground Segment,GROUND_SEGMENT,NS30,2024,3,2024-03-01,2024-03,OVH,32694.4,153415707.26
PRG-TERRA,TerraScan Ground Segment,GROUND_SEGMENT,NS30,2024,3,2024-03-01,2024-03,PER,20142.34,153415707.26
PRG-TERRA,TerraScan Ground Segment,GROUND_SEGMENT,NS30,2024,3,2024-03-01,2024-03,SUB,264958.18,153415707.26
PRG-TERRA,TerraScan Ground Segment,GROUND_SEGMENT,NS30,2024,4,2024-04-01,2024-04,DEP,22921.6,153415707.26
PRG-TERRA,TerraScan Ground Segment,GROUND_SEGMENT,NS30,2024,4,2024-04-01,2024-04,MAT,186519.29,153415707.26
PRG-TERRA,TerraScan Ground Segment,GROUND_SEGMENT,NS30,2024,4,2024-04-01,2024-04,OTH,4241.11,153415707.26
PRG-TERRA,TerraScan Ground Segment,GROUND_SEGMENT,NS30,2024,4,2024-04-01,2024-04,OVH,40796.18,153415707.26
PRG-TERRA,TerraScan Ground Segment,GROUND_SEGMENT,NS30,2024,4,2024-04-01,2024-04,PER,21359.13,153415707.26
PRG-TERRA,TerraScan Ground Segment,GROUND_SEGMENT,NS30,2024,4,2024-04-01,2024-04,SUB,171614.03,153415707.26
PRG-TERRA,TerraScan Ground Segment,GROUND_SEGMENT,NS30,2024,5,2024-05-01,2024-05,DEP,20897.35,153415707.26
PRG-TERRA,TerraScan Ground Segment,GROUND_SEGMENT,NS30,2024,5,2024-05-01,2024-05,MAT,205203.14,153415707.26
PRG-TERRA,TerraScan Ground Segment,GROUND_SEGMENT,NS30,2024,5,2024-05-01,2024-05,OTH,-1581.09,153415707.26
PRG-TERRA,TerraScan Ground Segment,GROUND_SEGMENT,NS30,2024,5,2024-05-01,2024-05,OVH,36127.27,153415707.26
PRG-TERRA,TerraScan Ground Segment,GROUND_SEGMENT,NS30,2024,5,2024-05-01,2024-05,PER,27665.3,153415707.26
PRG-TERRA,TerraScan Ground Segment,GROUND_SEGMENT,NS30,2024,5,2024-05-01,2024-05,SUB,285453.13,153415707.26
PRG-TERRA,TerraScan Ground Segment,GROUND_SEGMENT,NS30,2024,6,2024-06-01,2024-06,DEP,27177.23,153415707.26
PRG-TERRA,TerraScan Ground Segment,GROUND_SEGMENT,NS30,2024,6,2024-06-01,2024-06,MAT,184203.77,153415707.26
PRG-TERRA,TerraScan Ground Segment,GROUND_SEGMENT,NS30,2024,6,2024-06-01,2024-06,OTH,5835.14,153415707.26
PRG-TERRA,TerraScan Ground Segment,GROUND_SEGMENT,NS30,2024,6,2024-06-01,2024-06,OVH,45430.7,153415707.26
PRG-TERRA,TerraScan Ground Segment,GROUND_SEGMENT,NS30,2024,6,2024-06-01,2024-06,PER,20749.9,153415707.26
PRG-TERRA,TerraScan Ground Segment,GROUND_SEGMENT,NS30,2024,6,2024-06-01,2024-06,SUB,284201.7,153415707.26
PRG-TERRA,TerraScan Ground Segment,GROUND_SEGMENT,NS30,2024,7,2024-07-01,2024-07,DEP,18537.09,153415707.26
PRG-TERRA,TerraScan Ground Segment,GROUND_SEGMENT,NS30,2024,7,2024-07-01,2024-07,MAT,159200.77,153415707.26
PRG-TERRA,TerraScan Ground Segment,GROUND_SEGMENT,NS30,2024,7,2024-07-01,2024-07,OTH,6622.7,153415707.26
PRG-TERRA,TerraScan Ground Segment,GROUND_SEGMENT,NS30,2024,7,2024-07-01,2024-07,OVH,48105.92,153415707.26
PRG-TERRA,TerraScan Ground Segment,GROUND_SEGMENT,NS30,2024,7,2024-07-01,2024-07,PER,27243.13,153415707.26
PRG-TERRA,TerraScan Ground Segment,GROUND_SEGMENT,NS30,2024,7,2024-07-01,2024-07,SUB,239013.16,153415707.26
PRG-TERRA,TerraScan Ground Segment,GROUND_SEGMENT,NS30,2024,8,2024-08-01,2024-08,DEP,24418.96,153415707.26
PRG-TERRA,TerraScan Ground Segment,GROUND_SEGMENT,NS30,2024,8,2024-08-01,2024-08,MAT,190999.78,153415707.26
PRG-TERRA,TerraScan Ground Segment,GROUND_SEGMENT,NS30,2024,8,2024-08-01,2024-08,OTH,2750.22,153415707.26
PRG-TERRA,TerraScan Ground Segment,GROUND_SEGMENT,NS30,2024,8,2024-08-01,2024-08,OVH,56700.95,153415707.26
PRG-TERRA,TerraScan Ground Segment,GROUND_SEGMENT,NS30,2024,8,2024-08-01,2024-08,PER,28956.17,153415707.26
PRG-TERRA,TerraScan Ground Segment,GROUND_SEGMENT,NS30,2024,8,2024-08-01,2024-08,SUB,447927.65,153415707.26
PRG-TERRA,TerraScan Ground Segment,GROUND_SEGMENT,NS30,2024,9,2024-09-01,2024-09,DEP,9706.14,153415707.26
PRG-TERRA,TerraScan Ground Segment,GROUND_SEGMENT,NS30,2024,9,2024-09-01,2024-09,MAT,202158.06,153415707.26
PRG-TERRA,TerraScan Ground Segment,GROUND_SEGMENT,NS30,2024,9,2024-09-01,2024-09,OTH,7770.59,153415707.26
PRG-TERRA,TerraScan Ground Segment,GROUND_SEGMENT,NS30,2024,9,2024-09-01,2024-09,OVH,49187.89,153415707.26
PRG-TERRA,TerraScan Ground Segment,GROUND_SEGMENT,NS30,2024,9,2024-09-01,2024-09,PER,19506.73,153415707.26
PRG-TERRA,TerraScan Ground Segment,GROUND_SEGMENT,NS30,2024,9,2024-09-01,2024-09,SUB,263106.19,153415707.26
PRG-TERRA,TerraScan Ground Segment,GROUND_SEGMENT,NS30,2024,10,2024-10-01,2024-10,DEP,10693.68,153415707.26
PRG-TERRA,TerraScan Ground Segment,GROUND_SEGMENT,NS30,2024,10,2024-10-01,2024-10,MAT,200534.49,153415707.26
PRG-TERRA,TerraScan Ground Segment,GROUND_SEGMENT,NS30,2024,10,2024-10-01,2024-10,OTH,7264.91,153415707.26
PRG-TERRA,TerraScan Ground Segment,GROUND_SEGMENT,NS30,2024,10,2024-10-01,2024-10,OVH,43252.92,153415707.26
PRG-TERRA,TerraScan Ground Segment,GROUND_SEGMENT,NS30,2024,10,2024-10-01,2024-10,PER,30142.61,153415707.26
PRG-TERRA,TerraScan Ground Segment,GROUND_SEGMENT,NS30,2024,10,2024-10-01,2024-10,SUB,357708.27,153415707.26
PRG-TERRA,TerraScan Ground Segment,GROUND_SEGMENT,NS30,2024,11,2024-11-01,2024-11,DEP,19864.49,153415707.26
PRG-TERRA,TerraScan Ground Segment,GROUND_SEGMENT,NS30,2024,11,2024-11-01,2024-11,MAT,225098.13,153415707.26
PRG-TERRA,TerraScan Ground Segment,GROUND_SEGMENT,NS30,2024,11,2024-11-01,2024-11,OTH,-1465.39,153415707.26
PRG-TERRA,TerraScan Ground Segment,GROUND_SEGMENT,NS30,2024,11,2024-11-01,2024-11,OVH,54405.71,153415707.26
PRG-TERRA,TerraScan Ground Segment,GROUND_SEGMENT,NS30,2024,11,2024-11-01,2024-11,PER,28016.85,153415707.26
PRG-TERRA,TerraScan Ground Segment,GROUND_SEGMENT,NS30,2024,11,2024-11-01,2024-11,SUB,316824.57,153415707.26
PRG-TERRA,TerraScan Ground Segment,GROUND_SEGMENT,NS30,2024,12,2024-12-01,2024-12,DEP,5983.21,153415707.26
PRG-TERRA,TerraScan Ground Segment,GROUND_SEGMENT,NS30,2024,12,2024-12-01,2024-12,MAT,187733.92,153415707.26
PRG-TERRA,TerraScan Ground Segment,GROUND_SEGMENT,NS30,2024,12,2024-12-01,2024-12,OTH,7753.52,153415707.26
PRG-TERRA,TerraScan Ground Segment,GROUND_SEGMENT,NS30,2024,12,2024-12-01,2024-12,OVH,34168.89,153415707.26
PRG-TERRA,TerraScan Ground Segment,GROUND_SEGMENT,NS30,2024,12,2024-12-01,2024-12,PER,21386.65,153415707.26
PRG-TERRA,TerraScan Ground Segment,GROUND_SEGMENT,NS30,2024,12,2024-12-01,2024-12,SUB,256424.88,153415707.26
PRG-TERRA,TerraScan Ground Segment,GROUND_SEGMENT,NS30,2024,13,2024-12-01,2024-12,MAT,430.47,153415707.26
PRG-TERRA,TerraScan Ground Segment,GROUND_SEGMENT,NS30,2024,13,2024-12-01,2024-12,OTH,3813.48,153415707.26
PRG-TERRA,TerraScan Ground Segment,GROUND_SEGMENT,NS30,2024,13,2024-12-01,2024-12,OVH,7037.31,153415707.26
PRG-TERRA,TerraScan Ground Segment,GROUND_SEGMENT,NS30,2024,13,2024-12-01,2024-12,PER,5403.01,153415707.26
PRG-TERRA,TerraScan Ground Segment,GROUND_SEGMENT,NS30,2024,13,2024-12-01,2024-12,SUB,38317.57,153415707.26
PRG-TERRA,TerraScan Ground Segment,GROUND_SEGMENT,NS30,2024,14,2024-12-01,2024-12,MAT,6916.3,153415707.26
PRG-TERRA,TerraScan Ground Segment,GROUND_SEGMENT,NS30,2024,14,2024-12-01,2024-12,OTH,2366.47,153415707.26
PRG-TERRA,TerraScan Ground Segment,GROUND_SEGMENT,NS30,2024,14,2024-12-01,2024-12,OVH,4863.09,153415707.26
PRG-TERRA,TerraScan Ground Segment,GROUND_SEGMENT,NS30,2024,14,2024-12-01,2024-12,PER,2746.46,153415707.26
PRG-TERRA,TerraScan Ground Segment,GROUND_SEGMENT,NS30,2024,14,2024-12-01,2024-12,SUB,95879.74,153415707.26
PRG-TERRA,TerraScan Ground Segment,GROUND_SEGMENT,NS30,2025,1,2025-01-01,2025-01,DEP,24242.6,153415707.26
PRG-TERRA,TerraScan Ground Segment,GROUND_SEGMENT,NS30,2025,1,2025-01-01,2025-01,MAT,205312.61,153415707.26
PRG-TERRA,TerraScan Ground Segment,GROUND_SEGMENT,NS30,2025,1,2025-01-01,2025-01,OTH,659.95,153415707.26
PRG-TERRA,TerraScan Ground Segment,GROUND_SEGMENT,NS30,2025,1,2025-01-01,2025-01,OVH,37547.19,153415707.26
PRG-TERRA,TerraScan Ground Segment,GROUND_SEGMENT,NS30,2025,1,2025-01-01,2025-01,PER,38972.1,153415707.26
PRG-TERRA,TerraScan Ground Segment,GROUND_SEGMENT,NS30,2025,1,2025-01-01,2025-01,SUB,375121.2,153415707.26
PRG-TERRA,TerraScan Ground Segment,GROUND_SEGMENT,NS30,2025,2,2025-02-01,2025-02,DEP,26242.22,153415707.26
PRG-TERRA,TerraScan Ground Segment,GROUND_SEGMENT,NS30,2025,2,2025-02-01,2025-02,MAT,202741.61,153415707.26
PRG-TERRA,TerraScan Ground Segment,GROUND_SEGMENT,NS30,2025,2,2025-02-01,2025-02,OTH,34.67,153415707.26
PRG-TERRA,TerraScan Ground Segment,GROUND_SEGMENT,NS30,2025,2,2025-02-01,2025-02,OVH,35778.52,153415707.26
PRG-TERRA,TerraScan Ground Segment,GROUND_SEGMENT,NS30,2025,2,2025-02-01,2025-02,PER,40778.61,153415707.26
PRG-TERRA,TerraScan Ground Segment,GROUND_SEGMENT,NS30,2025,2,2025-02-01,2025-02,SUB,403854.69,153415707.26
PRG-TERRA,TerraScan Ground Segment,GROUND_SEGMENT,NS30,2025,3,2025-03-01,2025-03,DEP,12622.78,153415707.26
PRG-TERRA,TerraScan Ground Segment,GROUND_SEGMENT,NS30,2025,3,2025-03-01,2025-03,MAT,230382.57,153415707.26
PRG-TERRA,TerraScan Ground Segment,GROUND_SEGMENT,NS30,2025,3,2025-03-01,2025-03,OTH,4648.46,153415707.26
PRG-TERRA,TerraScan Ground Segment,GROUND_SEGMENT,NS30,2025,3,2025-03-01,2025-03,OVH,45626.23,153415707.26
PRG-TERRA,TerraScan Ground Segment,GROUND_SEGMENT,NS30,2025,3,2025-03-01,2025-03,PER,26966.69,153415707.26
PRG-TERRA,TerraScan Ground Segment,GROUND_SEGMENT,NS30,2025,3,2025-03-01,2025-03,SUB,251452.03,153415707.26
PRG-TERRA,TerraScan Ground Segment,GROUND_SEGMENT,NS30,2025,4,2025-04-01,2025-04,DEP,23576.02,153415707.26
PRG-TERRA,TerraScan Ground Segment,GROUND_SEGMENT,NS30,2025,4,2025-04-01,2025-04,MAT,219573.1,153415707.26
PRG-TERRA,TerraScan Ground Segment,GROUND_SEGMENT,NS30,2025,4,2025-04-01,2025-04,OTH,2056.24,153415707.26
PRG-TERRA,TerraScan Ground Segment,GROUND_SEGMENT,NS30,2025,4,2025-04-01,2025-04,OVH,57636.6,153415707.26
PRG-TERRA,TerraScan Ground Segment,GROUND_SEGMENT,NS30,2025,4,2025-04-01,2025-04,PER,14208.09,153415707.26
PRG-TERRA,TerraScan Ground Segment,GROUND_SEGMENT,NS30,2025,4,2025-04-01,2025-04,SUB,226386.27,153415707.26
PRG-TERRA,TerraScan Ground Segment,GROUND_SEGMENT,NS30,2025,5,2025-05-01,2025-05,DEP,15465.2,153415707.26
PRG-TERRA,TerraScan Ground Segment,GROUND_SEGMENT,NS30,2025,5,2025-05-01,2025-05,MAT,250512.67,153415707.26
PRG-TERRA,TerraScan Ground Segment,GROUND_SEGMENT,NS30,2025,5,2025-05-01,2025-05,OTH,3387.33,153415707.26
PRG-TERRA,TerraScan Ground Segment,GROUND_SEGMENT,NS30,2025,5,2025-05-01,2025-05,OVH,50735.53,153415707.26
PRG-TERRA,TerraScan Ground Segment,GROUND_SEGMENT,NS30,2025,5,2025-05-01,2025-05,PER,11545.25,153415707.26
PRG-TERRA,TerraScan Ground Segment,GROUND_SEGMENT,NS30,2025,5,2025-05-01,2025-05,SUB,340666.35,153415707.26
PRG-TERRA,TerraScan Ground Segment,GROUND_SEGMENT,NS30,2025,6,2025-06-01,2025-06,DEP,12711.12,153415707.26
PRG-TERRA,TerraScan Ground Segment,GROUND_SEGMENT,NS30,2025,6,2025-06-01,2025-06,MAT,192304.64,153415707.26
PRG-TERRA,TerraScan Ground Segment,GROUND_SEGMENT,NS30,2025,6,2025-06-01,2025-06,OTH,4313.38,153415707.26
PRG-TERRA,TerraScan Ground Segment,GROUND_SEGMENT,NS30,2025,6,2025-06-01,2025-06,OVH,33835.09,153415707.26
PRG-TERRA,TerraScan Ground Segment,GROUND_SEGMENT,NS30,2025,6,2025-06-01,2025-06,PER,23982.8,153415707.26
PRG-TERRA,TerraScan Ground Segment,GROUND_SEGMENT,NS30,2025,6,2025-06-01,2025-06,SUB,136682.01,153415707.26
PRG-TERRA,TerraScan Ground Segment,GROUND_SEGMENT,NS30,2025,7,2025-07-01,2025-07,DEP,18206.59,153415707.26
PRG-TERRA,TerraScan Ground Segment,GROUND_SEGMENT,NS30,2025,7,2025-07-01,2025-07,MAT,207480.99,153415707.26
PRG-TERRA,TerraScan Ground Segment,GROUND_SEGMENT,NS30,2025,7,2025-07-01,2025-07,OTH,1955.58,153415707.26
PRG-TERRA,TerraScan Ground Segment,GROUND_SEGMENT,NS30,2025,7,2025-07-01,2025-07,OVH,39038.2,153415707.26
PRG-TERRA,TerraScan Ground Segment,GROUND_SEGMENT,NS30,2025,7,2025-07-01,2025-07,PER,29954.93,153415707.26
PRG-TERRA,TerraScan Ground Segment,GROUND_SEGMENT,NS30,2025,7,2025-07-01,2025-07,SUB,489386.68,153415707.26
PRG-TERRA,TerraScan Ground Segment,GROUND_SEGMENT,NS30,2025,8,2025-08-01,2025-08,DEP,16722.62,153415707.26
PRG-TERRA,TerraScan Ground Segment,GROUND_SEGMENT,NS30,2025,8,2025-08-01,2025-08,MAT,163040.12,153415707.26
PRG-TERRA,TerraScan Ground Segment,GROUND_SEGMENT,NS30,2025,8,2025-08-01,2025-08,OTH,3962.34,153415707.26
PRG-TERRA,TerraScan Ground Segment,GROUND_SEGMENT,NS30,2025,8,2025-08-01,2025-08,OVH,37281.69,153415707.26
PRG-TERRA,TerraScan Ground Segment,GROUND_SEGMENT,NS30,2025,8,2025-08-01,2025-08,PER,30039.76,153415707.26
PRG-TERRA,TerraScan Ground Segment,GROUND_SEGMENT,NS30,2025,8,2025-08-01,2025-08,SUB,196294.78,153415707.26
PRG-TERRA,TerraScan Ground Segment,GROUND_SEGMENT,NS30,2025,9,2025-09-01,2025-09,DEP,12338.2,153415707.26
PRG-TERRA,TerraScan Ground Segment,GROUND_SEGMENT,NS30,2025,9,2025-09-01,2025-09,MAT,203874.83,153415707.26
PRG-TERRA,TerraScan Ground Segment,GROUND_SEGMENT,NS30,2025,9,2025-09-01,2025-09,OTH,2531.61,153415707.26
PRG-TERRA,TerraScan Ground Segment,GROUND_SEGMENT,NS30,2025,9,2025-09-01,2025-09,OVH,38647.28,153415707.26
PRG-TERRA,TerraScan Ground Segment,GROUND_SEGMENT,NS30,2025,9,2025-09-01,2025-09,PER,38825.38,153415707.26
PRG-TERRA,TerraScan Ground Segment,GROUND_SEGMENT,NS30,2025,9,2025-09-01,2025-09,SUB,260224.43,153415707.26
PRG-TERRA,TerraScan Ground Segment,GROUND_SEGMENT,NS30,2025,10,2025-10-01,2025-10,DEP,28834.93,153415707.26
PRG-TERRA,TerraScan Ground Segment,GROUND_SEGMENT,NS30,2025,10,2025-10-01,2025-10,MAT,213810.83,153415707.26
PRG-TERRA,TerraScan Ground Segment,GROUND_SEGMENT,NS30,2025,10,2025-10-01,2025-10,OTH,7184.57,153415707.26
PRG-TERRA,TerraScan Ground Segment,GROUND_SEGMENT,NS30,2025,10,2025-10-01,2025-10,OVH,41289.99,153415707.26
PRG-TERRA,TerraScan Ground Segment,GROUND_SEGMENT,NS30,2025,10,2025-10-01,2025-10,PER,58656.86,153415707.26
PRG-TERRA,TerraScan Ground Segment,GROUND_SEGMENT,NS30,2025,10,2025-10-01,2025-10,SUB,330937.65,153415707.26
PRG-TERRA,TerraScan Ground Segment,GROUND_SEGMENT,NS30,2025,11,2025-11-01,2025-11,DEP,31593.83,153415707.26
PRG-TERRA,TerraScan Ground Segment,GROUND_SEGMENT,NS30,2025,11,2025-11-01,2025-11,MAT,137986.6,153415707.26
PRG-TERRA,TerraScan Ground Segment,GROUND_SEGMENT,NS30,2025,11,2025-11-01,2025-11,OTH,1993.35,153415707.26
PRG-TERRA,TerraScan Ground Segment,GROUND_SEGMENT,NS30,2025,11,2025-11-01,2025-11,OVH,37834.95,153415707.26
PRG-TERRA,TerraScan Ground Segment,GROUND_SEGMENT,NS30,2025,11,2025-11-01,2025-11,PER,21118.23,153415707.26
PRG-TERRA,TerraScan Ground Segment,GROUND_SEGMENT,NS30,2025,11,2025-11-01,2025-11,SUB,296919.22,153415707.26
PRG-TERRA,TerraScan Ground Segment,GROUND_SEGMENT,NS30,2025,12,2025-12-01,2025-12,DEP,18122.13,153415707.26
PRG-TERRA,TerraScan Ground Segment,GROUND_SEGMENT,NS30,2025,12,2025-12-01,2025-12,MAT,189467.25,153415707.26
PRG-TERRA,TerraScan Ground Segment,GROUND_SEGMENT,NS30,2025,12,2025-12-01,2025-12,OTH,3773.03,153415707.26
PRG-TERRA,TerraScan Ground Segment,GROUND_SEGMENT,NS30,2025,12,2025-12-01,2025-12,OVH,49116.53,153415707.26
PRG-TERRA,TerraScan Ground Segment,GROUND_SEGMENT,NS30,2025,12,2025-12-01,2025-12,PER,20619.83,153415707.26
PRG-TERRA,TerraScan Ground Segment,GROUND_SEGMENT,NS30,2025,12,2025-12-01,2025-12,SUB,279174.49,153415707.26
PRG-TERRA,TerraScan Ground Segment,GROUND_SEGMENT,NS30,2025,13,2025-12-01,2025-12,MAT,2328.65,153415707.26
PRG-TERRA,TerraScan Ground Segment,GROUND_SEGMENT,NS30,2025,13,2025-12-01,2025-12,OTH,970.41,153415707.26
PRG-TERRA,TerraScan Ground Segment,GROUND_SEGMENT,NS30,2025,13,2025-12-01,2025-12,OVH,7531.05,153415707.26
PRG-TERRA,TerraScan Ground Segment,GROUND_SEGMENT,NS30,2025,13,2025-12-01,2025-12,PER,11361.79,153415707.26
PRG-TERRA,TerraScan Ground Segment,GROUND_SEGMENT,NS30,2025,13,2025-12-01,2025-12,SUB,48254.5,153415707.26
PRG-TERRA,TerraScan Ground Segment,GROUND_SEGMENT,NS30,2025,14,2025-12-01,2025-12,MAT,11472.86,153415707.26
PRG-TERRA,TerraScan Ground Segment,GROUND_SEGMENT,NS30,2025,14,2025-12-01,2025-12,OTH,4303.17,153415707.26
PRG-TERRA,TerraScan Ground Segment,GROUND_SEGMENT,NS30,2025,14,2025-12-01,2025-12,OVH,2116.89,153415707.26
PRG-TERRA,TerraScan Ground Segment,GROUND_SEGMENT,NS30,2025,14,2025-12-01,2025-12,PER,5959.57,153415707.26
PRG-TERRA,TerraScan Ground Segment,GROUND_SEGMENT,NS30,2025,14,2025-12-01,2025-12,SUB,10166.44,153415707.26
PRG-TERRA,TerraScan Ground Segment,GROUND_SEGMENT,NS30,2026,1,2026-01-01,2026-01,DEP,17707.72,153415707.26
PRG-TERRA,TerraScan Ground Segment,GROUND_SEGMENT,NS30,2026,1,2026-01-01,2026-01,MAT,222210.38,153415707.26
PRG-TERRA,TerraScan Ground Segment,GROUND_SEGMENT,NS30,2026,1,2026-01-01,2026-01,OTH,1308.78,153415707.26
PRG-TERRA,TerraScan Ground Segment,GROUND_SEGMENT,NS30,2026,1,2026-01-01,2026-01,OVH,40581.15,153415707.26
PRG-TERRA,TerraScan Ground Segment,GROUND_SEGMENT,NS30,2026,1,2026-01-01,2026-01,PER,30594.35,153415707.26
PRG-TERRA,TerraScan Ground Segment,GROUND_SEGMENT,NS30,2026,1,2026-01-01,2026-01,SUB,327267.89,153415707.26
PRG-TERRA,TerraScan Ground Segment,GROUND_SEGMENT,NS30,2026,2,2026-02-01,2026-02,DEP,21418.27,153415707.26
PRG-TERRA,TerraScan Ground Segment,GROUND_SEGMENT,NS30,2026,2,2026-02-01,2026-02,MAT,192509.72,153415707.26
PRG-TERRA,TerraScan Ground Segment,GROUND_SEGMENT,NS30,2026,2,2026-02-01,2026-02,OTH,7552.79,153415707.26
PRG-TERRA,TerraScan Ground Segment,GROUND_SEGMENT,NS30,2026,2,2026-02-01,2026-02,OVH,37363.07,153415707.26
PRG-TERRA,TerraScan Ground Segment,GROUND_SEGMENT,NS30,2026,2,2026-02-01,2026-02,PER,21526.42,153415707.26
PRG-TERRA,TerraScan Ground Segment,GROUND_SEGMENT,NS30,2026,2,2026-02-01,2026-02,SUB,371953.86,153415707.26
PRG-TERRA,TerraScan Ground Segment,GROUND_SEGMENT,NS30,2026,3,2026-03-01,2026-03,DEP,15283.25,153415707.26
PRG-TERRA,TerraScan Ground Segment,GROUND_SEGMENT,NS30,2026,3,2026-03-01,2026-03,MAT,244372.81,153415707.26
PRG-TERRA,TerraScan Ground Segment,GROUND_SEGMENT,NS30,2026,3,2026-03-01,2026-03,OTH,6385.28,153415707.26
PRG-TERRA,TerraScan Ground Segment,GROUND_SEGMENT,NS30,2026,3,2026-03-01,2026-03,OVH,49849.14,153415707.26
PRG-TERRA,TerraScan Ground Segment,GROUND_SEGMENT,NS30,2026,3,2026-03-01,2026-03,PER,33101.22,153415707.26
PRG-TERRA,TerraScan Ground Segment,GROUND_SEGMENT,NS30,2026,3,2026-03-01,2026-03,SUB,279153.05,153415707.26
PRG-TERRA,TerraScan Ground Segment,GROUND_SEGMENT,NS30,2026,4,2026-04-01,2026-04,DEP,25821.72,153415707.26
PRG-TERRA,TerraScan Ground Segment,GROUND_SEGMENT,NS30,2026,4,2026-04-01,2026-04,MAT,212204.97,153415707.26
PRG-TERRA,TerraScan Ground Segment,GROUND_SEGMENT,NS30,2026,4,2026-04-01,2026-04,OTH,3323.24,153415707.26
PRG-TERRA,TerraScan Ground Segment,GROUND_SEGMENT,NS30,2026,4,2026-04-01,2026-04,OVH,40721.86,153415707.26
PRG-TERRA,TerraScan Ground Segment,GROUND_SEGMENT,NS30,2026,4,2026-04-01,2026-04,PER,33092.46,153415707.26
PRG-TERRA,TerraScan Ground Segment,GROUND_SEGMENT,NS30,2026,4,2026-04-01,2026-04,SUB,367939.23,153415707.26
PRG-TERRA,TerraScan Ground Segment,GROUND_SEGMENT,NS30,2026,5,2026-05-01,2026-05,DEP,16691.26,153415707.26
PRG-TERRA,TerraScan Ground Segment,GROUND_SEGMENT,NS30,2026,5,2026-05-01,2026-05,MAT,252516.4,153415707.26
PRG-TERRA,TerraScan Ground Segment,GROUND_SEGMENT,NS30,2026,5,2026-05-01,2026-05,OTH,5054.83,153415707.26
PRG-TERRA,TerraScan Ground Segment,GROUND_SEGMENT,NS30,2026,5,2026-05-01,2026-05,OVH,48147.33,153415707.26
PRG-TERRA,TerraScan Ground Segment,GROUND_SEGMENT,NS30,2026,5,2026-05-01,2026-05,PER,18817.82,153415707.26
PRG-TERRA,TerraScan Ground Segment,GROUND_SEGMENT,NS30,2026,5,2026-05-01,2026-05,SUB,216047.68,153415707.26
PRG-TERRA,TerraScan Ground Segment,GROUND_SEGMENT,NS30,2026,6,2026-06-01,2026-06,DEP,23189.45,153415707.26
PRG-TERRA,TerraScan Ground Segment,GROUND_SEGMENT,NS30,2026,6,2026-06-01,2026-06,MAT,218994.22,153415707.26
PRG-TERRA,TerraScan Ground Segment,GROUND_SEGMENT,NS30,2026,6,2026-06-01,2026-06,OTH,3092.44,153415707.26
PRG-TERRA,TerraScan Ground Segment,GROUND_SEGMENT,NS30,2026,6,2026-06-01,2026-06,OVH,51067.76,153415707.26
PRG-TERRA,TerraScan Ground Segment,GROUND_SEGMENT,NS30,2026,6,2026-06-01,2026-06,PER,40170.55,153415707.26
PRG-TERRA,TerraScan Ground Segment,GROUND_SEGMENT,NS30,2026,6,2026-06-01,2026-06,SUB,326539.88,153415707.26
PRG-TERRA,TerraScan Ground Segment,GROUND_SEGMENT,NS40,2023,1,2023-01-01,2023-01,DEP,24798.72,153415707.26
PRG-TERRA,TerraScan Ground Segment,GROUND_SEGMENT,NS40,2023,1,2023-01-01,2023-01,MAT,373668.04,153415707.26
PRG-TERRA,TerraScan Ground Segment,GROUND_SEGMENT,NS40,2023,1,2023-01-01,2023-01,OTH,6548.55,153415707.26
PRG-TERRA,TerraScan Ground Segment,GROUND_SEGMENT,NS40,2023,1,2023-01-01,2023-01,OVH,56396.29,153415707.26
PRG-TERRA,TerraScan Ground Segment,GROUND_SEGMENT,NS40,2023,1,2023-01-01,2023-01,PER,27289.17,153415707.26
PRG-TERRA,TerraScan Ground Segment,GROUND_SEGMENT,NS40,2023,1,2023-01-01,2023-01,SUB,492297.35,153415707.26
PRG-TERRA,TerraScan Ground Segment,GROUND_SEGMENT,NS40,2023,2,2023-02-01,2023-02,DEP,42164.52,153415707.26
PRG-TERRA,TerraScan Ground Segment,GROUND_SEGMENT,NS40,2023,2,2023-02-01,2023-02,MAT,404499.55,153415707.26
PRG-TERRA,TerraScan Ground Segment,GROUND_SEGMENT,NS40,2023,2,2023-02-01,2023-02,OTH,12612.9,153415707.26
PRG-TERRA,TerraScan Ground Segment,GROUND_SEGMENT,NS40,2023,2,2023-02-01,2023-02,OVH,59265.45,153415707.26
PRG-TERRA,TerraScan Ground Segment,GROUND_SEGMENT,NS40,2023,2,2023-02-01,2023-02,PER,42392.78,153415707.26
PRG-TERRA,TerraScan Ground Segment,GROUND_SEGMENT,NS40,2023,2,2023-02-01,2023-02,SUB,538381.66,153415707.26
PRG-TERRA,TerraScan Ground Segment,GROUND_SEGMENT,NS40,2023,3,2023-03-01,2023-03,DEP,47199.47,153415707.26
PRG-TERRA,TerraScan Ground Segment,GROUND_SEGMENT,NS40,2023,3,2023-03-01,2023-03,MAT,293059.67,153415707.26
PRG-TERRA,TerraScan Ground Segment,GROUND_SEGMENT,NS40,2023,3,2023-03-01,2023-03,OTH,3700.15,153415707.26
PRG-TERRA,TerraScan Ground Segment,GROUND_SEGMENT,NS40,2023,3,2023-03-01,2023-03,OVH,57085.56,153415707.26
PRG-TERRA,TerraScan Ground Segment,GROUND_SEGMENT,NS40,2023,3,2023-03-01,2023-03,PER,35269.6,153415707.26
PRG-TERRA,TerraScan Ground Segment,GROUND_SEGMENT,NS40,2023,3,2023-03-01,2023-03,SUB,385124.57,153415707.26
PRG-TERRA,TerraScan Ground Segment,GROUND_SEGMENT,NS40,2023,4,2023-04-01,2023-04,DEP,38544.63,153415707.26
PRG-TERRA,TerraScan Ground Segment,GROUND_SEGMENT,NS40,2023,4,2023-04-01,2023-04,MAT,286157.8,153415707.26
PRG-TERRA,TerraScan Ground Segment,GROUND_SEGMENT,NS40,2023,4,2023-04-01,2023-04,OTH,7274.66,153415707.26
PRG-TERRA,TerraScan Ground Segment,GROUND_SEGMENT,NS40,2023,4,2023-04-01,2023-04,OVH,51405.47,153415707.26
PRG-TERRA,TerraScan Ground Segment,GROUND_SEGMENT,NS40,2023,4,2023-04-01,2023-04,PER,25456.76,153415707.26
PRG-TERRA,TerraScan Ground Segment,GROUND_SEGMENT,NS40,2023,4,2023-04-01,2023-04,SUB,627986.62,153415707.26
PRG-TERRA,TerraScan Ground Segment,GROUND_SEGMENT,NS40,2023,5,2023-05-01,2023-05,DEP,38143.46,153415707.26
PRG-TERRA,TerraScan Ground Segment,GROUND_SEGMENT,NS40,2023,5,2023-05-01,2023-05,MAT,373962.41,153415707.26
PRG-TERRA,TerraScan Ground Segment,GROUND_SEGMENT,NS40,2023,5,2023-05-01,2023-05,OTH,1965.85,153415707.26
PRG-TERRA,TerraScan Ground Segment,GROUND_SEGMENT,NS40,2023,5,2023-05-01,2023-05,OVH,52454.74,153415707.26
PRG-TERRA,TerraScan Ground Segment,GROUND_SEGMENT,NS40,2023,5,2023-05-01,2023-05,PER,37926.95,153415707.26
PRG-TERRA,TerraScan Ground Segment,GROUND_SEGMENT,NS40,2023,5,2023-05-01,2023-05,SUB,320972.87,153415707.26
PRG-TERRA,TerraScan Ground Segment,GROUND_SEGMENT,NS40,2023,6,2023-06-01,2023-06,DEP,36045.98,153415707.26
PRG-TERRA,TerraScan Ground Segment,GROUND_SEGMENT,NS40,2023,6,2023-06-01,2023-06,MAT,399515.08,153415707.26
PRG-TERRA,TerraScan Ground Segment,GROUND_SEGMENT,NS40,2023,6,2023-06-01,2023-06,OTH,3604.91,153415707.26
PRG-TERRA,TerraScan Ground Segment,GROUND_SEGMENT,NS40,2023,6,2023-06-01,2023-06,OVH,62752.14,153415707.26
PRG-TERRA,TerraScan Ground Segment,GROUND_SEGMENT,NS40,2023,6,2023-06-01,2023-06,PER,44451.28,153415707.26
PRG-TERRA,TerraScan Ground Segment,GROUND_SEGMENT,NS40,2023,6,2023-06-01,2023-06,SUB,522572.89,153415707.26
PRG-TERRA,TerraScan Ground Segment,GROUND_SEGMENT,NS40,2023,7,2023-07-01,2023-07,DEP,23106.93,153415707.26
PRG-TERRA,TerraScan Ground Segment,GROUND_SEGMENT,NS40,2023,7,2023-07-01,2023-07,MAT,254993.63,153415707.26
PRG-TERRA,TerraScan Ground Segment,GROUND_SEGMENT,NS40,2023,7,2023-07-01,2023-07,OTH,4021.81,153415707.26
PRG-TERRA,TerraScan Ground Segment,GROUND_SEGMENT,NS40,2023,7,2023-07-01,2023-07,OVH,53985.33,153415707.26
PRG-TERRA,TerraScan Ground Segment,GROUND_SEGMENT,NS40,2023,7,2023-07-01,2023-07,PER,54992.1,153415707.26
PRG-TERRA,TerraScan Ground Segment,GROUND_SEGMENT,NS40,2023,7,2023-07-01,2023-07,SUB,710090.5,153415707.26
PRG-TERRA,TerraScan Ground Segment,GROUND_SEGMENT,NS40,2023,8,2023-08-01,2023-08,DEP,30544.43,153415707.26
PRG-TERRA,TerraScan Ground Segment,GROUND_SEGMENT,NS40,2023,8,2023-08-01,2023-08,MAT,336775.13,153415707.26
PRG-TERRA,TerraScan Ground Segment,GROUND_SEGMENT,NS40,2023,8,2023-08-01,2023-08,OTH,1159.55,153415707.26
PRG-TERRA,TerraScan Ground Segment,GROUND_SEGMENT,NS40,2023,8,2023-08-01,2023-08,OVH,41075.33,153415707.26
PRG-TERRA,TerraScan Ground Segment,GROUND_SEGMENT,NS40,2023,8,2023-08-01,2023-08,PER,37406.32,153415707.26
PRG-TERRA,TerraScan Ground Segment,GROUND_SEGMENT,NS40,2023,8,2023-08-01,2023-08,SUB,365864.86,153415707.26
PRG-TERRA,TerraScan Ground Segment,GROUND_SEGMENT,NS40,2023,9,2023-09-01,2023-09,DEP,29027.4,153415707.26
PRG-TERRA,TerraScan Ground Segment,GROUND_SEGMENT,NS40,2023,9,2023-09-01,2023-09,MAT,379882.74,153415707.26
PRG-TERRA,TerraScan Ground Segment,GROUND_SEGMENT,NS40,2023,9,2023-09-01,2023-09,OTH,6411.08,153415707.26
PRG-TERRA,TerraScan Ground Segment,GROUND_SEGMENT,NS40,2023,9,2023-09-01,2023-09,OVH,66217.11,153415707.26
PRG-TERRA,TerraScan Ground Segment,GROUND_SEGMENT,NS40,2023,9,2023-09-01,2023-09,PER,43594.93,153415707.26
PRG-TERRA,TerraScan Ground Segment,GROUND_SEGMENT,NS40,2023,9,2023-09-01,2023-09,SUB,750501.82,153415707.26
PRG-TERRA,TerraScan Ground Segment,GROUND_SEGMENT,NS40,2023,10,2023-10-01,2023-10,DEP,33685.21,153415707.26
PRG-TERRA,TerraScan Ground Segment,GROUND_SEGMENT,NS40,2023,10,2023-10-01,2023-10,MAT,303082.24,153415707.26
PRG-TERRA,TerraScan Ground Segment,GROUND_SEGMENT,NS40,2023,10,2023-10-01,2023-10,OTH,1805.52,153415707.26
PRG-TERRA,TerraScan Ground Segment,GROUND_SEGMENT,NS40,2023,10,2023-10-01,2023-10,OVH,50918.62,153415707.26
PRG-TERRA,TerraScan Ground Segment,GROUND_SEGMENT,NS40,2023,10,2023-10-01,2023-10,PER,38655.87,153415707.26
PRG-TERRA,TerraScan Ground Segment,GROUND_SEGMENT,NS40,2023,10,2023-10-01,2023-10,SUB,451996.65,153415707.26
PRG-TERRA,TerraScan Ground Segment,GROUND_SEGMENT,NS40,2023,11,2023-11-01,2023-11,DEP,30003.89,153415707.26
PRG-TERRA,TerraScan Ground Segment,GROUND_SEGMENT,NS40,2023,11,2023-11-01,2023-11,MAT,442156.68,153415707.26
PRG-TERRA,TerraScan Ground Segment,GROUND_SEGMENT,NS40,2023,11,2023-11-01,2023-11,OTH,3222.87,153415707.26
PRG-TERRA,TerraScan Ground Segment,GROUND_SEGMENT,NS40,2023,11,2023-11-01,2023-11,OVH,63585.02,153415707.26
PRG-TERRA,TerraScan Ground Segment,GROUND_SEGMENT,NS40,2023,11,2023-11-01,2023-11,PER,29952.15,153415707.26
PRG-TERRA,TerraScan Ground Segment,GROUND_SEGMENT,NS40,2023,11,2023-11-01,2023-11,SUB,461948.77,153415707.26
PRG-TERRA,TerraScan Ground Segment,GROUND_SEGMENT,NS40,2023,12,2023-12-01,2023-12,DEP,33056.55,153415707.26
PRG-TERRA,TerraScan Ground Segment,GROUND_SEGMENT,NS40,2023,12,2023-12-01,2023-12,MAT,273494.87,153415707.26
PRG-TERRA,TerraScan Ground Segment,GROUND_SEGMENT,NS40,2023,12,2023-12-01,2023-12,OTH,2217.92,153415707.26
PRG-TERRA,TerraScan Ground Segment,GROUND_SEGMENT,NS40,2023,12,2023-12-01,2023-12,OVH,60324.98,153415707.26
PRG-TERRA,TerraScan Ground Segment,GROUND_SEGMENT,NS40,2023,12,2023-12-01,2023-12,PER,47125.25,153415707.26
PRG-TERRA,TerraScan Ground Segment,GROUND_SEGMENT,NS40,2023,12,2023-12-01,2023-12,SUB,537625.01,153415707.26
PRG-TERRA,TerraScan Ground Segment,GROUND_SEGMENT,NS40,2023,13,2023-12-01,2023-12,OTH,2833.51,153415707.26
PRG-TERRA,TerraScan Ground Segment,GROUND_SEGMENT,NS40,2023,13,2023-12-01,2023-12,OVH,2846.93,153415707.26
PRG-TERRA,TerraScan Ground Segment,GROUND_SEGMENT,NS40,2023,13,2023-12-01,2023-12,PER,6309.75,153415707.26
PRG-TERRA,TerraScan Ground Segment,GROUND_SEGMENT,NS40,2023,13,2023-12-01,2023-12,SUB,81099.38,153415707.26
PRG-TERRA,TerraScan Ground Segment,GROUND_SEGMENT,NS40,2023,14,2023-12-01,2023-12,MAT,8348.26,153415707.26
PRG-TERRA,TerraScan Ground Segment,GROUND_SEGMENT,NS40,2023,14,2023-12-01,2023-12,OTH,3300.81,153415707.26
PRG-TERRA,TerraScan Ground Segment,GROUND_SEGMENT,NS40,2023,14,2023-12-01,2023-12,OVH,7348.7,153415707.26
PRG-TERRA,TerraScan Ground Segment,GROUND_SEGMENT,NS40,2023,14,2023-12-01,2023-12,PER,10143.83,153415707.26
PRG-TERRA,TerraScan Ground Segment,GROUND_SEGMENT,NS40,2023,14,2023-12-01,2023-12,SUB,80116.96,153415707.26
PRG-TERRA,TerraScan Ground Segment,GROUND_SEGMENT,NS40,2024,1,2024-01-01,2024-01,DEP,26385.43,153415707.26
PRG-TERRA,TerraScan Ground Segment,GROUND_SEGMENT,NS40,2024,1,2024-01-01,2024-01,MAT,225028.43,153415707.26
PRG-TERRA,TerraScan Ground Segment,GROUND_SEGMENT,NS40,2024,1,2024-01-01,2024-01,OTH,3912.55,153415707.26
PRG-TERRA,TerraScan Ground Segment,GROUND_SEGMENT,NS40,2024,1,2024-01-01,2024-01,OVH,56395.37,153415707.26
PRG-TERRA,TerraScan Ground Segment,GROUND_SEGMENT,NS40,2024,1,2024-01-01,2024-01,PER,48009.92,153415707.26
PRG-TERRA,TerraScan Ground Segment,GROUND_SEGMENT,NS40,2024,1,2024-01-01,2024-01,SUB,390066.9,153415707.26
PRG-TERRA,TerraScan Ground Segment,GROUND_SEGMENT,NS40,2024,2,2024-02-01,2024-02,DEP,20974.41,153415707.26
PRG-TERRA,TerraScan Ground Segment,GROUND_SEGMENT,NS40,2024,2,2024-02-01,2024-02,MAT,270649.52,153415707.26
PRG-TERRA,TerraScan Ground Segment,GROUND_SEGMENT,NS40,2024,2,2024-02-01,2024-02,OTH,3432.66,153415707.26
PRG-TERRA,TerraScan Ground Segment,GROUND_SEGMENT,NS40,2024,2,2024-02-01,2024-02,OVH,52419.89,153415707.26
PRG-TERRA,TerraScan Ground Segment,GROUND_SEGMENT,NS40,2024,2,2024-02-01,2024-02,PER,50315.19,153415707.26
PRG-TERRA,TerraScan Ground Segment,GROUND_SEGMENT,NS40,2024,2,2024-02-01,2024-02,SUB,627505.3,153415707.26
PRG-TERRA,TerraScan Ground Segment,GROUND_SEGMENT,NS40,2024,3,2024-03-01,2024-03,DEP,28240.25,153415707.26
PRG-TERRA,TerraScan Ground Segment,GROUND_SEGMENT,NS40,2024,3,2024-03-01,2024-03,MAT,365356.91,153415707.26
PRG-TERRA,TerraScan Ground Segment,GROUND_SEGMENT,NS40,2024,3,2024-03-01,2024-03,OTH,2785.06,153415707.26
PRG-TERRA,TerraScan Ground Segment,GROUND_SEGMENT,NS40,2024,3,2024-03-01,2024-03,OVH,45741.34,153415707.26
PRG-TERRA,TerraScan Ground Segment,GROUND_SEGMENT,NS40,2024,3,2024-03-01,2024-03,PER,54385.53,153415707.26
PRG-TERRA,TerraScan Ground Segment,GROUND_SEGMENT,NS40,2024,3,2024-03-01,2024-03,SUB,584583.04,153415707.26
PRG-TERRA,TerraScan Ground Segment,GROUND_SEGMENT,NS40,2024,4,2024-04-01,2024-04,DEP,46976.63,153415707.26
PRG-TERRA,TerraScan Ground Segment,GROUND_SEGMENT,NS40,2024,4,2024-04-01,2024-04,MAT,277600.31,153415707.26
PRG-TERRA,TerraScan Ground Segment,GROUND_SEGMENT,NS40,2024,4,2024-04-01,2024-04,OTH,2363.58,153415707.26
PRG-TERRA,TerraScan Ground Segment,GROUND_SEGMENT,NS40,2024,4,2024-04-01,2024-04,OVH,41382.47,153415707.26
PRG-TERRA,TerraScan Ground Segment,GROUND_SEGMENT,NS40,2024,4,2024-04-01,2024-04,PER,29783.37,153415707.26
PRG-TERRA,TerraScan Ground Segment,GROUND_SEGMENT,NS40,2024,4,2024-04-01,2024-04,SUB,524227.57,153415707.26
PRG-TERRA,TerraScan Ground Segment,GROUND_SEGMENT,NS40,2024,5,2024-05-01,2024-05,DEP,23459.19,153415707.26
PRG-TERRA,TerraScan Ground Segment,GROUND_SEGMENT,NS40,2024,5,2024-05-01,2024-05,MAT,325255.16,153415707.26
PRG-TERRA,TerraScan Ground Segment,GROUND_SEGMENT,NS40,2024,5,2024-05-01,2024-05,OTH,4921.6,153415707.26
PRG-TERRA,TerraScan Ground Segment,GROUND_SEGMENT,NS40,2024,5,2024-05-01,2024-05,OVH,60392.69,153415707.26
PRG-TERRA,TerraScan Ground Segment,GROUND_SEGMENT,NS40,2024,5,2024-05-01,2024-05,PER,57130.45,153415707.26
PRG-TERRA,TerraScan Ground Segment,GROUND_SEGMENT,NS40,2024,5,2024-05-01,2024-05,SUB,787405.34,153415707.26
PRG-TERRA,TerraScan Ground Segment,GROUND_SEGMENT,NS40,2024,6,2024-06-01,2024-06,DEP,38994.39,153415707.26
PRG-TERRA,TerraScan Ground Segment,GROUND_SEGMENT,NS40,2024,6,2024-06-01,2024-06,MAT,445031.55,153415707.26
PRG-TERRA,TerraScan Ground Segment,GROUND_SEGMENT,NS40,2024,6,2024-06-01,2024-06,OTH,8384.91,153415707.26
PRG-TERRA,TerraScan Ground Segment,GROUND_SEGMENT,NS40,2024,6,2024-06-01,2024-06,OVH,76276.39,153415707.26
PRG-TERRA,TerraScan Ground Segment,GROUND_SEGMENT,NS40,2024,6,2024-06-01,2024-06,PER,36834.71,153415707.26
PRG-TERRA,TerraScan Ground Segment,GROUND_SEGMENT,NS40,2024,6,2024-06-01,2024-06,SUB,572527.01,153415707.26
PRG-TERRA,TerraScan Ground Segment,GROUND_SEGMENT,NS40,2024,7,2024-07-01,2024-07,DEP,35623.98,153415707.26
PRG-TERRA,TerraScan Ground Segment,GROUND_SEGMENT,NS40,2024,7,2024-07-01,2024-07,MAT,283211.55,153415707.26
PRG-TERRA,TerraScan Ground Segment,GROUND_SEGMENT,NS40,2024,7,2024-07-01,2024-07,OTH,1014.48,153415707.26
PRG-TERRA,TerraScan Ground Segment,GROUND_SEGMENT,NS40,2024,7,2024-07-01,2024-07,OVH,54549.53,153415707.26
PRG-TERRA,TerraScan Ground Segment,GROUND_SEGMENT,NS40,2024,7,2024-07-01,2024-07,PER,47075.07,153415707.26
PRG-TERRA,TerraScan Ground Segment,GROUND_SEGMENT,NS40,2024,7,2024-07-01,2024-07,SUB,392124.28,153415707.26
PRG-TERRA,TerraScan Ground Segment,GROUND_SEGMENT,NS40,2024,8,2024-08-01,2024-08,DEP,47508.76,153415707.26
PRG-TERRA,TerraScan Ground Segment,GROUND_SEGMENT,NS40,2024,8,2024-08-01,2024-08,MAT,348639.84,153415707.26
PRG-TERRA,TerraScan Ground Segment,GROUND_SEGMENT,NS40,2024,8,2024-08-01,2024-08,OTH,8470.32,153415707.26
PRG-TERRA,TerraScan Ground Segment,GROUND_SEGMENT,NS40,2024,8,2024-08-01,2024-08,OVH,63091.77,153415707.26
PRG-TERRA,TerraScan Ground Segment,GROUND_SEGMENT,NS40,2024,8,2024-08-01,2024-08,PER,47256.95,153415707.26
PRG-TERRA,TerraScan Ground Segment,GROUND_SEGMENT,NS40,2024,8,2024-08-01,2024-08,SUB,536045.14,153415707.26
PRG-TERRA,TerraScan Ground Segment,GROUND_SEGMENT,NS40,2024,9,2024-09-01,2024-09,DEP,38124.98,153415707.26
PRG-TERRA,TerraScan Ground Segment,GROUND_SEGMENT,NS40,2024,9,2024-09-01,2024-09,MAT,314126.15,153415707.26
PRG-TERRA,TerraScan Ground Segment,GROUND_SEGMENT,NS40,2024,9,2024-09-01,2024-09,OTH,5816.83,153415707.26
PRG-TERRA,TerraScan Ground Segment,GROUND_SEGMENT,NS40,2024,9,2024-09-01,2024-09,OVH,54492.13,153415707.26
PRG-TERRA,TerraScan Ground Segment,GROUND_SEGMENT,NS40,2024,9,2024-09-01,2024-09,PER,44994.08,153415707.26
PRG-TERRA,TerraScan Ground Segment,GROUND_SEGMENT,NS40,2024,9,2024-09-01,2024-09,SUB,463165.29,153415707.26
PRG-TERRA,TerraScan Ground Segment,GROUND_SEGMENT,NS40,2024,10,2024-10-01,2024-10,DEP,29174.44,153415707.26
PRG-TERRA,TerraScan Ground Segment,GROUND_SEGMENT,NS40,2024,10,2024-10-01,2024-10,MAT,367640.36,153415707.26
PRG-TERRA,TerraScan Ground Segment,GROUND_SEGMENT,NS40,2024,10,2024-10-01,2024-10,OTH,3935.42,153415707.26
PRG-TERRA,TerraScan Ground Segment,GROUND_SEGMENT,NS40,2024,10,2024-10-01,2024-10,OVH,59609.43,153415707.26
PRG-TERRA,TerraScan Ground Segment,GROUND_SEGMENT,NS40,2024,10,2024-10-01,2024-10,PER,37880.1,153415707.26
PRG-TERRA,TerraScan Ground Segment,GROUND_SEGMENT,NS40,2024,10,2024-10-01,2024-10,SUB,592333.55,153415707.26
PRG-TERRA,TerraScan Ground Segment,GROUND_SEGMENT,NS40,2024,11,2024-11-01,2024-11,DEP,55602.49,153415707.26
PRG-TERRA,TerraScan Ground Segment,GROUND_SEGMENT,NS40,2024,11,2024-11-01,2024-11,MAT,412329.31,153415707.26
PRG-TERRA,TerraScan Ground Segment,GROUND_SEGMENT,NS40,2024,11,2024-11-01,2024-11,OTH,3492.46,153415707.26
PRG-TERRA,TerraScan Ground Segment,GROUND_SEGMENT,NS40,2024,11,2024-11-01,2024-11,OVH,51502.31,153415707.26
PRG-TERRA,TerraScan Ground Segment,GROUND_SEGMENT,NS40,2024,11,2024-11-01,2024-11,PER,52413.62,153415707.26
PRG-TERRA,TerraScan Ground Segment,GROUND_SEGMENT,NS40,2024,11,2024-11-01,2024-11,SUB,749900.22,153415707.26
PRG-TERRA,TerraScan Ground Segment,GROUND_SEGMENT,NS40,2024,12,2024-12-01,2024-12,DEP,14722.0,153415707.26
PRG-TERRA,TerraScan Ground Segment,GROUND_SEGMENT,NS40,2024,12,2024-12-01,2024-12,MAT,361753.79,153415707.26
PRG-TERRA,TerraScan Ground Segment,GROUND_SEGMENT,NS40,2024,12,2024-12-01,2024-12,OTH,7268.52,153415707.26
PRG-TERRA,TerraScan Ground Segment,GROUND_SEGMENT,NS40,2024,12,2024-12-01,2024-12,OVH,49353.46,153415707.26
PRG-TERRA,TerraScan Ground Segment,GROUND_SEGMENT,NS40,2024,12,2024-12-01,2024-12,PER,48365.8,153415707.26
PRG-TERRA,TerraScan Ground Segment,GROUND_SEGMENT,NS40,2024,12,2024-12-01,2024-12,SUB,399340.65,153415707.26
PRG-TERRA,TerraScan Ground Segment,GROUND_SEGMENT,NS40,2024,13,2024-12-01,2024-12,MAT,4365.21,153415707.26
PRG-TERRA,TerraScan Ground Segment,GROUND_SEGMENT,NS40,2024,13,2024-12-01,2024-12,OTH,4112.39,153415707.26
PRG-TERRA,TerraScan Ground Segment,GROUND_SEGMENT,NS40,2024,13,2024-12-01,2024-12,OVH,6965.95,153415707.26
PRG-TERRA,TerraScan Ground Segment,GROUND_SEGMENT,NS40,2024,13,2024-12-01,2024-12,PER,14949.97,153415707.26
PRG-TERRA,TerraScan Ground Segment,GROUND_SEGMENT,NS40,2024,13,2024-12-01,2024-12,SUB,81148.78,153415707.26
PRG-TERRA,TerraScan Ground Segment,GROUND_SEGMENT,NS40,2024,14,2024-12-01,2024-12,OTH,3810.77,153415707.26
PRG-TERRA,TerraScan Ground Segment,GROUND_SEGMENT,NS40,2024,14,2024-12-01,2024-12,OVH,2564.0,153415707.26
PRG-TERRA,TerraScan Ground Segment,GROUND_SEGMENT,NS40,2024,14,2024-12-01,2024-12,PER,6889.06,153415707.26
PRG-TERRA,TerraScan Ground Segment,GROUND_SEGMENT,NS40,2024,14,2024-12-01,2024-12,SUB,34418.0,153415707.26
PRG-TERRA,TerraScan Ground Segment,GROUND_SEGMENT,NS40,2025,1,2025-01-01,2025-01,DEP,30119.16,153415707.26
PRG-TERRA,TerraScan Ground Segment,GROUND_SEGMENT,NS40,2025,1,2025-01-01,2025-01,MAT,319382.32,153415707.26
PRG-TERRA,TerraScan Ground Segment,GROUND_SEGMENT,NS40,2025,1,2025-01-01,2025-01,OTH,2939.76,153415707.26
PRG-TERRA,TerraScan Ground Segment,GROUND_SEGMENT,NS40,2025,1,2025-01-01,2025-01,OVH,62848.51,153415707.26
PRG-TERRA,TerraScan Ground Segment,GROUND_SEGMENT,NS40,2025,1,2025-01-01,2025-01,PER,52327.61,153415707.26
PRG-TERRA,TerraScan Ground Segment,GROUND_SEGMENT,NS40,2025,1,2025-01-01,2025-01,SUB,501461.85,153415707.26
PRG-TERRA,TerraScan Ground Segment,GROUND_SEGMENT,NS40,2025,2,2025-02-01,2025-02,DEP,32241.52,153415707.26
PRG-TERRA,TerraScan Ground Segment,GROUND_SEGMENT,NS40,2025,2,2025-02-01,2025-02,MAT,342552.38,153415707.26
PRG-TERRA,TerraScan Ground Segment,GROUND_SEGMENT,NS40,2025,2,2025-02-01,2025-02,OTH,4903.39,153415707.26
PRG-TERRA,TerraScan Ground Segment,GROUND_SEGMENT,NS40,2025,2,2025-02-01,2025-02,OVH,65989.56,153415707.26
PRG-TERRA,TerraScan Ground Segment,GROUND_SEGMENT,NS40,2025,2,2025-02-01,2025-02,PER,43158.91,153415707.26
PRG-TERRA,TerraScan Ground Segment,GROUND_SEGMENT,NS40,2025,2,2025-02-01,2025-02,SUB,555047.0,153415707.26
PRG-TERRA,TerraScan Ground Segment,GROUND_SEGMENT,NS40,2025,3,2025-03-01,2025-03,DEP,36099.45,153415707.26
PRG-TERRA,TerraScan Ground Segment,GROUND_SEGMENT,NS40,2025,3,2025-03-01,2025-03,MAT,409024.71,153415707.26
PRG-TERRA,TerraScan Ground Segment,GROUND_SEGMENT,NS40,2025,3,2025-03-01,2025-03,OTH,3727.6,153415707.26
PRG-TERRA,TerraScan Ground Segment,GROUND_SEGMENT,NS40,2025,3,2025-03-01,2025-03,OVH,71726.29,153415707.26
PRG-TERRA,TerraScan Ground Segment,GROUND_SEGMENT,NS40,2025,3,2025-03-01,2025-03,PER,61729.84,153415707.26
PRG-TERRA,TerraScan Ground Segment,GROUND_SEGMENT,NS40,2025,3,2025-03-01,2025-03,SUB,745852.66,153415707.26
PRG-TERRA,TerraScan Ground Segment,GROUND_SEGMENT,NS40,2025,4,2025-04-01,2025-04,DEP,38623.54,153415707.26
PRG-TERRA,TerraScan Ground Segment,GROUND_SEGMENT,NS40,2025,4,2025-04-01,2025-04,MAT,457905.32,153415707.26
PRG-TERRA,TerraScan Ground Segment,GROUND_SEGMENT,NS40,2025,4,2025-04-01,2025-04,OTH,4970.06,153415707.26
PRG-TERRA,TerraScan Ground Segment,GROUND_SEGMENT,NS40,2025,4,2025-04-01,2025-04,OVH,63641.19,153415707.26
PRG-TERRA,TerraScan Ground Segment,GROUND_SEGMENT,NS40,2025,4,2025-04-01,2025-04,PER,37354.0,153415707.26
PRG-TERRA,TerraScan Ground Segment,GROUND_SEGMENT,NS40,2025,4,2025-04-01,2025-04,SUB,791403.72,153415707.26
PRG-TERRA,TerraScan Ground Segment,GROUND_SEGMENT,NS40,2025,5,2025-05-01,2025-05,DEP,35171.08,153415707.26
PRG-TERRA,TerraScan Ground Segment,GROUND_SEGMENT,NS40,2025,5,2025-05-01,2025-05,MAT,315107.48,153415707.26
PRG-TERRA,TerraScan Ground Segment,GROUND_SEGMENT,NS40,2025,5,2025-05-01,2025-05,OTH,7145.76,153415707.26
PRG-TERRA,TerraScan Ground Segment,GROUND_SEGMENT,NS40,2025,5,2025-05-01,2025-05,OVH,56185.32,153415707.26
PRG-TERRA,TerraScan Ground Segment,GROUND_SEGMENT,NS40,2025,5,2025-05-01,2025-05,PER,38636.9,153415707.26
PRG-TERRA,TerraScan Ground Segment,GROUND_SEGMENT,NS40,2025,5,2025-05-01,2025-05,SUB,591531.9,153415707.26
PRG-TERRA,TerraScan Ground Segment,GROUND_SEGMENT,NS40,2025,6,2025-06-01,2025-06,DEP,23130.1,153415707.26
PRG-TERRA,TerraScan Ground Segment,GROUND_SEGMENT,NS40,2025,6,2025-06-01,2025-06,MAT,388505.97,153415707.26
PRG-TERRA,TerraScan Ground Segment,GROUND_SEGMENT,NS40,2025,6,2025-06-01,2025-06,OTH,7275.92,153415707.26
PRG-TERRA,TerraScan Ground Segment,GROUND_SEGMENT,NS40,2025,6,2025-06-01,2025-06,OVH,56776.27,153415707.26
PRG-TERRA,TerraScan Ground Segment,GROUND_SEGMENT,NS40,2025,6,2025-06-01,2025-06,PER,51710.32,153415707.26
PRG-TERRA,TerraScan Ground Segment,GROUND_SEGMENT,NS40,2025,6,2025-06-01,2025-06,SUB,591909.64,153415707.26
PRG-TERRA,TerraScan Ground Segment,GROUND_SEGMENT,NS40,2025,7,2025-07-01,2025-07,DEP,41157.96,153415707.26
PRG-TERRA,TerraScan Ground Segment,GROUND_SEGMENT,NS40,2025,7,2025-07-01,2025-07,MAT,297779.42,153415707.26
PRG-TERRA,TerraScan Ground Segment,GROUND_SEGMENT,NS40,2025,7,2025-07-01,2025-07,OTH,746.99,153415707.26
PRG-TERRA,TerraScan Ground Segment,GROUND_SEGMENT,NS40,2025,7,2025-07-01,2025-07,OVH,50424.14,153415707.26
PRG-TERRA,TerraScan Ground Segment,GROUND_SEGMENT,NS40,2025,7,2025-07-01,2025-07,PER,42713.43,153415707.26
PRG-TERRA,TerraScan Ground Segment,GROUND_SEGMENT,NS40,2025,7,2025-07-01,2025-07,SUB,625985.96,153415707.26
PRG-TERRA,TerraScan Ground Segment,GROUND_SEGMENT,NS40,2025,8,2025-08-01,2025-08,DEP,23143.56,153415707.26
PRG-TERRA,TerraScan Ground Segment,GROUND_SEGMENT,NS40,2025,8,2025-08-01,2025-08,MAT,361833.79,153415707.26
PRG-TERRA,TerraScan Ground Segment,GROUND_SEGMENT,NS40,2025,8,2025-08-01,2025-08,OTH,1473.88,153415707.26
PRG-TERRA,TerraScan Ground Segment,GROUND_SEGMENT,NS40,2025,8,2025-08-01,2025-08,OVH,63288.04,153415707.26
PRG-TERRA,TerraScan Ground Segment,GROUND_SEGMENT,NS40,2025,8,2025-08-01,2025-08,PER,66416.92,153415707.26
PRG-TERRA,TerraScan Ground Segment,GROUND_SEGMENT,NS40,2025,8,2025-08-01,2025-08,SUB,639505.37,153415707.26
PRG-TERRA,TerraScan Ground Segment,GROUND_SEGMENT,NS40,2025,9,2025-09-01,2025-09,DEP,36607.04,153415707.26
PRG-TERRA,TerraScan Ground Segment,GROUND_SEGMENT,NS40,2025,9,2025-09-01,2025-09,MAT,272306.76,153415707.26
PRG-TERRA,TerraScan Ground Segment,GROUND_SEGMENT,NS40,2025,9,2025-09-01,2025-09,OTH,2274.49,153415707.26
PRG-TERRA,TerraScan Ground Segment,GROUND_SEGMENT,NS40,2025,9,2025-09-01,2025-09,OVH,38950.47,153415707.26
PRG-TERRA,TerraScan Ground Segment,GROUND_SEGMENT,NS40,2025,9,2025-09-01,2025-09,PER,29739.39,153415707.26
PRG-TERRA,TerraScan Ground Segment,GROUND_SEGMENT,NS40,2025,9,2025-09-01,2025-09,SUB,567652.43,153415707.26
PRG-TERRA,TerraScan Ground Segment,GROUND_SEGMENT,NS40,2025,10,2025-10-01,2025-10,DEP,41134.67,153415707.26
PRG-TERRA,TerraScan Ground Segment,GROUND_SEGMENT,NS40,2025,10,2025-10-01,2025-10,MAT,411576.25,153415707.26
PRG-TERRA,TerraScan Ground Segment,GROUND_SEGMENT,NS40,2025,10,2025-10-01,2025-10,OTH,3654.07,153415707.26
PRG-TERRA,TerraScan Ground Segment,GROUND_SEGMENT,NS40,2025,10,2025-10-01,2025-10,OVH,71128.67,153415707.26
PRG-TERRA,TerraScan Ground Segment,GROUND_SEGMENT,NS40,2025,10,2025-10-01,2025-10,PER,36448.46,153415707.26
PRG-TERRA,TerraScan Ground Segment,GROUND_SEGMENT,NS40,2025,10,2025-10-01,2025-10,SUB,514099.56,153415707.26
PRG-TERRA,TerraScan Ground Segment,GROUND_SEGMENT,NS40,2025,11,2025-11-01,2025-11,DEP,32200.97,153415707.26
PRG-TERRA,TerraScan Ground Segment,GROUND_SEGMENT,NS40,2025,11,2025-11-01,2025-11,MAT,399986.06,153415707.26
PRG-TERRA,TerraScan Ground Segment,GROUND_SEGMENT,NS40,2025,11,2025-11-01,2025-11,OTH,4655.09,153415707.26
PRG-TERRA,TerraScan Ground Segment,GROUND_SEGMENT,NS40,2025,11,2025-11-01,2025-11,OVH,56157.23,153415707.26
PRG-TERRA,TerraScan Ground Segment,GROUND_SEGMENT,NS40,2025,11,2025-11-01,2025-11,PER,35130.69,153415707.26
PRG-TERRA,TerraScan Ground Segment,GROUND_SEGMENT,NS40,2025,11,2025-11-01,2025-11,SUB,575380.64,153415707.26
PRG-TERRA,TerraScan Ground Segment,GROUND_SEGMENT,NS40,2025,12,2025-12-01,2025-12,DEP,57379.93,153415707.26
PRG-TERRA,TerraScan Ground Segment,GROUND_SEGMENT,NS40,2025,12,2025-12-01,2025-12,MAT,431137.47,153415707.26
PRG-TERRA,TerraScan Ground Segment,GROUND_SEGMENT,NS40,2025,12,2025-12-01,2025-12,OTH,3292.13,153415707.26
PRG-TERRA,TerraScan Ground Segment,GROUND_SEGMENT,NS40,2025,12,2025-12-01,2025-12,OVH,79790.12,153415707.26
PRG-TERRA,TerraScan Ground Segment,GROUND_SEGMENT,NS40,2025,12,2025-12-01,2025-12,PER,35419.73,153415707.26
PRG-TERRA,TerraScan Ground Segment,GROUND_SEGMENT,NS40,2025,12,2025-12-01,2025-12,SUB,430051.09,153415707.26
PRG-TERRA,TerraScan Ground Segment,GROUND_SEGMENT,NS40,2025,13,2025-12-01,2025-12,MAT,10366.95,153415707.26
PRG-TERRA,TerraScan Ground Segment,GROUND_SEGMENT,NS40,2025,13,2025-12-01,2025-12,OTH,9929.99,153415707.26
PRG-TERRA,TerraScan Ground Segment,GROUND_SEGMENT,NS40,2025,13,2025-12-01,2025-12,OVH,5504.4,153415707.26
PRG-TERRA,TerraScan Ground Segment,GROUND_SEGMENT,NS40,2025,13,2025-12-01,2025-12,PER,2303.05,153415707.26
PRG-TERRA,TerraScan Ground Segment,GROUND_SEGMENT,NS40,2025,13,2025-12-01,2025-12,SUB,25105.19,153415707.26
PRG-TERRA,TerraScan Ground Segment,GROUND_SEGMENT,NS40,2025,14,2025-12-01,2025-12,MAT,11002.36,153415707.26
PRG-TERRA,TerraScan Ground Segment,GROUND_SEGMENT,NS40,2025,14,2025-12-01,2025-12,OTH,2943.1,153415707.26
PRG-TERRA,TerraScan Ground Segment,GROUND_SEGMENT,NS40,2025,14,2025-12-01,2025-12,OVH,5565.27,153415707.26
PRG-TERRA,TerraScan Ground Segment,GROUND_SEGMENT,NS40,2025,14,2025-12-01,2025-12,PER,4563.87,153415707.26
PRG-TERRA,TerraScan Ground Segment,GROUND_SEGMENT,NS40,2025,14,2025-12-01,2025-12,SUB,60449.99,153415707.26
PRG-TERRA,TerraScan Ground Segment,GROUND_SEGMENT,NS40,2026,1,2026-01-01,2026-01,DEP,39069.07,153415707.26
PRG-TERRA,TerraScan Ground Segment,GROUND_SEGMENT,NS40,2026,1,2026-01-01,2026-01,MAT,428155.41,153415707.26
PRG-TERRA,TerraScan Ground Segment,GROUND_SEGMENT,NS40,2026,1,2026-01-01,2026-01,OTH,7046.64,153415707.26
PRG-TERRA,TerraScan Ground Segment,GROUND_SEGMENT,NS40,2026,1,2026-01-01,2026-01,OVH,76473.75,153415707.26
PRG-TERRA,TerraScan Ground Segment,GROUND_SEGMENT,NS40,2026,1,2026-01-01,2026-01,PER,25055.14,153415707.26
PRG-TERRA,TerraScan Ground Segment,GROUND_SEGMENT,NS40,2026,1,2026-01-01,2026-01,SUB,572044.5,153415707.26
PRG-TERRA,TerraScan Ground Segment,GROUND_SEGMENT,NS40,2026,2,2026-02-01,2026-02,DEP,34260.59,153415707.26
PRG-TERRA,TerraScan Ground Segment,GROUND_SEGMENT,NS40,2026,2,2026-02-01,2026-02,MAT,365433.33,153415707.26
PRG-TERRA,TerraScan Ground Segment,GROUND_SEGMENT,NS40,2026,2,2026-02-01,2026-02,OTH,7074.88,153415707.26
PRG-TERRA,TerraScan Ground Segment,GROUND_SEGMENT,NS40,2026,2,2026-02-01,2026-02,OVH,61690.7,153415707.26
PRG-TERRA,TerraScan Ground Segment,GROUND_SEGMENT,NS40,2026,2,2026-02-01,2026-02,PER,37599.49,153415707.26
PRG-TERRA,TerraScan Ground Segment,GROUND_SEGMENT,NS40,2026,2,2026-02-01,2026-02,SUB,632051.37,153415707.26
PRG-TERRA,TerraScan Ground Segment,GROUND_SEGMENT,NS40,2026,3,2026-03-01,2026-03,DEP,22214.06,153415707.26
PRG-TERRA,TerraScan Ground Segment,GROUND_SEGMENT,NS40,2026,3,2026-03-01,2026-03,MAT,444961.26,153415707.26
PRG-TERRA,TerraScan Ground Segment,GROUND_SEGMENT,NS40,2026,3,2026-03-01,2026-03,OTH,395.38,153415707.26
PRG-TERRA,TerraScan Ground Segment,GROUND_SEGMENT,NS40,2026,3,2026-03-01,2026-03,OVH,60754.67,153415707.26
PRG-TERRA,TerraScan Ground Segment,GROUND_SEGMENT,NS40,2026,3,2026-03-01,2026-03,PER,54307.48,153415707.26
PRG-TERRA,TerraScan Ground Segment,GROUND_SEGMENT,NS40,2026,3,2026-03-01,2026-03,SUB,517345.28,153415707.26
PRG-TERRA,TerraScan Ground Segment,GROUND_SEGMENT,NS40,2026,4,2026-04-01,2026-04,DEP,40561.3,153415707.26
PRG-TERRA,TerraScan Ground Segment,GROUND_SEGMENT,NS40,2026,4,2026-04-01,2026-04,MAT,325849.19,153415707.26
PRG-TERRA,TerraScan Ground Segment,GROUND_SEGMENT,NS40,2026,4,2026-04-01,2026-04,OTH,10572.88,153415707.26
PRG-TERRA,TerraScan Ground Segment,GROUND_SEGMENT,NS40,2026,4,2026-04-01,2026-04,OVH,59021.36,153415707.26
PRG-TERRA,TerraScan Ground Segment,GROUND_SEGMENT,NS40,2026,4,2026-04-01,2026-04,PER,67064.7,153415707.26
PRG-TERRA,TerraScan Ground Segment,GROUND_SEGMENT,NS40,2026,4,2026-04-01,2026-04,SUB,581067.86,153415707.26
PRG-TERRA,TerraScan Ground Segment,GROUND_SEGMENT,NS40,2026,5,2026-05-01,2026-05,DEP,39962.77,153415707.26
PRG-TERRA,TerraScan Ground Segment,GROUND_SEGMENT,NS40,2026,5,2026-05-01,2026-05,MAT,332425.25,153415707.26
PRG-TERRA,TerraScan Ground Segment,GROUND_SEGMENT,NS40,2026,5,2026-05-01,2026-05,OTH,4478.21,153415707.26
PRG-TERRA,TerraScan Ground Segment,GROUND_SEGMENT,NS40,2026,5,2026-05-01,2026-05,OVH,57328.05,153415707.26
PRG-TERRA,TerraScan Ground Segment,GROUND_SEGMENT,NS40,2026,5,2026-05-01,2026-05,PER,45964.88,153415707.26
PRG-TERRA,TerraScan Ground Segment,GROUND_SEGMENT,NS40,2026,5,2026-05-01,2026-05,SUB,414177.74,153415707.26
PRG-TERRA,TerraScan Ground Segment,GROUND_SEGMENT,NS40,2026,6,2026-06-01,2026-06,DEP,40821.45,153415707.26
PRG-TERRA,TerraScan Ground Segment,GROUND_SEGMENT,NS40,2026,6,2026-06-01,2026-06,MAT,356356.83,153415707.26
PRG-TERRA,TerraScan Ground Segment,GROUND_SEGMENT,NS40,2026,6,2026-06-01,2026-06,OTH,4878.88,153415707.26
PRG-TERRA,TerraScan Ground Segment,GROUND_SEGMENT,NS40,2026,6,2026-06-01,2026-06,OVH,68367.33,153415707.26
PRG-TERRA,TerraScan Ground Segment,GROUND_SEGMENT,NS40,2026,6,2026-06-01,2026-06,PER,41124.35,153415707.26
PRG-TERRA,TerraScan Ground Segment,GROUND_SEGMENT,NS40,2026,6,2026-06-01,2026-06,SUB,526454.57,153415707.26
PRG-VESTA,Vesta Propulsion Test Bench,TECHNOLOGY,NS10,2023,1,2023-01-01,2023-01,DEP,2259.48,63835743.7
PRG-VESTA,Vesta Propulsion Test Bench,TECHNOLOGY,NS10,2023,1,2023-01-01,2023-01,MAT,36173.71,63835743.7
PRG-VESTA,Vesta Propulsion Test Bench,TECHNOLOGY,NS10,2023,1,2023-01-01,2023-01,OVH,12212.87,63835743.7
PRG-VESTA,Vesta Propulsion Test Bench,TECHNOLOGY,NS10,2023,1,2023-01-01,2023-01,PER,8991.38,63835743.7
PRG-VESTA,Vesta Propulsion Test Bench,TECHNOLOGY,NS10,2023,1,2023-01-01,2023-01,SUB,78252.19,63835743.7
PRG-VESTA,Vesta Propulsion Test Bench,TECHNOLOGY,NS10,2023,2,2023-02-01,2023-02,DEP,6908.78,63835743.7
PRG-VESTA,Vesta Propulsion Test Bench,TECHNOLOGY,NS10,2023,2,2023-02-01,2023-02,MAT,32040.92,63835743.7
PRG-VESTA,Vesta Propulsion Test Bench,TECHNOLOGY,NS10,2023,2,2023-02-01,2023-02,OVH,11926.41,63835743.7
PRG-VESTA,Vesta Propulsion Test Bench,TECHNOLOGY,NS10,2023,2,2023-02-01,2023-02,PER,10349.97,63835743.7
PRG-VESTA,Vesta Propulsion Test Bench,TECHNOLOGY,NS10,2023,2,2023-02-01,2023-02,SUB,121187.9,63835743.7
PRG-VESTA,Vesta Propulsion Test Bench,TECHNOLOGY,NS10,2023,3,2023-03-01,2023-03,DEP,2827.21,63835743.7
PRG-VESTA,Vesta Propulsion Test Bench,TECHNOLOGY,NS10,2023,3,2023-03-01,2023-03,MAT,53125.32,63835743.7
PRG-VESTA,Vesta Propulsion Test Bench,TECHNOLOGY,NS10,2023,3,2023-03-01,2023-03,OTH,591.63,63835743.7
PRG-VESTA,Vesta Propulsion Test Bench,TECHNOLOGY,NS10,2023,3,2023-03-01,2023-03,OVH,15659.97,63835743.7
PRG-VESTA,Vesta Propulsion Test Bench,TECHNOLOGY,NS10,2023,3,2023-03-01,2023-03,PER,8877.68,63835743.7
PRG-VESTA,Vesta Propulsion Test Bench,TECHNOLOGY,NS10,2023,3,2023-03-01,2023-03,SUB,50550.96,63835743.7
PRG-VESTA,Vesta Propulsion Test Bench,TECHNOLOGY,NS10,2023,4,2023-04-01,2023-04,DEP,2090.54,63835743.7
PRG-VESTA,Vesta Propulsion Test Bench,TECHNOLOGY,NS10,2023,4,2023-04-01,2023-04,MAT,57343.22,63835743.7
PRG-VESTA,Vesta Propulsion Test Bench,TECHNOLOGY,NS10,2023,4,2023-04-01,2023-04,OVH,11116.09,63835743.7
PRG-VESTA,Vesta Propulsion Test Bench,TECHNOLOGY,NS10,2023,4,2023-04-01,2023-04,PER,4323.8,63835743.7
PRG-VESTA,Vesta Propulsion Test Bench,TECHNOLOGY,NS10,2023,4,2023-04-01,2023-04,SUB,85778.26,63835743.7
PRG-VESTA,Vesta Propulsion Test Bench,TECHNOLOGY,NS10,2023,5,2023-05-01,2023-05,DEP,1550.1,63835743.7
PRG-VESTA,Vesta Propulsion Test Bench,TECHNOLOGY,NS10,2023,5,2023-05-01,2023-05,MAT,63179.19,63835743.7
PRG-VESTA,Vesta Propulsion Test Bench,TECHNOLOGY,NS10,2023,5,2023-05-01,2023-05,OTH,625.7,63835743.7
PRG-VESTA,Vesta Propulsion Test Bench,TECHNOLOGY,NS10,2023,5,2023-05-01,2023-05,OVH,10037.23,63835743.7
PRG-VESTA,Vesta Propulsion Test Bench,TECHNOLOGY,NS10,2023,5,2023-05-01,2023-05,PER,9589.97,63835743.7
PRG-VESTA,Vesta Propulsion Test Bench,TECHNOLOGY,NS10,2023,5,2023-05-01,2023-05,SUB,125847.78,63835743.7
PRG-VESTA,Vesta Propulsion Test Bench,TECHNOLOGY,NS10,2023,6,2023-06-01,2023-06,DEP,2729.26,63835743.7
PRG-VESTA,Vesta Propulsion Test Bench,TECHNOLOGY,NS10,2023,6,2023-06-01,2023-06,MAT,48094.92,63835743.7
PRG-VESTA,Vesta Propulsion Test Bench,TECHNOLOGY,NS10,2023,6,2023-06-01,2023-06,OTH,1120.2,63835743.7
PRG-VESTA,Vesta Propulsion Test Bench,TECHNOLOGY,NS10,2023,6,2023-06-01,2023-06,OVH,13376.7,63835743.7
PRG-VESTA,Vesta Propulsion Test Bench,TECHNOLOGY,NS10,2023,6,2023-06-01,2023-06,PER,5635.9,63835743.7
PRG-VESTA,Vesta Propulsion Test Bench,TECHNOLOGY,NS10,2023,6,2023-06-01,2023-06,SUB,134770.48,63835743.7
PRG-VESTA,Vesta Propulsion Test Bench,TECHNOLOGY,NS10,2023,7,2023-07-01,2023-07,DEP,4092.47,63835743.7
PRG-VESTA,Vesta Propulsion Test Bench,TECHNOLOGY,NS10,2023,7,2023-07-01,2023-07,MAT,49178.18,63835743.7
PRG-VESTA,Vesta Propulsion Test Bench,TECHNOLOGY,NS10,2023,7,2023-07-01,2023-07,OTH,309.36,63835743.7
PRG-VESTA,Vesta Propulsion Test Bench,TECHNOLOGY,NS10,2023,7,2023-07-01,2023-07,OVH,18089.59,63835743.7
PRG-VESTA,Vesta Propulsion Test Bench,TECHNOLOGY,NS10,2023,7,2023-07-01,2023-07,PER,7596.21,63835743.7
PRG-VESTA,Vesta Propulsion Test Bench,TECHNOLOGY,NS10,2023,7,2023-07-01,2023-07,SUB,250398.98,63835743.7
PRG-VESTA,Vesta Propulsion Test Bench,TECHNOLOGY,NS10,2023,8,2023-08-01,2023-08,DEP,3212.2,63835743.7
PRG-VESTA,Vesta Propulsion Test Bench,TECHNOLOGY,NS10,2023,8,2023-08-01,2023-08,MAT,69248.66,63835743.7
PRG-VESTA,Vesta Propulsion Test Bench,TECHNOLOGY,NS10,2023,8,2023-08-01,2023-08,OTH,-465.96,63835743.7
PRG-VESTA,Vesta Propulsion Test Bench,TECHNOLOGY,NS10,2023,8,2023-08-01,2023-08,OVH,12691.76,63835743.7
PRG-VESTA,Vesta Propulsion Test Bench,TECHNOLOGY,NS10,2023,8,2023-08-01,2023-08,PER,776.85,63835743.7
PRG-VESTA,Vesta Propulsion Test Bench,TECHNOLOGY,NS10,2023,8,2023-08-01,2023-08,SUB,173818.33,63835743.7
PRG-VESTA,Vesta Propulsion Test Bench,TECHNOLOGY,NS10,2023,9,2023-09-01,2023-09,DEP,3180.3,63835743.7
PRG-VESTA,Vesta Propulsion Test Bench,TECHNOLOGY,NS10,2023,9,2023-09-01,2023-09,MAT,91727.3,63835743.7
PRG-VESTA,Vesta Propulsion Test Bench,TECHNOLOGY,NS10,2023,9,2023-09-01,2023-09,OTH,781.75,63835743.7
PRG-VESTA,Vesta Propulsion Test Bench,TECHNOLOGY,NS10,2023,9,2023-09-01,2023-09,OVH,17772.73,63835743.7
PRG-VESTA,Vesta Propulsion Test Bench,TECHNOLOGY,NS10,2023,9,2023-09-01,2023-09,PER,5970.37,63835743.7
PRG-VESTA,Vesta Propulsion Test Bench,TECHNOLOGY,NS10,2023,9,2023-09-01,2023-09,SUB,64208.69,63835743.7
PRG-VESTA,Vesta Propulsion Test Bench,TECHNOLOGY,NS10,2023,10,2023-10-01,2023-10,DEP,3186.66,63835743.7
PRG-VESTA,Vesta Propulsion Test Bench,TECHNOLOGY,NS10,2023,10,2023-10-01,2023-10,MAT,77610.64,63835743.7
PRG-VESTA,Vesta Propulsion Test Bench,TECHNOLOGY,NS10,2023,10,2023-10-01,2023-10,OVH,14450.68,63835743.7
PRG-VESTA,Vesta Propulsion Test Bench,TECHNOLOGY,NS10,2023,10,2023-10-01,2023-10,PER,9437.1,63835743.7
PRG-VESTA,Vesta Propulsion Test Bench,TECHNOLOGY,NS10,2023,10,2023-10-01,2023-10,SUB,97199.28,63835743.7
PRG-VESTA,Vesta Propulsion Test Bench,TECHNOLOGY,NS10,2023,11,2023-11-01,2023-11,MAT,26305.62,63835743.7
PRG-VESTA,Vesta Propulsion Test Bench,TECHNOLOGY,NS10,2023,11,2023-11-01,2023-11,OTH,2060.36,63835743.7
PRG-VESTA,Vesta Propulsion Test Bench,TECHNOLOGY,NS10,2023,11,2023-11-01,2023-11,OVH,14727.23,63835743.7
PRG-VESTA,Vesta Propulsion Test Bench,TECHNOLOGY,NS10,2023,11,2023-11-01,2023-11,PER,9618.39,63835743.7
PRG-VESTA,Vesta Propulsion Test Bench,TECHNOLOGY,NS10,2023,11,2023-11-01,2023-11,SUB,51556.23,63835743.7
PRG-VESTA,Vesta Propulsion Test Bench,TECHNOLOGY,NS10,2023,12,2023-12-01,2023-12,DEP,6877.37,63835743.7
PRG-VESTA,Vesta Propulsion Test Bench,TECHNOLOGY,NS10,2023,12,2023-12-01,2023-12,MAT,39260.42,63835743.7
PRG-VESTA,Vesta Propulsion Test Bench,TECHNOLOGY,NS10,2023,12,2023-12-01,2023-12,OTH,-763.34,63835743.7
PRG-VESTA,Vesta Propulsion Test Bench,TECHNOLOGY,NS10,2023,12,2023-12-01,2023-12,OVH,8639.67,63835743.7
PRG-VESTA,Vesta Propulsion Test Bench,TECHNOLOGY,NS10,2023,12,2023-12-01,2023-12,PER,8530.34,63835743.7
PRG-VESTA,Vesta Propulsion Test Bench,TECHNOLOGY,NS10,2023,12,2023-12-01,2023-12,SUB,104593.07,63835743.7
PRG-VESTA,Vesta Propulsion Test Bench,TECHNOLOGY,NS10,2023,13,2023-12-01,2023-12,MAT,2810.14,63835743.7
PRG-VESTA,Vesta Propulsion Test Bench,TECHNOLOGY,NS10,2023,13,2023-12-01,2023-12,OTH,1551.06,63835743.7
PRG-VESTA,Vesta Propulsion Test Bench,TECHNOLOGY,NS10,2023,13,2023-12-01,2023-12,OVH,299.4,63835743.7
PRG-VESTA,Vesta Propulsion Test Bench,TECHNOLOGY,NS10,2023,13,2023-12-01,2023-12,PER,2911.49,63835743.7
PRG-VESTA,Vesta Propulsion Test Bench,TECHNOLOGY,NS10,2023,14,2023-12-01,2023-12,OTH,1577.82,63835743.7
PRG-VESTA,Vesta Propulsion Test Bench,TECHNOLOGY,NS10,2023,14,2023-12-01,2023-12,OVH,1307.73,63835743.7
PRG-VESTA,Vesta Propulsion Test Bench,TECHNOLOGY,NS10,2024,1,2024-01-01,2024-01,DEP,6753.97,63835743.7
PRG-VESTA,Vesta Propulsion Test Bench,TECHNOLOGY,NS10,2024,1,2024-01-01,2024-01,MAT,58724.08,63835743.7
PRG-VESTA,Vesta Propulsion Test Bench,TECHNOLOGY,NS10,2024,1,2024-01-01,2024-01,OTH,-7.7,63835743.7
PRG-VESTA,Vesta Propulsion Test Bench,TECHNOLOGY,NS10,2024,1,2024-01-01,2024-01,OVH,20024.34,63835743.7
PRG-VESTA,Vesta Propulsion Test Bench,TECHNOLOGY,NS10,2024,1,2024-01-01,2024-01,PER,-108.27,63835743.7
PRG-VESTA,Vesta Propulsion Test Bench,TECHNOLOGY,NS10,2024,1,2024-01-01,2024-01,SUB,80455.99,63835743.7
PRG-VESTA,Vesta Propulsion Test Bench,TECHNOLOGY,NS10,2024,2,2024-02-01,2024-02,DEP,3811.7,63835743.7
PRG-VESTA,Vesta Propulsion Test Bench,TECHNOLOGY,NS10,2024,2,2024-02-01,2024-02,MAT,47310.71,63835743.7
PRG-VESTA,Vesta Propulsion Test Bench,TECHNOLOGY,NS10,2024,2,2024-02-01,2024-02,OTH,206.87,63835743.7
PRG-VESTA,Vesta Propulsion Test Bench,TECHNOLOGY,NS10,2024,2,2024-02-01,2024-02,OVH,6487.49,63835743.7
PRG-VESTA,Vesta Propulsion Test Bench,TECHNOLOGY,NS10,2024,2,2024-02-01,2024-02,SUB,110982.66,63835743.7
PRG-VESTA,Vesta Propulsion Test Bench,TECHNOLOGY,NS10,2024,3,2024-03-01,2024-03,DEP,6128.87,63835743.7
PRG-VESTA,Vesta Propulsion Test Bench,TECHNOLOGY,NS10,2024,3,2024-03-01,2024-03,MAT,55092.26,63835743.7
PRG-VESTA,Vesta Propulsion Test Bench,TECHNOLOGY,NS10,2024,3,2024-03-01,2024-03,OTH,1762.28,63835743.7
PRG-VESTA,Vesta Propulsion Test Bench,TECHNOLOGY,NS10,2024,3,2024-03-01,2024-03,OVH,18484.0,63835743.7
PRG-VESTA,Vesta Propulsion Test Bench,TECHNOLOGY,NS10,2024,3,2024-03-01,2024-03,PER,3993.83,63835743.7
PRG-VESTA,Vesta Propulsion Test Bench,TECHNOLOGY,NS10,2024,3,2024-03-01,2024-03,SUB,143337.71,63835743.7
PRG-VESTA,Vesta Propulsion Test Bench,TECHNOLOGY,NS10,2024,4,2024-04-01,2024-04,DEP,8393.99,63835743.7
PRG-VESTA,Vesta Propulsion Test Bench,TECHNOLOGY,NS10,2024,4,2024-04-01,2024-04,MAT,44031.68,63835743.7
PRG-VESTA,Vesta Propulsion Test Bench,TECHNOLOGY,NS10,2024,4,2024-04-01,2024-04,OTH,-1231.55,63835743.7
PRG-VESTA,Vesta Propulsion Test Bench,TECHNOLOGY,NS10,2024,4,2024-04-01,2024-04,OVH,20419.0,63835743.7
PRG-VESTA,Vesta Propulsion Test Bench,TECHNOLOGY,NS10,2024,4,2024-04-01,2024-04,PER,5897.33,63835743.7
PRG-VESTA,Vesta Propulsion Test Bench,TECHNOLOGY,NS10,2024,4,2024-04-01,2024-04,SUB,130073.78,63835743.7
PRG-VESTA,Vesta Propulsion Test Bench,TECHNOLOGY,NS10,2024,5,2024-05-01,2024-05,DEP,9044.63,63835743.7
PRG-VESTA,Vesta Propulsion Test Bench,TECHNOLOGY,NS10,2024,5,2024-05-01,2024-05,MAT,64824.67,63835743.7
PRG-VESTA,Vesta Propulsion Test Bench,TECHNOLOGY,NS10,2024,5,2024-05-01,2024-05,OTH,1482.28,63835743.7
PRG-VESTA,Vesta Propulsion Test Bench,TECHNOLOGY,NS10,2024,5,2024-05-01,2024-05,OVH,18014.01,63835743.7
PRG-VESTA,Vesta Propulsion Test Bench,TECHNOLOGY,NS10,2024,5,2024-05-01,2024-05,PER,5419.19,63835743.7
PRG-VESTA,Vesta Propulsion Test Bench,TECHNOLOGY,NS10,2024,5,2024-05-01,2024-05,SUB,46539.82,63835743.7
PRG-VESTA,Vesta Propulsion Test Bench,TECHNOLOGY,NS10,2024,6,2024-06-01,2024-06,DEP,10540.98,63835743.7
PRG-VESTA,Vesta Propulsion Test Bench,TECHNOLOGY,NS10,2024,6,2024-06-01,2024-06,MAT,64773.53,63835743.7
PRG-VESTA,Vesta Propulsion Test Bench,TECHNOLOGY,NS10,2024,6,2024-06-01,2024-06,OTH,-267.04,63835743.7
PRG-VESTA,Vesta Propulsion Test Bench,TECHNOLOGY,NS10,2024,6,2024-06-01,2024-06,OVH,6144.02,63835743.7
PRG-VESTA,Vesta Propulsion Test Bench,TECHNOLOGY,NS10,2024,6,2024-06-01,2024-06,PER,7682.32,63835743.7
PRG-VESTA,Vesta Propulsion Test Bench,TECHNOLOGY,NS10,2024,6,2024-06-01,2024-06,SUB,76498.57,63835743.7
PRG-VESTA,Vesta Propulsion Test Bench,TECHNOLOGY,NS10,2024,7,2024-07-01,2024-07,DEP,8899.56,63835743.7
PRG-VESTA,Vesta Propulsion Test Bench,TECHNOLOGY,NS10,2024,7,2024-07-01,2024-07,MAT,41265.0,63835743.7
PRG-VESTA,Vesta Propulsion Test Bench,TECHNOLOGY,NS10,2024,7,2024-07-01,2024-07,OTH,1175.71,63835743.7
PRG-VESTA,Vesta Propulsion Test Bench,TECHNOLOGY,NS10,2024,7,2024-07-01,2024-07,OVH,23383.2,63835743.7
PRG-VESTA,Vesta Propulsion Test Bench,TECHNOLOGY,NS10,2024,7,2024-07-01,2024-07,PER,2999.6,63835743.7
PRG-VESTA,Vesta Propulsion Test Bench,TECHNOLOGY,NS10,2024,7,2024-07-01,2024-07,SUB,56527.11,63835743.7
PRG-VESTA,Vesta Propulsion Test Bench,TECHNOLOGY,NS10,2024,8,2024-08-01,2024-08,DEP,6278.13,63835743.7
PRG-VESTA,Vesta Propulsion Test Bench,TECHNOLOGY,NS10,2024,8,2024-08-01,2024-08,MAT,90097.99,63835743.7
PRG-VESTA,Vesta Propulsion Test Bench,TECHNOLOGY,NS10,2024,8,2024-08-01,2024-08,OTH,2620.46,63835743.7
PRG-VESTA,Vesta Propulsion Test Bench,TECHNOLOGY,NS10,2024,8,2024-08-01,2024-08,OVH,21240.31,63835743.7
PRG-VESTA,Vesta Propulsion Test Bench,TECHNOLOGY,NS10,2024,8,2024-08-01,2024-08,PER,4219.36,63835743.7
PRG-VESTA,Vesta Propulsion Test Bench,TECHNOLOGY,NS10,2024,8,2024-08-01,2024-08,SUB,102920.54,63835743.7
PRG-VESTA,Vesta Propulsion Test Bench,TECHNOLOGY,NS10,2024,9,2024-09-01,2024-09,DEP,10820.15,63835743.7
PRG-VESTA,Vesta Propulsion Test Bench,TECHNOLOGY,NS10,2024,9,2024-09-01,2024-09,MAT,56225.24,63835743.7
PRG-VESTA,Vesta Propulsion Test Bench,TECHNOLOGY,NS10,2024,9,2024-09-01,2024-09,OVH,12208.76,63835743.7
PRG-VESTA,Vesta Propulsion Test Bench,TECHNOLOGY,NS10,2024,9,2024-09-01,2024-09,PER,3198.19,63835743.7
PRG-VESTA,Vesta Propulsion Test Bench,TECHNOLOGY,NS10,2024,9,2024-09-01,2024-09,SUB,171294.97,63835743.7
PRG-VESTA,Vesta Propulsion Test Bench,TECHNOLOGY,NS10,2024,10,2024-10-01,2024-10,DEP,8400.86,63835743.7
PRG-VESTA,Vesta Propulsion Test Bench,TECHNOLOGY,NS10,2024,10,2024-10-01,2024-10,MAT,58586.46,63835743.7
PRG-VESTA,Vesta Propulsion Test Bench,TECHNOLOGY,NS10,2024,10,2024-10-01,2024-10,OTH,164.25,63835743.7
PRG-VESTA,Vesta Propulsion Test Bench,TECHNOLOGY,NS10,2024,10,2024-10-01,2024-10,OVH,13148.85,63835743.7
PRG-VESTA,Vesta Propulsion Test Bench,TECHNOLOGY,NS10,2024,10,2024-10-01,2024-10,PER,13424.82,63835743.7
PRG-VESTA,Vesta Propulsion Test Bench,TECHNOLOGY,NS10,2024,10,2024-10-01,2024-10,SUB,112869.27,63835743.7
PRG-VESTA,Vesta Propulsion Test Bench,TECHNOLOGY,NS10,2024,11,2024-11-01,2024-11,DEP,1602.21,63835743.7
PRG-VESTA,Vesta Propulsion Test Bench,TECHNOLOGY,NS10,2024,11,2024-11-01,2024-11,MAT,72605.17,63835743.7
PRG-VESTA,Vesta Propulsion Test Bench,TECHNOLOGY,NS10,2024,11,2024-11-01,2024-11,OTH,886.9,63835743.7
PRG-VESTA,Vesta Propulsion Test Bench,TECHNOLOGY,NS10,2024,11,2024-11-01,2024-11,OVH,12941.54,63835743.7
PRG-VESTA,Vesta Propulsion Test Bench,TECHNOLOGY,NS10,2024,11,2024-11-01,2024-11,PER,12522.74,63835743.7
PRG-VESTA,Vesta Propulsion Test Bench,TECHNOLOGY,NS10,2024,11,2024-11-01,2024-11,SUB,97934.41,63835743.7
PRG-VESTA,Vesta Propulsion Test Bench,TECHNOLOGY,NS10,2024,12,2024-12-01,2024-12,DEP,1141.35,63835743.7
PRG-VESTA,Vesta Propulsion Test Bench,TECHNOLOGY,NS10,2024,12,2024-12-01,2024-12,MAT,53150.66,63835743.7
PRG-VESTA,Vesta Propulsion Test Bench,TECHNOLOGY,NS10,2024,12,2024-12-01,2024-12,OTH,1578.06,63835743.7
PRG-VESTA,Vesta Propulsion Test Bench,TECHNOLOGY,NS10,2024,12,2024-12-01,2024-12,OVH,18148.93,63835743.7
PRG-VESTA,Vesta Propulsion Test Bench,TECHNOLOGY,NS10,2024,12,2024-12-01,2024-12,PER,-1133.75,63835743.7
PRG-VESTA,Vesta Propulsion Test Bench,TECHNOLOGY,NS10,2024,12,2024-12-01,2024-12,SUB,76510.67,63835743.7
PRG-VESTA,Vesta Propulsion Test Bench,TECHNOLOGY,NS10,2024,13,2024-12-01,2024-12,PER,6502.57,63835743.7
PRG-VESTA,Vesta Propulsion Test Bench,TECHNOLOGY,NS10,2024,13,2024-12-01,2024-12,SUB,3842.21,63835743.7
PRG-VESTA,Vesta Propulsion Test Bench,TECHNOLOGY,NS10,2024,14,2024-12-01,2024-12,OTH,333.54,63835743.7
PRG-VESTA,Vesta Propulsion Test Bench,TECHNOLOGY,NS10,2024,14,2024-12-01,2024-12,SUB,8855.8,63835743.7
PRG-VESTA,Vesta Propulsion Test Bench,TECHNOLOGY,NS10,2025,1,2025-01-01,2025-01,DEP,7860.77,63835743.7
PRG-VESTA,Vesta Propulsion Test Bench,TECHNOLOGY,NS10,2025,1,2025-01-01,2025-01,MAT,43382.43,63835743.7
PRG-VESTA,Vesta Propulsion Test Bench,TECHNOLOGY,NS10,2025,1,2025-01-01,2025-01,OTH,693.89,63835743.7
PRG-VESTA,Vesta Propulsion Test Bench,TECHNOLOGY,NS10,2025,1,2025-01-01,2025-01,OVH,16299.45,63835743.7
PRG-VESTA,Vesta Propulsion Test Bench,TECHNOLOGY,NS10,2025,1,2025-01-01,2025-01,PER,8231.41,63835743.7
PRG-VESTA,Vesta Propulsion Test Bench,TECHNOLOGY,NS10,2025,1,2025-01-01,2025-01,SUB,102016.81,63835743.7
PRG-VESTA,Vesta Propulsion Test Bench,TECHNOLOGY,NS10,2025,2,2025-02-01,2025-02,DEP,3838.98,63835743.7
PRG-VESTA,Vesta Propulsion Test Bench,TECHNOLOGY,NS10,2025,2,2025-02-01,2025-02,MAT,41012.18,63835743.7
PRG-VESTA,Vesta Propulsion Test Bench,TECHNOLOGY,NS10,2025,2,2025-02-01,2025-02,OTH,666.62,63835743.7
PRG-VESTA,Vesta Propulsion Test Bench,TECHNOLOGY,NS10,2025,2,2025-02-01,2025-02,OVH,24334.72,63835743.7
PRG-VESTA,Vesta Propulsion Test Bench,TECHNOLOGY,NS10,2025,2,2025-02-01,2025-02,PER,2505.94,63835743.7
PRG-VESTA,Vesta Propulsion Test Bench,TECHNOLOGY,NS10,2025,2,2025-02-01,2025-02,SUB,98725.23,63835743.7
PRG-VESTA,Vesta Propulsion Test Bench,TECHNOLOGY,NS10,2025,3,2025-03-01,2025-03,MAT,86745.12,63835743.7
PRG-VESTA,Vesta Propulsion Test Bench,TECHNOLOGY,NS10,2025,3,2025-03-01,2025-03,OTH,-514.27,63835743.7
PRG-VESTA,Vesta Propulsion Test Bench,TECHNOLOGY,NS10,2025,3,2025-03-01,2025-03,OVH,11495.51,63835743.7
PRG-VESTA,Vesta Propulsion Test Bench,TECHNOLOGY,NS10,2025,3,2025-03-01,2025-03,PER,15359.59,63835743.7
PRG-VESTA,Vesta Propulsion Test Bench,TECHNOLOGY,NS10,2025,3,2025-03-01,2025-03,SUB,92538.82,63835743.7
PRG-VESTA,Vesta Propulsion Test Bench,TECHNOLOGY,NS10,2025,4,2025-04-01,2025-04,MAT,94862.38,63835743.7
PRG-VESTA,Vesta Propulsion Test Bench,TECHNOLOGY,NS10,2025,4,2025-04-01,2025-04,OTH,295.13,63835743.7
PRG-VESTA,Vesta Propulsion Test Bench,TECHNOLOGY,NS10,2025,4,2025-04-01,2025-04,OVH,15121.61,63835743.7
PRG-VESTA,Vesta Propulsion Test Bench,TECHNOLOGY,NS10,2025,4,2025-04-01,2025-04,PER,8406.35,63835743.7
PRG-VESTA,Vesta Propulsion Test Bench,TECHNOLOGY,NS10,2025,4,2025-04-01,2025-04,SUB,74451.6,63835743.7
PRG-VESTA,Vesta Propulsion Test Bench,TECHNOLOGY,NS10,2025,5,2025-05-01,2025-05,DEP,3045.46,63835743.7
PRG-VESTA,Vesta Propulsion Test Bench,TECHNOLOGY,NS10,2025,5,2025-05-01,2025-05,MAT,52353.58,63835743.7
PRG-VESTA,Vesta Propulsion Test Bench,TECHNOLOGY,NS10,2025,5,2025-05-01,2025-05,OTH,54.18,63835743.7
PRG-VESTA,Vesta Propulsion Test Bench,TECHNOLOGY,NS10,2025,5,2025-05-01,2025-05,OVH,16944.19,63835743.7
PRG-VESTA,Vesta Propulsion Test Bench,TECHNOLOGY,NS10,2025,5,2025-05-01,2025-05,PER,3729.64,63835743.7
PRG-VESTA,Vesta Propulsion Test Bench,TECHNOLOGY,NS10,2025,5,2025-05-01,2025-05,SUB,139666.41,63835743.7
PRG-VESTA,Vesta Propulsion Test Bench,TECHNOLOGY,NS10,2025,6,2025-06-01,2025-06,MAT,86639.48,63835743.7
PRG-VESTA,Vesta Propulsion Test Bench,TECHNOLOGY,NS10,2025,6,2025-06-01,2025-06,OTH,1918.51,63835743.7
PRG-VESTA,Vesta Propulsion Test Bench,TECHNOLOGY,NS10,2025,6,2025-06-01,2025-06,OVH,15986.62,63835743.7
PRG-VESTA,Vesta Propulsion Test Bench,TECHNOLOGY,NS10,2025,6,2025-06-01,2025-06,PER,1574.97,63835743.7
PRG-VESTA,Vesta Propulsion Test Bench,TECHNOLOGY,NS10,2025,6,2025-06-01,2025-06,SUB,92364.24,63835743.7
PRG-VESTA,Vesta Propulsion Test Bench,TECHNOLOGY,NS10,2025,7,2025-07-01,2025-07,DEP,12716.53,63835743.7
PRG-VESTA,Vesta Propulsion Test Bench,TECHNOLOGY,NS10,2025,7,2025-07-01,2025-07,MAT,49300.65,63835743.7
PRG-VESTA,Vesta Propulsion Test Bench,TECHNOLOGY,NS10,2025,7,2025-07-01,2025-07,OTH,284.45,63835743.7
PRG-VESTA,Vesta Propulsion Test Bench,TECHNOLOGY,NS10,2025,7,2025-07-01,2025-07,OVH,17223.33,63835743.7
PRG-VESTA,Vesta Propulsion Test Bench,TECHNOLOGY,NS10,2025,7,2025-07-01,2025-07,PER,12022.54,63835743.7
PRG-VESTA,Vesta Propulsion Test Bench,TECHNOLOGY,NS10,2025,7,2025-07-01,2025-07,SUB,47242.0,63835743.7
PRG-VESTA,Vesta Propulsion Test Bench,TECHNOLOGY,NS10,2025,8,2025-08-01,2025-08,DEP,4958.85,63835743.7
PRG-VESTA,Vesta Propulsion Test Bench,TECHNOLOGY,NS10,2025,8,2025-08-01,2025-08,MAT,68395.98,63835743.7
PRG-VESTA,Vesta Propulsion Test Bench,TECHNOLOGY,NS10,2025,8,2025-08-01,2025-08,OTH,495.03,63835743.7
PRG-VESTA,Vesta Propulsion Test Bench,TECHNOLOGY,NS10,2025,8,2025-08-01,2025-08,OVH,16557.47,63835743.7
PRG-VESTA,Vesta Propulsion Test Bench,TECHNOLOGY,NS10,2025,8,2025-08-01,2025-08,PER,5850.25,63835743.7
PRG-VESTA,Vesta Propulsion Test Bench,TECHNOLOGY,NS10,2025,8,2025-08-01,2025-08,SUB,180339.55,63835743.7
PRG-VESTA,Vesta Propulsion Test Bench,TECHNOLOGY,NS10,2025,9,2025-09-01,2025-09,DEP,2463.66,63835743.7
PRG-VESTA,Vesta Propulsion Test Bench,TECHNOLOGY,NS10,2025,9,2025-09-01,2025-09,MAT,56387.03,63835743.7
PRG-VESTA,Vesta Propulsion Test Bench,TECHNOLOGY,NS10,2025,9,2025-09-01,2025-09,OTH,702.99,63835743.7
PRG-VESTA,Vesta Propulsion Test Bench,TECHNOLOGY,NS10,2025,9,2025-09-01,2025-09,OVH,10614.99,63835743.7
PRG-VESTA,Vesta Propulsion Test Bench,TECHNOLOGY,NS10,2025,9,2025-09-01,2025-09,PER,6241.76,63835743.7
PRG-VESTA,Vesta Propulsion Test Bench,TECHNOLOGY,NS10,2025,9,2025-09-01,2025-09,SUB,102211.58,63835743.7
PRG-VESTA,Vesta Propulsion Test Bench,TECHNOLOGY,NS10,2025,10,2025-10-01,2025-10,DEP,3857.11,63835743.7
PRG-VESTA,Vesta Propulsion Test Bench,TECHNOLOGY,NS10,2025,10,2025-10-01,2025-10,MAT,33006.67,63835743.7
PRG-VESTA,Vesta Propulsion Test Bench,TECHNOLOGY,NS10,2025,10,2025-10-01,2025-10,OTH,1134.55,63835743.7
PRG-VESTA,Vesta Propulsion Test Bench,TECHNOLOGY,NS10,2025,10,2025-10-01,2025-10,OVH,17506.9,63835743.7
PRG-VESTA,Vesta Propulsion Test Bench,TECHNOLOGY,NS10,2025,10,2025-10-01,2025-10,PER,2753.33,63835743.7
PRG-VESTA,Vesta Propulsion Test Bench,TECHNOLOGY,NS10,2025,10,2025-10-01,2025-10,SUB,96780.78,63835743.7
PRG-VESTA,Vesta Propulsion Test Bench,TECHNOLOGY,NS10,2025,11,2025-11-01,2025-11,DEP,5325.88,63835743.7
PRG-VESTA,Vesta Propulsion Test Bench,TECHNOLOGY,NS10,2025,11,2025-11-01,2025-11,MAT,55826.16,63835743.7
PRG-VESTA,Vesta Propulsion Test Bench,TECHNOLOGY,NS10,2025,11,2025-11-01,2025-11,OTH,-69.14,63835743.7
PRG-VESTA,Vesta Propulsion Test Bench,TECHNOLOGY,NS10,2025,11,2025-11-01,2025-11,OVH,8572.4,63835743.7
PRG-VESTA,Vesta Propulsion Test Bench,TECHNOLOGY,NS10,2025,11,2025-11-01,2025-11,PER,3073.8,63835743.7
PRG-VESTA,Vesta Propulsion Test Bench,TECHNOLOGY,NS10,2025,11,2025-11-01,2025-11,SUB,81060.97,63835743.7
PRG-VESTA,Vesta Propulsion Test Bench,TECHNOLOGY,NS10,2025,12,2025-12-01,2025-12,DEP,11797.4,63835743.7
PRG-VESTA,Vesta Propulsion Test Bench,TECHNOLOGY,NS10,2025,12,2025-12-01,2025-12,MAT,59565.22,63835743.7
PRG-VESTA,Vesta Propulsion Test Bench,TECHNOLOGY,NS10,2025,12,2025-12-01,2025-12,OTH,2152.23,63835743.7
PRG-VESTA,Vesta Propulsion Test Bench,TECHNOLOGY,NS10,2025,12,2025-12-01,2025-12,OVH,17269.33,63835743.7
PRG-VESTA,Vesta Propulsion Test Bench,TECHNOLOGY,NS10,2025,12,2025-12-01,2025-12,PER,3378.78,63835743.7
PRG-VESTA,Vesta Propulsion Test Bench,TECHNOLOGY,NS10,2025,12,2025-12-01,2025-12,SUB,65693.29,63835743.7
PRG-VESTA,Vesta Propulsion Test Bench,TECHNOLOGY,NS10,2025,13,2025-12-01,2025-12,MAT,2377.25,63835743.7
PRG-VESTA,Vesta Propulsion Test Bench,TECHNOLOGY,NS10,2025,13,2025-12-01,2025-12,OTH,421.3,63835743.7
PRG-VESTA,Vesta Propulsion Test Bench,TECHNOLOGY,NS10,2025,13,2025-12-01,2025-12,OVH,5106.68,63835743.7
PRG-VESTA,Vesta Propulsion Test Bench,TECHNOLOGY,NS10,2025,13,2025-12-01,2025-12,PER,4565.33,63835743.7
PRG-VESTA,Vesta Propulsion Test Bench,TECHNOLOGY,NS10,2025,14,2025-12-01,2025-12,OVH,2504.59,63835743.7
PRG-VESTA,Vesta Propulsion Test Bench,TECHNOLOGY,NS10,2026,1,2026-01-01,2026-01,DEP,5092.34,63835743.7
PRG-VESTA,Vesta Propulsion Test Bench,TECHNOLOGY,NS10,2026,1,2026-01-01,2026-01,MAT,50872.03,63835743.7
PRG-VESTA,Vesta Propulsion Test Bench,TECHNOLOGY,NS10,2026,1,2026-01-01,2026-01,OTH,126.4,63835743.7
PRG-VESTA,Vesta Propulsion Test Bench,TECHNOLOGY,NS10,2026,1,2026-01-01,2026-01,OVH,19719.28,63835743.7
PRG-VESTA,Vesta Propulsion Test Bench,TECHNOLOGY,NS10,2026,1,2026-01-01,2026-01,PER,7982.76,63835743.7
PRG-VESTA,Vesta Propulsion Test Bench,TECHNOLOGY,NS10,2026,1,2026-01-01,2026-01,SUB,112942.98,63835743.7
PRG-VESTA,Vesta Propulsion Test Bench,TECHNOLOGY,NS10,2026,2,2026-02-01,2026-02,DEP,6226.34,63835743.7
PRG-VESTA,Vesta Propulsion Test Bench,TECHNOLOGY,NS10,2026,2,2026-02-01,2026-02,MAT,30055.44,63835743.7
PRG-VESTA,Vesta Propulsion Test Bench,TECHNOLOGY,NS10,2026,2,2026-02-01,2026-02,OTH,164.68,63835743.7
PRG-VESTA,Vesta Propulsion Test Bench,TECHNOLOGY,NS10,2026,2,2026-02-01,2026-02,OVH,13028.61,63835743.7
PRG-VESTA,Vesta Propulsion Test Bench,TECHNOLOGY,NS10,2026,2,2026-02-01,2026-02,PER,13117.68,63835743.7
PRG-VESTA,Vesta Propulsion Test Bench,TECHNOLOGY,NS10,2026,2,2026-02-01,2026-02,SUB,95736.73,63835743.7
PRG-VESTA,Vesta Propulsion Test Bench,TECHNOLOGY,NS10,2026,3,2026-03-01,2026-03,DEP,5414.21,63835743.7
PRG-VESTA,Vesta Propulsion Test Bench,TECHNOLOGY,NS10,2026,3,2026-03-01,2026-03,MAT,58267.51,63835743.7
PRG-VESTA,Vesta Propulsion Test Bench,TECHNOLOGY,NS10,2026,3,2026-03-01,2026-03,OTH,-164.68,63835743.7
PRG-VESTA,Vesta Propulsion Test Bench,TECHNOLOGY,NS10,2026,3,2026-03-01,2026-03,OVH,13666.4,63835743.7
PRG-VESTA,Vesta Propulsion Test Bench,TECHNOLOGY,NS10,2026,3,2026-03-01,2026-03,PER,2617.06,63835743.7
PRG-VESTA,Vesta Propulsion Test Bench,TECHNOLOGY,NS10,2026,3,2026-03-01,2026-03,SUB,77749.78,63835743.7
PRG-VESTA,Vesta Propulsion Test Bench,TECHNOLOGY,NS10,2026,4,2026-04-01,2026-04,DEP,6447.9,63835743.7
PRG-VESTA,Vesta Propulsion Test Bench,TECHNOLOGY,NS10,2026,4,2026-04-01,2026-04,MAT,61076.83,63835743.7
PRG-VESTA,Vesta Propulsion Test Bench,TECHNOLOGY,NS10,2026,4,2026-04-01,2026-04,OTH,225.01,63835743.7
PRG-VESTA,Vesta Propulsion Test Bench,TECHNOLOGY,NS10,2026,4,2026-04-01,2026-04,OVH,16022.13,63835743.7
PRG-VESTA,Vesta Propulsion Test Bench,TECHNOLOGY,NS10,2026,4,2026-04-01,2026-04,PER,9845.7,63835743.7
PRG-VESTA,Vesta Propulsion Test Bench,TECHNOLOGY,NS10,2026,4,2026-04-01,2026-04,SUB,87505.48,63835743.7
PRG-VESTA,Vesta Propulsion Test Bench,TECHNOLOGY,NS10,2026,5,2026-05-01,2026-05,MAT,66111.12,63835743.7
PRG-VESTA,Vesta Propulsion Test Bench,TECHNOLOGY,NS10,2026,5,2026-05-01,2026-05,OTH,929.76,63835743.7
PRG-VESTA,Vesta Propulsion Test Bench,TECHNOLOGY,NS10,2026,5,2026-05-01,2026-05,OVH,16308.2,63835743.7
PRG-VESTA,Vesta Propulsion Test Bench,TECHNOLOGY,NS10,2026,5,2026-05-01,2026-05,PER,6789.6,63835743.7
PRG-VESTA,Vesta Propulsion Test Bench,TECHNOLOGY,NS10,2026,5,2026-05-01,2026-05,SUB,104723.21,63835743.7
PRG-VESTA,Vesta Propulsion Test Bench,TECHNOLOGY,NS10,2026,6,2026-06-01,2026-06,DEP,10394.58,63835743.7
PRG-VESTA,Vesta Propulsion Test Bench,TECHNOLOGY,NS10,2026,6,2026-06-01,2026-06,MAT,60928.41,63835743.7
PRG-VESTA,Vesta Propulsion Test Bench,TECHNOLOGY,NS10,2026,6,2026-06-01,2026-06,OTH,-276.67,63835743.7
PRG-VESTA,Vesta Propulsion Test Bench,TECHNOLOGY,NS10,2026,6,2026-06-01,2026-06,OVH,14407.46,63835743.7
PRG-VESTA,Vesta Propulsion Test Bench,TECHNOLOGY,NS10,2026,6,2026-06-01,2026-06,PER,4263.89,63835743.7
PRG-VESTA,Vesta Propulsion Test Bench,TECHNOLOGY,NS10,2026,6,2026-06-01,2026-06,SUB,23598.3,63835743.7
PRG-VESTA,Vesta Propulsion Test Bench,TECHNOLOGY,NS20,2023,1,2023-01-01,2023-01,DEP,28705.05,63835743.7
PRG-VESTA,Vesta Propulsion Test Bench,TECHNOLOGY,NS20,2023,1,2023-01-01,2023-01,MAT,428452.78,63835743.7
PRG-VESTA,Vesta Propulsion Test Bench,TECHNOLOGY,NS20,2023,1,2023-01-01,2023-01,OTH,3030.22,63835743.7
PRG-VESTA,Vesta Propulsion Test Bench,TECHNOLOGY,NS20,2023,1,2023-01-01,2023-01,OVH,27753.08,63835743.7
PRG-VESTA,Vesta Propulsion Test Bench,TECHNOLOGY,NS20,2023,1,2023-01-01,2023-01,PER,37680.24,63835743.7
PRG-VESTA,Vesta Propulsion Test Bench,TECHNOLOGY,NS20,2023,1,2023-01-01,2023-01,SUB,422437.78,63835743.7
PRG-VESTA,Vesta Propulsion Test Bench,TECHNOLOGY,NS20,2023,2,2023-02-01,2023-02,DEP,23834.18,63835743.7
PRG-VESTA,Vesta Propulsion Test Bench,TECHNOLOGY,NS20,2023,2,2023-02-01,2023-02,MAT,296511.66,63835743.7
PRG-VESTA,Vesta Propulsion Test Bench,TECHNOLOGY,NS20,2023,2,2023-02-01,2023-02,OTH,2412.38,63835743.7
PRG-VESTA,Vesta Propulsion Test Bench,TECHNOLOGY,NS20,2023,2,2023-02-01,2023-02,OVH,27299.58,63835743.7
PRG-VESTA,Vesta Propulsion Test Bench,TECHNOLOGY,NS20,2023,2,2023-02-01,2023-02,PER,30821.1,63835743.7
PRG-VESTA,Vesta Propulsion Test Bench,TECHNOLOGY,NS20,2023,2,2023-02-01,2023-02,SUB,532470.95,63835743.7
PRG-VESTA,Vesta Propulsion Test Bench,TECHNOLOGY,NS20,2023,3,2023-03-01,2023-03,DEP,27969.29,63835743.7
PRG-VESTA,Vesta Propulsion Test Bench,TECHNOLOGY,NS20,2023,3,2023-03-01,2023-03,MAT,348956.11,63835743.7
PRG-VESTA,Vesta Propulsion Test Bench,TECHNOLOGY,NS20,2023,3,2023-03-01,2023-03,OTH,1844.67,63835743.7
PRG-VESTA,Vesta Propulsion Test Bench,TECHNOLOGY,NS20,2023,3,2023-03-01,2023-03,OVH,33267.56,63835743.7
PRG-VESTA,Vesta Propulsion Test Bench,TECHNOLOGY,NS20,2023,3,2023-03-01,2023-03,PER,32856.98,63835743.7
PRG-VESTA,Vesta Propulsion Test Bench,TECHNOLOGY,NS20,2023,3,2023-03-01,2023-03,SUB,497821.08,63835743.7
PRG-VESTA,Vesta Propulsion Test Bench,TECHNOLOGY,NS20,2023,4,2023-04-01,2023-04,DEP,30565.2,63835743.7
PRG-VESTA,Vesta Propulsion Test Bench,TECHNOLOGY,NS20,2023,4,2023-04-01,2023-04,MAT,291296.61,63835743.7
PRG-VESTA,Vesta Propulsion Test Bench,TECHNOLOGY,NS20,2023,4,2023-04-01,2023-04,OTH,4094.88,63835743.7
PRG-VESTA,Vesta Propulsion Test Bench,TECHNOLOGY,NS20,2023,4,2023-04-01,2023-04,OVH,40945.06,63835743.7
PRG-VESTA,Vesta Propulsion Test Bench,TECHNOLOGY,NS20,2023,4,2023-04-01,2023-04,PER,45592.63,63835743.7
PRG-VESTA,Vesta Propulsion Test Bench,TECHNOLOGY,NS20,2023,4,2023-04-01,2023-04,SUB,688768.73,63835743.7
PRG-VESTA,Vesta Propulsion Test Bench,TECHNOLOGY,NS20,2023,5,2023-05-01,2023-05,DEP,37539.34,63835743.7
PRG-VESTA,Vesta Propulsion Test Bench,TECHNOLOGY,NS20,2023,5,2023-05-01,2023-05,MAT,351728.63,63835743.7
PRG-VESTA,Vesta Propulsion Test Bench,TECHNOLOGY,NS20,2023,5,2023-05-01,2023-05,OTH,6072.77,63835743.7
PRG-VESTA,Vesta Propulsion Test Bench,TECHNOLOGY,NS20,2023,5,2023-05-01,2023-05,OVH,28763.12,63835743.7
PRG-VESTA,Vesta Propulsion Test Bench,TECHNOLOGY,NS20,2023,5,2023-05-01,2023-05,PER,22477.45,63835743.7
PRG-VESTA,Vesta Propulsion Test Bench,TECHNOLOGY,NS20,2023,5,2023-05-01,2023-05,SUB,583377.77,63835743.7
PRG-VESTA,Vesta Propulsion Test Bench,TECHNOLOGY,NS20,2023,6,2023-06-01,2023-06,DEP,31026.21,63835743.7
PRG-VESTA,Vesta Propulsion Test Bench,TECHNOLOGY,NS20,2023,6,2023-06-01,2023-06,MAT,301833.25,63835743.7
PRG-VESTA,Vesta Propulsion Test Bench,TECHNOLOGY,NS20,2023,6,2023-06-01,2023-06,OTH,7103.71,63835743.7
PRG-VESTA,Vesta Propulsion Test Bench,TECHNOLOGY,NS20,2023,6,2023-06-01,2023-06,OVH,32960.88,63835743.7
PRG-VESTA,Vesta Propulsion Test Bench,TECHNOLOGY,NS20,2023,6,2023-06-01,2023-06,PER,34303.52,63835743.7
PRG-VESTA,Vesta Propulsion Test Bench,TECHNOLOGY,NS20,2023,6,2023-06-01,2023-06,SUB,528473.0,63835743.7
PRG-VESTA,Vesta Propulsion Test Bench,TECHNOLOGY,NS20,2023,7,2023-07-01,2023-07,DEP,33318.75,63835743.7
PRG-VESTA,Vesta Propulsion Test Bench,TECHNOLOGY,NS20,2023,7,2023-07-01,2023-07,MAT,282541.06,63835743.7
PRG-VESTA,Vesta Propulsion Test Bench,TECHNOLOGY,NS20,2023,7,2023-07-01,2023-07,OTH,2247.39,63835743.7
PRG-VESTA,Vesta Propulsion Test Bench,TECHNOLOGY,NS20,2023,7,2023-07-01,2023-07,OVH,31395.51,63835743.7
PRG-VESTA,Vesta Propulsion Test Bench,TECHNOLOGY,NS20,2023,7,2023-07-01,2023-07,PER,44359.7,63835743.7
PRG-VESTA,Vesta Propulsion Test Bench,TECHNOLOGY,NS20,2023,7,2023-07-01,2023-07,SUB,294515.6,63835743.7
PRG-VESTA,Vesta Propulsion Test Bench,TECHNOLOGY,NS20,2023,8,2023-08-01,2023-08,DEP,35133.65,63835743.7
PRG-VESTA,Vesta Propulsion Test Bench,TECHNOLOGY,NS20,2023,8,2023-08-01,2023-08,MAT,300302.16,63835743.7
PRG-VESTA,Vesta Propulsion Test Bench,TECHNOLOGY,NS20,2023,8,2023-08-01,2023-08,OTH,5571.26,63835743.7
PRG-VESTA,Vesta Propulsion Test Bench,TECHNOLOGY,NS20,2023,8,2023-08-01,2023-08,OVH,15755.17,63835743.7
PRG-VESTA,Vesta Propulsion Test Bench,TECHNOLOGY,NS20,2023,8,2023-08-01,2023-08,PER,42904.16,63835743.7
PRG-VESTA,Vesta Propulsion Test Bench,TECHNOLOGY,NS20,2023,8,2023-08-01,2023-08,SUB,490194.87,63835743.7
PRG-VESTA,Vesta Propulsion Test Bench,TECHNOLOGY,NS20,2023,9,2023-09-01,2023-09,DEP,46895.31,63835743.7
PRG-VESTA,Vesta Propulsion Test Bench,TECHNOLOGY,NS20,2023,9,2023-09-01,2023-09,MAT,282663.05,63835743.7
PRG-VESTA,Vesta Propulsion Test Bench,TECHNOLOGY,NS20,2023,9,2023-09-01,2023-09,OTH,2406.65,63835743.7
PRG-VESTA,Vesta Propulsion Test Bench,TECHNOLOGY,NS20,2023,9,2023-09-01,2023-09,OVH,31285.55,63835743.7
PRG-VESTA,Vesta Propulsion Test Bench,TECHNOLOGY,NS20,2023,9,2023-09-01,2023-09,PER,41294.91,63835743.7
PRG-VESTA,Vesta Propulsion Test Bench,TECHNOLOGY,NS20,2023,9,2023-09-01,2023-09,SUB,535942.1,63835743.7
PRG-VESTA,Vesta Propulsion Test Bench,TECHNOLOGY,NS20,2023,10,2023-10-01,2023-10,DEP,32057.93,63835743.7
PRG-VESTA,Vesta Propulsion Test Bench,TECHNOLOGY,NS20,2023,10,2023-10-01,2023-10,MAT,332294.2,63835743.7
PRG-VESTA,Vesta Propulsion Test Bench,TECHNOLOGY,NS20,2023,10,2023-10-01,2023-10,OTH,2896.44,63835743.7
PRG-VESTA,Vesta Propulsion Test Bench,TECHNOLOGY,NS20,2023,10,2023-10-01,2023-10,OVH,18279.2,63835743.7
PRG-VESTA,Vesta Propulsion Test Bench,TECHNOLOGY,NS20,2023,10,2023-10-01,2023-10,PER,35464.97,63835743.7
PRG-VESTA,Vesta Propulsion Test Bench,TECHNOLOGY,NS20,2023,10,2023-10-01,2023-10,SUB,513530.17,63835743.7
PRG-VESTA,Vesta Propulsion Test Bench,TECHNOLOGY,NS20,2023,11,2023-11-01,2023-11,DEP,34364.82,63835743.7
PRG-VESTA,Vesta Propulsion Test Bench,TECHNOLOGY,NS20,2023,11,2023-11-01,2023-11,MAT,267565.14,63835743.7
PRG-VESTA,Vesta Propulsion Test Bench,TECHNOLOGY,NS20,2023,11,2023-11-01,2023-11,OTH,10553.47,63835743.7
PRG-VESTA,Vesta Propulsion Test Bench,TECHNOLOGY,NS20,2023,11,2023-11-01,2023-11,OVH,35624.67,63835743.7
PRG-VESTA,Vesta Propulsion Test Bench,TECHNOLOGY,NS20,2023,11,2023-11-01,2023-11,PER,50352.25,63835743.7
PRG-VESTA,Vesta Propulsion Test Bench,TECHNOLOGY,NS20,2023,11,2023-11-01,2023-11,SUB,533206.55,63835743.7
PRG-VESTA,Vesta Propulsion Test Bench,TECHNOLOGY,NS20,2023,12,2023-12-01,2023-12,DEP,28565.86,63835743.7
PRG-VESTA,Vesta Propulsion Test Bench,TECHNOLOGY,NS20,2023,12,2023-12-01,2023-12,MAT,335377.61,63835743.7
PRG-VESTA,Vesta Propulsion Test Bench,TECHNOLOGY,NS20,2023,12,2023-12-01,2023-12,OTH,-1614.9,63835743.7
PRG-VESTA,Vesta Propulsion Test Bench,TECHNOLOGY,NS20,2023,12,2023-12-01,2023-12,OVH,30144.32,63835743.7
PRG-VESTA,Vesta Propulsion Test Bench,TECHNOLOGY,NS20,2023,12,2023-12-01,2023-12,PER,23360.43,63835743.7
PRG-VESTA,Vesta Propulsion Test Bench,TECHNOLOGY,NS20,2023,12,2023-12-01,2023-12,SUB,565817.1,63835743.7
PRG-VESTA,Vesta Propulsion Test Bench,TECHNOLOGY,NS20,2023,13,2023-12-01,2023-12,MAT,4294.81,63835743.7
PRG-VESTA,Vesta Propulsion Test Bench,TECHNOLOGY,NS20,2023,13,2023-12-01,2023-12,OTH,3660.15,63835743.7
PRG-VESTA,Vesta Propulsion Test Bench,TECHNOLOGY,NS20,2023,13,2023-12-01,2023-12,OVH,5446.29,63835743.7
PRG-VESTA,Vesta Propulsion Test Bench,TECHNOLOGY,NS20,2023,13,2023-12-01,2023-12,PER,10283.01,63835743.7
PRG-VESTA,Vesta Propulsion Test Bench,TECHNOLOGY,NS20,2023,13,2023-12-01,2023-12,SUB,46405.76,63835743.7
PRG-VESTA,Vesta Propulsion Test Bench,TECHNOLOGY,NS20,2023,14,2023-12-01,2023-12,MAT,5161.18,63835743.7
PRG-VESTA,Vesta Propulsion Test Bench,TECHNOLOGY,NS20,2023,14,2023-12-01,2023-12,OTH,4935.65,63835743.7
PRG-VESTA,Vesta Propulsion Test Bench,TECHNOLOGY,NS20,2023,14,2023-12-01,2023-12,OVH,1370.98,63835743.7
PRG-VESTA,Vesta Propulsion Test Bench,TECHNOLOGY,NS20,2023,14,2023-12-01,2023-12,PER,4283.93,63835743.7
PRG-VESTA,Vesta Propulsion Test Bench,TECHNOLOGY,NS20,2023,14,2023-12-01,2023-12,SUB,8384.89,63835743.7
PRG-VESTA,Vesta Propulsion Test Bench,TECHNOLOGY,NS20,2024,1,2024-01-01,2024-01,DEP,41913.54,63835743.7
PRG-VESTA,Vesta Propulsion Test Bench,TECHNOLOGY,NS20,2024,1,2024-01-01,2024-01,MAT,264874.52,63835743.7
PRG-VESTA,Vesta Propulsion Test Bench,TECHNOLOGY,NS20,2024,1,2024-01-01,2024-01,OTH,4398.01,63835743.7
PRG-VESTA,Vesta Propulsion Test Bench,TECHNOLOGY,NS20,2024,1,2024-01-01,2024-01,OVH,34674.25,63835743.7
PRG-VESTA,Vesta Propulsion Test Bench,TECHNOLOGY,NS20,2024,1,2024-01-01,2024-01,PER,44126.88,63835743.7
PRG-VESTA,Vesta Propulsion Test Bench,TECHNOLOGY,NS20,2024,1,2024-01-01,2024-01,SUB,396767.97,63835743.7
PRG-VESTA,Vesta Propulsion Test Bench,TECHNOLOGY,NS20,2024,2,2024-02-01,2024-02,DEP,37333.05,63835743.7
PRG-VESTA,Vesta Propulsion Test Bench,TECHNOLOGY,NS20,2024,2,2024-02-01,2024-02,MAT,339965.21,63835743.7
PRG-VESTA,Vesta Propulsion Test Bench,TECHNOLOGY,NS20,2024,2,2024-02-01,2024-02,OTH,6027.13,63835743.7
PRG-VESTA,Vesta Propulsion Test Bench,TECHNOLOGY,NS20,2024,2,2024-02-01,2024-02,OVH,28964.26,63835743.7
PRG-VESTA,Vesta Propulsion Test Bench,TECHNOLOGY,NS20,2024,2,2024-02-01,2024-02,PER,26346.22,63835743.7
PRG-VESTA,Vesta Propulsion Test Bench,TECHNOLOGY,NS20,2024,2,2024-02-01,2024-02,SUB,404357.86,63835743.7
PRG-VESTA,Vesta Propulsion Test Bench,TECHNOLOGY,NS20,2024,3,2024-03-01,2024-03,DEP,26926.26,63835743.7
PRG-VESTA,Vesta Propulsion Test Bench,TECHNOLOGY,NS20,2024,3,2024-03-01,2024-03,MAT,252311.36,63835743.7
PRG-VESTA,Vesta Propulsion Test Bench,TECHNOLOGY,NS20,2024,3,2024-03-01,2024-03,OTH,1760.42,63835743.7
PRG-VESTA,Vesta Propulsion Test Bench,TECHNOLOGY,NS20,2024,3,2024-03-01,2024-03,OVH,32866.88,63835743.7
PRG-VESTA,Vesta Propulsion Test Bench,TECHNOLOGY,NS20,2024,3,2024-03-01,2024-03,PER,30546.41,63835743.7
PRG-VESTA,Vesta Propulsion Test Bench,TECHNOLOGY,NS20,2024,3,2024-03-01,2024-03,SUB,476967.6,63835743.7
PRG-VESTA,Vesta Propulsion Test Bench,TECHNOLOGY,NS20,2024,4,2024-04-01,2024-04,DEP,41382.4,63835743.7
PRG-VESTA,Vesta Propulsion Test Bench,TECHNOLOGY,NS20,2024,4,2024-04-01,2024-04,MAT,304803.91,63835743.7
PRG-VESTA,Vesta Propulsion Test Bench,TECHNOLOGY,NS20,2024,4,2024-04-01,2024-04,OTH,4206.9,63835743.7
PRG-VESTA,Vesta Propulsion Test Bench,TECHNOLOGY,NS20,2024,4,2024-04-01,2024-04,OVH,30971.37,63835743.7
PRG-VESTA,Vesta Propulsion Test Bench,TECHNOLOGY,NS20,2024,4,2024-04-01,2024-04,PER,45290.29,63835743.7
PRG-VESTA,Vesta Propulsion Test Bench,TECHNOLOGY,NS20,2024,4,2024-04-01,2024-04,SUB,553528.91,63835743.7
PRG-VESTA,Vesta Propulsion Test Bench,TECHNOLOGY,NS20,2024,5,2024-05-01,2024-05,DEP,26852.27,63835743.7
PRG-VESTA,Vesta Propulsion Test Bench,TECHNOLOGY,NS20,2024,5,2024-05-01,2024-05,MAT,342083.45,63835743.7
PRG-VESTA,Vesta Propulsion Test Bench,TECHNOLOGY,NS20,2024,5,2024-05-01,2024-05,OTH,2449.37,63835743.7
PRG-VESTA,Vesta Propulsion Test Bench,TECHNOLOGY,NS20,2024,5,2024-05-01,2024-05,OVH,38684.58,63835743.7
PRG-VESTA,Vesta Propulsion Test Bench,TECHNOLOGY,NS20,2024,5,2024-05-01,2024-05,PER,22735.25,63835743.7
PRG-VESTA,Vesta Propulsion Test Bench,TECHNOLOGY,NS20,2024,5,2024-05-01,2024-05,SUB,349499.23,63835743.7
PRG-VESTA,Vesta Propulsion Test Bench,TECHNOLOGY,NS20,2024,6,2024-06-01,2024-06,DEP,43391.13,63835743.7
PRG-VESTA,Vesta Propulsion Test Bench,TECHNOLOGY,NS20,2024,6,2024-06-01,2024-06,MAT,272253.91,63835743.7
PRG-VESTA,Vesta Propulsion Test Bench,TECHNOLOGY,NS20,2024,6,2024-06-01,2024-06,OTH,1322.54,63835743.7
PRG-VESTA,Vesta Propulsion Test Bench,TECHNOLOGY,NS20,2024,6,2024-06-01,2024-06,OVH,34907.73,63835743.7
PRG-VESTA,Vesta Propulsion Test Bench,TECHNOLOGY,NS20,2024,6,2024-06-01,2024-06,PER,32613.89,63835743.7
PRG-VESTA,Vesta Propulsion Test Bench,TECHNOLOGY,NS20,2024,6,2024-06-01,2024-06,SUB,611709.78,63835743.7
PRG-VESTA,Vesta Propulsion Test Bench,TECHNOLOGY,NS20,2024,7,2024-07-01,2024-07,DEP,20108.43,63835743.7
PRG-VESTA,Vesta Propulsion Test Bench,TECHNOLOGY,NS20,2024,7,2024-07-01,2024-07,MAT,330046.71,63835743.7
PRG-VESTA,Vesta Propulsion Test Bench,TECHNOLOGY,NS20,2024,7,2024-07-01,2024-07,OTH,5901.86,63835743.7
PRG-VESTA,Vesta Propulsion Test Bench,TECHNOLOGY,NS20,2024,7,2024-07-01,2024-07,OVH,26448.82,63835743.7
PRG-VESTA,Vesta Propulsion Test Bench,TECHNOLOGY,NS20,2024,7,2024-07-01,2024-07,PER,29145.65,63835743.7
PRG-VESTA,Vesta Propulsion Test Bench,TECHNOLOGY,NS20,2024,7,2024-07-01,2024-07,SUB,511570.23,63835743.7
PRG-VESTA,Vesta Propulsion Test Bench,TECHNOLOGY,NS20,2024,8,2024-08-01,2024-08,DEP,35247.15,63835743.7
PRG-VESTA,Vesta Propulsion Test Bench,TECHNOLOGY,NS20,2024,8,2024-08-01,2024-08,MAT,256099.53,63835743.7
PRG-VESTA,Vesta Propulsion Test Bench,TECHNOLOGY,NS20,2024,8,2024-08-01,2024-08,OTH,3375.91,63835743.7
PRG-VESTA,Vesta Propulsion Test Bench,TECHNOLOGY,NS20,2024,8,2024-08-01,2024-08,OVH,40252.9,63835743.7
PRG-VESTA,Vesta Propulsion Test Bench,TECHNOLOGY,NS20,2024,8,2024-08-01,2024-08,PER,42100.99,63835743.7
PRG-VESTA,Vesta Propulsion Test Bench,TECHNOLOGY,NS20,2024,8,2024-08-01,2024-08,SUB,479340.37,63835743.7
PRG-VESTA,Vesta Propulsion Test Bench,TECHNOLOGY,NS20,2024,9,2024-09-01,2024-09,DEP,27687.43,63835743.7
PRG-VESTA,Vesta Propulsion Test Bench,TECHNOLOGY,NS20,2024,9,2024-09-01,2024-09,MAT,333427.54,63835743.7
PRG-VESTA,Vesta Propulsion Test Bench,TECHNOLOGY,NS20,2024,9,2024-09-01,2024-09,OTH,2734.3,63835743.7
PRG-VESTA,Vesta Propulsion Test Bench,TECHNOLOGY,NS20,2024,9,2024-09-01,2024-09,OVH,38162.04,63835743.7
PRG-VESTA,Vesta Propulsion Test Bench,TECHNOLOGY,NS20,2024,9,2024-09-01,2024-09,PER,38497.44,63835743.7
PRG-VESTA,Vesta Propulsion Test Bench,TECHNOLOGY,NS20,2024,9,2024-09-01,2024-09,SUB,352819.59,63835743.7
PRG-VESTA,Vesta Propulsion Test Bench,TECHNOLOGY,NS20,2024,10,2024-10-01,2024-10,DEP,18460.19,63835743.7
PRG-VESTA,Vesta Propulsion Test Bench,TECHNOLOGY,NS20,2024,10,2024-10-01,2024-10,MAT,344532.48,63835743.7
PRG-VESTA,Vesta Propulsion Test Bench,TECHNOLOGY,NS20,2024,10,2024-10-01,2024-10,OTH,9582.78,63835743.7
PRG-VESTA,Vesta Propulsion Test Bench,TECHNOLOGY,NS20,2024,10,2024-10-01,2024-10,OVH,40472.81,63835743.7
PRG-VESTA,Vesta Propulsion Test Bench,TECHNOLOGY,NS20,2024,10,2024-10-01,2024-10,PER,43930.84,63835743.7
PRG-VESTA,Vesta Propulsion Test Bench,TECHNOLOGY,NS20,2024,10,2024-10-01,2024-10,SUB,446140.93,63835743.7
PRG-VESTA,Vesta Propulsion Test Bench,TECHNOLOGY,NS20,2024,11,2024-11-01,2024-11,DEP,35421.28,63835743.7
PRG-VESTA,Vesta Propulsion Test Bench,TECHNOLOGY,NS20,2024,11,2024-11-01,2024-11,MAT,278727.54,63835743.7
PRG-VESTA,Vesta Propulsion Test Bench,TECHNOLOGY,NS20,2024,11,2024-11-01,2024-11,OTH,3418.44,63835743.7
PRG-VESTA,Vesta Propulsion Test Bench,TECHNOLOGY,NS20,2024,11,2024-11-01,2024-11,OVH,27365.59,63835743.7
PRG-VESTA,Vesta Propulsion Test Bench,TECHNOLOGY,NS20,2024,11,2024-11-01,2024-11,PER,31171.58,63835743.7
PRG-VESTA,Vesta Propulsion Test Bench,TECHNOLOGY,NS20,2024,11,2024-11-01,2024-11,SUB,706556.5,63835743.7
PRG-VESTA,Vesta Propulsion Test Bench,TECHNOLOGY,NS20,2024,12,2024-12-01,2024-12,DEP,39335.73,63835743.7
PRG-VESTA,Vesta Propulsion Test Bench,TECHNOLOGY,NS20,2024,12,2024-12-01,2024-12,MAT,304394.42,63835743.7
PRG-VESTA,Vesta Propulsion Test Bench,TECHNOLOGY,NS20,2024,12,2024-12-01,2024-12,OTH,5373.84,63835743.7
PRG-VESTA,Vesta Propulsion Test Bench,TECHNOLOGY,NS20,2024,12,2024-12-01,2024-12,OVH,28981.83,63835743.7
PRG-VESTA,Vesta Propulsion Test Bench,TECHNOLOGY,NS20,2024,12,2024-12-01,2024-12,PER,58247.09,63835743.7
PRG-VESTA,Vesta Propulsion Test Bench,TECHNOLOGY,NS20,2024,12,2024-12-01,2024-12,SUB,482606.36,63835743.7
PRG-VESTA,Vesta Propulsion Test Bench,TECHNOLOGY,NS20,2024,13,2024-12-01,2024-12,MAT,6632.41,63835743.7
PRG-VESTA,Vesta Propulsion Test Bench,TECHNOLOGY,NS20,2024,13,2024-12-01,2024-12,OTH,2834.62,63835743.7
PRG-VESTA,Vesta Propulsion Test Bench,TECHNOLOGY,NS20,2024,13,2024-12-01,2024-12,OVH,4170.47,63835743.7
PRG-VESTA,Vesta Propulsion Test Bench,TECHNOLOGY,NS20,2024,13,2024-12-01,2024-12,PER,4321.43,63835743.7
PRG-VESTA,Vesta Propulsion Test Bench,TECHNOLOGY,NS20,2024,13,2024-12-01,2024-12,SUB,32660.17,63835743.7
PRG-VESTA,Vesta Propulsion Test Bench,TECHNOLOGY,NS20,2024,14,2024-12-01,2024-12,MAT,13261.03,63835743.7
PRG-VESTA,Vesta Propulsion Test Bench,TECHNOLOGY,NS20,2024,14,2024-12-01,2024-12,OTH,5269.49,63835743.7
PRG-VESTA,Vesta Propulsion Test Bench,TECHNOLOGY,NS20,2024,14,2024-12-01,2024-12,OVH,1822.47,63835743.7
PRG-VESTA,Vesta Propulsion Test Bench,TECHNOLOGY,NS20,2024,14,2024-12-01,2024-12,PER,7934.16,63835743.7
PRG-VESTA,Vesta Propulsion Test Bench,TECHNOLOGY,NS20,2024,14,2024-12-01,2024-12,SUB,18508.25,63835743.7
PRG-VESTA,Vesta Propulsion Test Bench,TECHNOLOGY,NS20,2025,1,2025-01-01,2025-01,DEP,25354.89,63835743.7
PRG-VESTA,Vesta Propulsion Test Bench,TECHNOLOGY,NS20,2025,1,2025-01-01,2025-01,MAT,279676.96,63835743.7
PRG-VESTA,Vesta Propulsion Test Bench,TECHNOLOGY,NS20,2025,1,2025-01-01,2025-01,OTH,611.86,63835743.7
PRG-VESTA,Vesta Propulsion Test Bench,TECHNOLOGY,NS20,2025,1,2025-01-01,2025-01,OVH,33150.13,63835743.7
PRG-VESTA,Vesta Propulsion Test Bench,TECHNOLOGY,NS20,2025,1,2025-01-01,2025-01,PER,32434.51,63835743.7
PRG-VESTA,Vesta Propulsion Test Bench,TECHNOLOGY,NS20,2025,1,2025-01-01,2025-01,SUB,504384.47,63835743.7
PRG-VESTA,Vesta Propulsion Test Bench,TECHNOLOGY,NS20,2025,2,2025-02-01,2025-02,DEP,44056.2,63835743.7
PRG-VESTA,Vesta Propulsion Test Bench,TECHNOLOGY,NS20,2025,2,2025-02-01,2025-02,MAT,318537.36,63835743.7
PRG-VESTA,Vesta Propulsion Test Bench,TECHNOLOGY,NS20,2025,2,2025-02-01,2025-02,OTH,4191.22,63835743.7
PRG-VESTA,Vesta Propulsion Test Bench,TECHNOLOGY,NS20,2025,2,2025-02-01,2025-02,OVH,41842.84,63835743.7
PRG-VESTA,Vesta Propulsion Test Bench,TECHNOLOGY,NS20,2025,2,2025-02-01,2025-02,PER,38892.41,63835743.7
PRG-VESTA,Vesta Propulsion Test Bench,TECHNOLOGY,NS20,2025,2,2025-02-01,2025-02,SUB,509021.25,63835743.7
PRG-VESTA,Vesta Propulsion Test Bench,TECHNOLOGY,NS20,2025,3,2025-03-01,2025-03,DEP,36095.75,63835743.7
PRG-VESTA,Vesta Propulsion Test Bench,TECHNOLOGY,NS20,2025,3,2025-03-01,2025-03,MAT,344431.81,63835743.7
PRG-VESTA,Vesta Propulsion Test Bench,TECHNOLOGY,NS20,2025,3,2025-03-01,2025-03,OTH,2324.14,63835743.7
PRG-VESTA,Vesta Propulsion Test Bench,TECHNOLOGY,NS20,2025,3,2025-03-01,2025-03,OVH,32609.76,63835743.7
PRG-VESTA,Vesta Propulsion Test Bench,TECHNOLOGY,NS20,2025,3,2025-03-01,2025-03,PER,34898.66,63835743.7
PRG-VESTA,Vesta Propulsion Test Bench,TECHNOLOGY,NS20,2025,3,2025-03-01,2025-03,SUB,580727.9,63835743.7
PRG-VESTA,Vesta Propulsion Test Bench,TECHNOLOGY,NS20,2025,4,2025-04-01,2025-04,DEP,30037.56,63835743.7
PRG-VESTA,Vesta Propulsion Test Bench,TECHNOLOGY,NS20,2025,4,2025-04-01,2025-04,MAT,261226.19,63835743.7
PRG-VESTA,Vesta Propulsion Test Bench,TECHNOLOGY,NS20,2025,4,2025-04-01,2025-04,OTH,4751.85,63835743.7
PRG-VESTA,Vesta Propulsion Test Bench,TECHNOLOGY,NS20,2025,4,2025-04-01,2025-04,OVH,28834.92,63835743.7
PRG-VESTA,Vesta Propulsion Test Bench,TECHNOLOGY,NS20,2025,4,2025-04-01,2025-04,PER,43295.52,63835743.7
PRG-VESTA,Vesta Propulsion Test Bench,TECHNOLOGY,NS20,2025,4,2025-04-01,2025-04,SUB,506608.32,63835743.7
PRG-VESTA,Vesta Propulsion Test Bench,TECHNOLOGY,NS20,2025,5,2025-05-01,2025-05,DEP,38472.6,63835743.7
PRG-VESTA,Vesta Propulsion Test Bench,TECHNOLOGY,NS20,2025,5,2025-05-01,2025-05,MAT,295114.24,63835743.7
PRG-VESTA,Vesta Propulsion Test Bench,TECHNOLOGY,NS20,2025,5,2025-05-01,2025-05,OTH,4059.36,63835743.7
PRG-VESTA,Vesta Propulsion Test Bench,TECHNOLOGY,NS20,2025,5,2025-05-01,2025-05,OVH,26937.28,63835743.7
PRG-VESTA,Vesta Propulsion Test Bench,TECHNOLOGY,NS20,2025,5,2025-05-01,2025-05,PER,27166.03,63835743.7
PRG-VESTA,Vesta Propulsion Test Bench,TECHNOLOGY,NS20,2025,5,2025-05-01,2025-05,SUB,532851.12,63835743.7
PRG-VESTA,Vesta Propulsion Test Bench,TECHNOLOGY,NS20,2025,6,2025-06-01,2025-06,DEP,32848.91,63835743.7
PRG-VESTA,Vesta Propulsion Test Bench,TECHNOLOGY,NS20,2025,6,2025-06-01,2025-06,MAT,290339.15,63835743.7
PRG-VESTA,Vesta Propulsion Test Bench,TECHNOLOGY,NS20,2025,6,2025-06-01,2025-06,OTH,2357.66,63835743.7
PRG-VESTA,Vesta Propulsion Test Bench,TECHNOLOGY,NS20,2025,6,2025-06-01,2025-06,OVH,32259.69,63835743.7
PRG-VESTA,Vesta Propulsion Test Bench,TECHNOLOGY,NS20,2025,6,2025-06-01,2025-06,PER,40453.23,63835743.7
PRG-VESTA,Vesta Propulsion Test Bench,TECHNOLOGY,NS20,2025,6,2025-06-01,2025-06,SUB,476850.53,63835743.7
PRG-VESTA,Vesta Propulsion Test Bench,TECHNOLOGY,NS20,2025,7,2025-07-01,2025-07,DEP,19698.4,63835743.7
PRG-VESTA,Vesta Propulsion Test Bench,TECHNOLOGY,NS20,2025,7,2025-07-01,2025-07,MAT,262820.27,63835743.7
PRG-VESTA,Vesta Propulsion Test Bench,TECHNOLOGY,NS20,2025,7,2025-07-01,2025-07,OTH,3853.43,63835743.7
PRG-VESTA,Vesta Propulsion Test Bench,TECHNOLOGY,NS20,2025,7,2025-07-01,2025-07,OVH,31983.6,63835743.7
PRG-VESTA,Vesta Propulsion Test Bench,TECHNOLOGY,NS20,2025,7,2025-07-01,2025-07,PER,37281.11,63835743.7
PRG-VESTA,Vesta Propulsion Test Bench,TECHNOLOGY,NS20,2025,7,2025-07-01,2025-07,SUB,536953.97,63835743.7
PRG-VESTA,Vesta Propulsion Test Bench,TECHNOLOGY,NS20,2025,8,2025-08-01,2025-08,DEP,25400.41,63835743.7
PRG-VESTA,Vesta Propulsion Test Bench,TECHNOLOGY,NS20,2025,8,2025-08-01,2025-08,MAT,355510.01,63835743.7
PRG-VESTA,Vesta Propulsion Test Bench,TECHNOLOGY,NS20,2025,8,2025-08-01,2025-08,OTH,2120.24,63835743.7
PRG-VESTA,Vesta Propulsion Test Bench,TECHNOLOGY,NS20,2025,8,2025-08-01,2025-08,OVH,34468.33,63835743.7
PRG-VESTA,Vesta Propulsion Test Bench,TECHNOLOGY,NS20,2025,8,2025-08-01,2025-08,PER,50324.64,63835743.7
PRG-VESTA,Vesta Propulsion Test Bench,TECHNOLOGY,NS20,2025,8,2025-08-01,2025-08,SUB,571087.82,63835743.7
PRG-VESTA,Vesta Propulsion Test Bench,TECHNOLOGY,NS20,2025,9,2025-09-01,2025-09,DEP,56063.85,63835743.7
PRG-VESTA,Vesta Propulsion Test Bench,TECHNOLOGY,NS20,2025,9,2025-09-01,2025-09,MAT,309382.18,63835743.7
PRG-VESTA,Vesta Propulsion Test Bench,TECHNOLOGY,NS20,2025,9,2025-09-01,2025-09,OTH,4743.14,63835743.7
PRG-VESTA,Vesta Propulsion Test Bench,TECHNOLOGY,NS20,2025,9,2025-09-01,2025-09,OVH,44691.39,63835743.7
PRG-VESTA,Vesta Propulsion Test Bench,TECHNOLOGY,NS20,2025,9,2025-09-01,2025-09,PER,39189.08,63835743.7
PRG-VESTA,Vesta Propulsion Test Bench,TECHNOLOGY,NS20,2025,9,2025-09-01,2025-09,SUB,736488.83,63835743.7
PRG-VESTA,Vesta Propulsion Test Bench,TECHNOLOGY,NS20,2025,10,2025-10-01,2025-10,DEP,44716.14,63835743.7
PRG-VESTA,Vesta Propulsion Test Bench,TECHNOLOGY,NS20,2025,10,2025-10-01,2025-10,MAT,343036.44,63835743.7
PRG-VESTA,Vesta Propulsion Test Bench,TECHNOLOGY,NS20,2025,10,2025-10-01,2025-10,OTH,-0.06,63835743.7
PRG-VESTA,Vesta Propulsion Test Bench,TECHNOLOGY,NS20,2025,10,2025-10-01,2025-10,OVH,40271.0,63835743.7
PRG-VESTA,Vesta Propulsion Test Bench,TECHNOLOGY,NS20,2025,10,2025-10-01,2025-10,PER,43450.71,63835743.7
PRG-VESTA,Vesta Propulsion Test Bench,TECHNOLOGY,NS20,2025,10,2025-10-01,2025-10,SUB,612156.44,63835743.7
PRG-VESTA,Vesta Propulsion Test Bench,TECHNOLOGY,NS20,2025,11,2025-11-01,2025-11,DEP,28802.49,63835743.7
PRG-VESTA,Vesta Propulsion Test Bench,TECHNOLOGY,NS20,2025,11,2025-11-01,2025-11,MAT,280477.88,63835743.7
PRG-VESTA,Vesta Propulsion Test Bench,TECHNOLOGY,NS20,2025,11,2025-11-01,2025-11,OTH,4318.44,63835743.7
PRG-VESTA,Vesta Propulsion Test Bench,TECHNOLOGY,NS20,2025,11,2025-11-01,2025-11,OVH,35378.58,63835743.7
PRG-VESTA,Vesta Propulsion Test Bench,TECHNOLOGY,NS20,2025,11,2025-11-01,2025-11,PER,35054.79,63835743.7
PRG-VESTA,Vesta Propulsion Test Bench,TECHNOLOGY,NS20,2025,11,2025-11-01,2025-11,SUB,539874.95,63835743.7
PRG-VESTA,Vesta Propulsion Test Bench,TECHNOLOGY,NS20,2025,12,2025-12-01,2025-12,DEP,12039.58,63835743.7
PRG-VESTA,Vesta Propulsion Test Bench,TECHNOLOGY,NS20,2025,12,2025-12-01,2025-12,MAT,310021.9,63835743.7
PRG-VESTA,Vesta Propulsion Test Bench,TECHNOLOGY,NS20,2025,12,2025-12-01,2025-12,OTH,696.52,63835743.7
PRG-VESTA,Vesta Propulsion Test Bench,TECHNOLOGY,NS20,2025,12,2025-12-01,2025-12,OVH,31253.69,63835743.7
PRG-VESTA,Vesta Propulsion Test Bench,TECHNOLOGY,NS20,2025,12,2025-12-01,2025-12,PER,37583.26,63835743.7
PRG-VESTA,Vesta Propulsion Test Bench,TECHNOLOGY,NS20,2025,12,2025-12-01,2025-12,SUB,393394.77,63835743.7
PRG-VESTA,Vesta Propulsion Test Bench,TECHNOLOGY,NS20,2025,13,2025-12-01,2025-12,MAT,16980.58,63835743.7
PRG-VESTA,Vesta Propulsion Test Bench,TECHNOLOGY,NS20,2025,13,2025-12-01,2025-12,OTH,4978.07,63835743.7
PRG-VESTA,Vesta Propulsion Test Bench,TECHNOLOGY,NS20,2025,13,2025-12-01,2025-12,OVH,7359.35,63835743.7
PRG-VESTA,Vesta Propulsion Test Bench,TECHNOLOGY,NS20,2025,13,2025-12-01,2025-12,PER,11276.9,63835743.7
PRG-VESTA,Vesta Propulsion Test Bench,TECHNOLOGY,NS20,2025,13,2025-12-01,2025-12,SUB,47601.44,63835743.7
PRG-VESTA,Vesta Propulsion Test Bench,TECHNOLOGY,NS20,2025,14,2025-12-01,2025-12,MAT,4269.9,63835743.7
PRG-VESTA,Vesta Propulsion Test Bench,TECHNOLOGY,NS20,2025,14,2025-12-01,2025-12,OTH,4229.32,63835743.7
PRG-VESTA,Vesta Propulsion Test Bench,TECHNOLOGY,NS20,2025,14,2025-12-01,2025-12,OVH,2702.97,63835743.7
PRG-VESTA,Vesta Propulsion Test Bench,TECHNOLOGY,NS20,2025,14,2025-12-01,2025-12,PER,11937.84,63835743.7
PRG-VESTA,Vesta Propulsion Test Bench,TECHNOLOGY,NS20,2025,14,2025-12-01,2025-12,SUB,25433.87,63835743.7
PRG-VESTA,Vesta Propulsion Test Bench,TECHNOLOGY,NS20,2026,1,2026-01-01,2026-01,DEP,36684.25,63835743.7
PRG-VESTA,Vesta Propulsion Test Bench,TECHNOLOGY,NS20,2026,1,2026-01-01,2026-01,MAT,350039.3,63835743.7
PRG-VESTA,Vesta Propulsion Test Bench,TECHNOLOGY,NS20,2026,1,2026-01-01,2026-01,OTH,1979.08,63835743.7
PRG-VESTA,Vesta Propulsion Test Bench,TECHNOLOGY,NS20,2026,1,2026-01-01,2026-01,OVH,34761.29,63835743.7
PRG-VESTA,Vesta Propulsion Test Bench,TECHNOLOGY,NS20,2026,1,2026-01-01,2026-01,PER,43143.02,63835743.7
PRG-VESTA,Vesta Propulsion Test Bench,TECHNOLOGY,NS20,2026,1,2026-01-01,2026-01,SUB,734914.82,63835743.7
PRG-VESTA,Vesta Propulsion Test Bench,TECHNOLOGY,NS20,2026,2,2026-02-01,2026-02,DEP,32393.34,63835743.7
PRG-VESTA,Vesta Propulsion Test Bench,TECHNOLOGY,NS20,2026,2,2026-02-01,2026-02,MAT,378629.25,63835743.7
PRG-VESTA,Vesta Propulsion Test Bench,TECHNOLOGY,NS20,2026,2,2026-02-01,2026-02,OTH,4577.83,63835743.7
PRG-VESTA,Vesta Propulsion Test Bench,TECHNOLOGY,NS20,2026,2,2026-02-01,2026-02,OVH,36864.71,63835743.7
PRG-VESTA,Vesta Propulsion Test Bench,TECHNOLOGY,NS20,2026,2,2026-02-01,2026-02,PER,47750.34,63835743.7
PRG-VESTA,Vesta Propulsion Test Bench,TECHNOLOGY,NS20,2026,2,2026-02-01,2026-02,SUB,626425.91,63835743.7
PRG-VESTA,Vesta Propulsion Test Bench,TECHNOLOGY,NS20,2026,3,2026-03-01,2026-03,DEP,30859.88,63835743.7
PRG-VESTA,Vesta Propulsion Test Bench,TECHNOLOGY,NS20,2026,3,2026-03-01,2026-03,MAT,351925.83,63835743.7
PRG-VESTA,Vesta Propulsion Test Bench,TECHNOLOGY,NS20,2026,3,2026-03-01,2026-03,OTH,4710.42,63835743.7
PRG-VESTA,Vesta Propulsion Test Bench,TECHNOLOGY,NS20,2026,3,2026-03-01,2026-03,OVH,25333.55,63835743.7
PRG-VESTA,Vesta Propulsion Test Bench,TECHNOLOGY,NS20,2026,3,2026-03-01,2026-03,PER,49488.73,63835743.7
PRG-VESTA,Vesta Propulsion Test Bench,TECHNOLOGY,NS20,2026,3,2026-03-01,2026-03,SUB,525803.83,63835743.7
PRG-VESTA,Vesta Propulsion Test Bench,TECHNOLOGY,NS20,2026,4,2026-04-01,2026-04,DEP,39719.07,63835743.7
PRG-VESTA,Vesta Propulsion Test Bench,TECHNOLOGY,NS20,2026,4,2026-04-01,2026-04,MAT,375505.14,63835743.7
PRG-VESTA,Vesta Propulsion Test Bench,TECHNOLOGY,NS20,2026,4,2026-04-01,2026-04,OTH,3034.72,63835743.7
PRG-VESTA,Vesta Propulsion Test Bench,TECHNOLOGY,NS20,2026,4,2026-04-01,2026-04,OVH,34209.56,63835743.7
PRG-VESTA,Vesta Propulsion Test Bench,TECHNOLOGY,NS20,2026,4,2026-04-01,2026-04,PER,32429.24,63835743.7
PRG-VESTA,Vesta Propulsion Test Bench,TECHNOLOGY,NS20,2026,4,2026-04-01,2026-04,SUB,666635.97,63835743.7
PRG-VESTA,Vesta Propulsion Test Bench,TECHNOLOGY,NS20,2026,5,2026-05-01,2026-05,DEP,30935.53,63835743.7
PRG-VESTA,Vesta Propulsion Test Bench,TECHNOLOGY,NS20,2026,5,2026-05-01,2026-05,MAT,287420.73,63835743.7
PRG-VESTA,Vesta Propulsion Test Bench,TECHNOLOGY,NS20,2026,5,2026-05-01,2026-05,OTH,4447.75,63835743.7
PRG-VESTA,Vesta Propulsion Test Bench,TECHNOLOGY,NS20,2026,5,2026-05-01,2026-05,OVH,40970.91,63835743.7
PRG-VESTA,Vesta Propulsion Test Bench,TECHNOLOGY,NS20,2026,5,2026-05-01,2026-05,PER,50938.23,63835743.7
PRG-VESTA,Vesta Propulsion Test Bench,TECHNOLOGY,NS20,2026,5,2026-05-01,2026-05,SUB,420334.81,63835743.7
PRG-VESTA,Vesta Propulsion Test Bench,TECHNOLOGY,NS20,2026,6,2026-06-01,2026-06,DEP,19618.63,63835743.7
PRG-VESTA,Vesta Propulsion Test Bench,TECHNOLOGY,NS20,2026,6,2026-06-01,2026-06,MAT,299522.87,63835743.7
PRG-VESTA,Vesta Propulsion Test Bench,TECHNOLOGY,NS20,2026,6,2026-06-01,2026-06,OTH,5160.28,63835743.7
PRG-VESTA,Vesta Propulsion Test Bench,TECHNOLOGY,NS20,2026,6,2026-06-01,2026-06,OVH,28078.71,63835743.7
PRG-VESTA,Vesta Propulsion Test Bench,TECHNOLOGY,NS20,2026,6,2026-06-01,2026-06,PER,59714.49,63835743.7
PRG-VESTA,Vesta Propulsion Test Bench,TECHNOLOGY,NS20,2026,6,2026-06-01,2026-06,SUB,588781.26,63835743.7
PRG-VESTA,Vesta Propulsion Test Bench,TECHNOLOGY,NS30,2023,1,2023-01-01,2023-01,DEP,9138.4,63835743.7
PRG-VESTA,Vesta Propulsion Test Bench,TECHNOLOGY,NS30,2023,1,2023-01-01,2023-01,MAT,112543.49,63835743.7
PRG-VESTA,Vesta Propulsion Test Bench,TECHNOLOGY,NS30,2023,1,2023-01-01,2023-01,OTH,1394.33,63835743.7
PRG-VESTA,Vesta Propulsion Test Bench,TECHNOLOGY,NS30,2023,1,2023-01-01,2023-01,OVH,6356.4,63835743.7
PRG-VESTA,Vesta Propulsion Test Bench,TECHNOLOGY,NS30,2023,1,2023-01-01,2023-01,PER,11923.79,63835743.7
PRG-VESTA,Vesta Propulsion Test Bench,TECHNOLOGY,NS30,2023,1,2023-01-01,2023-01,SUB,106332.95,63835743.7
PRG-VESTA,Vesta Propulsion Test Bench,TECHNOLOGY,NS30,2023,2,2023-02-01,2023-02,MAT,85620.56,63835743.7
PRG-VESTA,Vesta Propulsion Test Bench,TECHNOLOGY,NS30,2023,2,2023-02-01,2023-02,OTH,1238.5,63835743.7
PRG-VESTA,Vesta Propulsion Test Bench,TECHNOLOGY,NS30,2023,2,2023-02-01,2023-02,OVH,2424.82,63835743.7
PRG-VESTA,Vesta Propulsion Test Bench,TECHNOLOGY,NS30,2023,2,2023-02-01,2023-02,PER,5063.24,63835743.7
PRG-VESTA,Vesta Propulsion Test Bench,TECHNOLOGY,NS30,2023,2,2023-02-01,2023-02,SUB,181702.88,63835743.7
PRG-VESTA,Vesta Propulsion Test Bench,TECHNOLOGY,NS30,2023,3,2023-03-01,2023-03,DEP,13640.41,63835743.7
PRG-VESTA,Vesta Propulsion Test Bench,TECHNOLOGY,NS30,2023,3,2023-03-01,2023-03,MAT,87617.85,63835743.7
PRG-VESTA,Vesta Propulsion Test Bench,TECHNOLOGY,NS30,2023,3,2023-03-01,2023-03,OTH,3506.08,63835743.7
PRG-VESTA,Vesta Propulsion Test Bench,TECHNOLOGY,NS30,2023,3,2023-03-01,2023-03,OVH,6443.62,63835743.7
PRG-VESTA,Vesta Propulsion Test Bench,TECHNOLOGY,NS30,2023,3,2023-03-01,2023-03,PER,7775.9,63835743.7
PRG-VESTA,Vesta Propulsion Test Bench,TECHNOLOGY,NS30,2023,3,2023-03-01,2023-03,SUB,134640.94,63835743.7
PRG-VESTA,Vesta Propulsion Test Bench,TECHNOLOGY,NS30,2023,4,2023-04-01,2023-04,DEP,14984.26,63835743.7
PRG-VESTA,Vesta Propulsion Test Bench,TECHNOLOGY,NS30,2023,4,2023-04-01,2023-04,MAT,109953.57,63835743.7
PRG-VESTA,Vesta Propulsion Test Bench,TECHNOLOGY,NS30,2023,4,2023-04-01,2023-04,OTH,-450.01,63835743.7
PRG-VESTA,Vesta Propulsion Test Bench,TECHNOLOGY,NS30,2023,4,2023-04-01,2023-04,OVH,2575.04,63835743.7
PRG-VESTA,Vesta Propulsion Test Bench,TECHNOLOGY,NS30,2023,4,2023-04-01,2023-04,PER,9466.54,63835743.7
PRG-VESTA,Vesta Propulsion Test Bench,TECHNOLOGY,NS30,2023,4,2023-04-01,2023-04,SUB,123510.31,63835743.7
PRG-VESTA,Vesta Propulsion Test Bench,TECHNOLOGY,NS30,2023,5,2023-05-01,2023-05,DEP,6556.36,63835743.7
PRG-VESTA,Vesta Propulsion Test Bench,TECHNOLOGY,NS30,2023,5,2023-05-01,2023-05,MAT,79438.72,63835743.7
PRG-VESTA,Vesta Propulsion Test Bench,TECHNOLOGY,NS30,2023,5,2023-05-01,2023-05,OTH,2612.88,63835743.7
PRG-VESTA,Vesta Propulsion Test Bench,TECHNOLOGY,NS30,2023,5,2023-05-01,2023-05,OVH,9474.69,63835743.7
PRG-VESTA,Vesta Propulsion Test Bench,TECHNOLOGY,NS30,2023,5,2023-05-01,2023-05,PER,4674.92,63835743.7
PRG-VESTA,Vesta Propulsion Test Bench,TECHNOLOGY,NS30,2023,5,2023-05-01,2023-05,SUB,158531.0,63835743.7
PRG-VESTA,Vesta Propulsion Test Bench,TECHNOLOGY,NS30,2023,6,2023-06-01,2023-06,DEP,3484.97,63835743.7
PRG-VESTA,Vesta Propulsion Test Bench,TECHNOLOGY,NS30,2023,6,2023-06-01,2023-06,MAT,73587.03,63835743.7
PRG-VESTA,Vesta Propulsion Test Bench,TECHNOLOGY,NS30,2023,6,2023-06-01,2023-06,OTH,1626.89,63835743.7
PRG-VESTA,Vesta Propulsion Test Bench,TECHNOLOGY,NS30,2023,6,2023-06-01,2023-06,OVH,3643.91,63835743.7
PRG-VESTA,Vesta Propulsion Test Bench,TECHNOLOGY,NS30,2023,6,2023-06-01,2023-06,PER,6059.48,63835743.7
PRG-VESTA,Vesta Propulsion Test Bench,TECHNOLOGY,NS30,2023,6,2023-06-01,2023-06,SUB,86302.04,63835743.7
PRG-VESTA,Vesta Propulsion Test Bench,TECHNOLOGY,NS30,2023,7,2023-07-01,2023-07,DEP,7122.97,63835743.7
PRG-VESTA,Vesta Propulsion Test Bench,TECHNOLOGY,NS30,2023,7,2023-07-01,2023-07,MAT,57617.78,63835743.7
PRG-VESTA,Vesta Propulsion Test Bench,TECHNOLOGY,NS30,2023,7,2023-07-01,2023-07,OTH,368.59,63835743.7
PRG-VESTA,Vesta Propulsion Test Bench,TECHNOLOGY,NS30,2023,7,2023-07-01,2023-07,OVH,3805.75,63835743.7
PRG-VESTA,Vesta Propulsion Test Bench,TECHNOLOGY,NS30,2023,7,2023-07-01,2023-07,PER,18344.6,63835743.7
PRG-VESTA,Vesta Propulsion Test Bench,TECHNOLOGY,NS30,2023,7,2023-07-01,2023-07,SUB,123157.49,63835743.7
PRG-VESTA,Vesta Propulsion Test Bench,TECHNOLOGY,NS30,2023,8,2023-08-01,2023-08,DEP,15069.86,63835743.7
PRG-VESTA,Vesta Propulsion Test Bench,TECHNOLOGY,NS30,2023,8,2023-08-01,2023-08,MAT,74933.09,63835743.7
PRG-VESTA,Vesta Propulsion Test Bench,TECHNOLOGY,NS30,2023,8,2023-08-01,2023-08,OTH,-368.59,63835743.7
PRG-VESTA,Vesta Propulsion Test Bench,TECHNOLOGY,NS30,2023,8,2023-08-01,2023-08,OVH,10934.92,63835743.7
PRG-VESTA,Vesta Propulsion Test Bench,TECHNOLOGY,NS30,2023,8,2023-08-01,2023-08,PER,6073.46,63835743.7
PRG-VESTA,Vesta Propulsion Test Bench,TECHNOLOGY,NS30,2023,8,2023-08-01,2023-08,SUB,112791.2,63835743.7
PRG-VESTA,Vesta Propulsion Test Bench,TECHNOLOGY,NS30,2023,9,2023-09-01,2023-09,DEP,10857.01,63835743.7
PRG-VESTA,Vesta Propulsion Test Bench,TECHNOLOGY,NS30,2023,9,2023-09-01,2023-09,MAT,89503.89,63835743.7
PRG-VESTA,Vesta Propulsion Test Bench,TECHNOLOGY,NS30,2023,9,2023-09-01,2023-09,OVH,7843.83,63835743.7
PRG-VESTA,Vesta Propulsion Test Bench,TECHNOLOGY,NS30,2023,9,2023-09-01,2023-09,PER,14802.52,63835743.7
PRG-VESTA,Vesta Propulsion Test Bench,TECHNOLOGY,NS30,2023,9,2023-09-01,2023-09,SUB,167800.76,63835743.7
PRG-VESTA,Vesta Propulsion Test Bench,TECHNOLOGY,NS30,2023,10,2023-10-01,2023-10,DEP,6787.32,63835743.7
PRG-VESTA,Vesta Propulsion Test Bench,TECHNOLOGY,NS30,2023,10,2023-10-01,2023-10,MAT,85050.46,63835743.7
PRG-VESTA,Vesta Propulsion Test Bench,TECHNOLOGY,NS30,2023,10,2023-10-01,2023-10,OTH,4018.67,63835743.7
PRG-VESTA,Vesta Propulsion Test Bench,TECHNOLOGY,NS30,2023,10,2023-10-01,2023-10,OVH,4181.53,63835743.7
PRG-VESTA,Vesta Propulsion Test Bench,TECHNOLOGY,NS30,2023,10,2023-10-01,2023-10,PER,5367.96,63835743.7
PRG-VESTA,Vesta Propulsion Test Bench,TECHNOLOGY,NS30,2023,10,2023-10-01,2023-10,SUB,196498.44,63835743.7
PRG-VESTA,Vesta Propulsion Test Bench,TECHNOLOGY,NS30,2023,11,2023-11-01,2023-11,DEP,5990.52,63835743.7
PRG-VESTA,Vesta Propulsion Test Bench,TECHNOLOGY,NS30,2023,11,2023-11-01,2023-11,MAT,69292.47,63835743.7
PRG-VESTA,Vesta Propulsion Test Bench,TECHNOLOGY,NS30,2023,11,2023-11-01,2023-11,OTH,-1752.97,63835743.7
PRG-VESTA,Vesta Propulsion Test Bench,TECHNOLOGY,NS30,2023,11,2023-11-01,2023-11,OVH,4655.05,63835743.7
PRG-VESTA,Vesta Propulsion Test Bench,TECHNOLOGY,NS30,2023,11,2023-11-01,2023-11,PER,17475.67,63835743.7
PRG-VESTA,Vesta Propulsion Test Bench,TECHNOLOGY,NS30,2023,11,2023-11-01,2023-11,SUB,81707.77,63835743.7
PRG-VESTA,Vesta Propulsion Test Bench,TECHNOLOGY,NS30,2023,12,2023-12-01,2023-12,DEP,6906.12,63835743.7
PRG-VESTA,Vesta Propulsion Test Bench,TECHNOLOGY,NS30,2023,12,2023-12-01,2023-12,MAT,84132.12,63835743.7
PRG-VESTA,Vesta Propulsion Test Bench,TECHNOLOGY,NS30,2023,12,2023-12-01,2023-12,OTH,1578.47,63835743.7
PRG-VESTA,Vesta Propulsion Test Bench,TECHNOLOGY,NS30,2023,12,2023-12-01,2023-12,OVH,5199.67,63835743.7
PRG-VESTA,Vesta Propulsion Test Bench,TECHNOLOGY,NS30,2023,12,2023-12-01,2023-12,PER,20204.36,63835743.7
PRG-VESTA,Vesta Propulsion Test Bench,TECHNOLOGY,NS30,2023,12,2023-12-01,2023-12,SUB,171743.3,63835743.7
PRG-VESTA,Vesta Propulsion Test Bench,TECHNOLOGY,NS30,2023,13,2023-12-01,2023-12,OTH,1524.72,63835743.7
PRG-VESTA,Vesta Propulsion Test Bench,TECHNOLOGY,NS30,2023,13,2023-12-01,2023-12,OVH,608.98,63835743.7
PRG-VESTA,Vesta Propulsion Test Bench,TECHNOLOGY,NS30,2023,13,2023-12-01,2023-12,PER,1873.02,63835743.7
PRG-VESTA,Vesta Propulsion Test Bench,TECHNOLOGY,NS30,2023,13,2023-12-01,2023-12,SUB,13335.84,63835743.7
PRG-VESTA,Vesta Propulsion Test Bench,TECHNOLOGY,NS30,2023,14,2023-12-01,2023-12,MAT,4762.78,63835743.7
PRG-VESTA,Vesta Propulsion Test Bench,TECHNOLOGY,NS30,2023,14,2023-12-01,2023-12,OTH,253.5,63835743.7
PRG-VESTA,Vesta Propulsion Test Bench,TECHNOLOGY,NS30,2023,14,2023-12-01,2023-12,PER,1144.72,63835743.7
PRG-VESTA,Vesta Propulsion Test Bench,TECHNOLOGY,NS30,2023,14,2023-12-01,2023-12,SUB,25942.25,63835743.7
PRG-VESTA,Vesta Propulsion Test Bench,TECHNOLOGY,NS30,2024,1,2024-01-01,2024-01,DEP,12604.32,63835743.7
PRG-VESTA,Vesta Propulsion Test Bench,TECHNOLOGY,NS30,2024,1,2024-01-01,2024-01,MAT,61459.33,63835743.7
PRG-VESTA,Vesta Propulsion Test Bench,TECHNOLOGY,NS30,2024,1,2024-01-01,2024-01,OTH,2595.51,63835743.7
PRG-VESTA,Vesta Propulsion Test Bench,TECHNOLOGY,NS30,2024,1,2024-01-01,2024-01,OVH,2453.54,63835743.7
PRG-VESTA,Vesta Propulsion Test Bench,TECHNOLOGY,NS30,2024,1,2024-01-01,2024-01,PER,13600.0,63835743.7
PRG-VESTA,Vesta Propulsion Test Bench,TECHNOLOGY,NS30,2024,1,2024-01-01,2024-01,SUB,114851.11,63835743.7
PRG-VESTA,Vesta Propulsion Test Bench,TECHNOLOGY,NS30,2024,2,2024-02-01,2024-02,DEP,15566.5,63835743.7
PRG-VESTA,Vesta Propulsion Test Bench,TECHNOLOGY,NS30,2024,2,2024-02-01,2024-02,MAT,98254.27,63835743.7
PRG-VESTA,Vesta Propulsion Test Bench,TECHNOLOGY,NS30,2024,2,2024-02-01,2024-02,OTH,1083.35,63835743.7
PRG-VESTA,Vesta Propulsion Test Bench,TECHNOLOGY,NS30,2024,2,2024-02-01,2024-02,OVH,2424.02,63835743.7
PRG-VESTA,Vesta Propulsion Test Bench,TECHNOLOGY,NS30,2024,2,2024-02-01,2024-02,PER,8660.14,63835743.7
PRG-VESTA,Vesta Propulsion Test Bench,TECHNOLOGY,NS30,2024,2,2024-02-01,2024-02,SUB,112696.87,63835743.7
PRG-VESTA,Vesta Propulsion Test Bench,TECHNOLOGY,NS30,2024,3,2024-03-01,2024-03,DEP,9580.05,63835743.7
PRG-VESTA,Vesta Propulsion Test Bench,TECHNOLOGY,NS30,2024,3,2024-03-01,2024-03,MAT,72942.83,63835743.7
PRG-VESTA,Vesta Propulsion Test Bench,TECHNOLOGY,NS30,2024,3,2024-03-01,2024-03,OTH,1468.62,63835743.7
PRG-VESTA,Vesta Propulsion Test Bench,TECHNOLOGY,NS30,2024,3,2024-03-01,2024-03,OVH,2353.1,63835743.7
PRG-VESTA,Vesta Propulsion Test Bench,TECHNOLOGY,NS30,2024,3,2024-03-01,2024-03,PER,12812.88,63835743.7
PRG-VESTA,Vesta Propulsion Test Bench,TECHNOLOGY,NS30,2024,3,2024-03-01,2024-03,SUB,119733.7,63835743.7
PRG-VESTA,Vesta Propulsion Test Bench,TECHNOLOGY,NS30,2024,4,2024-04-01,2024-04,DEP,11975.13,63835743.7
PRG-VESTA,Vesta Propulsion Test Bench,TECHNOLOGY,NS30,2024,4,2024-04-01,2024-04,MAT,79633.12,63835743.7
PRG-VESTA,Vesta Propulsion Test Bench,TECHNOLOGY,NS30,2024,4,2024-04-01,2024-04,OTH,3313.13,63835743.7
PRG-VESTA,Vesta Propulsion Test Bench,TECHNOLOGY,NS30,2024,4,2024-04-01,2024-04,OVH,3532.21,63835743.7
PRG-VESTA,Vesta Propulsion Test Bench,TECHNOLOGY,NS30,2024,4,2024-04-01,2024-04,PER,11465.08,63835743.7
PRG-VESTA,Vesta Propulsion Test Bench,TECHNOLOGY,NS30,2024,4,2024-04-01,2024-04,SUB,198888.24,63835743.7
PRG-VESTA,Vesta Propulsion Test Bench,TECHNOLOGY,NS30,2024,5,2024-05-01,2024-05,DEP,4662.49,63835743.7
PRG-VESTA,Vesta Propulsion Test Bench,TECHNOLOGY,NS30,2024,5,2024-05-01,2024-05,MAT,53013.71,63835743.7
PRG-VESTA,Vesta Propulsion Test Bench,TECHNOLOGY,NS30,2024,5,2024-05-01,2024-05,OTH,2646.92,63835743.7
PRG-VESTA,Vesta Propulsion Test Bench,TECHNOLOGY,NS30,2024,5,2024-05-01,2024-05,OVH,6603.03,63835743.7
PRG-VESTA,Vesta Propulsion Test Bench,TECHNOLOGY,NS30,2024,5,2024-05-01,2024-05,PER,13917.81,63835743.7
PRG-VESTA,Vesta Propulsion Test Bench,TECHNOLOGY,NS30,2024,5,2024-05-01,2024-05,SUB,192826.56,63835743.7
PRG-VESTA,Vesta Propulsion Test Bench,TECHNOLOGY,NS30,2024,6,2024-06-01,2024-06,DEP,6483.14,63835743.7
PRG-VESTA,Vesta Propulsion Test Bench,TECHNOLOGY,NS30,2024,6,2024-06-01,2024-06,MAT,56498.09,63835743.7
PRG-VESTA,Vesta Propulsion Test Bench,TECHNOLOGY,NS30,2024,6,2024-06-01,2024-06,OTH,-825.33,63835743.7
PRG-VESTA,Vesta Propulsion Test Bench,TECHNOLOGY,NS30,2024,6,2024-06-01,2024-06,OVH,2478.48,63835743.7
PRG-VESTA,Vesta Propulsion Test Bench,TECHNOLOGY,NS30,2024,6,2024-06-01,2024-06,PER,4490.0,63835743.7
PRG-VESTA,Vesta Propulsion Test Bench,TECHNOLOGY,NS30,2024,6,2024-06-01,2024-06,SUB,117068.36,63835743.7
PRG-VESTA,Vesta Propulsion Test Bench,TECHNOLOGY,NS30,2024,7,2024-07-01,2024-07,DEP,4431.96,63835743.7
PRG-VESTA,Vesta Propulsion Test Bench,TECHNOLOGY,NS30,2024,7,2024-07-01,2024-07,MAT,71031.71,63835743.7
PRG-VESTA,Vesta Propulsion Test Bench,TECHNOLOGY,NS30,2024,7,2024-07-01,2024-07,OTH,2042.53,63835743.7
PRG-VESTA,Vesta Propulsion Test Bench,TECHNOLOGY,NS30,2024,7,2024-07-01,2024-07,OVH,7613.09,63835743.7
PRG-VESTA,Vesta Propulsion Test Bench,TECHNOLOGY,NS30,2024,7,2024-07-01,2024-07,PER,22140.19,63835743.7
PRG-VESTA,Vesta Propulsion Test Bench,TECHNOLOGY,NS30,2024,7,2024-07-01,2024-07,SUB,113768.42,63835743.7
PRG-VESTA,Vesta Propulsion Test Bench,TECHNOLOGY,NS30,2024,8,2024-08-01,2024-08,DEP,12541.84,63835743.7
PRG-VESTA,Vesta Propulsion Test Bench,TECHNOLOGY,NS30,2024,8,2024-08-01,2024-08,MAT,70415.9,63835743.7
PRG-VESTA,Vesta Propulsion Test Bench,TECHNOLOGY,NS30,2024,8,2024-08-01,2024-08,OTH,3765.0,63835743.7
PRG-VESTA,Vesta Propulsion Test Bench,TECHNOLOGY,NS30,2024,8,2024-08-01,2024-08,OVH,6404.98,63835743.7
PRG-VESTA,Vesta Propulsion Test Bench,TECHNOLOGY,NS30,2024,8,2024-08-01,2024-08,PER,13551.93,63835743.7
PRG-VESTA,Vesta Propulsion Test Bench,TECHNOLOGY,NS30,2024,8,2024-08-01,2024-08,SUB,158446.75,63835743.7
PRG-VESTA,Vesta Propulsion Test Bench,TECHNOLOGY,NS30,2024,9,2024-09-01,2024-09,DEP,7316.31,63835743.7
PRG-VESTA,Vesta Propulsion Test Bench,TECHNOLOGY,NS30,2024,9,2024-09-01,2024-09,MAT,55111.82,63835743.7
PRG-VESTA,Vesta Propulsion Test Bench,TECHNOLOGY,NS30,2024,9,2024-09-01,2024-09,OTH,2100.94,63835743.7
PRG-VESTA,Vesta Propulsion Test Bench,TECHNOLOGY,NS30,2024,9,2024-09-01,2024-09,OVH,8468.3,63835743.7
PRG-VESTA,Vesta Propulsion Test Bench,TECHNOLOGY,NS30,2024,9,2024-09-01,2024-09,PER,12192.72,63835743.7
PRG-VESTA,Vesta Propulsion Test Bench,TECHNOLOGY,NS30,2024,9,2024-09-01,2024-09,SUB,164746.46,63835743.7
PRG-VESTA,Vesta Propulsion Test Bench,TECHNOLOGY,NS30,2024,10,2024-10-01,2024-10,DEP,19847.64,63835743.7
PRG-VESTA,Vesta Propulsion Test Bench,TECHNOLOGY,NS30,2024,10,2024-10-01,2024-10,MAT,59037.88,63835743.7
PRG-VESTA,Vesta Propulsion Test Bench,TECHNOLOGY,NS30,2024,10,2024-10-01,2024-10,OTH,-1054.2,63835743.7
PRG-VESTA,Vesta Propulsion Test Bench,TECHNOLOGY,NS30,2024,10,2024-10-01,2024-10,OVH,4846.47,63835743.7
PRG-VESTA,Vesta Propulsion Test Bench,TECHNOLOGY,NS30,2024,10,2024-10-01,2024-10,PER,8523.35,63835743.7
PRG-VESTA,Vesta Propulsion Test Bench,TECHNOLOGY,NS30,2024,10,2024-10-01,2024-10,SUB,127021.53,63835743.7
PRG-VESTA,Vesta Propulsion Test Bench,TECHNOLOGY,NS30,2024,11,2024-11-01,2024-11,DEP,6197.85,63835743.7
PRG-VESTA,Vesta Propulsion Test Bench,TECHNOLOGY,NS30,2024,11,2024-11-01,2024-11,MAT,107379.89,63835743.7
PRG-VESTA,Vesta Propulsion Test Bench,TECHNOLOGY,NS30,2024,11,2024-11-01,2024-11,OTH,7370.43,63835743.7
PRG-VESTA,Vesta Propulsion Test Bench,TECHNOLOGY,NS30,2024,11,2024-11-01,2024-11,OVH,4798.99,63835743.7
PRG-VESTA,Vesta Propulsion Test Bench,TECHNOLOGY,NS30,2024,11,2024-11-01,2024-11,PER,11639.56,63835743.7
PRG-VESTA,Vesta Propulsion Test Bench,TECHNOLOGY,NS30,2024,11,2024-11-01,2024-11,SUB,177513.09,63835743.7
PRG-VESTA,Vesta Propulsion Test Bench,TECHNOLOGY,NS30,2024,12,2024-12-01,2024-12,DEP,8195.03,63835743.7
PRG-VESTA,Vesta Propulsion Test Bench,TECHNOLOGY,NS30,2024,12,2024-12-01,2024-12,MAT,68474.8,63835743.7
PRG-VESTA,Vesta Propulsion Test Bench,TECHNOLOGY,NS30,2024,12,2024-12-01,2024-12,OTH,2953.94,63835743.7
PRG-VESTA,Vesta Propulsion Test Bench,TECHNOLOGY,NS30,2024,12,2024-12-01,2024-12,OVH,1246.61,63835743.7
PRG-VESTA,Vesta Propulsion Test Bench,TECHNOLOGY,NS30,2024,12,2024-12-01,2024-12,PER,11867.06,63835743.7
PRG-VESTA,Vesta Propulsion Test Bench,TECHNOLOGY,NS30,2024,12,2024-12-01,2024-12,SUB,152657.83,63835743.7
PRG-VESTA,Vesta Propulsion Test Bench,TECHNOLOGY,NS30,2024,13,2024-12-01,2024-12,PER,3501.37,63835743.7
PRG-VESTA,Vesta Propulsion Test Bench,TECHNOLOGY,NS30,2024,13,2024-12-01,2024-12,SUB,17880.37,63835743.7
PRG-VESTA,Vesta Propulsion Test Bench,TECHNOLOGY,NS30,2024,14,2024-12-01,2024-12,OTH,2845.67,63835743.7
PRG-VESTA,Vesta Propulsion Test Bench,TECHNOLOGY,NS30,2024,14,2024-12-01,2024-12,OVH,646.47,63835743.7
PRG-VESTA,Vesta Propulsion Test Bench,TECHNOLOGY,NS30,2024,14,2024-12-01,2024-12,PER,4666.32,63835743.7
PRG-VESTA,Vesta Propulsion Test Bench,TECHNOLOGY,NS30,2025,1,2025-01-01,2025-01,DEP,3060.67,63835743.7
PRG-VESTA,Vesta Propulsion Test Bench,TECHNOLOGY,NS30,2025,1,2025-01-01,2025-01,MAT,90011.99,63835743.7
PRG-VESTA,Vesta Propulsion Test Bench,TECHNOLOGY,NS30,2025,1,2025-01-01,2025-01,OTH,722.36,63835743.7
PRG-VESTA,Vesta Propulsion Test Bench,TECHNOLOGY,NS30,2025,1,2025-01-01,2025-01,OVH,6117.97,63835743.7
PRG-VESTA,Vesta Propulsion Test Bench,TECHNOLOGY,NS30,2025,1,2025-01-01,2025-01,PER,4694.2,63835743.7
PRG-VESTA,Vesta Propulsion Test Bench,TECHNOLOGY,NS30,2025,1,2025-01-01,2025-01,SUB,142770.65,63835743.7
PRG-VESTA,Vesta Propulsion Test Bench,TECHNOLOGY,NS30,2025,2,2025-02-01,2025-02,DEP,11630.56,63835743.7
PRG-VESTA,Vesta Propulsion Test Bench,TECHNOLOGY,NS30,2025,2,2025-02-01,2025-02,MAT,85572.77,63835743.7
PRG-VESTA,Vesta Propulsion Test Bench,TECHNOLOGY,NS30,2025,2,2025-02-01,2025-02,OTH,106.9,63835743.7
PRG-VESTA,Vesta Propulsion Test Bench,TECHNOLOGY,NS30,2025,2,2025-02-01,2025-02,OVH,5742.91,63835743.7
PRG-VESTA,Vesta Propulsion Test Bench,TECHNOLOGY,NS30,2025,2,2025-02-01,2025-02,PER,12916.07,63835743.7
PRG-VESTA,Vesta Propulsion Test Bench,TECHNOLOGY,NS30,2025,2,2025-02-01,2025-02,SUB,238704.71,63835743.7
PRG-VESTA,Vesta Propulsion Test Bench,TECHNOLOGY,NS30,2025,3,2025-03-01,2025-03,DEP,12497.57,63835743.7
PRG-VESTA,Vesta Propulsion Test Bench,TECHNOLOGY,NS30,2025,3,2025-03-01,2025-03,MAT,101953.31,63835743.7
PRG-VESTA,Vesta Propulsion Test Bench,TECHNOLOGY,NS30,2025,3,2025-03-01,2025-03,OTH,1154.42,63835743.7
PRG-VESTA,Vesta Propulsion Test Bench,TECHNOLOGY,NS30,2025,3,2025-03-01,2025-03,OVH,2070.09,63835743.7
PRG-VESTA,Vesta Propulsion Test Bench,TECHNOLOGY,NS30,2025,3,2025-03-01,2025-03,PER,17988.93,63835743.7
PRG-VESTA,Vesta Propulsion Test Bench,TECHNOLOGY,NS30,2025,3,2025-03-01,2025-03,SUB,146477.03,63835743.7
PRG-VESTA,Vesta Propulsion Test Bench,TECHNOLOGY,NS30,2025,4,2025-04-01,2025-04,DEP,17629.35,63835743.7
PRG-VESTA,Vesta Propulsion Test Bench,TECHNOLOGY,NS30,2025,4,2025-04-01,2025-04,MAT,101141.64,63835743.7
PRG-VESTA,Vesta Propulsion Test Bench,TECHNOLOGY,NS30,2025,4,2025-04-01,2025-04,OTH,1571.63,63835743.7
PRG-VESTA,Vesta Propulsion Test Bench,TECHNOLOGY,NS30,2025,4,2025-04-01,2025-04,OVH,3203.15,63835743.7
PRG-VESTA,Vesta Propulsion Test Bench,TECHNOLOGY,NS30,2025,4,2025-04-01,2025-04,PER,21646.43,63835743.7
PRG-VESTA,Vesta Propulsion Test Bench,TECHNOLOGY,NS30,2025,4,2025-04-01,2025-04,SUB,181033.67,63835743.7
PRG-VESTA,Vesta Propulsion Test Bench,TECHNOLOGY,NS30,2025,5,2025-05-01,2025-05,DEP,11253.9,63835743.7
PRG-VESTA,Vesta Propulsion Test Bench,TECHNOLOGY,NS30,2025,5,2025-05-01,2025-05,MAT,74109.95,63835743.7
PRG-VESTA,Vesta Propulsion Test Bench,TECHNOLOGY,NS30,2025,5,2025-05-01,2025-05,OTH,2282.95,63835743.7
PRG-VESTA,Vesta Propulsion Test Bench,TECHNOLOGY,NS30,2025,5,2025-05-01,2025-05,OVH,6079.25,63835743.7
PRG-VESTA,Vesta Propulsion Test Bench,TECHNOLOGY,NS30,2025,5,2025-05-01,2025-05,PER,14601.55,63835743.7
PRG-VESTA,Vesta Propulsion Test Bench,TECHNOLOGY,NS30,2025,5,2025-05-01,2025-05,SUB,127481.39,63835743.7
PRG-VESTA,Vesta Propulsion Test Bench,TECHNOLOGY,NS30,2025,6,2025-06-01,2025-06,DEP,9291.7,63835743.7
PRG-VESTA,Vesta Propulsion Test Bench,TECHNOLOGY,NS30,2025,6,2025-06-01,2025-06,MAT,42276.24,63835743.7
PRG-VESTA,Vesta Propulsion Test Bench,TECHNOLOGY,NS30,2025,6,2025-06-01,2025-06,OTH,2035.92,63835743.7
PRG-VESTA,Vesta Propulsion Test Bench,TECHNOLOGY,NS30,2025,6,2025-06-01,2025-06,OVH,3640.97,63835743.7
PRG-VESTA,Vesta Propulsion Test Bench,TECHNOLOGY,NS30,2025,6,2025-06-01,2025-06,PER,12722.78,63835743.7
PRG-VESTA,Vesta Propulsion Test Bench,TECHNOLOGY,NS30,2025,6,2025-06-01,2025-06,SUB,170668.4,63835743.7
PRG-VESTA,Vesta Propulsion Test Bench,TECHNOLOGY,NS30,2025,7,2025-07-01,2025-07,DEP,11441.81,63835743.7
PRG-VESTA,Vesta Propulsion Test Bench,TECHNOLOGY,NS30,2025,7,2025-07-01,2025-07,MAT,80529.29,63835743.7
PRG-VESTA,Vesta Propulsion Test Bench,TECHNOLOGY,NS30,2025,7,2025-07-01,2025-07,OTH,-27.13,63835743.7
PRG-VESTA,Vesta Propulsion Test Bench,TECHNOLOGY,NS30,2025,7,2025-07-01,2025-07,OVH,4061.17,63835743.7
PRG-VESTA,Vesta Propulsion Test Bench,TECHNOLOGY,NS30,2025,7,2025-07-01,2025-07,PER,7275.56,63835743.7
PRG-VESTA,Vesta Propulsion Test Bench,TECHNOLOGY,NS30,2025,7,2025-07-01,2025-07,SUB,164628.32,63835743.7
PRG-VESTA,Vesta Propulsion Test Bench,TECHNOLOGY,NS30,2025,8,2025-08-01,2025-08,DEP,5805.8,63835743.7
PRG-VESTA,Vesta Propulsion Test Bench,TECHNOLOGY,NS30,2025,8,2025-08-01,2025-08,MAT,46409.35,63835743.7
PRG-VESTA,Vesta Propulsion Test Bench,TECHNOLOGY,NS30,2025,8,2025-08-01,2025-08,OTH,947.53,63835743.7
PRG-VESTA,Vesta Propulsion Test Bench,TECHNOLOGY,NS30,2025,8,2025-08-01,2025-08,OVH,7369.51,63835743.7
PRG-VESTA,Vesta Propulsion Test Bench,TECHNOLOGY,NS30,2025,8,2025-08-01,2025-08,PER,18294.81,63835743.7
PRG-VESTA,Vesta Propulsion Test Bench,TECHNOLOGY,NS30,2025,8,2025-08-01,2025-08,SUB,184020.98,63835743.7
PRG-VESTA,Vesta Propulsion Test Bench,TECHNOLOGY,NS30,2025,9,2025-09-01,2025-09,DEP,6119.61,63835743.7
PRG-VESTA,Vesta Propulsion Test Bench,TECHNOLOGY,NS30,2025,9,2025-09-01,2025-09,MAT,98090.71,63835743.7
PRG-VESTA,Vesta Propulsion Test Bench,TECHNOLOGY,NS30,2025,9,2025-09-01,2025-09,OTH,865.4,63835743.7
PRG-VESTA,Vesta Propulsion Test Bench,TECHNOLOGY,NS30,2025,9,2025-09-01,2025-09,OVH,8218.45,63835743.7
PRG-VESTA,Vesta Propulsion Test Bench,TECHNOLOGY,NS30,2025,9,2025-09-01,2025-09,PER,16350.58,63835743.7
PRG-VESTA,Vesta Propulsion Test Bench,TECHNOLOGY,NS30,2025,9,2025-09-01,2025-09,SUB,118176.28,63835743.7
PRG-VESTA,Vesta Propulsion Test Bench,TECHNOLOGY,NS30,2025,10,2025-10-01,2025-10,DEP,9435.15,63835743.7
PRG-VESTA,Vesta Propulsion Test Bench,TECHNOLOGY,NS30,2025,10,2025-10-01,2025-10,MAT,104554.74,63835743.7
PRG-VESTA,Vesta Propulsion Test Bench,TECHNOLOGY,NS30,2025,10,2025-10-01,2025-10,OTH,1704.89,63835743.7
PRG-VESTA,Vesta Propulsion Test Bench,TECHNOLOGY,NS30,2025,10,2025-10-01,2025-10,OVH,10911.25,63835743.7
PRG-VESTA,Vesta Propulsion Test Bench,TECHNOLOGY,NS30,2025,10,2025-10-01,2025-10,PER,6397.26,63835743.7
PRG-VESTA,Vesta Propulsion Test Bench,TECHNOLOGY,NS30,2025,10,2025-10-01,2025-10,SUB,169195.45,63835743.7
PRG-VESTA,Vesta Propulsion Test Bench,TECHNOLOGY,NS30,2025,11,2025-11-01,2025-11,DEP,7317.41,63835743.7
PRG-VESTA,Vesta Propulsion Test Bench,TECHNOLOGY,NS30,2025,11,2025-11-01,2025-11,MAT,70247.23,63835743.7
PRG-VESTA,Vesta Propulsion Test Bench,TECHNOLOGY,NS30,2025,11,2025-11-01,2025-11,OTH,556.59,63835743.7
PRG-VESTA,Vesta Propulsion Test Bench,TECHNOLOGY,NS30,2025,11,2025-11-01,2025-11,OVH,4853.08,63835743.7
PRG-VESTA,Vesta Propulsion Test Bench,TECHNOLOGY,NS30,2025,11,2025-11-01,2025-11,PER,9847.93,63835743.7
PRG-VESTA,Vesta Propulsion Test Bench,TECHNOLOGY,NS30,2025,11,2025-11-01,2025-11,SUB,190508.78,63835743.7
PRG-VESTA,Vesta Propulsion Test Bench,TECHNOLOGY,NS30,2025,12,2025-12-01,2025-12,DEP,10705.61,63835743.7
PRG-VESTA,Vesta Propulsion Test Bench,TECHNOLOGY,NS30,2025,12,2025-12-01,2025-12,MAT,53212.96,63835743.7
PRG-VESTA,Vesta Propulsion Test Bench,TECHNOLOGY,NS30,2025,12,2025-12-01,2025-12,OTH,5374.85,63835743.7
PRG-VESTA,Vesta Propulsion Test Bench,TECHNOLOGY,NS30,2025,12,2025-12-01,2025-12,OVH,8027.26,63835743.7
PRG-VESTA,Vesta Propulsion Test Bench,TECHNOLOGY,NS30,2025,12,2025-12-01,2025-12,PER,9206.4,63835743.7
PRG-VESTA,Vesta Propulsion Test Bench,TECHNOLOGY,NS30,2025,12,2025-12-01,2025-12,SUB,138847.93,63835743.7
PRG-VESTA,Vesta Propulsion Test Bench,TECHNOLOGY,NS30,2025,13,2025-12-01,2025-12,MAT,3054.45,63835743.7
PRG-VESTA,Vesta Propulsion Test Bench,TECHNOLOGY,NS30,2025,13,2025-12-01,2025-12,OVH,788.5,63835743.7
PRG-VESTA,Vesta Propulsion Test Bench,TECHNOLOGY,NS30,2025,13,2025-12-01,2025-12,SUB,42137.73,63835743.7
PRG-VESTA,Vesta Propulsion Test Bench,TECHNOLOGY,NS30,2025,14,2025-12-01,2025-12,MAT,1908.32,63835743.7
PRG-VESTA,Vesta Propulsion Test Bench,TECHNOLOGY,NS30,2025,14,2025-12-01,2025-12,OVH,567.44,63835743.7
PRG-VESTA,Vesta Propulsion Test Bench,TECHNOLOGY,NS30,2026,1,2026-01-01,2026-01,DEP,13762.56,63835743.7
PRG-VESTA,Vesta Propulsion Test Bench,TECHNOLOGY,NS30,2026,1,2026-01-01,2026-01,MAT,74003.33,63835743.7
PRG-VESTA,Vesta Propulsion Test Bench,TECHNOLOGY,NS30,2026,1,2026-01-01,2026-01,OTH,45.0,63835743.7
PRG-VESTA,Vesta Propulsion Test Bench,TECHNOLOGY,NS30,2026,1,2026-01-01,2026-01,OVH,8568.69,63835743.7
PRG-VESTA,Vesta Propulsion Test Bench,TECHNOLOGY,NS30,2026,1,2026-01-01,2026-01,PER,21105.9,63835743.7
PRG-VESTA,Vesta Propulsion Test Bench,TECHNOLOGY,NS30,2026,1,2026-01-01,2026-01,SUB,87808.78,63835743.7
PRG-VESTA,Vesta Propulsion Test Bench,TECHNOLOGY,NS30,2026,2,2026-02-01,2026-02,DEP,5610.95,63835743.7
PRG-VESTA,Vesta Propulsion Test Bench,TECHNOLOGY,NS30,2026,2,2026-02-01,2026-02,MAT,58713.89,63835743.7
PRG-VESTA,Vesta Propulsion Test Bench,TECHNOLOGY,NS30,2026,2,2026-02-01,2026-02,OTH,2023.85,63835743.7
PRG-VESTA,Vesta Propulsion Test Bench,TECHNOLOGY,NS30,2026,2,2026-02-01,2026-02,OVH,3542.97,63835743.7
PRG-VESTA,Vesta Propulsion Test Bench,TECHNOLOGY,NS30,2026,2,2026-02-01,2026-02,PER,4224.32,63835743.7
PRG-VESTA,Vesta Propulsion Test Bench,TECHNOLOGY,NS30,2026,2,2026-02-01,2026-02,SUB,80399.94,63835743.7
PRG-VESTA,Vesta Propulsion Test Bench,TECHNOLOGY,NS30,2026,3,2026-03-01,2026-03,DEP,15558.81,63835743.7
PRG-VESTA,Vesta Propulsion Test Bench,TECHNOLOGY,NS30,2026,3,2026-03-01,2026-03,MAT,92481.41,63835743.7
PRG-VESTA,Vesta Propulsion Test Bench,TECHNOLOGY,NS30,2026,3,2026-03-01,2026-03,OTH,67.27,63835743.7
PRG-VESTA,Vesta Propulsion Test Bench,TECHNOLOGY,NS30,2026,3,2026-03-01,2026-03,OVH,2787.38,63835743.7
PRG-VESTA,Vesta Propulsion Test Bench,TECHNOLOGY,NS30,2026,3,2026-03-01,2026-03,PER,21819.67,63835743.7
PRG-VESTA,Vesta Propulsion Test Bench,TECHNOLOGY,NS30,2026,3,2026-03-01,2026-03,SUB,176722.64,63835743.7
PRG-VESTA,Vesta Propulsion Test Bench,TECHNOLOGY,NS30,2026,4,2026-04-01,2026-04,DEP,12135.44,63835743.7
PRG-VESTA,Vesta Propulsion Test Bench,TECHNOLOGY,NS30,2026,4,2026-04-01,2026-04,MAT,71067.05,63835743.7
PRG-VESTA,Vesta Propulsion Test Bench,TECHNOLOGY,NS30,2026,4,2026-04-01,2026-04,OTH,289.3,63835743.7
PRG-VESTA,Vesta Propulsion Test Bench,TECHNOLOGY,NS30,2026,4,2026-04-01,2026-04,OVH,5120.9,63835743.7
PRG-VESTA,Vesta Propulsion Test Bench,TECHNOLOGY,NS30,2026,4,2026-04-01,2026-04,PER,8712.23,63835743.7
PRG-VESTA,Vesta Propulsion Test Bench,TECHNOLOGY,NS30,2026,4,2026-04-01,2026-04,SUB,127373.61,63835743.7
PRG-VESTA,Vesta Propulsion Test Bench,TECHNOLOGY,NS30,2026,5,2026-05-01,2026-05,DEP,9192.09,63835743.7
PRG-VESTA,Vesta Propulsion Test Bench,TECHNOLOGY,NS30,2026,5,2026-05-01,2026-05,MAT,61509.09,63835743.7
PRG-VESTA,Vesta Propulsion Test Bench,TECHNOLOGY,NS30,2026,5,2026-05-01,2026-05,OTH,1107.83,63835743.7
PRG-VESTA,Vesta Propulsion Test Bench,TECHNOLOGY,NS30,2026,5,2026-05-01,2026-05,OVH,6637.12,63835743.7
PRG-VESTA,Vesta Propulsion Test Bench,TECHNOLOGY,NS30,2026,5,2026-05-01,2026-05,PER,10217.71,63835743.7
PRG-VESTA,Vesta Propulsion Test Bench,TECHNOLOGY,NS30,2026,5,2026-05-01,2026-05,SUB,149858.33,63835743.7
PRG-VESTA,Vesta Propulsion Test Bench,TECHNOLOGY,NS30,2026,6,2026-06-01,2026-06,DEP,14227.98,63835743.7
PRG-VESTA,Vesta Propulsion Test Bench,TECHNOLOGY,NS30,2026,6,2026-06-01,2026-06,MAT,85029.13,63835743.7
PRG-VESTA,Vesta Propulsion Test Bench,TECHNOLOGY,NS30,2026,6,2026-06-01,2026-06,OTH,2900.93,63835743.7
PRG-VESTA,Vesta Propulsion Test Bench,TECHNOLOGY,NS30,2026,6,2026-06-01,2026-06,OVH,-45.82,63835743.7
PRG-VESTA,Vesta Propulsion Test Bench,TECHNOLOGY,NS30,2026,6,2026-06-01,2026-06,PER,12303.29,63835743.7
PRG-VESTA,Vesta Propulsion Test Bench,TECHNOLOGY,NS30,2026,6,2026-06-01,2026-06,SUB,126521.99,63835743.7
PRG-VESTA,Vesta Propulsion Test Bench,TECHNOLOGY,NS40,2023,1,2023-01-01,2023-01,DEP,1048.8,63835743.7
PRG-VESTA,Vesta Propulsion Test Bench,TECHNOLOGY,NS40,2023,1,2023-01-01,2023-01,MAT,15833.95,63835743.7
PRG-VESTA,Vesta Propulsion Test Bench,TECHNOLOGY,NS40,2023,1,2023-01-01,2023-01,OTH,186.15,63835743.7
PRG-VESTA,Vesta Propulsion Test Bench,TECHNOLOGY,NS40,2023,1,2023-01-01,2023-01,PER,2589.04,63835743.7
PRG-VESTA,Vesta Propulsion Test Bench,TECHNOLOGY,NS40,2023,1,2023-01-01,2023-01,SUB,19213.87,63835743.7
PRG-VESTA,Vesta Propulsion Test Bench,TECHNOLOGY,NS40,2023,2,2023-02-01,2023-02,DEP,3268.28,63835743.7
PRG-VESTA,Vesta Propulsion Test Bench,TECHNOLOGY,NS40,2023,2,2023-02-01,2023-02,MAT,21589.12,63835743.7
PRG-VESTA,Vesta Propulsion Test Bench,TECHNOLOGY,NS40,2023,2,2023-02-01,2023-02,OTH,286.46,63835743.7
PRG-VESTA,Vesta Propulsion Test Bench,TECHNOLOGY,NS40,2023,2,2023-02-01,2023-02,PER,6683.05,63835743.7
PRG-VESTA,Vesta Propulsion Test Bench,TECHNOLOGY,NS40,2023,2,2023-02-01,2023-02,SUB,20087.4,63835743.7
PRG-VESTA,Vesta Propulsion Test Bench,TECHNOLOGY,NS40,2023,3,2023-03-01,2023-03,MAT,16750.87,63835743.7
PRG-VESTA,Vesta Propulsion Test Bench,TECHNOLOGY,NS40,2023,3,2023-03-01,2023-03,OTH,2021.24,63835743.7
PRG-VESTA,Vesta Propulsion Test Bench,TECHNOLOGY,NS40,2023,3,2023-03-01,2023-03,OVH,539.19,63835743.7
PRG-VESTA,Vesta Propulsion Test Bench,TECHNOLOGY,NS40,2023,3,2023-03-01,2023-03,PER,-2177.23,63835743.7
PRG-VESTA,Vesta Propulsion Test Bench,TECHNOLOGY,NS40,2023,3,2023-03-01,2023-03,SUB,44228.56,63835743.7
PRG-VESTA,Vesta Propulsion Test Bench,TECHNOLOGY,NS40,2023,4,2023-04-01,2023-04,DEP,4920.86,63835743.7
PRG-VESTA,Vesta Propulsion Test Bench,TECHNOLOGY,NS40,2023,4,2023-04-01,2023-04,MAT,46712.86,63835743.7
PRG-VESTA,Vesta Propulsion Test Bench,TECHNOLOGY,NS40,2023,4,2023-04-01,2023-04,PER,3132.78,63835743.7
PRG-VESTA,Vesta Propulsion Test Bench,TECHNOLOGY,NS40,2023,4,2023-04-01,2023-04,SUB,27801.43,63835743.7
PRG-VESTA,Vesta Propulsion Test Bench,TECHNOLOGY,NS40,2023,5,2023-05-01,2023-05,DEP,3016.24,63835743.7
PRG-VESTA,Vesta Propulsion Test Bench,TECHNOLOGY,NS40,2023,5,2023-05-01,2023-05,MAT,34881.82,63835743.7
PRG-VESTA,Vesta Propulsion Test Bench,TECHNOLOGY,NS40,2023,5,2023-05-01,2023-05,PER,1154.32,63835743.7
PRG-VESTA,Vesta Propulsion Test Bench,TECHNOLOGY,NS40,2023,5,2023-05-01,2023-05,SUB,52444.84,63835743.7
PRG-VESTA,Vesta Propulsion Test Bench,TECHNOLOGY,NS40,2023,6,2023-06-01,2023-06,DEP,1678.01,63835743.7
PRG-VESTA,Vesta Propulsion Test Bench,TECHNOLOGY,NS40,2023,6,2023-06-01,2023-06,MAT,11659.33,63835743.7
PRG-VESTA,Vesta Propulsion Test Bench,TECHNOLOGY,NS40,2023,6,2023-06-01,2023-06,OVH,2900.44,63835743.7
PRG-VESTA,Vesta Propulsion Test Bench,TECHNOLOGY,NS40,2023,6,2023-06-01,2023-06,PER,1991.02,63835743.7
PRG-VESTA,Vesta Propulsion Test Bench,TECHNOLOGY,NS40,2023,6,2023-06-01,2023-06,SUB,17397.56,63835743.7
PRG-VESTA,Vesta Propulsion Test Bench,TECHNOLOGY,NS40,2023,7,2023-07-01,2023-07,DEP,1569.61,63835743.7
PRG-VESTA,Vesta Propulsion Test Bench,TECHNOLOGY,NS40,2023,7,2023-07-01,2023-07,MAT,23145.92,63835743.7
PRG-VESTA,Vesta Propulsion Test Bench,TECHNOLOGY,NS40,2023,7,2023-07-01,2023-07,OVH,3568.94,63835743.7
PRG-VESTA,Vesta Propulsion Test Bench,TECHNOLOGY,NS40,2023,7,2023-07-01,2023-07,PER,3682.31,63835743.7
PRG-VESTA,Vesta Propulsion Test Bench,TECHNOLOGY,NS40,2023,7,2023-07-01,2023-07,SUB,62883.98,63835743.7
PRG-VESTA,Vesta Propulsion Test Bench,TECHNOLOGY,NS40,2023,8,2023-08-01,2023-08,DEP,1470.71,63835743.7
PRG-VESTA,Vesta Propulsion Test Bench,TECHNOLOGY,NS40,2023,8,2023-08-01,2023-08,MAT,7829.59,63835743.7
PRG-VESTA,Vesta Propulsion Test Bench,TECHNOLOGY,NS40,2023,8,2023-08-01,2023-08,OTH,167.14,63835743.7
PRG-VESTA,Vesta Propulsion Test Bench,TECHNOLOGY,NS40,2023,8,2023-08-01,2023-08,OVH,1765.7,63835743.7
PRG-VESTA,Vesta Propulsion Test Bench,TECHNOLOGY,NS40,2023,8,2023-08-01,2023-08,PER,882.57,63835743.7
PRG-VESTA,Vesta Propulsion Test Bench,TECHNOLOGY,NS40,2023,8,2023-08-01,2023-08,SUB,12929.47,63835743.7
PRG-VESTA,Vesta Propulsion Test Bench,TECHNOLOGY,NS40,2023,9,2023-09-01,2023-09,DEP,2518.62,63835743.7
PRG-VESTA,Vesta Propulsion Test Bench,TECHNOLOGY,NS40,2023,9,2023-09-01,2023-09,MAT,36949.32,63835743.7
PRG-VESTA,Vesta Propulsion Test Bench,TECHNOLOGY,NS40,2023,9,2023-09-01,2023-09,OTH,505.28,63835743.7
PRG-VESTA,Vesta Propulsion Test Bench,TECHNOLOGY,NS40,2023,9,2023-09-01,2023-09,OVH,499.0,63835743.7
PRG-VESTA,Vesta Propulsion Test Bench,TECHNOLOGY,NS40,2023,9,2023-09-01,2023-09,PER,7591.08,63835743.7
PRG-VESTA,Vesta Propulsion Test Bench,TECHNOLOGY,NS40,2023,9,2023-09-01,2023-09,SUB,59930.61,63835743.7
PRG-VESTA,Vesta Propulsion Test Bench,TECHNOLOGY,NS40,2023,10,2023-10-01,2023-10,MAT,29977.93,63835743.7
PRG-VESTA,Vesta Propulsion Test Bench,TECHNOLOGY,NS40,2023,10,2023-10-01,2023-10,PER,3765.15,63835743.7
PRG-VESTA,Vesta Propulsion Test Bench,TECHNOLOGY,NS40,2023,10,2023-10-01,2023-10,SUB,28299.43,63835743.7
PRG-VESTA,Vesta Propulsion Test Bench,TECHNOLOGY,NS40,2023,11,2023-11-01,2023-11,MAT,27027.49,63835743.7
PRG-VESTA,Vesta Propulsion Test Bench,TECHNOLOGY,NS40,2023,11,2023-11-01,2023-11,OVH,3651.28,63835743.7
PRG-VESTA,Vesta Propulsion Test Bench,TECHNOLOGY,NS40,2023,11,2023-11-01,2023-11,PER,3569.92,63835743.7
PRG-VESTA,Vesta Propulsion Test Bench,TECHNOLOGY,NS40,2023,11,2023-11-01,2023-11,SUB,12014.67,63835743.7
PRG-VESTA,Vesta Propulsion Test Bench,TECHNOLOGY,NS40,2023,12,2023-12-01,2023-12,DEP,3542.34,63835743.7
PRG-VESTA,Vesta Propulsion Test Bench,TECHNOLOGY,NS40,2023,12,2023-12-01,2023-12,MAT,26671.31,63835743.7
PRG-VESTA,Vesta Propulsion Test Bench,TECHNOLOGY,NS40,2023,12,2023-12-01,2023-12,OVH,1091.51,63835743.7
PRG-VESTA,Vesta Propulsion Test Bench,TECHNOLOGY,NS40,2023,12,2023-12-01,2023-12,PER,2310.96,63835743.7
PRG-VESTA,Vesta Propulsion Test Bench,TECHNOLOGY,NS40,2023,12,2023-12-01,2023-12,SUB,29786.25,63835743.7
PRG-VESTA,Vesta Propulsion Test Bench,TECHNOLOGY,NS40,2023,13,2023-12-01,2023-12,PER,5047.65,63835743.7
PRG-VESTA,Vesta Propulsion Test Bench,TECHNOLOGY,NS40,2023,14,2023-12-01,2023-12,PER,1227.42,63835743.7
PRG-VESTA,Vesta Propulsion Test Bench,TECHNOLOGY,NS40,2023,14,2023-12-01,2023-12,SUB,6225.53,63835743.7
PRG-VESTA,Vesta Propulsion Test Bench,TECHNOLOGY,NS40,2024,1,2024-01-01,2024-01,MAT,23576.79,63835743.7
PRG-VESTA,Vesta Propulsion Test Bench,TECHNOLOGY,NS40,2024,1,2024-01-01,2024-01,OTH,907.49,63835743.7
PRG-VESTA,Vesta Propulsion Test Bench,TECHNOLOGY,NS40,2024,1,2024-01-01,2024-01,OVH,573.64,63835743.7
PRG-VESTA,Vesta Propulsion Test Bench,TECHNOLOGY,NS40,2024,1,2024-01-01,2024-01,PER,7273.13,63835743.7
PRG-VESTA,Vesta Propulsion Test Bench,TECHNOLOGY,NS40,2024,1,2024-01-01,2024-01,SUB,14926.6,63835743.7
PRG-VESTA,Vesta Propulsion Test Bench,TECHNOLOGY,NS40,2024,2,2024-02-01,2024-02,MAT,14544.85,63835743.7
PRG-VESTA,Vesta Propulsion Test Bench,TECHNOLOGY,NS40,2024,2,2024-02-01,2024-02,PER,991.63,63835743.7
PRG-VESTA,Vesta Propulsion Test Bench,TECHNOLOGY,NS40,2024,2,2024-02-01,2024-02,SUB,53028.67,63835743.7
PRG-VESTA,Vesta Propulsion Test Bench,TECHNOLOGY,NS40,2024,3,2024-03-01,2024-03,MAT,19664.66,63835743.7
PRG-VESTA,Vesta Propulsion Test Bench,TECHNOLOGY,NS40,2024,3,2024-03-01,2024-03,OTH,1797.84,63835743.7
PRG-VESTA,Vesta Propulsion Test Bench,TECHNOLOGY,NS40,2024,3,2024-03-01,2024-03,OVH,1599.92,63835743.7
PRG-VESTA,Vesta Propulsion Test Bench,TECHNOLOGY,NS40,2024,3,2024-03-01,2024-03,PER,745.46,63835743.7
PRG-VESTA,Vesta Propulsion Test Bench,TECHNOLOGY,NS40,2024,3,2024-03-01,2024-03,SUB,15109.05,63835743.7
PRG-VESTA,Vesta Propulsion Test Bench,TECHNOLOGY,NS40,2024,4,2024-04-01,2024-04,MAT,17590.67,63835743.7
PRG-VESTA,Vesta Propulsion Test Bench,TECHNOLOGY,NS40,2024,4,2024-04-01,2024-04,OTH,158.2,63835743.7
PRG-VESTA,Vesta Propulsion Test Bench,TECHNOLOGY,NS40,2024,4,2024-04-01,2024-04,OVH,221.26,63835743.7
PRG-VESTA,Vesta Propulsion Test Bench,TECHNOLOGY,NS40,2024,4,2024-04-01,2024-04,PER,624.52,63835743.7
PRG-VESTA,Vesta Propulsion Test Bench,TECHNOLOGY,NS40,2024,4,2024-04-01,2024-04,SUB,16359.0,63835743.7
PRG-VESTA,Vesta Propulsion Test Bench,TECHNOLOGY,NS40,2024,5,2024-05-01,2024-05,DEP,1384.51,63835743.7
PRG-VESTA,Vesta Propulsion Test Bench,TECHNOLOGY,NS40,2024,5,2024-05-01,2024-05,MAT,16256.28,63835743.7
PRG-VESTA,Vesta Propulsion Test Bench,TECHNOLOGY,NS40,2024,5,2024-05-01,2024-05,OVH,1952.99,63835743.7
PRG-VESTA,Vesta Propulsion Test Bench,TECHNOLOGY,NS40,2024,5,2024-05-01,2024-05,PER,3811.67,63835743.7
PRG-VESTA,Vesta Propulsion Test Bench,TECHNOLOGY,NS40,2024,5,2024-05-01,2024-05,SUB,68460.69,63835743.7
PRG-VESTA,Vesta Propulsion Test Bench,TECHNOLOGY,NS40,2024,6,2024-06-01,2024-06,MAT,35403.64,63835743.7
PRG-VESTA,Vesta Propulsion Test Bench,TECHNOLOGY,NS40,2024,6,2024-06-01,2024-06,OTH,1541.07,63835743.7
PRG-VESTA,Vesta Propulsion Test Bench,TECHNOLOGY,NS40,2024,6,2024-06-01,2024-06,PER,3341.4,63835743.7
PRG-VESTA,Vesta Propulsion Test Bench,TECHNOLOGY,NS40,2024,6,2024-06-01,2024-06,SUB,32680.83,63835743.7
PRG-VESTA,Vesta Propulsion Test Bench,TECHNOLOGY,NS40,2024,7,2024-07-01,2024-07,DEP,895.79,63835743.7
PRG-VESTA,Vesta Propulsion Test Bench,TECHNOLOGY,NS40,2024,7,2024-07-01,2024-07,MAT,21438.89,63835743.7
PRG-VESTA,Vesta Propulsion Test Bench,TECHNOLOGY,NS40,2024,7,2024-07-01,2024-07,OTH,-1541.07,63835743.7
PRG-VESTA,Vesta Propulsion Test Bench,TECHNOLOGY,NS40,2024,7,2024-07-01,2024-07,OVH,3805.31,63835743.7
PRG-VESTA,Vesta Propulsion Test Bench,TECHNOLOGY,NS40,2024,7,2024-07-01,2024-07,PER,2876.23,63835743.7
PRG-VESTA,Vesta Propulsion Test Bench,TECHNOLOGY,NS40,2024,7,2024-07-01,2024-07,SUB,36180.47,63835743.7
PRG-VESTA,Vesta Propulsion Test Bench,TECHNOLOGY,NS40,2024,8,2024-08-01,2024-08,DEP,2430.21,63835743.7
PRG-VESTA,Vesta Propulsion Test Bench,TECHNOLOGY,NS40,2024,8,2024-08-01,2024-08,MAT,19187.49,63835743.7
PRG-VESTA,Vesta Propulsion Test Bench,TECHNOLOGY,NS40,2024,8,2024-08-01,2024-08,OVH,389.49,63835743.7
PRG-VESTA,Vesta Propulsion Test Bench,TECHNOLOGY,NS40,2024,8,2024-08-01,2024-08,PER,4203.22,63835743.7
PRG-VESTA,Vesta Propulsion Test Bench,TECHNOLOGY,NS40,2024,8,2024-08-01,2024-08,SUB,29209.9,63835743.7
PRG-VESTA,Vesta Propulsion Test Bench,TECHNOLOGY,NS40,2024,9,2024-09-01,2024-09,DEP,3110.47,63835743.7
PRG-VESTA,Vesta Propulsion Test Bench,TECHNOLOGY,NS40,2024,9,2024-09-01,2024-09,MAT,18276.7,63835743.7
PRG-VESTA,Vesta Propulsion Test Bench,TECHNOLOGY,NS40,2024,9,2024-09-01,2024-09,OTH,1086.82,63835743.7
PRG-VESTA,Vesta Propulsion Test Bench,TECHNOLOGY,NS40,2024,9,2024-09-01,2024-09,OVH,1496.57,63835743.7
PRG-VESTA,Vesta Propulsion Test Bench,TECHNOLOGY,NS40,2024,9,2024-09-01,2024-09,PER,6220.46,63835743.7
PRG-VESTA,Vesta Propulsion Test Bench,TECHNOLOGY,NS40,2024,9,2024-09-01,2024-09,SUB,4487.8,63835743.7
PRG-VESTA,Vesta Propulsion Test Bench,TECHNOLOGY,NS40,2024,10,2024-10-01,2024-10,DEP,7389.13,63835743.7
PRG-VESTA,Vesta Propulsion Test Bench,TECHNOLOGY,NS40,2024,10,2024-10-01,2024-10,MAT,28214.01,63835743.7
PRG-VESTA,Vesta Propulsion Test Bench,TECHNOLOGY,NS40,2024,10,2024-10-01,2024-10,OVH,2242.06,63835743.7
PRG-VESTA,Vesta Propulsion Test Bench,TECHNOLOGY,NS40,2024,10,2024-10-01,2024-10,PER,951.77,63835743.7
PRG-VESTA,Vesta Propulsion Test Bench,TECHNOLOGY,NS40,2024,10,2024-10-01,2024-10,SUB,7844.04,63835743.7
PRG-VESTA,Vesta Propulsion Test Bench,TECHNOLOGY,NS40,2024,11,2024-11-01,2024-11,MAT,19133.9,63835743.7
PRG-VESTA,Vesta Propulsion Test Bench,TECHNOLOGY,NS40,2024,11,2024-11-01,2024-11,OVH,1968.59,63835743.7
PRG-VESTA,Vesta Propulsion Test Bench,TECHNOLOGY,NS40,2024,11,2024-11-01,2024-11,SUB,50852.9,63835743.7
PRG-VESTA,Vesta Propulsion Test Bench,TECHNOLOGY,NS40,2024,12,2024-12-01,2024-12,MAT,17037.56,63835743.7
PRG-VESTA,Vesta Propulsion Test Bench,TECHNOLOGY,NS40,2024,12,2024-12-01,2024-12,OVH,1307.67,63835743.7
PRG-VESTA,Vesta Propulsion Test Bench,TECHNOLOGY,NS40,2024,12,2024-12-01,2024-12,PER,11012.64,63835743.7
PRG-VESTA,Vesta Propulsion Test Bench,TECHNOLOGY,NS40,2024,12,2024-12-01,2024-12,SUB,30305.83,63835743.7
PRG-VESTA,Vesta Propulsion Test Bench,TECHNOLOGY,NS40,2024,13,2024-12-01,2024-12,OTH,338.52,63835743.7
PRG-VESTA,Vesta Propulsion Test Bench,TECHNOLOGY,NS40,2024,13,2024-12-01,2024-12,PER,1211.48,63835743.7
PRG-VESTA,Vesta Propulsion Test Bench,TECHNOLOGY,NS40,2024,14,2024-12-01,2024-12,SUB,15935.48,63835743.7
PRG-VESTA,Vesta Propulsion Test Bench,TECHNOLOGY,NS40,2025,1,2025-01-01,2025-01,DEP,3202.08,63835743.7
PRG-VESTA,Vesta Propulsion Test Bench,TECHNOLOGY,NS40,2025,1,2025-01-01,2025-01,MAT,24584.97,63835743.7
PRG-VESTA,Vesta Propulsion Test Bench,TECHNOLOGY,NS40,2025,1,2025-01-01,2025-01,OTH,1754.16,63835743.7
PRG-VESTA,Vesta Propulsion Test Bench,TECHNOLOGY,NS40,2025,1,2025-01-01,2025-01,OVH,6053.8,63835743.7
PRG-VESTA,Vesta Propulsion Test Bench,TECHNOLOGY,NS40,2025,1,2025-01-01,2025-01,PER,-518.14,63835743.7
PRG-VESTA,Vesta Propulsion Test Bench,TECHNOLOGY,NS40,2025,1,2025-01-01,2025-01,SUB,50062.09,63835743.7
PRG-VESTA,Vesta Propulsion Test Bench,TECHNOLOGY,NS40,2025,2,2025-02-01,2025-02,MAT,7475.73,63835743.7
PRG-VESTA,Vesta Propulsion Test Bench,TECHNOLOGY,NS40,2025,2,2025-02-01,2025-02,OVH,470.78,63835743.7
PRG-VESTA,Vesta Propulsion Test Bench,TECHNOLOGY,NS40,2025,2,2025-02-01,2025-02,PER,1523.01,63835743.7
PRG-VESTA,Vesta Propulsion Test Bench,TECHNOLOGY,NS40,2025,2,2025-02-01,2025-02,SUB,60234.64,63835743.7
PRG-VESTA,Vesta Propulsion Test Bench,TECHNOLOGY,NS40,2025,3,2025-03-01,2025-03,DEP,1873.82,63835743.7
PRG-VESTA,Vesta Propulsion Test Bench,TECHNOLOGY,NS40,2025,3,2025-03-01,2025-03,MAT,25800.58,63835743.7
PRG-VESTA,Vesta Propulsion Test Bench,TECHNOLOGY,NS40,2025,3,2025-03-01,2025-03,OTH,448.85,63835743.7
PRG-VESTA,Vesta Propulsion Test Bench,TECHNOLOGY,NS40,2025,3,2025-03-01,2025-03,OVH,3649.96,63835743.7
PRG-VESTA,Vesta Propulsion Test Bench,TECHNOLOGY,NS40,2025,3,2025-03-01,2025-03,PER,3296.72,63835743.7
PRG-VESTA,Vesta Propulsion Test Bench,TECHNOLOGY,NS40,2025,3,2025-03-01,2025-03,SUB,47912.45,63835743.7
PRG-VESTA,Vesta Propulsion Test Bench,TECHNOLOGY,NS40,2025,4,2025-04-01,2025-04,MAT,23864.15,63835743.7
PRG-VESTA,Vesta Propulsion Test Bench,TECHNOLOGY,NS40,2025,4,2025-04-01,2025-04,OVH,558.67,63835743.7
PRG-VESTA,Vesta Propulsion Test Bench,TECHNOLOGY,NS40,2025,4,2025-04-01,2025-04,PER,1014.16,63835743.7
PRG-VESTA,Vesta Propulsion Test Bench,TECHNOLOGY,NS40,2025,4,2025-04-01,2025-04,SUB,42134.89,63835743.7
PRG-VESTA,Vesta Propulsion Test Bench,TECHNOLOGY,NS40,2025,5,2025-05-01,2025-05,DEP,1833.31,63835743.7
PRG-VESTA,Vesta Propulsion Test Bench,TECHNOLOGY,NS40,2025,5,2025-05-01,2025-05,MAT,24489.46,63835743.7
PRG-VESTA,Vesta Propulsion Test Bench,TECHNOLOGY,NS40,2025,5,2025-05-01,2025-05,OVH,592.62,63835743.7
PRG-VESTA,Vesta Propulsion Test Bench,TECHNOLOGY,NS40,2025,5,2025-05-01,2025-05,PER,7583.04,63835743.7
PRG-VESTA,Vesta Propulsion Test Bench,TECHNOLOGY,NS40,2025,5,2025-05-01,2025-05,SUB,10365.31,63835743.7
PRG-VESTA,Vesta Propulsion Test Bench,TECHNOLOGY,NS40,2025,6,2025-06-01,2025-06,DEP,3549.13,63835743.7
PRG-VESTA,Vesta Propulsion Test Bench,TECHNOLOGY,NS40,2025,6,2025-06-01,2025-06,MAT,43309.99,63835743.7
PRG-VESTA,Vesta Propulsion Test Bench,TECHNOLOGY,NS40,2025,6,2025-06-01,2025-06,OTH,746.34,63835743.7
PRG-VESTA,Vesta Propulsion Test Bench,TECHNOLOGY,NS40,2025,6,2025-06-01,2025-06,OVH,460.25,63835743.7
PRG-VESTA,Vesta Propulsion Test Bench,TECHNOLOGY,NS40,2025,6,2025-06-01,2025-06,PER,2330.32,63835743.7
PRG-VESTA,Vesta Propulsion Test Bench,TECHNOLOGY,NS40,2025,6,2025-06-01,2025-06,SUB,91868.67,63835743.7
PRG-VESTA,Vesta Propulsion Test Bench,TECHNOLOGY,NS40,2025,7,2025-07-01,2025-07,DEP,4064.26,63835743.7
PRG-VESTA,Vesta Propulsion Test Bench,TECHNOLOGY,NS40,2025,7,2025-07-01,2025-07,MAT,10807.33,63835743.7
PRG-VESTA,Vesta Propulsion Test Bench,TECHNOLOGY,NS40,2025,7,2025-07-01,2025-07,OVH,1323.81,63835743.7
PRG-VESTA,Vesta Propulsion Test Bench,TECHNOLOGY,NS40,2025,7,2025-07-01,2025-07,PER,2488.16,63835743.7
PRG-VESTA,Vesta Propulsion Test Bench,TECHNOLOGY,NS40,2025,7,2025-07-01,2025-07,SUB,16733.25,63835743.7
PRG-VESTA,Vesta Propulsion Test Bench,TECHNOLOGY,NS40,2025,8,2025-08-01,2025-08,DEP,4564.12,63835743.7
PRG-VESTA,Vesta Propulsion Test Bench,TECHNOLOGY,NS40,2025,8,2025-08-01,2025-08,MAT,18851.28,63835743.7
PRG-VESTA,Vesta Propulsion Test Bench,TECHNOLOGY,NS40,2025,8,2025-08-01,2025-08,OTH,1258.87,63835743.7
PRG-VESTA,Vesta Propulsion Test Bench,TECHNOLOGY,NS40,2025,8,2025-08-01,2025-08,PER,6421.48,63835743.7
PRG-VESTA,Vesta Propulsion Test Bench,TECHNOLOGY,NS40,2025,8,2025-08-01,2025-08,SUB,36788.1,63835743.7
PRG-VESTA,Vesta Propulsion Test Bench,TECHNOLOGY,NS40,2025,9,2025-09-01,2025-09,DEP,2936.18,63835743.7
PRG-VESTA,Vesta Propulsion Test Bench,TECHNOLOGY,NS40,2025,9,2025-09-01,2025-09,MAT,21170.32,63835743.7
PRG-VESTA,Vesta Propulsion Test Bench,TECHNOLOGY,NS40,2025,9,2025-09-01,2025-09,OTH,-719.02,63835743.7
PRG-VESTA,Vesta Propulsion Test Bench,TECHNOLOGY,NS40,2025,9,2025-09-01,2025-09,PER,-2433.56,63835743.7
PRG-VESTA,Vesta Propulsion Test Bench,TECHNOLOGY,NS40,2025,9,2025-09-01,2025-09,SUB,46070.89,63835743.7
PRG-VESTA,Vesta Propulsion Test Bench,TECHNOLOGY,NS40,2025,10,2025-10-01,2025-10,MAT,23190.05,63835743.7
PRG-VESTA,Vesta Propulsion Test Bench,TECHNOLOGY,NS40,2025,10,2025-10-01,2025-10,OTH,1083.38,63835743.7
PRG-VESTA,Vesta Propulsion Test Bench,TECHNOLOGY,NS40,2025,10,2025-10-01,2025-10,OVH,1767.9,63835743.7
PRG-VESTA,Vesta Propulsion Test Bench,TECHNOLOGY,NS40,2025,10,2025-10-01,2025-10,PER,2203.68,63835743.7
PRG-VESTA,Vesta Propulsion Test Bench,TECHNOLOGY,NS40,2025,10,2025-10-01,2025-10,SUB,114836.76,63835743.7
PRG-VESTA,Vesta Propulsion Test Bench,TECHNOLOGY,NS40,2025,11,2025-11-01,2025-11,DEP,3223.72,63835743.7
PRG-VESTA,Vesta Propulsion Test Bench,TECHNOLOGY,NS40,2025,11,2025-11-01,2025-11,MAT,27273.05,63835743.7
PRG-VESTA,Vesta Propulsion Test Bench,TECHNOLOGY,NS40,2025,11,2025-11-01,2025-11,OVH,1146.03,63835743.7
PRG-VESTA,Vesta Propulsion Test Bench,TECHNOLOGY,NS40,2025,11,2025-11-01,2025-11,PER,7428.62,63835743.7
PRG-VESTA,Vesta Propulsion Test Bench,TECHNOLOGY,NS40,2025,11,2025-11-01,2025-11,SUB,70522.23,63835743.7
PRG-VESTA,Vesta Propulsion Test Bench,TECHNOLOGY,NS40,2025,12,2025-12-01,2025-12,MAT,40783.4,63835743.7
PRG-VESTA,Vesta Propulsion Test Bench,TECHNOLOGY,NS40,2025,12,2025-12-01,2025-12,OVH,1649.71,63835743.7
PRG-VESTA,Vesta Propulsion Test Bench,TECHNOLOGY,NS40,2025,12,2025-12-01,2025-12,PER,2602.58,63835743.7
PRG-VESTA,Vesta Propulsion Test Bench,TECHNOLOGY,NS40,2025,12,2025-12-01,2025-12,SUB,58514.05,63835743.7
PRG-VESTA,Vesta Propulsion Test Bench,TECHNOLOGY,NS40,2025,13,2025-12-01,2025-12,MAT,1685.67,63835743.7
PRG-VESTA,Vesta Propulsion Test Bench,TECHNOLOGY,NS40,2025,14,2025-12-01,2025-12,PER,1223.37,63835743.7
PRG-VESTA,Vesta Propulsion Test Bench,TECHNOLOGY,NS40,2025,14,2025-12-01,2025-12,SUB,34334.82,63835743.7
PRG-VESTA,Vesta Propulsion Test Bench,TECHNOLOGY,NS40,2026,1,2026-01-01,2026-01,DEP,3290.7,63835743.7
PRG-VESTA,Vesta Propulsion Test Bench,TECHNOLOGY,NS40,2026,1,2026-01-01,2026-01,MAT,20438.41,63835743.7
PRG-VESTA,Vesta Propulsion Test Bench,TECHNOLOGY,NS40,2026,1,2026-01-01,2026-01,OTH,828.35,63835743.7
PRG-VESTA,Vesta Propulsion Test Bench,TECHNOLOGY,NS40,2026,1,2026-01-01,2026-01,PER,1726.63,63835743.7
PRG-VESTA,Vesta Propulsion Test Bench,TECHNOLOGY,NS40,2026,1,2026-01-01,2026-01,SUB,47536.86,63835743.7
PRG-VESTA,Vesta Propulsion Test Bench,TECHNOLOGY,NS40,2026,2,2026-02-01,2026-02,MAT,31634.54,63835743.7
PRG-VESTA,Vesta Propulsion Test Bench,TECHNOLOGY,NS40,2026,2,2026-02-01,2026-02,OTH,247.87,63835743.7
PRG-VESTA,Vesta Propulsion Test Bench,TECHNOLOGY,NS40,2026,2,2026-02-01,2026-02,OVH,630.6,63835743.7
PRG-VESTA,Vesta Propulsion Test Bench,TECHNOLOGY,NS40,2026,2,2026-02-01,2026-02,PER,493.05,63835743.7
PRG-VESTA,Vesta Propulsion Test Bench,TECHNOLOGY,NS40,2026,2,2026-02-01,2026-02,SUB,13140.15,63835743.7
PRG-VESTA,Vesta Propulsion Test Bench,TECHNOLOGY,NS40,2026,3,2026-03-01,2026-03,DEP,8753.54,63835743.7
PRG-VESTA,Vesta Propulsion Test Bench,TECHNOLOGY,NS40,2026,3,2026-03-01,2026-03,MAT,6569.42,63835743.7
PRG-VESTA,Vesta Propulsion Test Bench,TECHNOLOGY,NS40,2026,3,2026-03-01,2026-03,OVH,-630.6,63835743.7
PRG-VESTA,Vesta Propulsion Test Bench,TECHNOLOGY,NS40,2026,3,2026-03-01,2026-03,PER,3479.84,63835743.7
PRG-VESTA,Vesta Propulsion Test Bench,TECHNOLOGY,NS40,2026,3,2026-03-01,2026-03,SUB,40254.87,63835743.7
PRG-VESTA,Vesta Propulsion Test Bench,TECHNOLOGY,NS40,2026,4,2026-04-01,2026-04,DEP,3146.04,63835743.7
PRG-VESTA,Vesta Propulsion Test Bench,TECHNOLOGY,NS40,2026,4,2026-04-01,2026-04,MAT,19459.95,63835743.7
PRG-VESTA,Vesta Propulsion Test Bench,TECHNOLOGY,NS40,2026,4,2026-04-01,2026-04,PER,1304.71,63835743.7
PRG-VESTA,Vesta Propulsion Test Bench,TECHNOLOGY,NS40,2026,4,2026-04-01,2026-04,SUB,41108.11,63835743.7
PRG-VESTA,Vesta Propulsion Test Bench,TECHNOLOGY,NS40,2026,5,2026-05-01,2026-05,MAT,10305.95,63835743.7
PRG-VESTA,Vesta Propulsion Test Bench,TECHNOLOGY,NS40,2026,5,2026-05-01,2026-05,OVH,3646.64,63835743.7
PRG-VESTA,Vesta Propulsion Test Bench,TECHNOLOGY,NS40,2026,5,2026-05-01,2026-05,PER,3447.89,63835743.7
PRG-VESTA,Vesta Propulsion Test Bench,TECHNOLOGY,NS40,2026,5,2026-05-01,2026-05,SUB,36377.99,63835743.7
PRG-VESTA,Vesta Propulsion Test Bench,TECHNOLOGY,NS40,2026,6,2026-06-01,2026-06,DEP,777.04,63835743.7
PRG-VESTA,Vesta Propulsion Test Bench,TECHNOLOGY,NS40,2026,6,2026-06-01,2026-06,MAT,23491.19,63835743.7
PRG-VESTA,Vesta Propulsion Test Bench,TECHNOLOGY,NS40,2026,6,2026-06-01,2026-06,OVH,985.33,63835743.7
PRG-VESTA,Vesta Propulsion Test Bench,TECHNOLOGY,NS40,2026,6,2026-06-01,2026-06,SUB,10205.77,63835743.7
